gene_symbol,dataset,n_control,n_sepsis,mean_control,mean_sepsis,median_control,median_sepsis,dataset_logFC,dataset_direction,auc,wilcox_p,heldout_dataset
VNN1,GSE236713,30,125,-2.51087958666667,0.174100949376,-2.3667963,0.22361732,2.68498053604267,Up_in_Sepsis,0.966933333333334,2.22338235075182e-15,GSE137340
VNN1,GSE54514,18,35,8.22397820144444,8.80589087351429,8.2312779425,8.825949669,0.581912672069842,Up_in_Sepsis,0.73015873015873,0.0066488422773127,GSE137340
VNN1,GSE57065,25,28,5.4584908,9.17175178571429,5.309355,9.329995,3.71326098571429,Up_in_Sepsis,0.995714285714286,1.54878193726075e-14,GSE137340
VNN1,GSE65682,42,51,5.20893270661429,6.76910780665098,5.2367840215,6.7483131382,1.56017510003669,Up_in_Sepsis,0.878618113912232,3.9231473659526e-10,GSE137340
VNN1,GSE95233,22,51,6.12347101727273,9.81471244029412,6.2628003225,9.948698,3.69124142302139,Up_in_Sepsis,1,1.60188706567253e-11,GSE137340
CD177,GSE236713,30,125,-4.59570063022222,0.997677143048,-4.8352926,1.18436154666667,5.59337777327022,Up_in_Sepsis,0.978933333333333,4.22217230068948e-16,GSE137340
CD177,GSE54514,18,35,8.04642282583333,8.34422796814286,7.585268259,7.933347225,0.297805142309523,Up_in_Sepsis,0.546031746031746,0.595788354333167,GSE137340
CD177,GSE57065,25,28,5.1301448,11.2849585714286,5.00765,11.48255,6.15481377142857,Up_in_Sepsis,0.998571428571429,4.42509124931643e-15,GSE137340
CD177,GSE65682,42,51,6.95467321429762,9.29277487376471,7.043244875,9.5986285285,2.33810165946709,Up_in_Sepsis,0.872082166199814,7.79851587115787e-10,GSE137340
CD177,GSE95233,22,51,5.19170742772727,11.2084004954902,5.25854487,11.39021861,6.01669306776292,Up_in_Sepsis,1,1.60188706567253e-11,GSE137340
TDRD9,GSE236713,30,125,-3.39393928333333,0.728508634968,-3.5223222,0.61764884,4.12244791830133,Up_in_Sepsis,0.991466666666667,7.12851805331957e-17,GSE137340
TDRD9,GSE54514,18,35,8.22346499241667,8.5398926803,8.05224168325,8.5265431405,0.316427687883333,Up_in_Sepsis,0.619047619047619,0.163232997664367,GSE137340
TDRD9,GSE57065,25,28,3.3303612,6.89073321428572,3.19424,7.142525,3.56037201428571,Up_in_Sepsis,0.99,9.95645531096197e-14,GSE137340
TDRD9,GSE65682,42,51,3.34773631371429,5.63320040717647,3.2782247165,5.797888853,2.28546409346219,Up_in_Sepsis,0.927637721755369,1.57574257046212e-12,GSE137340
TDRD9,GSE95233,22,51,4.25339464136364,7.46258520078431,4.28958474,7.5901051,3.20919055942068,Up_in_Sepsis,0.993761140819965,2.84841857067922e-11,GSE137340
MS4A4A,GSE236713,30,125,-2.61123413333333,0.377198846528,-2.6311412,0.40470123,2.98843297986133,Up_in_Sepsis,0.988533333333334,1.08528994979761e-16,GSE137340
MS4A4A,GSE54514,18,35,7.69527950547222,7.83805843751429,7.73644423475,7.662946701,0.142778932042063,Up_in_Sepsis,0.53968253968254,0.648457933533109,GSE137340
MS4A4A,GSE57065,25,28,4.93951413333333,7.63538952380952,4.82179333333333,7.60882666666667,2.69587539047619,Up_in_Sepsis,0.988571428571429,1.482405568521e-13,GSE137340
MS4A4A,GSE65682,42,51,4.03805804831746,5.2213682564183,3.98802775533334,5.001020882,1.18331020810084,Up_in_Sepsis,0.833333333333334,3.62489033813588e-08,GSE137340
MS4A4A,GSE95233,22,51,4.23226711469697,7.65297900960784,4.15824913166667,7.34865074333333,3.42071189491088,Up_in_Sepsis,1,1.60188706567253e-11,GSE137340
DACH1,GSE236713,30,125,-2.14178051166667,0.192125785648,-2.132796525,0.32250023,2.33390629731467,Up_in_Sepsis,0.9808,3.24868406725649e-16,GSE137340
DACH1,GSE54514,18,35,7.62045986561111,7.60723197565714,7.54754503566667,7.53868643466667,-0.013227889953968,Down_in_Sepsis,0.484126984126984,0.859761640454994,GSE137340
DACH1,GSE57065,25,28,3.41800226666667,6.180005,3.40577333333333,6.26129333333333,2.76200273333333,Up_in_Sepsis,1,2.21254562465821e-15,GSE137340
DACH1,GSE65682,42,51,4.38821517494048,5.67649628627451,4.4631872035,5.7262053915,1.28828111133403,Up_in_Sepsis,0.837068160597573,2.54774905292748e-08,GSE137340
DACH1,GSE95233,22,51,3.1235810880303,5.35821073751634,3.08244476666667,5.30643560333333,2.23462964948604,Up_in_Sepsis,0.997326203208556,2.05178515500888e-11,GSE137340
TP53I3,GSE236713,30,125,-1.42931272416667,0.220877632548,-1.445740925,0.222686527,1.65019035671467,Up_in_Sepsis,0.9624,4.12045780957839e-15,GSE137340
TP53I3,GSE54514,18,35,7.47757449413889,7.6071469375,7.44879531875,7.5213742255,0.129572443361112,Up_in_Sepsis,0.628571428571429,0.131496116104732,GSE137340
TP53I3,GSE57065,25,28,4.9611108,6.94046321428572,4.92601,7.14898,1.97935241428571,Up_in_Sepsis,1,2.21254562465821e-15,GSE137340
TP53I3,GSE65682,42,51,5.27538630388095,6.79615955807843,5.1149474575,6.764566771,1.52077325419748,Up_in_Sepsis,0.881419234360411,2.9123290933051e-10,GSE137340
TP53I3,GSE95233,22,51,5.83148782727273,8.2367748072549,5.86947041,8.24667048,2.40528697998217,Up_in_Sepsis,1,1.60188706567253e-11,GSE137340
GRB10,GSE236713,30,125,-3.89471878333333,0.417078135436,-3.96789635,0.6052891,4.31179691876933,Up_in_Sepsis,0.9992,2.32616920867582e-17,GSE137340
GRB10,GSE54514,18,35,7.34481861856945,7.42220233847143,7.335484862375,7.44299376025,0.0773837199019836,Up_in_Sepsis,0.604761904761905,0.220939150662259,GSE137340
GRB10,GSE57065,25,28,4.5430876,6.88285482142857,4.53553,7.0517825,2.33976722142857,Up_in_Sepsis,1,2.21254562465821e-15,GSE137340
GRB10,GSE65682,42,51,5.14375050635714,6.3680301916732,5.3072275765,6.40669285766667,1.22427968531606,Up_in_Sepsis,0.798319327731093,8.25601832102464e-07,GSE137340
GRB10,GSE95233,22,51,5.38171027272727,7.47753324985294,5.3005039125,7.5704178725,2.09582297712567,Up_in_Sepsis,0.994652406417112,2.62469054871502e-11,GSE137340
S100A12,GSE236713,30,125,-1.917598468,0.1769893729,-1.901658775,0.180045844,2.0945878409,Up_in_Sepsis,0.973066666666666,9.56049645464289e-16,GSE137340
S100A12,GSE54514,18,35,13.46449889,13.4374514174286,13.757225515,13.76200581,-0.0270474725714287,Down_in_Sepsis,0.479365079365079,0.814369036014009,GSE137340
S100A12,GSE57065,25,28,9.826516,13.2250428571429,9.69309,13.31705,3.39852685714286,Up_in_Sepsis,0.998571428571429,4.42509124931643e-15,GSE137340
S100A12,GSE65682,42,51,11.8939188911905,12.4614545039216,12.001801995,12.55250341,0.567535612731094,Up_in_Sepsis,0.842670401493931,1.49082875196827e-08,GSE137340
S100A12,GSE95233,22,51,9.08179684272727,12.5885895996078,8.865218125,12.6154914,3.50679275688057,Up_in_Sepsis,1,1.60188706567253e-11,GSE137340
RETN,GSE236713,30,125,-3.35105348333333,0.713783831712,-3.412232375,0.611680735,4.06483731504533,Up_in_Sepsis,0.9864,1.47108884225019e-16,GSE137340
RETN,GSE54514,18,35,9.55170414166667,9.70309085842857,9.6156725885,9.064110756,0.151386716761905,Up_in_Sepsis,0.53015873015873,0.730730102071719,GSE137340
RETN,GSE57065,25,28,4.613864,9.30737357142857,4.54531,9.56555,4.69350957142857,Up_in_Sepsis,0.997142857142857,8.85018249863286e-15,GSE137340
RETN,GSE65682,42,51,7.31710567696429,9.74104034138235,7.314010839,10.03319172,2.42393466441807,Up_in_Sepsis,0.869747899159664,9.93971462224936e-10,GSE137340
RETN,GSE95233,22,51,5.149751095,7.83679717882353,5.05946805,8.05463729,2.68704608382353,Up_in_Sepsis,0.986631016042781,5.45249501386452e-11,GSE137340
NLRC4,GSE236713,30,125,-1.78090573316667,0.349063856668,-1.6988298,0.45337687,2.12996958983467,Up_in_Sepsis,0.968266666666667,1.85237119125629e-15,GSE137340
NLRC4,GSE54514,18,35,8.24117922783333,8.49875315257143,8.0718331335,8.417428017,0.257573924738095,Up_in_Sepsis,0.626984126984127,0.136432076366508,GSE137340
NLRC4,GSE57065,25,28,5.35220746666667,7.07516642857143,5.33810333333333,7.13635333333334,1.72295896190476,Up_in_Sepsis,0.99,9.95645531096197e-14,GSE137340
NLRC4,GSE65682,42,51,4.29577335354762,5.00175797528431,4.4655792825,5.0621416185,0.705984621736694,Up_in_Sepsis,0.830999066293184,4.51012294675184e-08,GSE137340
NLRC4,GSE95233,22,51,5.92346704727273,8.06012161640523,6.00441967333333,8.09675851666667,2.1366545691325,Up_in_Sepsis,0.998217468805704,1.88955739655682e-11,GSE137340
DDAH2,GSE236713,30,125,-1.27922573033333,0.19872973652,-1.300472,0.27447033,1.47795546685333,Up_in_Sepsis,0.933866666666667,1.75042029032808e-13,GSE137340
DDAH2,GSE54514,18,35,7.81064618961111,7.82061367045714,7.7546439175,7.641768456,0.00996748084603194,Up_in_Sepsis,0.507936507936508,0.933308660155946,GSE137340
DDAH2,GSE57065,25,28,6.08238986666667,7.82757821428571,6.09504333333333,7.85892,1.74518834761905,Up_in_Sepsis,0.997142857142857,8.85018249863286e-15,GSE137340
DDAH2,GSE65682,42,51,5.84774054228571,7.14443262911765,5.902305836,7.239468677,1.29669208683193,Up_in_Sepsis,0.8874883286648,1.51621161941954e-10,GSE137340
DDAH2,GSE95233,22,51,6.09254895863636,7.90755793954248,6.056235065,8.00775867,1.81500898090612,Up_in_Sepsis,0.998217468805704,1.88955739655682e-11,GSE137340
ABLIM1,GSE236713,30,125,1.48281813655555,-0.203484871834667,1.46177024166667,-0.226563213333333,-1.68630300839022,Down_in_Sepsis,0.0146666666666667,1.71188481427709e-16,GSE137340
ABLIM1,GSE54514,18,35,7.47108970751852,7.58333965029524,7.44839056333334,7.573652585,0.112249942776719,Up_in_Sepsis,0.66031746031746,0.0586025873125773,GSE137340
ABLIM1,GSE57065,25,28,7.2038044,5.46805267857143,7.23139,5.4631175,-1.73575172142857,Down_in_Sepsis,0,2.21254562465821e-15,GSE137340
ABLIM1,GSE65682,42,51,4.32378784963691,3.80800783962745,4.2776805045,3.77866002775,-0.515780010009454,Down_in_Sepsis,0.227357609710551,6.64929120817864e-06,GSE137340
ABLIM1,GSE95233,22,51,8.23902331090909,6.14861887078431,8.206853725,6.06508925,-2.09040444012478,Down_in_Sepsis,0.00267379679144385,2.05178515500888e-11,GSE137340
HLA-DPB1,GSE236713,30,125,1.298608723,-0.4145296915696,1.301215987,-0.484441368,-1.7131384145696,Down_in_Sepsis,0.0226666666666666,5.28154041652889e-16,GSE137340
HLA-DPB1,GSE54514,18,35,7.25630855544444,7.21391203748572,7.217739582,7.189665318,-0.0423965179587293,Down_in_Sepsis,0.406349206349206,0.274780752688366,GSE137340
HLA-DPB1,GSE57065,25,28,7.2440554,5.97528267857143,7.33975,5.8453875,-1.26877272142857,Down_in_Sepsis,0.0242857142857143,2.68160529708576e-12,GSE137340
HLA-DPB1,GSE65682,42,51,6.13679909505714,4.98698482825098,6.0927838555,4.9630219698,-1.14981426680616,Down_in_Sepsis,0.134920634920635,1.60768834134193e-09,GSE137340
HLA-DPB1,GSE95233,22,51,7.6833010575,5.71928535362745,7.7125187,5.64996396,-1.96401570387255,Down_in_Sepsis,0.0053475935828877,2.62469054871502e-11,GSE137340
GPR84,GSE236713,30,125,-2.36265875666667,0.811980091432,-2.3565483,0.67417645,3.17463884809867,Up_in_Sepsis,0.988533333333333,1.08528994979761e-16,GSE137340
GPR84,GSE54514,18,35,8.45748119894445,8.35290996034286,7.911521435,7.836024284,-0.104571238601588,Down_in_Sepsis,0.482539682539683,0.845174025846265,GSE137340
GPR84,GSE57065,25,28,4.3664652,9.12399035714286,4.35207,9.540155,4.75752515714286,Up_in_Sepsis,1,2.21254562465821e-15,GSE137340
GPR84,GSE65682,42,51,6.97553973764286,8.35375543845098,7.3542148065,8.581473795,1.37821570080812,Up_in_Sepsis,0.750233426704015,3.56415344787041e-05,GSE137340
GPR84,GSE95233,22,51,4.22026272045455,8.65059058882353,4.09957837,8.75996829,4.43032786836898,Up_in_Sepsis,1,1.60188706567253e-11,GSE137340
TCN1,GSE236713,30,125,-2.116104969,0.395259804608,-2.239315,0.40213156,2.511364773608,Up_in_Sepsis,0.9296,3.00598095206023e-13,GSE137340
TCN1,GSE54514,18,35,9.37911383288889,9.8034695618,8.888700008,9.539639473,0.424355728911111,Up_in_Sepsis,0.623015873015873,0.148126164258606,GSE137340
TCN1,GSE57065,25,28,5.9357436,9.57655321428572,6.03304,9.47519,3.64080961428571,Up_in_Sepsis,0.992857142857143,4.20383668685061e-14,GSE137340
TCN1,GSE65682,42,51,6.60707318309524,8.85521654782353,6.528435852,9.067284058,2.24814336472829,Up_in_Sepsis,0.877217553688142,4.549776441538e-10,GSE137340
TCN1,GSE95233,22,51,5.01863434545455,8.36151990235294,5.04874131,8.31396416,3.3428855568984,Up_in_Sepsis,1,1.60188706567253e-11,GSE137340
S100P,GSE236713,30,125,-2.98257649866667,0.092648548928,-3.066798,0.20399523,3.07522504759467,Up_in_Sepsis,0.974933333333333,7.3791217923107e-16,GSE137340
S100P,GSE54514,18,35,10.8642796408889,11.5575663426571,10.817378045,11.22842979,0.693286701768255,Up_in_Sepsis,0.665079365079365,0.0512864999292285,GSE137340
S100P,GSE57065,25,28,8.7936928,11.40341,9.09986,11.5109,2.6097172,Up_in_Sepsis,0.985714285714286,3.07543841827492e-13,GSE137340
S100P,GSE65682,42,51,11.3545093569762,11.7995175968627,11.48921505,11.85882878,0.445008239886555,Up_in_Sepsis,0.69514472455649,0.00126812382600049,GSE137340
S100P,GSE95233,22,51,8.66531628136364,11.8757753331373,8.813103335,11.93590325,3.21045905177362,Up_in_Sepsis,0.998217468805704,1.88955739655682e-11,GSE137340
WIPI1,GSE236713,30,125,-1.41402153533333,0.271323764848,-1.33425285,0.20184422,1.68534530018133,Up_in_Sepsis,0.983466666666666,2.23022449395653e-16,GSE137340
WIPI1,GSE54514,18,35,8.49110942422222,8.37088155748572,8.436255932,8.354125023,-0.120227866736506,Down_in_Sepsis,0.420634920634921,0.35253243130273,GSE137340
WIPI1,GSE57065,25,28,6.3063356,7.62544607142857,6.401195,7.72776,1.31911047142857,Up_in_Sepsis,0.991428571428571,6.63763687397464e-14,GSE137340
WIPI1,GSE65682,42,51,6.14616818605952,7.20296578637255,6.127173298,7.2842650345,1.05679760031303,Up_in_Sepsis,0.918767507002801,4.48546841923949e-12,GSE137340
WIPI1,GSE95233,22,51,7.17243139181818,8.66540228686275,7.1766740375,8.5907914,1.49297089504456,Up_in_Sepsis,0.992869875222816,3.09077930949446e-11,GSE137340
BCL11B,GSE236713,30,125,2.220160065,-0.349411487824,2.257028925,-0.28752565,-2.569571552824,Down_in_Sepsis,0.0064,5.24288184560356e-17,GSE137340
BCL11B,GSE54514,18,35,7.77644255422222,7.81485186991429,7.7203633785,7.658464909,0.0384093156920633,Up_in_Sepsis,0.507936507936508,0.933308660155946,GSE137340
BCL11B,GSE57065,25,28,7.25788853333333,5.18344464285714,7.28888,5.22762166666666,-2.07444389047619,Down_in_Sepsis,0,2.21254562465821e-15,GSE137340
BCL11B,GSE65682,42,51,4.41698534159524,3.30491277327451,4.329102721,3.129349473,-1.11207256832073,Down_in_Sepsis,0.222222222222222,4.44231456366313e-06,GSE137340
BCL11B,GSE95233,22,51,7.20962040227273,5.29110927601307,7.15841215166667,5.19352229,-1.91851112625966,Down_in_Sepsis,0,1.60188706567253e-11,GSE137340
OLFM4,GSE236713,30,125,-3.89017209,0.38682899196,-4.09831955,0.4451604,4.27700108196,Up_in_Sepsis,0.912533333333333,2.48284480141307e-12,GSE137340
OLFM4,GSE54514,18,35,8.914224492,8.79847958418571,8.501371384,8.294371605,-0.115744907814287,Down_in_Sepsis,0.465079365079365,0.689143463767284,GSE137340
OLFM4,GSE57065,25,28,3.3893216,9.43543642857143,3.25378,9.84019,6.04611482857143,Up_in_Sepsis,0.978571428571428,1.51338120726622e-12,GSE137340
OLFM4,GSE65682,42,51,3.80761788369048,7.85954184731373,3.3217766645,8.3384783855,4.05192396362325,Up_in_Sepsis,0.926237161531279,1.86135962666096e-12,GSE137340
OLFM4,GSE95233,22,51,5.17500045409091,10.0501089431373,4.84326208,10.55058836,4.87510848904635,Up_in_Sepsis,0.985739750445633,5.9097281654302e-11,GSE137340
CARD6,GSE236713,30,125,-1.64551811633333,0.174654875544,-1.6436938,0.15912545,1.82017299187733,Up_in_Sepsis,0.987733333333334,1.21659665288115e-16,GSE137340
CARD6,GSE54514,18,35,7.45402614283333,7.30953249248571,7.485522509,7.291709423,-0.144493650347619,Down_in_Sepsis,0.292063492063492,0.0132432221949124,GSE137340
CARD6,GSE57065,25,28,6.9144216,8.6368225,6.95104,8.737985,1.7224009,Up_in_Sepsis,0.997142857142857,8.85018249863286e-15,GSE137340
CARD6,GSE65682,42,51,5.12144521540476,5.65600112676471,5.13452269225,5.726991105,0.534555911359944,Up_in_Sepsis,0.805788982259571,4.35525530177079e-07,GSE137340
CARD6,GSE95233,22,51,7.62536779272727,9.29978000666667,7.537637815,9.40990241,1.67441221393939,Up_in_Sepsis,0.99108734402852,3.63757408976493e-11,GSE137340
BCL9L,GSE236713,30,125,1.50684055983333,-0.206247490844,1.51030955,-0.1328442,-1.71308805067733,Down_in_Sepsis,0.008,6.60229162961706e-17,GSE137340
BCL9L,GSE54514,18,35,7.17467631238889,7.1977876664,7.173951626,7.176938057,0.0231113540111112,Up_in_Sepsis,0.517460317460317,0.845174025846265,GSE137340
BCL9L,GSE57065,25,28,6.5540542,5.30580339285714,6.534365,5.2188175,-1.24825080714286,Down_in_Sepsis,0,2.21254562465821e-15,GSE137340
BCL9L,GSE65682,42,51,3.83638749773214,3.41169320090686,3.733946900125,3.4224820565,-0.42469429682528,Down_in_Sepsis,0.19187675070028,3.55549239738882e-07,GSE137340
BCL9L,GSE95233,22,51,6.39400990977273,5.13587235127451,6.3346484625,5.107778375,-1.25813755849822,Down_in_Sepsis,0.0017825311942959,1.88955739655682e-11,GSE137340
DRAM1,GSE236713,30,125,-1.44896454766667,0.021617724808,-1.43339515,0.07594013,1.47058227247467,Up_in_Sepsis,0.958133333333333,7.32485636027738e-15,GSE137340
DRAM1,GSE54514,18,35,8.34397490811111,8.52077736165714,8.4047923085,8.501205444,0.176802453546031,Up_in_Sepsis,0.6,0.243028800589674,GSE137340
DRAM1,GSE57065,25,28,6.452056,7.92729107142857,6.44573,7.85264,1.47523507142857,Up_in_Sepsis,0.99,9.95645531096197e-14,GSE137340
DRAM1,GSE65682,42,51,3.76705746264286,4.62289479691177,3.75472874725,4.677832185,0.855837334268907,Up_in_Sepsis,0.803454715219422,5.32722689167168e-07,GSE137340
DRAM1,GSE95233,22,51,6.05118779727273,8.04099513019608,6.121587845,8.0836456,1.98980733292335,Up_in_Sepsis,0.990196078431373,3.94540435484238e-11,GSE137340
ANXA3,GSE236713,30,125,-3.47895378333333,0.369189877872,-3.41165095,0.4734826,3.84814366120533,Up_in_Sepsis,0.9616,4.59160112920663e-15,GSE137340
ANXA3,GSE54514,18,35,8.97661760155556,8.53801453448572,8.844226837,8.419454575,-0.43860306706984,Down_in_Sepsis,0.343650793650794,0.0656808931938673,GSE137340
ANXA3,GSE57065,25,28,6.590432,11.05753,6.51191,11.3417,4.467098,Up_in_Sepsis,1,2.21254562465821e-15,GSE137340
ANXA3,GSE65682,42,51,9.45762392670238,10.1546832445588,9.64462058775,10.262729435,0.697059317856443,Up_in_Sepsis,0.7703081232493,7.96894550994041e-06,GSE137340
ANXA3,GSE95233,22,51,6.21233055909091,10.3470795898039,6.197868215,10.51778229,4.13474903071301,Up_in_Sepsis,1,1.60188706567253e-11,GSE137340
IRAK3,GSE236713,30,125,-2.2557758,0.510612487264,-2.2103551,0.74091697,2.766388287264,Up_in_Sepsis,0.9824,2.59297050143436e-16,GSE137340
IRAK3,GSE54514,18,35,9.97324305155556,10.1531717713714,10.1306290635,10.4770212165,0.179928719815873,Up_in_Sepsis,0.6,0.243028800589674,GSE137340
IRAK3,GSE57065,25,28,5.32564786666667,8.14573369047619,5.33925,8.23077,2.82008582380952,Up_in_Sepsis,1,2.21254562465821e-15,GSE137340
IRAK3,GSE65682,42,51,7.38685149740476,8.00597797543628,7.699551669,8.219756242,0.619126478031514,Up_in_Sepsis,0.710084033613446,0.000520192370241943,GSE137340
IRAK3,GSE95233,22,51,6.60189167469697,9.13780613104575,6.68542414,9.22017156666667,2.53591445634878,Up_in_Sepsis,0.99554367201426,2.41819260539641e-11,GSE137340
S100A8,GSE236713,30,125,-1.74534144333333,0.245866349664,-1.83901405,0.19146156,1.99120779299733,Up_in_Sepsis,0.993333333333333,5.44853176760137e-17,GSE137340
S100A8,GSE54514,18,35,14.4818180944444,14.455229432,14.509645465,14.56532383,-0.0265886624444445,Down_in_Sepsis,0.484126984126984,0.858264733607146,GSE137340
S100A8,GSE57065,25,28,9.4961188,10.2673585714286,9.421735,10.24313,0.771239771428572,Up_in_Sepsis,0.88,3.59733314920835e-07,GSE137340
S100A8,GSE65682,42,51,12.8216072683333,13.1201117496078,12.79987098,13.13078904,0.298504481274511,Up_in_Sepsis,0.812324929971989,2.45875764364347e-07,GSE137340
S100A8,GSE95233,22,51,10.7613722531818,13.0814998472549,10.6646902575,13.108627835,2.32012759407308,Up_in_Sepsis,1,1.60188706567253e-11,GSE137340
NELL2,GSE236713,30,125,2.64676992,-0.69962685492,2.7429225,-0.860307,-3.34639677492,Down_in_Sepsis,0.00986666666666667,8.63190787799774e-17,GSE137340
NELL2,GSE54514,18,35,7.36743333611111,7.39712310508571,7.227577448,7.351003647,0.0296897689746025,Up_in_Sepsis,0.523809523809524,0.787389209638866,GSE137340
NELL2,GSE57065,25,28,8.1009788,5.30718821428572,7.99138,5.2103,-2.79379058571429,Down_in_Sepsis,0,2.21254562465821e-15,GSE137340
NELL2,GSE65682,42,51,3.29146798292857,2.63422352013726,2.94993907725,2.5864294925,-0.657244462791316,Down_in_Sepsis,0.23015873015873,8.26135619987797e-06,GSE137340
NELL2,GSE95233,22,51,6.40110207,4.16448993078431,6.443161585,4.09752712,-2.23661213921569,Down_in_Sepsis,0.00802139037433155,3.35212501057368e-11,GSE137340
ATP6V1C1,GSE236713,30,125,-1.074058834,0.236285986636,-1.054627425,0.22516934,1.310344820636,Up_in_Sepsis,0.9792,4.06725214686755e-16,GSE137340
ATP6V1C1,GSE54514,18,35,7.69440666833333,7.66646626334286,7.6981620785,7.6462945935,-0.0279404049904759,Down_in_Sepsis,0.465079365079365,0.689143463767284,GSE137340
ATP6V1C1,GSE57065,25,28,5.6078049,7.47761964285714,5.6252925,7.68454375,1.86981474285714,Up_in_Sepsis,0.951428571428571,1.46118725598053e-10,GSE137340
ATP6V1C1,GSE65682,42,51,6.24831028319048,7.10629631146079,6.445528915,7.39451124325,0.857986028270308,Up_in_Sepsis,0.794117647058824,1.17542255359386e-06,GSE137340
ATP6V1C1,GSE95233,22,51,5.22768845727273,7.05554861,5.23748087375,7.145759595,1.82786015272727,Up_in_Sepsis,0.994652406417112,2.62469054871502e-11,GSE137340
LCK,GSE236713,30,125,1.44738868666667,-0.407891716192,1.46847105,-0.286011457,-1.85528040285867,Down_in_Sepsis,0.0056,4.67077632717853e-17,GSE137340
LCK,GSE54514,18,35,7.27508580244444,7.31436660399048,7.2605885665,7.26734924333333,0.039280801546032,Up_in_Sepsis,0.515873015873016,0.859761640454994,GSE137340
LCK,GSE57065,25,28,9.0942556,6.9294725,9.065125,6.8193975,-2.1647831,Down_in_Sepsis,0.00857142857142857,6.63763687397464e-14,GSE137340
LCK,GSE65682,42,51,4.44206066173333,3.42731789850588,4.0753115459,3.2349531126,-1.01474276322745,Down_in_Sepsis,0.215686274509804,2.63215247427863e-06,GSE137340
LCK,GSE95233,22,51,8.08672564590909,5.99105659990196,8.0503183375,5.86693816,-2.09566904600713,Down_in_Sepsis,0.0035650623885918,2.22762533627504e-11,GSE137340
FYN,GSE236713,30,125,0.931028999,-0.271037153888,0.932108405,-0.2211585,-1.202066152888,Down_in_Sepsis,0.0344,2.66735498895389e-15,GSE137340
FYN,GSE54514,18,35,7.95278616083333,7.91861346787143,7.906122326875,7.820687294,-0.0341726929619046,Down_in_Sepsis,0.449206349206349,0.557589681355557,GSE137340
FYN,GSE57065,25,28,8.72753693333333,7.15084654761905,8.74644666666667,7.25993166666667,-1.57669038571429,Down_in_Sepsis,0.0257142857142857,3.53343536257917e-12,GSE137340
FYN,GSE65682,42,51,6.33264712161905,5.24190183817647,6.3978901825,5.298733132,-1.09074528344258,Down_in_Sepsis,0.126517273576097,6.73738457061858e-10,GSE137340
FYN,GSE95233,22,51,8.34728094136364,6.62451437052288,8.37729033333333,6.69098861666667,-1.72276657084076,Down_in_Sepsis,0.00089126559714795,1.73990990394731e-11,GSE137340
LIN7A,GSE236713,30,125,-1.77383954,-0.028028324416,-1.7013788,0.12625504,1.745811215584,Up_in_Sepsis,0.966933333333333,2.22338235075182e-15,GSE137340
LIN7A,GSE54514,18,35,8.19500676788889,8.09935812262857,8.2465963365,8.083361626,-0.0956486452603187,Down_in_Sepsis,0.447619047619048,0.545121751957247,GSE137340
LIN7A,GSE57065,25,28,4.8304398,6.605744375,4.836965,6.5766675,1.775304575,Up_in_Sepsis,0.981428571428571,8.25279517997514e-13,GSE137340
LIN7A,GSE65682,42,51,5.14147954,5.89860411596079,5.115247984,6.032136915,0.757124575960785,Up_in_Sepsis,0.806255835667601,4.18254822208525e-07,GSE137340
LIN7A,GSE95233,22,51,5.87961799,7.64378624156863,6.002409555,7.769969035,1.76416825156863,Up_in_Sepsis,0.980392156862745,9.55234536735608e-11,GSE137340
CLEC4D,GSE236713,30,125,-1.81036647083333,0.238648247424,-1.777268525,0.261546255,2.04901471825733,Up_in_Sepsis,0.968,1.9213337153322e-15,GSE137340
CLEC4D,GSE54514,18,35,8.11288634933333,8.09458709437143,8.066710949,7.917171478,-0.0182992549619048,Down_in_Sepsis,0.479365079365079,0.816159107237985,GSE137340
CLEC4D,GSE57065,25,28,5.3772788,9.33756732142857,5.37215,9.7270175,3.96028852142857,Up_in_Sepsis,0.998571428571429,4.42509124931643e-15,GSE137340
CLEC4D,GSE65682,42,51,7.66937680728571,8.57762688411765,7.79903323025,8.699434631,0.908250076831933,Up_in_Sepsis,0.681605975723623,0.00270673854041277,GSE137340
CLEC4D,GSE95233,22,51,6.31477353318182,9.76741677529412,6.231621425,9.89875776,3.4526432421123,Up_in_Sepsis,1,1.60188706567253e-11,GSE137340
RUNX3,GSE236713,30,125,1.20032605016667,-0.32395530504,1.1770645225,-0.228241802,-1.52428135520667,Down_in_Sepsis,0.0322666666666667,1.9928233814751e-15,GSE137340
RUNX3,GSE54514,18,35,9.07273046177778,8.89221264974286,9.1125116345,8.793813705,-0.180517812034919,Down_in_Sepsis,0.395238095238095,0.220939150662259,GSE137340
RUNX3,GSE57065,25,28,7.24065813333333,5.81859297619048,7.18098666666667,5.68781333333333,-1.42206515714286,Down_in_Sepsis,0.0285714285714286,6.00484882532239e-12,GSE137340
RUNX3,GSE65682,42,51,4.88468445904762,3.95233455822549,4.919107128625,3.922218436,-0.932349900822129,Down_in_Sepsis,0.132586367880486,1.2650387453366e-09,GSE137340
RUNX3,GSE95233,22,51,7.08631171469697,5.73464685627451,7.11205732166667,5.74685884,-1.35166485842246,Down_in_Sepsis,0.00267379679144385,2.05178515500888e-11,GSE137340
ARL4C,GSE236713,30,125,1.55238298166667,-0.470261220152,1.5345936,-0.267776,-2.02264420181867,Down_in_Sepsis,0.0154666666666667,1.91760430413013e-16,GSE137340
ARL4C,GSE54514,18,35,7.22930818133333,7.21064371377143,7.2446675305,7.162569523,-0.0186644675619041,Down_in_Sepsis,0.401587301587302,0.250718918621702,GSE137340
ARL4C,GSE57065,25,28,7.6043253,6.10041982142857,7.6239275,6.0990325,-1.50390547857143,Down_in_Sepsis,0.0128571428571429,2.14616925591847e-13,GSE137340
ARL4C,GSE65682,42,51,5.20943803511111,4.1835309180915,5.01864338833334,4.13587023066667,-1.02590711701961,Down_in_Sepsis,0.178338001867414,1.06530956817405e-07,GSE137340
ARL4C,GSE95233,22,51,7.63906675125,5.73963973014706,7.66005704625,5.692674995,-1.89942702110294,Down_in_Sepsis,0,1.60188706567253e-11,GSE137340
GADD45A,GSE236713,30,125,-1.83901991666667,0.88889644512,-1.8438382,0.79994035,2.72791636178667,Up_in_Sepsis,0.972533333333333,1.0292890169365e-15,GSE137340
GADD45A,GSE54514,18,35,9.15976790619444,8.56680619378571,9.09830832475,8.408894539,-0.59296171240873,Down_in_Sepsis,0.29047619047619,0.0125252546921486,GSE137340
GADD45A,GSE57065,25,28,6.1883888,9.48613428571429,6.17952,9.860785,3.29774548571429,Up_in_Sepsis,1,2.21254562465821e-15,GSE137340
GADD45A,GSE65682,42,51,7.84114134335714,9.02282525972549,8.121916137,9.094566,1.18168391636835,Up_in_Sepsis,0.826330532212886,6.95166724757002e-08,GSE137340
GADD45A,GSE95233,22,51,6.19195034590909,9.49780938431373,6.143981605,9.57783296,3.30585903840464,Up_in_Sepsis,1,1.60188706567253e-11,GSE137340
CKAP4,GSE236713,30,125,-1.15503529533333,0.23056830784,-1.2337575,0.27721238,1.38560360317333,Up_in_Sepsis,0.947466666666667,3.01722266171569e-14,GSE137340
CKAP4,GSE54514,18,35,10.4983355739444,10.6561353135714,10.36950207,10.58610821,0.157799739626984,Up_in_Sepsis,0.552380952380952,0.541587732899303,GSE137340
CKAP4,GSE57065,25,28,6.1655068,7.71438559523809,6.20847333333333,7.77612,1.5488787952381,Up_in_Sepsis,0.992857142857143,4.20383668685061e-14,GSE137340
CKAP4,GSE65682,42,51,9.18399883615476,9.88531417870588,9.217519391,10.0192294835,0.701315342551121,Up_in_Sepsis,0.834733893557423,3.17728969892815e-08,GSE137340
CKAP4,GSE95233,22,51,7.61376698833333,9.61402933117647,7.68183343666667,9.59332071333333,2.00026234284314,Up_in_Sepsis,1,1.60188706567253e-11,GSE137340
TNFAIP6,GSE236713,30,125,-3.05653364,0.290474225472,-2.97301435,0.47928786,3.347007865472,Up_in_Sepsis,0.992533333333333,6.11441610250757e-17,GSE137340
TNFAIP6,GSE54514,18,35,8.65480277255556,8.8839384697,8.66083169025,8.9170858845,0.229135697144445,Up_in_Sepsis,0.677777777777778,0.0353615208408517,GSE137340
TNFAIP6,GSE57065,25,28,7.4643938,9.61311178571429,7.312245,9.727425,2.14871798571429,Up_in_Sepsis,0.944285714285714,3.90036392897249e-10,GSE137340
TNFAIP6,GSE65682,42,51,8.96900833957143,9.3313451742549,9.087399385,9.419908274,0.362336834683473,Up_in_Sepsis,0.639122315592904,0.0216359913017819,GSE137340
TNFAIP6,GSE95233,22,51,7.05627400295455,9.5566334022549,7.1440883625,9.421209355,2.50035939930036,Up_in_Sepsis,0.991978609625668,3.35328660937072e-11,GSE137340
ANKRD22,GSE236713,30,125,-2.85101746333333,1.022537681272,-2.8997055,0.98461366,3.87355514460533,Up_in_Sepsis,0.958933333333333,6.57843625058159e-15,GSE137340
ANKRD22,GSE54514,18,35,8.52571954986111,8.87529359547143,8.69458103175,8.477663517,0.349574045610316,Up_in_Sepsis,0.571428571428571,0.406890737204955,GSE137340
ANKRD22,GSE57065,25,28,4.9164542,8.50486089285714,4.857295,8.6982375,3.58840669285714,Up_in_Sepsis,0.982857142857143,6.01812409907034e-13,GSE137340
ANKRD22,GSE65682,42,51,5.88699225960714,7.052159584,6.213737908,7.332923397,1.16516732439286,Up_in_Sepsis,0.793183940242764,1.27061238461506e-06,GSE137340
ANKRD22,GSE95233,22,51,4.29564052431818,8.56352469696078,4.1869591325,8.686646645,4.2678841726426,Up_in_Sepsis,1,1.60188706567253e-11,GSE137340
ST6GALNAC3,GSE236713,30,125,-1.624927869,0.340497375576,-1.67360055,0.45912015,1.965425244576,Up_in_Sepsis,0.960266666666667,5.49734641168987e-15,GSE137340
ST6GALNAC3,GSE54514,18,35,7.56375496916667,7.61624943185714,7.528279543,7.5792064665,0.0524944626904764,Up_in_Sepsis,0.523809523809524,0.787389209638866,GSE137340
ST6GALNAC3,GSE57065,25,28,3.4878912,5.77572321428572,3.4873,5.914285,2.28783201428571,Up_in_Sepsis,0.968571428571428,9.97415567595923e-12,GSE137340
ST6GALNAC3,GSE65682,42,51,4.01725771820238,5.1214141005098,4.03934253175,5.2777308485,1.10415638230742,Up_in_Sepsis,0.799253034547153,7.62783761565202e-07,GSE137340
ST6GALNAC3,GSE95233,22,51,3.91260054272727,6.32286726823529,3.902799155,6.39476853,2.41026672550802,Up_in_Sepsis,0.988413547237077,4.63786430560109e-11,GSE137340
NR1D2,GSE236713,30,125,1.3771848522,-0.376359357528,1.42153693333334,-0.407372563333333,-1.753544209728,Down_in_Sepsis,0.0162666666666667,2.14765424902856e-16,GSE137340
NR1D2,GSE54514,18,35,7.22795719561111,7.20052261342857,7.234516859,7.176362038,-0.0274345821825399,Down_in_Sepsis,0.409523809523809,0.29165367273141,GSE137340
NR1D2,GSE57065,25,28,6.7125234,4.73404482142857,6.765955,4.5568725,-1.97847857857143,Down_in_Sepsis,0.0328571428571429,1.27509004349053e-11,GSE137340
NR1D2,GSE65682,42,51,2.67993460388095,2.38682986096078,2.59752724525,2.3424930375,-0.293104742920168,Down_in_Sepsis,0.23062558356676,8.56400623491198e-06,GSE137340
NR1D2,GSE95233,22,51,5.51132363022727,4.05699949911765,5.5046800925,4.003274435,-1.45432413110963,Down_in_Sepsis,0.00267379679144385,2.05178515500888e-11,GSE137340
KCNE1,GSE236713,30,125,-2.26869852566667,0.694333473672,-2.36768555,0.6509087,2.96303199933867,Up_in_Sepsis,0.9896,9.31726147513612e-17,GSE137340
KCNE1,GSE54514,18,35,7.45810219972222,7.41774894165714,7.3216030595,7.376817226,-0.0403532580650792,Down_in_Sepsis,0.449206349206349,0.557589681355557,GSE137340
KCNE1,GSE57065,25,28,3.5885864,5.18116428571429,3.59016,5.135155,1.59257788571429,Up_in_Sepsis,0.965714285714285,1.6235659793742e-11,GSE137340
KCNE1,GSE65682,42,51,2.97889442228571,3.65664761473529,2.90057041175,3.6933045215,0.67775319244958,Up_in_Sepsis,0.8468720821662,9.91973627475115e-09,GSE137340
KCNE1,GSE95233,22,51,4.11064333181818,6.18825438313726,4.1158276275,6.23025916,2.07761105131907,Up_in_Sepsis,0.992869875222817,3.09077930949446e-11,GSE137340
UBE2C,GSE236713,30,125,-2.38996792,0.167743539728,-2.4488444,0.12778091,2.557711459728,Up_in_Sepsis,0.988533333333334,1.08528994979761e-16,GSE137340
UBE2C,GSE54514,18,35,7.42056694291667,7.47562612125714,7.4238853455,7.447782755,0.0550591783404766,Up_in_Sepsis,0.585714285714286,0.318216803699425,GSE137340
UBE2C,GSE57065,25,28,5.756006,6.83034571428571,5.76903,6.838895,1.07433971428571,Up_in_Sepsis,0.964285714285714,2.05678241268228e-11,GSE137340
UBE2C,GSE65682,42,51,3.65675624389286,4.75314776211275,3.63832130775,4.57540764025,1.09639151821989,Up_in_Sepsis,0.948646125116714,1.2157504062892e-13,GSE137340
UBE2C,GSE95233,22,51,4.68462515954546,5.61843182960784,4.718211675,5.50469678,0.933806670062388,Up_in_Sepsis,0.934046345811052,4.95356158238257e-09,GSE137340
TLR5,GSE236713,30,125,-1.76521059833333,0.342181207492,-1.726134175,0.4524085465,2.10739180582533,Up_in_Sepsis,0.986133333333333,1.52795650971528e-16,GSE137340
TLR5,GSE54514,18,35,8.65817268636111,8.86676242032857,8.6723899845,8.870217563,0.208589733967461,Up_in_Sepsis,0.663492063492063,0.0536371037869218,GSE137340
TLR5,GSE57065,25,28,6.7654072,9.0116675,6.80244,9.13032,2.2462603,Up_in_Sepsis,0.997142857142857,8.85018249863286e-15,GSE137340
TLR5,GSE65682,42,51,7.63102261552381,8.03037110862745,7.904869968,8.162158126,0.399348493103641,Up_in_Sepsis,0.637721755368814,0.0229937647958931,GSE137340
TLR5,GSE95233,22,51,7.09033071954546,9.28910596784314,7.022787335,9.43570202,2.19877524829768,Up_in_Sepsis,0.989304812834225,4.27867888939574e-11,GSE137340
CA4,GSE236713,30,125,-3.66853894,0.384889875952,-3.70356985,0.6014385,4.053428815952,Up_in_Sepsis,0.972533333333333,1.0292890169365e-15,GSE137340
CA4,GSE54514,18,35,10.6089483364444,10.6232313162,10.449402335,10.4002409,0.0142829797555546,Up_in_Sepsis,0.501587301587302,0.992507342069996,GSE137340
CA4,GSE57065,25,28,6.0628788,8.69593821428571,5.889615,8.6840025,2.63305941428571,Up_in_Sepsis,0.978571428571428,1.51338120726622e-12,GSE137340
CA4,GSE65682,42,51,7.10914031604762,8.45817187988235,7.137137786,8.552890722,1.34903156383473,Up_in_Sepsis,0.870681605975724,9.02204498104525e-10,GSE137340
CA4,GSE95233,22,51,5.33730089909091,7.46785604637255,5.2940546725,7.43619414,2.13055514728164,Up_in_Sepsis,1,1.60188706567253e-11,GSE137340
CCPG1,GSE236713,30,125,-1.38570976466667,0.199617117968,-1.3767164,0.23355675,1.58532688263467,Up_in_Sepsis,0.964266666666667,3.19836502929864e-15,GSE137340
CCPG1,GSE54514,18,35,8.52722313633333,8.60512421485714,8.48179435725,8.6312851905,0.0779010785238103,Up_in_Sepsis,0.546031746031746,0.595788354333167,GSE137340
CCPG1,GSE57065,25,28,6.45456624,7.88405864285714,6.497546,7.867906,1.42949240285714,Up_in_Sepsis,0.965714285714285,1.6235659793742e-11,GSE137340
CCPG1,GSE65682,42,51,5.43048237534354,6.29565831969188,5.4763874095,6.38689566442857,0.86517594434834,Up_in_Sepsis,0.839869281045752,1.95094747201154e-08,GSE137340
CCPG1,GSE95233,22,51,6.15918117136364,7.5556615647451,6.122413141,7.582680408,1.39648039338146,Up_in_Sepsis,0.968805704099822,2.6568328672965e-10,GSE137340
PVRIG,GSE236713,30,125,1.37001128666667,-0.375043419456,1.43152785,-0.31261754,-1.74505470612267,Down_in_Sepsis,0.0309333333333333,1.65978174307926e-15,GSE137340
PVRIG,GSE54514,18,35,7.74745244444445,7.67170674454286,7.7707879545,7.536135197,-0.0757456999015878,Down_in_Sepsis,0.417460317460318,0.33676180410244,GSE137340
PVRIG,GSE57065,25,28,7.7548532,5.75481821428571,7.86216,5.602875,-2.00003498571429,Down_in_Sepsis,0.0328571428571429,1.27509004349053e-11,GSE137340
PVRIG,GSE65682,42,51,6.17335114064286,4.89616109405882,6.1560935395,4.83282121,-1.27719004658403,Down_in_Sepsis,0.195611577964519,4.91565394238915e-07,GSE137340
PVRIG,GSE95233,22,51,7.36016406636364,5.57913011627451,7.311372905,5.52474985,-1.78103395008913,Down_in_Sepsis,0.0151515151515152,6.40439715698351e-11,GSE137340
ZNF438,GSE236713,30,125,-2.00385324666667,0.272921269688,-2.03095335,0.24590015,2.27677451635467,Up_in_Sepsis,0.990666666666667,7.99631971871393e-17,GSE137340
ZNF438,GSE54514,18,35,8.51915007172222,8.47946158811429,8.56369257,8.511802673,-0.0396884836079376,Down_in_Sepsis,0.496825396825397,0.977746942500812,GSE137340
ZNF438,GSE57065,25,28,5.388177,6.90787517857143,5.37315,6.9155975,1.51969817857143,Up_in_Sepsis,0.995714285714286,1.54878193726075e-14,GSE137340
ZNF438,GSE65682,42,51,5.28696320588095,5.90877666462745,5.259332643,5.956922869,0.621813458746499,Up_in_Sepsis,0.778244631185808,4.28090624201636e-06,GSE137340
ZNF438,GSE95233,22,51,5.79770358931818,7.50971257441177,5.784056845,7.64675054,1.71200898509358,Up_in_Sepsis,0.993761140819964,2.84841857067922e-11,GSE137340
LY9,GSE236713,30,125,1.66639141516667,-0.29951097266,1.6793927,-0.26938856,-1.96590238782667,Down_in_Sepsis,0.0032,3.29891631128051e-17,GSE137340
LY9,GSE54514,18,35,7.40111618569445,7.4219030925,7.3937158585,7.371298075,0.0207869068055553,Up_in_Sepsis,0.495238095238095,0.962919951586959,GSE137340
LY9,GSE57065,25,28,7.12409986666667,5.62186238095238,7.15808,5.584375,-1.50223748571429,Down_in_Sepsis,0.00571428571428571,2.65505474958986e-14,GSE137340
LY9,GSE65682,42,51,3.32781337458333,2.83297544380392,3.1325616985,2.771464375,-0.494837930779412,Down_in_Sepsis,0.30812324929972,0.00152934116044883,GSE137340
LY9,GSE95233,22,51,6.53047616530303,5.14957291189543,6.58065606833333,5.06628309333333,-1.3809032534076,Down_in_Sepsis,0.0151515151515152,6.40439715698351e-11,GSE137340
PCOLCE2,GSE236713,30,125,-4.53269394333333,1.406010466584,-4.470698,1.711073,5.93870440991733,Up_in_Sepsis,0.977866666666666,4.90216050318513e-16,GSE137340
PCOLCE2,GSE54514,18,35,8.15473386944444,7.86995833265714,7.690903425,7.619874477,-0.284775536787302,Down_in_Sepsis,0.452380952380952,0.582925964615309,GSE137340
PCOLCE2,GSE57065,25,28,2.3919432,5.06888071428571,2.39644,4.839825,2.67693751428571,Up_in_Sepsis,1,2.21254562465821e-15,GSE137340
PCOLCE2,GSE65682,42,51,2.40414391857143,4.49943500747059,2.247909271,4.377631216,2.09529108889916,Up_in_Sepsis,0.916900093370682,5.5755279461992e-12,GSE137340
PCOLCE2,GSE95233,22,51,3.24523768,7.33323879882353,3.24782485,7.3415958,4.08800111882353,Up_in_Sepsis,0.994652406417112,2.62469054871502e-11,GSE137340
ZDHHC19,GSE236713,30,125,-1.820636658,0.638905728336,-1.889231,0.6277652,2.459542386336,Up_in_Sepsis,0.958133333333333,7.32485636027738e-15,GSE137340
ZDHHC19,GSE54514,18,35,9.80342743155555,10.2457725383143,9.2998418805,10.59918594,0.442345106758731,Up_in_Sepsis,0.565079365079365,0.450529192583409,GSE137340
ZDHHC19,GSE57065,25,28,4.665217,7.01162125,4.66739,7.0825325,2.34640425,Up_in_Sepsis,0.985714285714286,3.07543841827492e-13,GSE137340
ZDHHC19,GSE65682,42,51,5.2290239395119,8.29334250146079,4.58764488125,8.8220292475,3.06431856194888,Up_in_Sepsis,0.907563025210084,1.63148457744655e-11,GSE137340
ZDHHC19,GSE95233,22,51,4.34424839045455,7.00703930686275,4.121067835,7.13194825,2.6627909164082,Up_in_Sepsis,0.978609625668449,1.11977955795568e-10,GSE137340
GPR183,GSE236713,30,125,1.60711066233333,-0.432276675368,1.6063957,-0.3275633,-2.03938733770133,Down_in_Sepsis,0.00746666666666667,6.11441610250757e-17,GSE137340
GPR183,GSE54514,18,35,7.69109768330556,7.6143441268,7.60110473625,7.4851653575,-0.0767535565055555,Down_in_Sepsis,0.463492063492064,0.675476268134141,GSE137340
GPR183,GSE57065,25,28,7.730874,5.84445964285714,7.71563,5.765175,-1.88641435714286,Down_in_Sepsis,0.00714285714285714,4.20383668685061e-14,GSE137340
GPR183,GSE65682,42,51,4.16059465866667,3.35900663755882,4.050669064,3.1834406115,-0.801588021107843,Down_in_Sepsis,0.223155929038282,4.78279497877484e-06,GSE137340
GPR183,GSE95233,22,51,5.92948687681818,4.40194825372549,5.938862105,4.41436089,-1.52753862309269,Down_in_Sepsis,0.00445632798573975,2.41819260539641e-11,GSE137340
LILRA6,GSE236713,30,125,-1.7083050945,0.290166193844,-1.641738535,0.318514465,1.998471288344,Up_in_Sepsis,0.988,1.17117500268751e-16,GSE137340
LILRA6,GSE54514,18,35,7.24401503138889,7.3235259465,7.23241746425,7.340320587,0.0795109151111113,Up_in_Sepsis,0.704761904761905,0.0147864871531677,GSE137340
LILRA6,GSE57065,25,28,8.1589152,9.12026821428571,8.15807,9.15663,0.961353014285715,Up_in_Sepsis,0.958571428571428,5.09106748233855e-11,GSE137340
LILRA6,GSE65682,42,51,9.27720818061905,10.0587903968235,9.3610800905,10.24795401,0.78158221620448,Up_in_Sepsis,0.823996265172736,8.61185098001542e-08,GSE137340
LILRA6,GSE95233,22,51,6.70944997318182,7.7721306145098,6.72318676,7.8056858,1.06268064132799,Up_in_Sepsis,0.989304812834224,4.27867888939574e-11,GSE137340
TCF7,GSE236713,30,125,2.25886879666667,-0.4489542569,2.277126675,-0.396261585,-2.70782305356667,Down_in_Sepsis,0.00773333333333334,6.35373712127056e-17,GSE137340
TCF7,GSE54514,18,35,7.17996638352778,7.18485778397143,7.1887493135,7.1620082855,0.00489140044365044,Up_in_Sepsis,0.498412698412699,0.992581476239974,GSE137340
TCF7,GSE57065,25,28,8.2727108,6.57395589285714,8.276505,6.6254125,-1.69875490714286,Down_in_Sepsis,0.00571428571428571,2.65505474958986e-14,GSE137340
TCF7,GSE65682,42,51,4.17672209061905,3.51131071536078,4.1667805237,3.5651186398,-0.665411375258263,Down_in_Sepsis,0.245098039215686,2.53953936765205e-05,GSE137340
TCF7,GSE95233,22,51,8.28797413318182,6.58290461960784,8.1649394425,6.55440711,-1.70506951357397,Down_in_Sepsis,0.0035650623885918,2.22762533627504e-11,GSE137340
CD247,GSE236713,30,125,0.765497108333333,-0.185380890592,0.75289249,-0.161884785,-0.950877998925333,Down_in_Sepsis,0.1048,1.94792934863068e-11,GSE137340
CD247,GSE54514,18,35,9.74945513422222,9.38249128234286,9.946455479,9.3137831685,-0.366963851879365,Down_in_Sepsis,0.376190476190476,0.146722427447959,GSE137340
CD247,GSE57065,25,28,10.1853216,7.73724607142857,10.2214,7.655605,-2.44807552857143,Down_in_Sepsis,0.0114285714285714,1.482405568521e-13,GSE137340
CD247,GSE65682,42,51,4.92602738795238,3.9358988694902,4.778689274,3.911796267,-0.990128518462185,Down_in_Sepsis,0.136321195144725,1.85505783163801e-09,GSE137340
CD247,GSE95233,22,51,9.17332886454545,6.62387738705882,9.14544178,6.55802082,-2.54945147748663,Down_in_Sepsis,0,1.60188706567253e-11,GSE137340
ARG1,GSE236713,30,125,-5.70737630333333,0.607655357684,-5.273505225,1.0022521,6.31503166101733,Up_in_Sepsis,0.988533333333333,1.08528994979761e-16,GSE137340
ARG1,GSE54514,18,35,9.91732189377778,9.94933240062857,9.8969225885,10.34985065,0.0320105068507939,Up_in_Sepsis,0.519047619047619,0.830638269796872,GSE137340
ARG1,GSE57065,25,28,3.2255926,4.93748616071429,3.2431525,4.861785,1.71189356071429,Up_in_Sepsis,1,2.21254562465821e-15,GSE137340
ARG1,GSE65682,42,51,8.24808981338095,9.51827819741177,8.6403316835,9.643508982,1.27018838403081,Up_in_Sepsis,0.827731092436975,6.1091786074841e-08,GSE137340
ARG1,GSE95233,22,51,4.60294954704546,8.15285476784314,4.57397270125,8.3056969125,3.54990522079768,Up_in_Sepsis,1,1.60188706567253e-11,GSE137340
IL1R2,GSE236713,30,125,-3.54273072333333,0.982190017752,-3.29390715,1.5063055,4.52492074108533,Up_in_Sepsis,0.9416,6.48292922957738e-14,GSE137340
IL1R2,GSE54514,18,35,7.64505672438889,7.53738310677143,7.5770671365,7.478478432,-0.10767361761746,Down_in_Sepsis,0.428571428571429,0.406890737204955,GSE137340
IL1R2,GSE57065,25,28,8.257506,11.7996123214286,8.33788,12.2743,3.54210632142857,Up_in_Sepsis,0.981428571428571,8.25279517997514e-13,GSE137340
IL1R2,GSE65682,42,51,10.4034073763571,11.7710380026078,10.723211395,12.09657028,1.3676306262507,Up_in_Sepsis,0.84873949579832,8.2643784539401e-09,GSE137340
IL1R2,GSE95233,22,51,8.20996723727273,11.8301803792157,8.359223745,11.96681247,3.62021314194296,Up_in_Sepsis,1,1.60188706567253e-11,GSE137340
CNNM3,GSE236713,30,125,0.725374889,-0.317193993432,0.74830937,-0.29632902,-1.042568882432,Down_in_Sepsis,0.0437333333333333,9.40597280927666e-15,GSE137340
CNNM3,GSE54514,18,35,7.76731636794445,7.68351567134286,7.721280575,7.678883076,-0.0838006966015881,Down_in_Sepsis,0.407936507936508,0.283133764153369,GSE137340
CNNM3,GSE57065,25,28,5.4118666,4.24901821428571,5.44475,4.2110025,-1.16284838571429,Down_in_Sepsis,0.00571428571428571,2.65505474958986e-14,GSE137340
CNNM3,GSE65682,42,51,3.70298936545238,3.26824887588235,3.689882628625,3.2703693075,-0.434740489570028,Down_in_Sepsis,0.15546218487395,1.2446444179332e-08,GSE137340
CNNM3,GSE95233,22,51,5.1114928725,4.14295852617647,5.0786795325,4.072359575,-0.968534346323529,Down_in_Sepsis,0,1.60188706567253e-11,GSE137340
OSCAR,GSE236713,30,125,-1.22318913483333,0.310133562124,-1.262642025,0.24224699,1.53332269695733,Up_in_Sepsis,0.988266666666667,1.12742635392446e-16,GSE137340
OSCAR,GSE54514,18,35,9.98900307555556,9.9531713485,9.91548228425,9.9920511245,-0.0358317270555553,Down_in_Sepsis,0.503174603174603,0.977746942500812,GSE137340
OSCAR,GSE57065,25,28,6.0381104,7.49921428571429,6.05774,7.58367,1.46110388571429,Up_in_Sepsis,0.991428571428571,6.63763687397464e-14,GSE137340
OSCAR,GSE65682,42,51,6.41322966732143,6.92777905773529,6.49339115825,6.975326572,0.514549390413865,Up_in_Sepsis,0.774976657329599,5.54023063653005e-06,GSE137340
OSCAR,GSE95233,22,51,8.163267005,9.60164760411765,8.296556385,9.61905156,1.43838059911765,Up_in_Sepsis,0.996434937611408,2.22762533627504e-11,GSE137340
USP11,GSE236713,30,125,1.22974691616667,-0.065262743532,1.26205195,-0.06613338,-1.29500965969867,Down_in_Sepsis,0.0336,2.39148221399339e-15,GSE137340
USP11,GSE54514,18,35,7.242617819,7.21510011128571,7.2462449075,7.209900379,-0.0275177077142859,Down_in_Sepsis,0.361904761904762,0.104679689649896,GSE137340
USP11,GSE57065,25,28,7.5039568,6.1083,7.46289,5.999585,-1.3956568,Down_in_Sepsis,0.00285714285714286,8.85018249863286e-15,GSE137340
USP11,GSE65682,42,51,4.47281165547619,3.88011481696078,4.4219169945,3.874351241,-0.592696838515407,Down_in_Sepsis,0.256769374416433,5.86302607729117e-05,GSE137340
USP11,GSE95233,22,51,6.31754345272727,5.31865872176471,6.28241341,5.25437632,-0.998884730962567,Down_in_Sepsis,0.0454545454545455,9.05517246612493e-10,GSE137340
UBASH3A,GSE236713,30,125,1.94919551833333,-0.412213388264,1.963755725,-0.247521402,-2.36140890659733,Down_in_Sepsis,0.0032,3.29891631128051e-17,GSE137340
UBASH3A,GSE54514,18,35,7.32096642927778,7.31353842874286,7.2673709395,7.267463207,-0.00742800053492054,Down_in_Sepsis,0.43968253968254,0.484892703673966,GSE137340
UBASH3A,GSE57065,25,28,6.8672084,4.96445464285714,6.71541,4.86264,-1.90275375714286,Down_in_Sepsis,0.02,1.12397317732637e-12,GSE137340
UBASH3A,GSE65682,42,51,3.2372283442381,2.69926535778431,3.003216896,2.590155179,-0.537962986453782,Down_in_Sepsis,0.242296918767507,2.06654776808725e-05,GSE137340
UBASH3A,GSE95233,22,51,5.84160664636364,4.77803255313726,5.90643271,4.69278598,-1.06357409322638,Down_in_Sepsis,0.0347593582887701,3.62218000785115e-10,GSE137340
RNASE2,GSE236713,30,125,-1.96222776066667,0.158999471508,-2.013210425,0.282015202,2.12122723217467,Up_in_Sepsis,0.904266666666667,6.70227324101856e-12,GSE137340
RNASE2,GSE54514,18,35,10.78919024,11.2153499872857,10.87018156,11.41287899,0.426159747285714,Up_in_Sepsis,0.683333333333333,0.0307784193547815,GSE137340
RNASE2,GSE57065,25,28,7.5409372,10.5329417857143,7.54956,10.5821,2.99200458571429,Up_in_Sepsis,0.991428571428571,6.63763687397464e-14,GSE137340
RNASE2,GSE65682,42,51,7.79061320569048,8.92322719009804,7.7673856775,8.88832994,1.13261398440756,Up_in_Sepsis,0.781979458450047,3.17723921323732e-06,GSE137340
RNASE2,GSE95233,22,51,6.77813487681818,9.51050022568627,6.78675501,9.64329331,2.73236534886809,Up_in_Sepsis,0.988413547237077,4.63944869067713e-11,GSE137340
HLA-DPA1,GSE236713,30,125,1.48327634383333,-0.438564005648,1.58055065,-0.39964175,-1.92184034948133,Down_in_Sepsis,0.0330666666666667,2.22338235075182e-15,GSE137340
HLA-DPA1,GSE54514,18,35,9.34623000361111,9.5561307226,9.4723677635,9.466587067,0.209900718988889,Up_in_Sepsis,0.555555555555555,0.520600333060429,GSE137340
HLA-DPA1,GSE57065,25,28,9.6452656,7.53064154761905,9.67798,7.445925,-2.11462405238095,Down_in_Sepsis,0.0142857142857143,3.07543841827492e-13,GSE137340
HLA-DPA1,GSE65682,42,51,8.99584355726786,7.73614581129902,8.90278210675,7.6643193495,-1.25969774596884,Down_in_Sepsis,0.148926237161531,6.56947070631456e-09,GSE137340
HLA-DPA1,GSE95233,22,51,9.14406467060606,7.02634107333333,9.21945868666666,6.93200443666667,-2.11772359727273,Down_in_Sepsis,0.00267379679144385,2.05178515500888e-11,GSE137340
LILRA5,GSE236713,30,125,-1.44724332833333,0.156060930264,-1.32604715,0.2754941,1.60330425859733,Up_in_Sepsis,0.931466666666667,2.37420343089897e-13,GSE137340
LILRA5,GSE54514,18,35,10.7801393227778,10.8140689301333,10.5921104765,10.8437690753333,0.0339296073555584,Up_in_Sepsis,0.522222222222222,0.801741213878021,GSE137340
LILRA5,GSE57065,25,28,5.0902356,6.95282794642857,5.1211775,7.02134,1.86259234642857,Up_in_Sepsis,0.985714285714286,3.07543841827492e-13,GSE137340
LILRA5,GSE65682,42,51,9.04942252834921,9.72692568706536,9.13687494883333,9.84878112566667,0.677503158716151,Up_in_Sepsis,0.794584500466854,1.13043864028343e-06,GSE137340
LILRA5,GSE95233,22,51,7.11645134261364,9.51360269279412,7.08574943625,9.654418455,2.39715135018048,Up_in_Sepsis,1,1.60188706567253e-11,GSE137340
IL10RA,GSE236713,30,125,0.3507747326,-0.345637790848,0.37360502,-0.29613256,-0.696412523448,Down_in_Sepsis,0.0981333333333334,8.90957148892352e-12,GSE137340
IL10RA,GSE54514,18,35,8.18289650822222,8.22869561051429,8.1030931475,8.195302963,0.0457991022920634,Up_in_Sepsis,0.551587301587301,0.547832861955622,GSE137340
IL10RA,GSE57065,25,28,9.5633076,8.15643571428571,9.50184,8.03177,-1.40687188571429,Down_in_Sepsis,0.0157142857142857,4.31446396808352e-13,GSE137340
IL10RA,GSE65682,42,51,6.5694488607381,5.79053137105882,6.612341386,5.801123444,-0.778917489679272,Down_in_Sepsis,0.11577964519141,2.15742140837208e-10,GSE137340
IL10RA,GSE95233,22,51,9.59007869954545,8.36561066941177,9.54617618,8.31358094,-1.22446803013369,Down_in_Sepsis,0,1.60188706567253e-11,GSE137340
RSAD1,GSE236713,30,125,0.928114844666667,-0.311901930008,0.94580865,-0.2358706,-1.24001677467467,Down_in_Sepsis,0.0048,4.16034114355925e-17,GSE137340
RSAD1,GSE54514,18,35,7.17367055694445,7.15730676645714,7.1820456985,7.110842228,-0.0163637904873015,Down_in_Sepsis,0.444444444444444,0.520600333060429,GSE137340
RSAD1,GSE57065,25,28,6.7140192,5.57801,6.66804,5.549575,-1.1360092,Down_in_Sepsis,0.0114285714285714,1.482405568521e-13,GSE137340
RSAD1,GSE65682,42,51,3.07335721382143,2.79999240065686,3.0805788385,2.784231679,-0.273364813164566,Down_in_Sepsis,0.242296918767507,2.06654776808725e-05,GSE137340
RSAD1,GSE95233,22,51,6.66351486590909,5.72724474627451,6.639752195,5.72946802,-0.936270119634582,Down_in_Sepsis,0.00267379679144385,2.05178515500888e-11,GSE137340
FAM20A,GSE236713,30,125,-4.97264707,0.33737264728,-5.159307,0.533299085,5.31001971728,Up_in_Sepsis,0.996533333333333,3.42914793133614e-17,GSE137340
FAM20A,GSE54514,18,35,7.29186911072222,7.43903177805714,7.2659902575,7.255633831,0.14716266733492,Up_in_Sepsis,0.593650793650794,0.274780752688366,GSE137340
FAM20A,GSE57065,25,28,3.3005982,4.90246303571429,3.3136225,4.93922125,1.60186483571429,Up_in_Sepsis,0.992857142857143,4.20383668685061e-14,GSE137340
FAM20A,GSE65682,42,51,2.89132879747619,3.72394495086928,2.76738356083333,3.58584260066667,0.83261615339309,Up_in_Sepsis,0.788982259570495,1.79871376878615e-06,GSE137340
FAM20A,GSE95233,22,51,5.09433562613636,6.14140299980392,5.10718502,6.0436982575,1.04706737366756,Up_in_Sepsis,0.970588235294118,2.27348975174705e-10,GSE137340
UBE2J1,GSE236713,30,125,-0.985950385,0.126259820264,-0.911705255,0.04517293,1.112210205264,Up_in_Sepsis,0.965066666666667,2.86844175544285e-15,GSE137340
UBE2J1,GSE54514,18,35,9.72016090805556,9.72255412485714,9.6136245725,9.672478676,0.00239321680158611,Up_in_Sepsis,0.534920634920635,0.689143463767284,GSE137340
UBE2J1,GSE57065,25,28,6.41856846666667,7.87583732142857,6.40528,8.02547666666667,1.4572688547619,Up_in_Sepsis,0.97,7.7571849600517e-12,GSE137340
UBE2J1,GSE65682,42,51,7.21102242579762,7.98972013118137,7.056721576375,8.12342960675,0.778697705383753,Up_in_Sepsis,0.805322128851541,4.53483226434796e-07,GSE137340
UBE2J1,GSE95233,22,51,6.98358755787879,8.72503335183007,6.9664858275,8.78516449666667,1.74144579395128,Up_in_Sepsis,0.991978609625668,3.35328660937072e-11,GSE137340
ATP6V0E2,GSE236713,30,125,1.66494745333333,-0.296616540464,1.7665446,-0.26023197,-1.96156399379733,Down_in_Sepsis,0.00746666666666667,6.11441610250757e-17,GSE137340
ATP6V0E2,GSE54514,18,35,8.105202304,7.94025847577143,8.071685791,7.826755524,-0.164943828228572,Down_in_Sepsis,0.380952380952381,0.163232997664367,GSE137340
ATP6V0E2,GSE57065,25,28,6.9217936,5.51417464285714,6.89093,5.489855,-1.40761895714286,Down_in_Sepsis,0,2.21254562465821e-15,GSE137340
ATP6V0E2,GSE65682,42,51,2.74582778011905,2.61545497937255,2.7038871065,2.56726073166667,-0.130372800746497,Down_in_Sepsis,0.351540616246499,0.0142421133926609,GSE137340
ATP6V0E2,GSE95233,22,51,8.33333308954546,6.95787031431373,8.23770905,6.90399613,-1.37546277523173,Down_in_Sepsis,0.0142602495543672,5.9097281654302e-11,GSE137340
HLA-DMB,GSE236713,30,125,1.248833275,-0.682809527256,1.19099855,-0.75847864,-1.931642802256,Down_in_Sepsis,0.0386666666666667,4.76013747757254e-15,GSE137340
HLA-DMB,GSE54514,18,35,9.45346535483333,9.45272918411429,9.572611809,9.393052101,-0.000736170719047635,Down_in_Sepsis,0.473015873015873,0.758901012021438,GSE137340
HLA-DMB,GSE57065,25,28,7.8704488,5.72401035714286,7.84029,5.66622,-2.14643844285714,Down_in_Sepsis,0.0214285714285714,1.51338120726622e-12,GSE137340
HLA-DMB,GSE65682,42,51,4.56454977827619,3.60009992926667,4.6382516544,3.5857985826,-0.964449849009524,Down_in_Sepsis,0.128851540616246,8.59473712909179e-10,GSE137340
HLA-DMB,GSE95233,22,51,8.31748332909091,6.43170552666667,8.33921637,6.31402947,-1.88577780242424,Down_in_Sepsis,0.0017825311942959,1.88955739655682e-11,GSE137340
MAFG,GSE236713,30,125,-1.45022450483333,0.186943544492,-1.48757375,0.168280005,1.63716804932533,Up_in_Sepsis,0.9848,1.84645884066347e-16,GSE137340
MAFG,GSE54514,18,35,7.4532050027037,7.42861338567619,7.40565530466667,7.41964260766667,-0.0245916170275127,Down_in_Sepsis,0.484126984126984,0.859761640454994,GSE137340
MAFG,GSE57065,25,28,5.6658582,6.58839785714286,5.687745,6.5331525,0.922539657142857,Up_in_Sepsis,0.991428571428571,6.63763687397464e-14,GSE137340
MAFG,GSE65682,42,51,5.46733559666071,5.79223727292157,5.440028927625,5.782466508,0.324901676260855,Up_in_Sepsis,0.787581699346405,2.01757102494309e-06,GSE137340
MAFG,GSE95233,22,51,4.93541762977273,6.35596386666667,4.99381957,6.332195785,1.42054623689394,Up_in_Sepsis,1,1.60188706567253e-11,GSE137340
TRIB2,GSE236713,30,125,1.51976797778333,-0.4904209961,1.555561175,-0.35614288,-2.01018897388333,Down_in_Sepsis,0.0157333333333333,1.99145076149493e-16,GSE137340
TRIB2,GSE54514,18,35,7.37152046627778,7.45347833631429,7.330051422,7.416750431,0.0819578700365078,Up_in_Sepsis,0.563492063492063,0.461830916701879,GSE137340
TRIB2,GSE57065,25,28,6.9758544,5.08410125,6.984465,5.0714925,-1.89175315,Down_in_Sepsis,0.0114285714285714,1.482405568521e-13,GSE137340
TRIB2,GSE65682,42,51,3.61341414883333,3.01302365968627,3.50258498675,2.949073536,-0.600390489147059,Down_in_Sepsis,0.233893557422969,1.09991828891113e-05,GSE137340
TRIB2,GSE95233,22,51,7.45005756068182,5.77557273813726,7.4162056675,5.730705985,-1.67448482254456,Down_in_Sepsis,0.00980392156862745,3.94540435484238e-11,GSE137340
NMT2,GSE236713,30,125,1.89452943,-0.336287058776,1.927006825,-0.33382845,-2.230816488776,Down_in_Sepsis,0.00373333333333333,3.56444855003682e-17,GSE137340
NMT2,GSE54514,18,35,7.27988437813889,7.2612199579,7.26405155675,7.2005257605,-0.0186644202388893,Down_in_Sepsis,0.461904761904762,0.661913156874205,GSE137340
NMT2,GSE57065,25,28,4.9547078,3.19415982142857,4.9397825,3.15989,-1.76054797857143,Down_in_Sepsis,0.00714285714285714,4.20383668685061e-14,GSE137340
NMT2,GSE65682,42,51,2.67730049928571,2.36512180907843,2.52563570825,2.37330062,-0.312178690207283,Down_in_Sepsis,0.293183940242764,0.000635255334763871,GSE137340
NMT2,GSE95233,22,51,4.56380403113636,3.74823347578431,4.54752649375,3.7685915175,-0.81557055535205,Down_in_Sepsis,0.0053475935828877,2.62469054871502e-11,GSE137340
KLRK1,GSE236713,30,125,2.80717267666667,-0.424707229824,2.98719665,-0.27480245,-3.23187990649067,Down_in_Sepsis,0.0128,1.31271333426779e-16,GSE137340
KLRK1,GSE54514,18,35,7.18348781277778,7.21565678462857,7.162181854,7.185688972,0.0321689718507932,Up_in_Sepsis,0.612698412698413,0.187329444556183,GSE137340
KLRK1,GSE57065,25,28,7.992852,6.32736642857143,8.03981,6.17271,-1.66548557142857,Down_in_Sepsis,0.0985714285714286,5.01696910811419e-08,GSE137340
KLRK1,GSE65682,42,51,4.53547238501191,3.35462442711765,4.25834983825,3.1569445535,-1.18084795789426,Down_in_Sepsis,0.19187675070028,3.55549239738882e-07,GSE137340
KLRK1,GSE95233,22,51,8.45150311590909,6.24926033901961,8.42232565,6.03444901,-2.20224277688948,Down_in_Sepsis,0.0089126559714795,3.63757408976493e-11,GSE137340
SIGLEC9,GSE236713,30,125,-1.69944844766667,0.213711724072,-1.71993565,0.18686748,1.91316017173867,Up_in_Sepsis,0.981066666666667,3.12904008175581e-16,GSE137340
SIGLEC9,GSE54514,18,35,7.61595479644444,7.82706080851429,7.527886152,7.753226757,0.211106012069842,Up_in_Sepsis,0.617460317460318,0.169030570051923,GSE137340
SIGLEC9,GSE57065,25,28,6.3004972,7.55829571428571,6.30182,7.53513,1.25779851428571,Up_in_Sepsis,0.977142857142857,2.02447924656227e-12,GSE137340
SIGLEC9,GSE65682,42,51,5.24527663621429,5.74420808187255,5.48459273525,5.8425204415,0.498931445658264,Up_in_Sepsis,0.705882352941177,0.000672240321339517,GSE137340
SIGLEC9,GSE95233,22,51,6.92141898409091,8.14732807235294,7.027481635,8.24924891,1.22590908826203,Up_in_Sepsis,0.981283422459893,8.82077171942536e-11,GSE137340
ZDHHC3,GSE236713,30,125,-0.6022909975,0.11556518736,-0.615189315,0.159786225,0.71785618486,Up_in_Sepsis,0.922399999999999,7.39949169071023e-13,GSE137340
ZDHHC3,GSE54514,18,35,7.70002966455556,7.90285861162857,7.620201349,7.928459167,0.202828947073016,Up_in_Sepsis,0.674603174603174,0.0388930382204774,GSE137340
ZDHHC3,GSE57065,25,28,5.4064839,6.24556366071429,5.400405,6.32849125,0.839079760714286,Up_in_Sepsis,0.997142857142857,8.85018249863286e-15,GSE137340
ZDHHC3,GSE65682,42,51,5.70252456302381,6.13801785792647,5.7555070775,6.161720429,0.435493294902662,Up_in_Sepsis,0.80765639589169,3.70316141537795e-07,GSE137340
ZDHHC3,GSE95233,22,51,6.10024053465909,7.18533389387255,6.12567473375,7.1734460875,1.08509335921346,Up_in_Sepsis,1,1.60188706567253e-11,GSE137340
BMX,GSE236713,30,125,-4.15024724333333,0.579676904416,-3.85938645,0.6586814,4.72992414774933,Up_in_Sepsis,0.98,3.63532984217555e-16,GSE137340
BMX,GSE54514,18,35,7.43563013605556,7.41986342155714,7.3555368185,7.3635334965,-0.0157667144984135,Down_in_Sepsis,0.515873015873016,0.859761640454994,GSE137340
BMX,GSE57065,25,28,4.324058,7.42156178571429,4.27012,7.611915,3.09750378571429,Up_in_Sepsis,0.995714285714286,6.66429193248588e-10,GSE137340
BMX,GSE65682,42,51,6.21105992733333,6.87670536266667,6.5937969595,7.111568492,0.665645435333333,Up_in_Sepsis,0.733893557422969,0.000111610576847226,GSE137340
BMX,GSE95233,22,51,4.86836926318182,7.48246598980392,4.848059235,7.50116214,2.6140967266221,Up_in_Sepsis,1,1.60188706567253e-11,GSE137340
GIMAP5,GSE236713,30,125,1.173134448,-0.468587316616,1.2036898,-0.31616783,-1.641721764616,Down_in_Sepsis,0.0178666666666667,2.69238931579252e-16,GSE137340
GIMAP5,GSE54514,18,35,8.40176894933333,8.48733015051429,8.2569160465,8.488066673,0.0855612011809512,Up_in_Sepsis,0.552380952380952,0.541587732899303,GSE137340
GIMAP5,GSE57065,25,28,8.0881848,6.56433761904762,8.05250666666667,6.553465,-1.52384718095238,Down_in_Sepsis,0.00857142857142857,6.63763687397464e-14,GSE137340
GIMAP5,GSE65682,42,51,6.69048673095238,5.65463034145098,6.648465404,5.636483107,-1.0358563895014,Down_in_Sepsis,0.166666666666667,3.62489033813588e-08,GSE137340
GIMAP5,GSE95233,22,51,9.01435980772727,7.37476021856209,8.98457231166666,7.34495244666667,-1.63959958916518,Down_in_Sepsis,0.0053475935828877,2.62469054871502e-11,GSE137340
GATA3,GSE236713,30,125,1.81746118866667,-0.605813857712,1.86761665,-0.5380032,-2.42327504637867,Down_in_Sepsis,0.0101333333333333,8.96813082580416e-17,GSE137340
GATA3,GSE54514,18,35,7.16149449333333,7.17257690437143,7.1827664375,7.151836872,0.0110824110380952,Up_in_Sepsis,0.51984126984127,0.82168443829249,GSE137340
GATA3,GSE57065,25,28,5.6828504,3.91218511904762,5.53675666666667,3.81535166666666,-1.77066528095238,Down_in_Sepsis,0,2.21254562465821e-15,GSE137340
GATA3,GSE65682,42,51,3.41190837157937,2.97634525392157,3.36877569283334,2.940493242,-0.435563117657797,Down_in_Sepsis,0.140056022408964,2.71015528900733e-09,GSE137340
GATA3,GSE95233,22,51,5.54114001803031,3.81553183117647,5.53925500666667,3.81578659333333,-1.72560818685383,Down_in_Sepsis,0,1.60188706567253e-11,GSE137340
IL32,GSE236713,30,125,1.50014129416667,-0.383202292228,1.455793275,-0.135368705,-1.88334358639467,Down_in_Sepsis,0.0309333333333333,1.65978174307926e-15,GSE137340
IL32,GSE54514,18,35,7.90502346894444,7.79345735145714,7.80849671375,7.7366080285,-0.111566117487302,Down_in_Sepsis,0.411111111111111,0.300340734781541,GSE137340
IL32,GSE57065,25,28,9.3022728,7.73789142857143,9.37078,7.536935,-1.56438137142857,Down_in_Sepsis,0.0957142857142857,3.7851498194051e-08,GSE137340
IL32,GSE65682,42,51,4.99667749218452,4.11170733196078,4.6852517365,4.05999186275,-0.884970160223739,Down_in_Sepsis,0.186274509803921,2.17204927187551e-07,GSE137340
IL32,GSE95233,22,51,8.75230384227273,6.47253354215686,8.762651915,6.36860816,-2.27977030011586,Down_in_Sepsis,0.00445632798573975,2.41819260539641e-11,GSE137340
TMC8,GSE236713,30,125,0.916570730833333,-0.22216652512,0.8884626625,-0.18730413,-1.13873725595333,Down_in_Sepsis,0.0274666666666667,1.0292890169365e-15,GSE137340
TMC8,GSE54514,18,35,7.14508612938889,7.13288952974286,7.166795969,7.089870453,-0.0121965996460318,Down_in_Sepsis,0.392063492063492,0.207020180060236,GSE137340
TMC8,GSE57065,25,28,6.89209213333333,5.89622964285714,6.98972666666667,5.92308333333333,-0.995862490476191,Down_in_Sepsis,0.0242857142857143,2.68160529708576e-12,GSE137340
TMC8,GSE65682,42,51,5.04912586479762,4.66326837764706,4.95679593625,4.6841515675,-0.38585748715056,Down_in_Sepsis,0.250700280112045,3.81153364064026e-05,GSE137340
TMC8,GSE95233,22,51,7.31398008484849,6.54943494849673,7.3472268,6.52197893666667,-0.764545136351752,Down_in_Sepsis,0.0213903743315508,1.11977955795568e-10,GSE137340
MAP4K1,GSE236713,30,125,1.20138306833333,-0.36286659736,1.1815617,-0.26575732,-1.56424966569333,Down_in_Sepsis,0.0186666666666667,3.01374142962597e-16,GSE137340
MAP4K1,GSE54514,18,35,7.54903664861111,7.58918662068571,7.5773682595,7.5489444735,0.0401499720746026,Up_in_Sepsis,0.533333333333333,0.702910846357363,GSE137340
MAP4K1,GSE57065,25,28,6.5844388,5.4021680952381,6.57529333333333,5.34939666666667,-1.1822707047619,Down_in_Sepsis,0.0214285714285714,1.51338120726622e-12,GSE137340
MAP4K1,GSE65682,42,51,3.09531360835714,2.78613836959477,2.951168527,2.79809332266667,-0.309175238762371,Down_in_Sepsis,0.264705882352941,0.000101483657502929,GSE137340
MAP4K1,GSE95233,22,51,8.4346600230303,6.48916199712418,8.44467421833334,6.37109784,-1.94549802590612,Down_in_Sepsis,0.00089126559714795,1.73990990394731e-11,GSE137340
ARHGEF9,GSE236713,30,125,0.932643189616667,-0.164976697296,0.976572265,-0.101801752,-1.09761988691267,Down_in_Sepsis,0.0290666666666667,1.28379968378171e-15,GSE137340
ARHGEF9,GSE54514,18,35,7.08697014372222,7.1023269926,7.0605049135,7.088788033,0.0153568488777776,Up_in_Sepsis,0.612698412698413,0.187329444556183,GSE137340
ARHGEF9,GSE57065,25,28,4.170995,3.40330339285714,4.184425,3.4319725,-0.767691607142857,Down_in_Sepsis,0.0114285714285714,1.482405568521e-13,GSE137340
ARHGEF9,GSE65682,42,51,3.13619706992857,2.73069413031373,3.0840761835,2.702918147,-0.405502939614846,Down_in_Sepsis,0.234360410830999,1.13969133024811e-05,GSE137340
ARHGEF9,GSE95233,22,51,5.66064651681818,4.56655629029412,5.6764301125,4.62431338,-1.09409022652406,Down_in_Sepsis,0.0035650623885918,2.22762533627504e-11,GSE137340
LTF,GSE236713,30,125,-2.16325188033333,0.389110397376,-2.289994,0.3856845,2.55236227770933,Up_in_Sepsis,0.872,2.68695684553841e-10,GSE137340
LTF,GSE54514,18,35,7.51336063283333,7.52089240214286,7.294859648,7.301288128,0.00753176930952293,Up_in_Sepsis,0.50952380952381,0.918534356570284,GSE137340
LTF,GSE57065,25,28,7.6719428,11.6229810714286,7.31096,11.77995,3.95103827142857,Up_in_Sepsis,0.97,7.7571849600517e-12,GSE137340
LTF,GSE65682,42,51,4.99003408615476,7.67973502894118,4.84325347325,8.076573633,2.68970094278641,Up_in_Sepsis,0.904295051353875,2.36259014786027e-11,GSE137340
LTF,GSE95233,22,51,7.50049516545455,10.6707731458824,7.800084695,10.94539308,3.17027798042781,Up_in_Sepsis,0.97415329768271,1.66193362226705e-10,GSE137340
ATP8B4,GSE236713,30,125,-1.21495305033333,0.14060301156,-1.2074945,0.19343376,1.35555606189333,Up_in_Sepsis,0.883466666666667,7.4854734183252e-11,GSE137340
ATP8B4,GSE54514,18,35,8.69092207477778,9.01163763294286,8.683256626,9.004590034,0.32071555816508,Up_in_Sepsis,0.601587301587302,0.235502725274607,GSE137340
ATP8B4,GSE57065,25,28,4.3510256,6.03643714285714,4.32045,6.0162,1.68541154285714,Up_in_Sepsis,0.922857142857142,5.32311262981583e-09,GSE137340
ATP8B4,GSE65682,42,51,4.50867756069048,6.29427198270588,4.5466065805,6.610898206,1.78559442201541,Up_in_Sepsis,0.896358543417367,5.7377441839172e-11,GSE137340
ATP8B4,GSE95233,22,51,5.35180145318182,7.19843281803922,5.327122285,7.17104536,1.8466313648574,Up_in_Sepsis,0.983065953654189,7.51822548100406e-11,GSE137340
SKAP1,GSE236713,30,125,1.14631333166667,-0.470640086344,1.1121488,-0.34739232,-1.61695341801067,Down_in_Sepsis,0.0498666666666667,2.12432482875358e-14,GSE137340
SKAP1,GSE54514,18,35,7.87423566980556,7.76671812877143,7.8986992835,7.6331207755,-0.107517541034127,Down_in_Sepsis,0.396825396825397,0.228139828404204,GSE137340
SKAP1,GSE57065,25,28,6.925204,5.476405,6.90893,5.463855,-1.448799,Down_in_Sepsis,0.0428571428571429,6.3278804865225e-11,GSE137340
SKAP1,GSE65682,42,51,4.8155777434881,3.96331850976471,4.62935674475,3.8508469025,-0.85225923372339,Down_in_Sepsis,0.196545284780579,5.32722689167168e-07,GSE137340
SKAP1,GSE95233,22,51,7.65342184909091,5.95558554921569,7.643077125,5.87812378,-1.69783629987522,Down_in_Sepsis,0,1.60188706567253e-11,GSE137340
HP,GSE236713,30,125,-4.03911341,0.179046727752,-3.7438183,0.33035803,4.218160137752,Up_in_Sepsis,0.9768,5.68982032753381e-16,GSE137340
HP,GSE54514,18,35,9.57451147544444,9.60321500031429,9.4727401735,9.702293396,0.028703524869842,Up_in_Sepsis,0.519047619047619,0.830638269796872,GSE137340
HP,GSE57065,25,28,3.8130822,6.18478839285714,3.803155,6.46058,2.37170619285714,Up_in_Sepsis,1,2.21254562465821e-15,GSE137340
HP,GSE65682,42,51,8.14765722297619,9.4815146120719,8.22137304783334,9.74653601733333,1.33385738909571,Up_in_Sepsis,0.795985060690943,1.00520795442081e-06,GSE137340
HP,GSE95233,22,51,5.79297588340909,7.87475571607843,5.740234965,7.936269885,2.08177983266934,Up_in_Sepsis,1,1.60188706567253e-11,GSE137340
ZAP70,GSE236713,30,125,1.62651962333333,-0.428749837112,1.56673645,-0.22379994,-2.05526946044533,Down_in_Sepsis,0.00293333333333333,3.17356635260133e-17,GSE137340
ZAP70,GSE54514,18,35,7.35917117866667,7.44074737684286,7.35111236575,7.347866774,0.0815761981761902,Up_in_Sepsis,0.585714285714286,0.318216803699425,GSE137340
ZAP70,GSE57065,25,28,7.6736572,6.07503607142857,7.74203,6.04379,-1.59862112857143,Down_in_Sepsis,0.0442857142857143,7.83661534797693e-11,GSE137340
ZAP70,GSE65682,42,51,3.42073871492857,2.8909143200098,3.219381303,2.8555026345,-0.529824394918768,Down_in_Sepsis,0.165732959850607,3.32017774440668e-08,GSE137340
ZAP70,GSE95233,22,51,6.79913623386364,5.20116903843137,6.860717955,5.172781265,-1.59796719543226,Down_in_Sepsis,0,1.60188706567253e-11,GSE137340
LCN2,GSE236713,30,125,-1.140262623,0.487558468592,-1.05668355,0.59043336,1.627821091592,Up_in_Sepsis,0.835466666666667,1.23116575698421e-08,GSE137340
LCN2,GSE54514,18,35,11.6796901492222,11.5009548997143,11.40419817,11.13822651,-0.178735249507936,Down_in_Sepsis,0.473015873015873,0.756639937970471,GSE137340
LCN2,GSE57065,25,28,6.4240184,10.9134264285714,6.11326,11.10395,4.48940802857143,Up_in_Sepsis,0.981428571428571,8.25279517997514e-13,GSE137340
LCN2,GSE65682,42,51,7.97513332819048,11.2084427045686,7.6710586825,11.51258298,3.23330937637815,Up_in_Sepsis,0.894024276377218,7.42481588396865e-11,GSE137340
LCN2,GSE95233,22,51,6.95965178954546,10.8096351239216,7.05040658,11.45825895,3.84998333437611,Up_in_Sepsis,0.993761140819965,2.84841857067922e-11,GSE137340
GGH,GSE236713,30,125,-1.54462506533333,0.355790853512,-1.5635712,0.22100759,1.90041591884533,Up_in_Sepsis,0.941066666666666,6.94636528075572e-14,GSE137340
GGH,GSE54514,18,35,7.56195196841667,7.5521293572,7.52366983925,7.4486792085,-0.00982261121666639,Down_in_Sepsis,0.442857142857143,0.508552086621423,GSE137340
GGH,GSE57065,25,28,4.6510996,6.6113775,4.80268,6.64766,1.9602779,Up_in_Sepsis,0.995714285714286,1.54878193726075e-14,GSE137340
GGH,GSE65682,42,51,3.57187554521429,4.94650242615686,3.4726333095,4.799303782,1.37462688094258,Up_in_Sepsis,0.874883286647993,5.81758965299673e-10,GSE137340
GGH,GSE95233,22,51,3.51179450545455,5.32588166960784,3.475873655,5.24314625,1.8140871641533,Up_in_Sepsis,0.991978609625668,3.35212501057368e-11,GSE137340
ZNF331,GSE236713,30,125,0.953477680788889,-0.156995782525333,1.02763461333334,-0.13865257,-1.11047346331422,Down_in_Sepsis,0.0357333333333333,3.19836502929864e-15,GSE137340
ZNF331,GSE54514,18,35,7.16115809370371,7.13792643778095,7.157583952,7.130355358,-0.0232316559227517,Down_in_Sepsis,0.380952380952381,0.163232997664367,GSE137340
ZNF331,GSE57065,25,28,5.8558508,4.81075214285714,5.832445,4.8448525,-1.04509865714286,Down_in_Sepsis,0.01,9.95645531096197e-14,GSE137340
ZNF331,GSE65682,42,51,3.54891470767857,3.08650428648039,3.46059364725,3.091039797,-0.462410421198179,Down_in_Sepsis,0.166199813258637,3.46929065408589e-08,GSE137340
ZNF331,GSE95233,22,51,5.54157874204546,4.93893834107843,5.5069541925,4.896994065,-0.602640400967023,Down_in_Sepsis,0.0552584670231729,2.06018498425851e-09,GSE137340
RNASE3,GSE236713,30,125,-1.78121274366667,0.276659620512,-1.79301785,0.30596137,2.05787236417867,Up_in_Sepsis,0.8912,3.09587125029148e-11,GSE137340
RNASE3,GSE54514,18,35,8.39811846966667,9.07183991837143,8.519881725,8.999832153,0.673721448704763,Up_in_Sepsis,0.715873015873016,0.00997989337858457,GSE137340
RNASE3,GSE57065,25,28,5.1106688,7.58436,5.0263,7.60682,2.4736912,Up_in_Sepsis,0.988571428571428,1.482405568521e-13,GSE137340
RNASE3,GSE65682,42,51,4.73729515485714,6.62797567470588,4.577254686,6.48201561,1.89068051984874,Up_in_Sepsis,0.871615312791784,8.18719101155584e-10,GSE137340
RNASE3,GSE95233,22,51,4.70455852136364,6.79285418333333,4.76967123,6.80456841,2.0882956619697,Up_in_Sepsis,0.975935828877005,1.41972918224125e-10,GSE137340
TGFBR3,GSE236713,30,125,2.03996323133333,-0.24559642176,2.0683601,-0.25213146,-2.28555965309333,Down_in_Sepsis,0.0290666666666667,1.28379968378171e-15,GSE137340
TGFBR3,GSE54514,18,35,7.99519769338889,8.07080417354286,7.899880409,7.807504654,0.0756064801539687,Up_in_Sepsis,0.476190476190476,0.787389209638866,GSE137340
TGFBR3,GSE57065,25,28,7.4680158,5.20848892857143,7.432295,4.9249625,-2.25952687142857,Down_in_Sepsis,0.0714285714285714,2.76433237799173e-09,GSE137340
TGFBR3,GSE65682,42,51,4.26547564505952,3.30484652430392,4.14797694425,3.12881557,-0.960629120755602,Down_in_Sepsis,0.174136321195145,7.25672640549993e-08,GSE137340
TGFBR3,GSE95233,22,51,7.22999721931818,5.23549599333333,7.26889498,5.199087175,-1.99450122598485,Down_in_Sepsis,0,1.60188706567253e-11,GSE137340
CEACAM8,GSE236713,30,125,-1.93864182233333,0.210178547416,-1.9187665,0.02228856,2.14882036974933,Up_in_Sepsis,0.896,1.77457962936484e-11,GSE137340
CEACAM8,GSE54514,18,35,9.22673980372222,9.37212539411429,9.1548433305,8.895970345,0.145385590392065,Up_in_Sepsis,0.501587301587302,0.992581476239973,GSE137340
CEACAM8,GSE57065,25,28,4.5561608,8.70830214285714,4.28708,9.018175,4.15214134285714,Up_in_Sepsis,0.96,4.0828104411818e-11,GSE137340
CEACAM8,GSE65682,42,51,4.82802678640476,7.49631847185294,4.5188486045,7.664534318,2.66829168544818,Up_in_Sepsis,0.899626517273576,3.98982728566895e-11,GSE137340
CEACAM8,GSE95233,22,51,5.84433342045455,8.78263657431373,5.983083845,8.66735162,2.93830315385918,Up_in_Sepsis,0.966131907308378,3.35282320392347e-10,GSE137340
KLRB1,GSE236713,30,125,1.985355415,-0.451247087696,2.0609729,-0.38002348,-2.436602502696,Down_in_Sepsis,0.0250666666666667,7.3791217923107e-16,GSE137340
KLRB1,GSE54514,18,35,8.94385533883333,8.57228198742857,8.828835487,8.402605057,-0.371573351404763,Down_in_Sepsis,0.346031746031746,0.0698983158244375,GSE137340
KLRB1,GSE57065,25,28,8.4045496,6.42768142857143,8.35125,6.343745,-1.97686817142857,Down_in_Sepsis,0.0457142857142857,9.67568327119284e-11,GSE137340
KLRB1,GSE65682,42,51,4.77806926721429,3.48218287278431,4.501435413,3.294786803,-1.29588639442997,Down_in_Sepsis,0.178804855275444,1.11141518784715e-07,GSE137340
KLRB1,GSE95233,22,51,8.34931134909091,6.8756715654902,8.32232901,6.82042037,-1.47363978360071,Down_in_Sepsis,0.0409982174688057,6.19679960010317e-10,GSE137340
MTF1,GSE236713,30,125,-1.30024173766667,0.203970547088,-1.2425673,0.17809558,1.50421228475467,Up_in_Sepsis,0.9752,7.11052358786845e-16,GSE137340
MTF1,GSE54514,18,35,9.30062760277778,9.70296508265714,9.288960457,9.710276604,0.402337479879364,Up_in_Sepsis,0.706349206349206,0.0150067897101463,GSE137340
MTF1,GSE57065,25,28,6.8181232,7.78650416666667,6.78093333333333,7.82162666666667,0.968380966666668,Up_in_Sepsis,0.994285714285714,2.65505474958986e-14,GSE137340
MTF1,GSE65682,42,51,6.07646413678095,6.65641912182353,6.1187502983,6.7281799964,0.579954985042577,Up_in_Sepsis,0.77357609710551,6.18231329672613e-06,GSE137340
MTF1,GSE95233,22,51,7.17531765727273,8.26197867084967,7.17700403333334,8.26250471,1.08666101357695,Up_in_Sepsis,0.985739750445633,5.9097281654302e-11,GSE137340
CD3E,GSE236713,30,125,1.97366016666667,-0.193724511728,2.02472565,-0.16553044,-2.16738467839467,Down_in_Sepsis,0.0306666666666667,1.60007772207837e-15,GSE137340
CD3E,GSE54514,18,35,7.93333676116667,8.04534809934286,7.8882203105,7.870785713,0.11201133817619,Up_in_Sepsis,0.531746031746032,0.716774420138131,GSE137340
CD3E,GSE57065,25,28,8.8292944,6.82665,8.76822,6.719105,-2.0026444,Down_in_Sepsis,0.0214285714285714,1.51338120726622e-12,GSE137340
CD3E,GSE65682,42,51,2.98063724442857,2.48459348256863,2.872306862,2.436319492,-0.496043761859944,Down_in_Sepsis,0.237161531279178,1.40872649154211e-05,GSE137340
CD3E,GSE95233,22,51,6.84893544818182,4.84148069254902,6.812105725,4.83025782,-2.0074547556328,Down_in_Sepsis,0.0071301247771836,3.08970483898191e-11,GSE137340
PLEKHA1,GSE236713,30,125,1.183555254,-0.458963047876,1.2275623,-0.37898171,-1.642518301876,Down_in_Sepsis,0.032,1.9213337153322e-15,GSE137340
PLEKHA1,GSE54514,18,35,7.84305142036111,7.84067649837143,7.741616726,7.691126585,-0.00237492198968248,Down_in_Sepsis,0.480952380952381,0.830638269796872,GSE137340
PLEKHA1,GSE57065,25,28,7.285634,5.3584,7.262745,5.2593125,-1.927234,Down_in_Sepsis,0.0142857142857143,3.07543841827492e-13,GSE137340
PLEKHA1,GSE65682,42,51,3.36878960083333,2.89621589328431,3.223601132375,2.87778412425,-0.47257370754902,Down_in_Sepsis,0.204014939309057,1.00520795442081e-06,GSE137340
PLEKHA1,GSE95233,22,51,6.40705179772727,4.87859009656863,6.429101055,4.86366984,-1.52846170115865,Down_in_Sepsis,0,1.60188706567253e-11,GSE137340
MAN1C1,GSE236713,30,125,1.54189632141667,-0.494039855968,1.513714325,-0.57853006,-2.03593617738467,Down_in_Sepsis,0.0181333333333333,2.7955634552206e-16,GSE137340
MAN1C1,GSE54514,18,35,7.13800485933333,7.10575205937143,7.1438844205,7.09834671,-0.0322527999619053,Down_in_Sepsis,0.363492063492063,0.108826486254413,GSE137340
MAN1C1,GSE57065,25,28,5.466745,3.92216089285714,5.361255,3.9103,-1.54458410714286,Down_in_Sepsis,0,2.21254562465821e-15,GSE137340
MAN1C1,GSE65682,42,51,2.81013794619048,2.53431460214706,2.748877117,2.520034175,-0.275823344043418,Down_in_Sepsis,0.213818860877684,2.26188717306207e-06,GSE137340
MAN1C1,GSE95233,22,51,5.13426187068182,4.0177127245098,5.0583876975,3.97315829,-1.11654914617202,Down_in_Sepsis,0.0151515151515152,6.40439715698351e-11,GSE137340
FAR2,GSE236713,30,125,-0.937197658333333,0.118778281848,-0.941751485,0.16465354,1.05597594018133,Up_in_Sepsis,0.915733333333333,1.68170253727743e-12,GSE137340
FAR2,GSE54514,18,35,8.4697593585,8.44888410555714,8.3577098845,8.557059765,-0.0208752529428562,Down_in_Sepsis,0.5,1,GSE137340
FAR2,GSE57065,25,28,4.88920426666667,6.22599797619048,4.87116666666667,6.14257,1.33679370952381,Up_in_Sepsis,0.964285714285714,2.05678241268228e-11,GSE137340
FAR2,GSE65682,42,51,4.70400959997619,6.57458614926471,4.50525561475,6.571572742,1.87057654928852,Up_in_Sepsis,0.907563025210084,1.63148457744655e-11,GSE137340
FAR2,GSE95233,22,51,6.09846564242424,7.22991293071895,6.031509935,7.20502767333333,1.13144728829471,Up_in_Sepsis,0.975044563279857,1.53617362330698e-10,GSE137340
ADAM9,GSE236713,30,125,-1.10282772336667,0.305596159048,-1.0708978,0.2735281,1.40842388241467,Up_in_Sepsis,0.887733333333333,4.60867152007077e-11,GSE137340
ADAM9,GSE54514,18,35,7.45855546,7.63298907965714,7.449800491,7.578174114,0.174433619657142,Up_in_Sepsis,0.677777777777778,0.0362469189319152,GSE137340
ADAM9,GSE57065,25,28,3.97467653333333,5.69312297619048,3.96054,5.79155666666667,1.71844644285714,Up_in_Sepsis,0.995714285714286,1.54878193726075e-14,GSE137340
ADAM9,GSE65682,42,51,4.65611229442262,5.35708477797059,4.650807002625,5.20849272175,0.700972483547969,Up_in_Sepsis,0.776377217553688,4.96227278767466e-06,GSE137340
ADAM9,GSE95233,22,51,4.84262997121212,6.96467483928105,4.867097485,7.05093757333333,2.12204486806893,Up_in_Sepsis,0.991087344028521,3.63757408976493e-11,GSE137340
RCAN3,GSE236713,30,125,1.58249357666667,-0.322811407856,1.579923375,-0.33525325,-1.90530498452267,Down_in_Sepsis,0.0104,9.31726147513612e-17,GSE137340
RCAN3,GSE54514,18,35,7.18511764211111,7.16941578734286,7.195699215,7.169031143,-0.0157018547682535,Down_in_Sepsis,0.438095238095238,0.473286065359816,GSE137340
RCAN3,GSE57065,25,28,5.98347133333333,4.41583083333333,5.94485333333333,4.34362833333334,-1.5676405,Down_in_Sepsis,0,2.21254562465821e-15,GSE137340
RCAN3,GSE65682,42,51,2.69091071388095,2.62882946119608,2.6158717795,2.58265251,-0.062081252684874,Down_in_Sepsis,0.458450046685341,0.494468171923456,GSE137340
RCAN3,GSE95233,22,51,7.68422956015152,5.90345120346405,7.61621696666667,5.93703009,-1.78077835668746,Down_in_Sepsis,0,1.60188706567253e-11,GSE137340
SLC2A14,GSE236713,30,125,-2.21512982,0.380350056648,-2.31436635,0.4446516,2.595479876648,Up_in_Sepsis,0.992,6.60229162961706e-17,GSE137340
SLC2A14,GSE54514,18,35,7.967736562,7.8455112458,7.992604017,7.831945419,-0.1222253162,Down_in_Sepsis,0.399206349206349,0.236714120171785,GSE137340
SLC2A14,GSE57065,25,28,7.7052776,9.50053392857143,7.67191,9.48658,1.79525632857143,Up_in_Sepsis,0.982857142857143,6.01812409907034e-13,GSE137340
SLC2A14,GSE65682,42,51,9.41501099927381,9.72945564708824,9.567618374,9.771766149,0.314444647814426,Up_in_Sepsis,0.658263305322129,0.00896940777305106,GSE137340
SLC2A14,GSE95233,22,51,8.09039973363636,9.7104579427451,8.076450955,9.72699217,1.62005820910873,Up_in_Sepsis,0.985739750445633,5.9097281654302e-11,GSE137340
UPP1,GSE236713,30,125,-0.8235940235,0.238714968964,-0.774116155,0.20617473,1.062308992464,Up_in_Sepsis,0.908,4.29036556442579e-12,GSE137340
UPP1,GSE54514,18,35,10.8585038179444,10.9527827404,10.631633755,11.0500412,0.0942789224555547,Up_in_Sepsis,0.533333333333333,0.700209260766534,GSE137340
UPP1,GSE57065,25,28,7.2129604,9.45425107142857,7.22195,9.60008,2.24129067142857,Up_in_Sepsis,1,2.21254562465821e-15,GSE137340
UPP1,GSE65682,42,51,6.56647217418254,6.99437480713725,6.659621124,7.04593798366667,0.427902632954715,Up_in_Sepsis,0.704948646125117,0.000711219090907829,GSE137340
UPP1,GSE95233,22,51,7.75446764272727,9.99851484803922,7.77230046,10.03599566,2.24404720531194,Up_in_Sepsis,1,1.60188706567253e-11,GSE137340
PASK,GSE236713,30,125,1.4095134,-0.389006534632,1.4518367875,-0.4585363735,-1.798519934632,Down_in_Sepsis,0.0370666666666666,3.83314988106933e-15,GSE137340
PASK,GSE54514,18,35,7.22100742658333,7.24563468522857,7.207277894,7.190819979,0.0246272586452383,Up_in_Sepsis,0.511111111111111,0.903787579790874,GSE137340
PASK,GSE57065,25,28,5.58749613333333,4.09512273809524,5.65261333333333,4.04669833333333,-1.4923733952381,Down_in_Sepsis,0.0128571428571429,2.14616925591847e-13,GSE137340
PASK,GSE65682,42,51,3.20281937969048,2.50297786292157,2.8986187065,2.470888917,-0.699841516768908,Down_in_Sepsis,0.256302521008403,5.67392658172337e-05,GSE137340
PASK,GSE95233,22,51,6.02428164181818,4.77577526503268,5.94061260333334,4.74311968666667,-1.2485063767855,Down_in_Sepsis,0.018716577540107,8.82077171942536e-11,GSE137340
OPLAH,GSE236713,30,125,-3.09092532666667,0.706351218624,-3.1303563,0.7545204,3.79727654529067,Up_in_Sepsis,0.9904,8.30812206318591e-17,GSE137340
OPLAH,GSE54514,18,35,8.57949029094445,8.66695086631429,8.194804192,8.740466118,0.0874605753698408,Up_in_Sepsis,0.523809523809524,0.787389209638866,GSE137340
OPLAH,GSE57065,25,28,4.6954972,6.71958035714286,4.84071,6.720495,2.02408315714286,Up_in_Sepsis,0.985714285714286,3.07543841827492e-13,GSE137340
OPLAH,GSE65682,42,51,4.89024176571429,6.07443696505882,4.907319866,6.10577548,1.18419519934454,Up_in_Sepsis,0.858543417366947,3.12116145752139e-09,GSE137340
OPLAH,GSE95233,22,51,4.61101719818182,5.55561560803922,4.59744795,5.51785171,0.944598409857398,Up_in_Sepsis,0.959001782531194,6.19679960010317e-10,GSE137340
P2RY10,GSE236713,30,125,2.29180673666667,-0.252867437656,2.42090815,-0.22849774,-2.54467417432267,Down_in_Sepsis,0.0136,1.47108884225019e-16,GSE137340
P2RY10,GSE54514,18,35,7.23527383811111,7.2064361299619,7.22071623816667,7.18002065,-0.0288377081492071,Down_in_Sepsis,0.40952380952381,0.29165367273141,GSE137340
P2RY10,GSE57065,25,28,6.2908392,4.44726595238095,6.26264,4.31115333333333,-1.84357324761905,Down_in_Sepsis,0.0228571428571429,2.02447924656227e-12,GSE137340
P2RY10,GSE65682,42,51,2.86786147078571,2.52487895017647,2.537433278,2.372884737,-0.342982520609244,Down_in_Sepsis,0.359010270774977,0.0199345125634883,GSE137340
P2RY10,GSE95233,22,51,6.54158134469697,4.66785335287582,6.58741538333333,4.59033880666667,-1.87372799182115,Down_in_Sepsis,0,1.60188706567253e-11,GSE137340
CD3G,GSE236713,30,125,1.223825094,-0.484905625528,1.18619205,-0.34002852,-1.708730719528,Down_in_Sepsis,0.0672,2.00476526653066e-13,GSE137340
CD3G,GSE54514,18,35,7.444454723,7.29931347717143,7.439926863,7.228958607,-0.145141245828571,Down_in_Sepsis,0.314285714285714,0.0276873816875773,GSE137340
CD3G,GSE57065,25,28,8.0465556,6.2357425,8.06283,6.105385,-1.8108131,Down_in_Sepsis,0.0485714285714286,1.46118725598053e-10,GSE137340
CD3G,GSE65682,42,51,5.10648394111905,4.06275310296078,4.948626137,3.922238456,-1.04373083815826,Down_in_Sepsis,0.236694677871148,1.36003111070665e-05,GSE137340
CD3G,GSE95233,22,51,9.56972165,7.05596450352941,9.45041639,6.93287937,-2.51375714647059,Down_in_Sepsis,0,1.60188706567253e-11,GSE137340
PRKCH,GSE236713,30,125,1.46145316146667,-0.430698047768,1.45801975,-0.34157968,-1.89215120923467,Down_in_Sepsis,0.0202666666666667,3.77402725193607e-16,GSE137340
PRKCH,GSE54514,18,35,8.50714723288889,8.33224923265714,8.57349062,8.322511673,-0.174898000231746,Down_in_Sepsis,0.39047619047619,0.200299536283,GSE137340
PRKCH,GSE57065,25,28,6.57589333333333,5.61210880952381,6.52890666666667,5.60573,-0.963784523809524,Down_in_Sepsis,0.00285714285714286,8.85018249863286e-15,GSE137340
PRKCH,GSE65682,42,51,4.98949451569048,3.90648814362092,4.99943868266667,3.91666646166667,-1.08300637206956,Down_in_Sepsis,0.140522875816993,2.84092725693963e-09,GSE137340
PRKCH,GSE95233,22,51,7.17771039666667,5.98511199986928,7.20247338666667,5.93408341666667,-1.19259839679739,Down_in_Sepsis,0,1.60188706567253e-11,GSE137340
RASGRP1,GSE236713,30,125,1.20997883566667,-0.440873478976,1.24826525,-0.39428043,-1.65085231464267,Down_in_Sepsis,0.0517333333333334,2.71633609541585e-14,GSE137340
RASGRP1,GSE54514,18,35,7.58946365777778,7.50196955548571,7.474839449,7.396328449,-0.0874941022920632,Down_in_Sepsis,0.396825396825397,0.228139828404204,GSE137340
RASGRP1,GSE57065,25,28,8.6735592,6.59675214285714,8.74139,6.466325,-2.07680705714286,Down_in_Sepsis,0.04,4.0828104411818e-11,GSE137340
RASGRP1,GSE65682,42,51,4.0937187339,3.49476184095294,4.0467968729,3.4622469572,-0.598956892947059,Down_in_Sepsis,0.225023342670401,5.54023063653005e-06,GSE137340
RASGRP1,GSE95233,22,51,8.88486916045455,7.01190822862745,8.927970105,7.08088049,-1.87296093182709,Down_in_Sepsis,0.0017825311942959,1.88955739655682e-11,GSE137340
CCNA1,GSE236713,30,125,-1.16833600433333,0.875964409544,-1.1524136,0.7590089,2.04430041387733,Up_in_Sepsis,0.910933333333333,3.01354347333603e-12,GSE137340
CCNA1,GSE54514,18,35,7.43379786288889,7.588511031,7.301334858,7.414803505,0.154713168111112,Up_in_Sepsis,0.587301587301587,0.309195100119527,GSE137340
CCNA1,GSE57065,25,28,4.1191488,5.80875892857143,4.14221,5.47657,1.68961012857143,Up_in_Sepsis,0.962857142857143,2.59553727228655e-11,GSE137340
CCNA1,GSE65682,42,51,2.43403282983333,4.17467067219608,2.3462453935,4.318713639,1.74063784236275,Up_in_Sepsis,0.906162464985995,1.9127218523145e-11,GSE137340
CCNA1,GSE95233,22,51,3.58152882,6.62681024901961,3.602492025,6.73111568,3.04528142901961,Up_in_Sepsis,0.989304812834225,4.27867888939574e-11,GSE137340
WDR54,GSE236713,30,125,1.227231487,-0.312700614624,1.26547095,-0.2917421,-1.539932101624,Down_in_Sepsis,0.0112,1.04470720762514e-16,GSE137340
WDR54,GSE54514,18,35,7.76683719961111,7.75551064348572,7.672617912,7.635645866,-0.0113265561253968,Down_in_Sepsis,0.466666666666667,0.700220762319713,GSE137340
WDR54,GSE57065,25,28,6.7093204,5.76839857142857,6.6952,5.820245,-0.940921828571429,Down_in_Sepsis,0.0114285714285714,1.482405568521e-13,GSE137340
WDR54,GSE65682,42,51,3.60488360419048,3.1011597734902,3.376050639,2.972349846,-0.503723830700281,Down_in_Sepsis,0.276377217553688,0.000220738921520509,GSE137340
WDR54,GSE95233,22,51,7.45122088227273,6.09507323431373,7.407006945,6.11579538,-1.356147647959,Down_in_Sepsis,0.00445632798573975,2.41819260539641e-11,GSE137340
GLA,GSE236713,30,125,-1.39151691233333,0.253925604736,-1.44446515,0.17690945,1.64544251706933,Up_in_Sepsis,0.989866666666667,8.96813082580416e-17,GSE137340
GLA,GSE54514,18,35,8.96371936805556,8.97981698174286,8.9635100365,8.92196846,0.0160976136873021,Up_in_Sepsis,0.473015873015873,0.756639937970471,GSE137340
GLA,GSE57065,25,28,7.2877836,7.99893607142857,7.29184,8.00531,0.711152471428571,Up_in_Sepsis,0.927142857142857,3.26467523300631e-09,GSE137340
GLA,GSE65682,42,51,4.60705202494444,5.06507052371896,4.59547661416667,5.11553418,0.458018498774511,Up_in_Sepsis,0.824929971988796,7.90621994484101e-08,GSE137340
GLA,GSE95233,22,51,8.20225829318182,9.1204415627451,8.246516965,9.10326591,0.918183269563279,Up_in_Sepsis,0.975935828877006,1.41972918224125e-10,GSE137340
MMP9,GSE236713,30,125,-4.77118858666667,0.559798947816,-4.74752355,0.6349735,5.33098753448267,Up_in_Sepsis,0.991466666666667,7.12851805331957e-17,GSE137340
MMP9,GSE54514,18,35,12.1494886077778,12.3117602898286,12.141063215,12.31563473,0.162271682050793,Up_in_Sepsis,0.558730158730159,0.493002190492281,GSE137340
MMP9,GSE57065,25,28,8.8954708,11.9319703571429,8.90457,12.037,3.03649955714286,Up_in_Sepsis,0.978571428571428,1.51338120726622e-12,GSE137340
MMP9,GSE65682,42,51,11.6094327173333,11.8964784379412,11.776760255,12.17834074,0.287045720607843,Up_in_Sepsis,0.682539682539683,0.0025726946198045,GSE137340
MMP9,GSE95233,22,51,6.91074298590909,10.1395984860784,6.96883545,10.22683266,3.22885550016934,Up_in_Sepsis,0.980392156862745,9.55234536735608e-11,GSE137340
KLRG1,GSE236713,30,125,2.2033672975,-0.3638078811,2.27022255,-0.3035959,-2.5671751786,Down_in_Sepsis,0.0218666666666666,4.72267228015068e-16,GSE137340
KLRG1,GSE54514,18,35,7.9997029305,7.83932613642857,7.949187756,7.660594463,-0.160376794071428,Down_in_Sepsis,0.385714285714286,0.181077171557747,GSE137340
KLRG1,GSE57065,25,28,7.2647048,6.0016425,7.17239,5.934195,-1.2630623,Down_in_Sepsis,0.111428571428571,1.68336329944811e-07,GSE137340
KLRG1,GSE65682,42,51,3.65390333425,3.00715019243137,3.4510624315,2.794043851,-0.646753141818627,Down_in_Sepsis,0.258169934640523,6.46677990852284e-05,GSE137340
KLRG1,GSE95233,22,51,7.89931823727273,5.53852151568627,7.636022445,5.40478294,-2.36079672158645,Down_in_Sepsis,0,1.60188706567253e-11,GSE137340
HLA-DMA,GSE236713,30,125,1.04565622716667,-0.42362892246,1.0929855,-0.34262193,-1.46928514962667,Down_in_Sepsis,0.0282666666666666,1.1496266352639e-15,GSE137340
HLA-DMA,GSE54514,18,35,8.9430564775,9.15361934394286,8.9350771905,9.041331291,0.210562866442857,Up_in_Sepsis,0.547619047619047,0.582925964615309,GSE137340
HLA-DMA,GSE57065,25,28,9.210846,7.35726321428571,9.09663,7.246125,-1.85358278571429,Down_in_Sepsis,0.0342857142857143,1.6235659793742e-11,GSE137340
HLA-DMA,GSE65682,42,51,6.19918381117857,4.98273886685294,6.242082765,5.1221129815,-1.21644494432563,Down_in_Sepsis,0.15499533146592,1.18956088408815e-08,GSE137340
HLA-DMA,GSE95233,22,51,8.57831220136364,6.72129670490196,8.652857625,6.59168605,-1.85701549646168,Down_in_Sepsis,0.0151515151515152,6.40439715698351e-11,GSE137340
ARHGEF18,GSE236713,30,125,0.950842248833333,-0.197879556692,0.98885084,-0.161232115,-1.14872180552533,Down_in_Sepsis,0.0237333333333333,6.12916569925766e-16,GSE137340
ARHGEF18,GSE54514,18,35,10.1185736653889,10.3302676612,10.031475065,10.38112259,0.211693995811112,Up_in_Sepsis,0.63968253968254,0.100656829471223,GSE137340
ARHGEF18,GSE57065,25,28,9.8774364,8.63798857142857,9.89706,8.715305,-1.23944782857143,Down_in_Sepsis,0,2.21254562465821e-15,GSE137340
ARHGEF18,GSE65682,42,51,7.51159735795238,7.17886460876471,7.356261757,7.221047133,-0.332732749187675,Down_in_Sepsis,0.312791783380019,0.00198908243500506,GSE137340
ARHGEF18,GSE95233,22,51,9.47203348863636,8.33258974254902,9.51551961,8.31252303,-1.13944374608734,Down_in_Sepsis,0.00267379679144385,2.05178515500888e-11,GSE137340
BCL2A1,GSE236713,30,125,-1.45969010116667,0.24871872618,-1.519434565,0.23144495,1.70840882734667,Up_in_Sepsis,0.971466666666667,1.19273989918378e-15,GSE137340
BCL2A1,GSE54514,18,35,8.15509226577778,7.88597145082857,8.0920963285,7.862134457,-0.269120814949207,Down_in_Sepsis,0.33968253968254,0.0586025873125773,GSE137340
BCL2A1,GSE57065,25,28,7.1701396,9.93450321428571,7.36959,10.1972,2.76436361428571,Up_in_Sepsis,0.968571428571428,9.97415567595923e-12,GSE137340
BCL2A1,GSE65682,42,51,8.2640164355,8.65264045066667,8.2646633865,8.844380911,0.388624015166666,Up_in_Sepsis,0.602707749766573,0.0901629673682237,GSE137340
BCL2A1,GSE95233,22,51,6.66538162136364,10.3014807092157,6.625251835,10.52057087,3.63609908785205,Up_in_Sepsis,0.998217468805704,1.88955739655682e-11,GSE137340
DYRK2,GSE236713,30,125,1.35593036266667,-0.430184983368,1.3771887,-0.3400731,-1.78611534603467,Down_in_Sepsis,0.00986666666666667,8.63190787799774e-17,GSE137340
DYRK2,GSE54514,18,35,7.79651194154167,7.85631804811429,7.7922880055,7.71498012525,0.0598061065726192,Up_in_Sepsis,0.573015873015873,0.396380670853483,GSE137340
DYRK2,GSE57065,25,28,7.0158203,5.34956892857143,7.063395,5.34507625,-1.66625137142857,Down_in_Sepsis,0.01,9.95645531096197e-14,GSE137340
DYRK2,GSE65682,42,51,3.3386985775,2.84668979696569,3.048677431125,2.7980315135,-0.492008780534314,Down_in_Sepsis,0.295051353874883,0.000711219090907829,GSE137340
DYRK2,GSE95233,22,51,6.55505491477273,4.98056270980392,6.47301483,4.9024808275,-1.57449220496881,Down_in_Sepsis,0,1.60188706567253e-11,GSE137340
PYHIN1,GSE236713,30,125,1.4972959105,-0.205208716624,1.4432535,-0.12966108,-1.702504627124,Down_in_Sepsis,0.0285333333333333,1.19273989918378e-15,GSE137340
PYHIN1,GSE54514,18,35,7.46591795814815,7.38868513106667,7.48539789516667,7.331729889,-0.0772328270814819,Down_in_Sepsis,0.358730158730159,0.0967556702455424,GSE137340
PYHIN1,GSE57065,25,28,5.7434964,4.47202839285714,5.770905,4.28341,-1.27146800714286,Down_in_Sepsis,0.115714285714286,2.47186955689829e-07,GSE137340
PYHIN1,GSE65682,42,51,3.43482365276984,2.87020069726797,3.283139674,2.837312938,-0.564622955501868,Down_in_Sepsis,0.183006535947712,1.62312054686357e-07,GSE137340
PYHIN1,GSE95233,22,51,4.90507134045455,3.55468397784314,4.9427290525,3.50047893,-1.35038736261141,Down_in_Sepsis,0.0329768270944742,3.10305804161485e-10,GSE137340
ZBTB4,GSE236713,30,125,0.937390389333333,-0.272839610176,0.9208231,-0.21354294,-1.21022999950933,Down_in_Sepsis,0.0546666666666667,3.98919422636361e-14,GSE137340
ZBTB4,GSE54514,18,35,7.99907712136111,7.92733907022857,7.97531640525,7.853297472,-0.0717380511325398,Down_in_Sepsis,0.388888888888889,0.193736415761008,GSE137340
ZBTB4,GSE57065,25,28,7.6965768,6.55985446428571,7.70421,6.5192575,-1.13672233571429,Down_in_Sepsis,0.00857142857142857,6.63763687397464e-14,GSE137340
ZBTB4,GSE65682,42,51,4.68232307653571,4.32625691963726,4.633139319625,4.30365187675,-0.356066156898459,Down_in_Sepsis,0.162931839402428,2.54774905292748e-08,GSE137340
ZBTB4,GSE95233,22,51,8.62887460340909,7.40794592686275,8.56976789,7.370551125,-1.22092867654635,Down_in_Sepsis,0.0017825311942959,1.88955739655682e-11,GSE137340
KDM2B,GSE236713,30,125,0.976848680444445,-0.271131897338667,1.07066569333334,-0.170394898666667,-1.24798057778311,Down_in_Sepsis,0.0594666666666667,7.44232952688722e-14,GSE137340
KDM2B,GSE54514,18,35,7.66593815225,7.74397239001429,7.6528155805,7.710582733,0.0780342377642862,Up_in_Sepsis,0.607936507936508,0.207020180060236,GSE137340
KDM2B,GSE57065,25,28,7.5701212,6.02403428571429,7.57876,6.036025,-1.54608691428571,Down_in_Sepsis,0.00142857142857143,4.42509124931643e-15,GSE137340
KDM2B,GSE65682,42,51,2.99299425897619,2.7767392617402,2.962495891125,2.778756183,-0.216254997235994,Down_in_Sepsis,0.201213818860878,7.93594324122344e-07,GSE137340
KDM2B,GSE95233,22,51,8.02943134954546,6.75601110215686,8.005857425,6.74898689,-1.27342024738859,Down_in_Sepsis,0,1.60188706567253e-11,GSE137340
CLEC5A,GSE236713,30,125,-1.184479399,0.52980254804,-1.26361885,0.49863696,1.71428194704,Up_in_Sepsis,0.867466666666666,4.40809401061898e-10,GSE137340
CLEC5A,GSE54514,18,35,7.70518324105556,7.86377726968571,7.4606108665,7.644664288,0.158594028630159,Up_in_Sepsis,0.611111111111111,0.193736415761008,GSE137340
CLEC5A,GSE57065,25,28,3.5716424,6.95783571428571,3.55891,7.221545,3.38619331428571,Up_in_Sepsis,0.991428571428571,6.63763687397464e-14,GSE137340
CLEC5A,GSE65682,42,51,3.1634017036746,3.78044791269281,3.082366928,3.75171799733333,0.617046209018208,Up_in_Sepsis,0.767973856209151,9.53684453297359e-06,GSE137340
CLEC5A,GSE95233,22,51,5.15997257045455,8.30271400215686,5.32874975,8.43299202,3.14274143170232,Up_in_Sepsis,0.996434937611408,2.22762533627504e-11,GSE137340
RAB13,GSE236713,30,125,-1.297242414,0.338783827568,-1.2061429,0.41705966,1.636026241568,Up_in_Sepsis,0.891733333333334,2.91117583120505e-11,GSE137340
RAB13,GSE54514,18,35,7.28551430166667,7.22612330574286,7.238955021,7.166293144,-0.0593909959238097,Down_in_Sepsis,0.336507936507937,0.0536371037869218,GSE137340
RAB13,GSE57065,25,28,5.0221508,7.06896321428572,4.96717,7.15586,2.04681241428571,Up_in_Sepsis,0.991428571428571,6.63763687397464e-14,GSE137340
RAB13,GSE65682,42,51,3.8686346161746,5.25104202801307,3.699742118,5.11878573966667,1.38240741183847,Up_in_Sepsis,0.931372549019608,1.00796795073921e-12,GSE137340
RAB13,GSE95233,22,51,9.73755451909091,10.5658753613726,9.68670688,10.48076184,0.828320842281642,Up_in_Sepsis,0.972370766488413,1.94435767733088e-10,GSE137340
LBH,GSE236713,30,125,1.09658640849167,-0.108171849482,1.04611248,-0.16066739675,-1.20475825797367,Down_in_Sepsis,0.0770666666666667,6.92535137086423e-13,GSE137340
LBH,GSE54514,18,35,7.55686577162963,7.55328455426667,7.59424002966667,7.539172649,-0.00358121736296102,Down_in_Sepsis,0.474603174603175,0.773107646476209,GSE137340
LBH,GSE57065,25,28,8.764602,6.65086107142857,8.77607,6.537715,-2.11374092857143,Down_in_Sepsis,0,2.21254562465821e-15,GSE137340
LBH,GSE65682,42,51,3.89112339257937,3.51522087839216,3.7918112435,3.460948696,-0.375902514187208,Down_in_Sepsis,0.309523809523809,0.00165577991334264,GSE137340
LBH,GSE95233,22,51,9.45326960181818,7.33419141568627,9.47168537,7.28804241,-2.11907818613191,Down_in_Sepsis,0.0035650623885918,2.22762533627504e-11,GSE137340
EXOSC4,GSE236713,30,125,-0.829816718333333,0.410322953936,-0.869314675,0.37447357,1.24013967226933,Up_in_Sepsis,0.909066666666667,3.77423354829332e-12,GSE137340
EXOSC4,GSE54514,18,35,8.26254481744445,8.35448402668571,7.823877573,8.217424393,0.0919392092412696,Up_in_Sepsis,0.547619047619047,0.582925964615309,GSE137340
EXOSC4,GSE57065,25,28,5.5657018,7.15123071428571,5.53185,7.29126125,1.58552891428571,Up_in_Sepsis,0.99,9.95645531096197e-14,GSE137340
EXOSC4,GSE65682,42,51,6.44449672502381,7.90887844835294,6.372095987,8.019929043,1.46438172332913,Up_in_Sepsis,0.843604108309991,1.36234445477292e-08,GSE137340
EXOSC4,GSE95233,22,51,5.77409575397727,7.21990638843137,5.68090552375,7.2263693775,1.4458106344541,Up_in_Sepsis,0.988413547237077,4.63944869067713e-11,GSE137340
SIGLEC5,GSE236713,30,125,-1.94441204333333,0.125625905216,-1.81730605,0.19648027,2.07003794854933,Up_in_Sepsis,0.973333333333333,9.21380093416917e-16,GSE137340
SIGLEC5,GSE54514,18,35,8.09787909180556,8.26050394608572,8.06792688375,8.2851572035,0.162624854280159,Up_in_Sepsis,0.634920634920635,0.113099435153609,GSE137340
SIGLEC5,GSE57065,25,28,8.3267848,9.49934392857143,8.39725,9.5337,1.17255912857143,Up_in_Sepsis,0.958571428571428,5.09106748233855e-11,GSE137340
SIGLEC5,GSE65682,42,51,8.26945584485714,8.77752901276471,8.3570166165,8.845822242,0.508073167907563,Up_in_Sepsis,0.707749766573296,0.000600170513027404,GSE137340
SIGLEC5,GSE95233,22,51,8.64087915090909,10.2324821978431,8.783868005,10.26555641,1.59160304693405,Up_in_Sepsis,0.982174688057041,8.14407368438532e-11,GSE137340
KLF12,GSE236713,30,125,1.55249611083333,-0.422833857576,1.5583819,-0.27787006,-1.97532996840933,Down_in_Sepsis,0.0112,1.04470720762514e-16,GSE137340
KLF12,GSE54514,18,35,7.2009787295,7.20960675651429,7.1858873365,7.1805956365,0.00862802701428578,Up_in_Sepsis,0.541269841269841,0.635114297097459,GSE137340
KLF12,GSE57065,25,28,5.27347465,4.10049745535714,5.22938875,4.039625625,-1.17297719464286,Down_in_Sepsis,0.00428571428571428,1.54878193726075e-14,GSE137340
KLF12,GSE65682,42,51,3.05842709021429,2.75880389871373,2.9905599379,2.7386565728,-0.29962319150056,Down_in_Sepsis,0.257236227824463,6.05808351607603e-05,GSE137340
KLF12,GSE95233,22,51,5.83170762096591,4.23510710497549,5.72888159,4.16819464,-1.59660051599042,Down_in_Sepsis,0,1.60188706567253e-11,GSE137340
C3AR1,GSE236713,30,125,-1.55061417533333,0.196685696712,-1.5652845,0.17176986,1.74729987204533,Up_in_Sepsis,0.9488,2.53235015615329e-14,GSE137340
C3AR1,GSE54514,18,35,8.12928456727778,8.61633907051429,8.0673708915,8.529092789,0.487054503236507,Up_in_Sepsis,0.714285714285714,0.0105698275685497,GSE137340
C3AR1,GSE57065,25,28,7.5821536,9.34956321428571,7.51862,9.50142,1.76740961428571,Up_in_Sepsis,0.924285714285714,4.53013185284708e-09,GSE137340
C3AR1,GSE65682,42,51,8.07711712383333,8.71807918660784,8.3859891975,8.954679595,0.640962062774509,Up_in_Sepsis,0.69281045751634,0.00145005550227049,GSE137340
C3AR1,GSE95233,22,51,7.42931918909091,9.44700825098039,7.54210163,9.42253796,2.01768906188948,Up_in_Sepsis,0.990196078431372,3.94540435484238e-11,GSE137340
HK3,GSE236713,30,125,-1.44986136,0.403689497512,-1.5138011,0.471241,1.853550857512,Up_in_Sepsis,0.909333333333333,3.65502650130104e-12,GSE137340
HK3,GSE54514,18,35,10.4937286905,10.6485877990286,10.47875452,10.64564991,0.154859108528573,Up_in_Sepsis,0.561904761904762,0.473286065359816,GSE137340
HK3,GSE57065,25,28,7.98032,10.4371428571429,7.97807,10.46565,2.45682285714286,Up_in_Sepsis,0.998571428571429,4.42509124931643e-15,GSE137340
HK3,GSE65682,42,51,8.83781198766667,9.71433418754902,8.7901525005,9.778881384,0.876522199882352,Up_in_Sepsis,0.824929971988796,7.90621994484101e-08,GSE137340
HK3,GSE95233,22,51,6.70271733136364,9.05404229490196,6.63855448,9.14997634,2.35132496353832,Up_in_Sepsis,1,1.60188706567253e-11,GSE137340
PGLYRP1,GSE236713,30,125,-2.80997192133333,0.3060054606,-2.7665265,0.44724846,3.11597738193333,Up_in_Sepsis,0.9592,6.34667569621056e-15,GSE137340
PGLYRP1,GSE54514,18,35,11.1584299930556,11.3760248457429,11.03189945,11.35566902,0.2175948526873,Up_in_Sepsis,0.565873015873016,0.441273226408107,GSE137340
PGLYRP1,GSE57065,25,28,7.0209396,9.52004428571429,6.93452,9.452565,2.49910468571429,Up_in_Sepsis,0.995714285714286,1.54878193726075e-14,GSE137340
PGLYRP1,GSE65682,42,51,6.81504751561905,7.53306122233333,6.739540714,7.585683968,0.718013706714285,Up_in_Sepsis,0.757703081232493,2.06654776808725e-05,GSE137340
PGLYRP1,GSE95233,22,51,6.16136507045455,8.15213205196078,6.24415001,8.08895182,1.99076698150624,Up_in_Sepsis,0.994652406417112,2.62469054871502e-11,GSE137340
QSOX1,GSE236713,30,125,-1.16630387666667,0.287821223392,-1.24254076666667,0.28180472,1.45412510005867,Up_in_Sepsis,0.992266666666667,6.35373712127056e-17,GSE137340
QSOX1,GSE54514,18,35,8.22214319983333,8.28002521658572,8.18495321275,8.254836321,0.0578820167523819,Up_in_Sepsis,0.561904761904762,0.473286065359816,GSE137340
QSOX1,GSE57065,25,28,4.93165586666667,5.414135,4.90757666666667,5.41201,0.482479133333333,Up_in_Sepsis,0.927142857142857,3.26467523300631e-09,GSE137340
QSOX1,GSE65682,42,51,4.47961160067857,4.88680427353922,4.4767651725,4.8544474625,0.407192672860645,Up_in_Sepsis,0.762838468720822,1.40872649154211e-05,GSE137340
QSOX1,GSE95233,22,51,5.23494680136364,6.05231573647059,5.23465419833333,6.00337625333333,0.817368935106953,Up_in_Sepsis,0.999108734402852,1.73990990394731e-11,GSE137340
ASPH,GSE236713,30,125,-2.10731399111111,0.597818993757333,-2.10208918333334,0.65746115,2.70513298486844,Up_in_Sepsis,0.974133333333333,8.2463406798514e-16,GSE137340
ASPH,GSE54514,18,35,7.32647545251852,7.33855308355238,7.324177424,7.37743202833333,0.0120776310338622,Up_in_Sepsis,0.515873015873016,0.859761640454994,GSE137340
ASPH,GSE57065,25,28,3.81561088888889,5.387855,3.79508,5.36804611111112,1.57224411111111,Up_in_Sepsis,0.988571428571428,1.482405568521e-13,GSE137340
ASPH,GSE65682,42,51,3.56930819823469,4.12538212961625,3.60207031828572,4.14444603557143,0.556073931381552,Up_in_Sepsis,0.726890756302521,0.000178209697391078,GSE137340
ASPH,GSE95233,22,51,4.8621702789899,6.86161061568627,4.94632013555555,7.01443805333333,1.99944033669637,Up_in_Sepsis,0.988413547237077,4.63944869067713e-11,GSE137340
ZHX2,GSE236713,30,125,0.876139164333333,-0.111209813096,0.88924622,-0.13728952,-0.987348977429333,Down_in_Sepsis,0.0562666666666667,4.91445456572024e-14,GSE137340
ZHX2,GSE54514,18,35,7.84399222002778,7.93084915017143,7.8472346065,7.9337558745,0.086856930143651,Up_in_Sepsis,0.646031746031746,0.0857597614090956,GSE137340
ZHX2,GSE57065,25,28,6.3131558,5.30318678571429,6.408415,5.350845,-1.00996901428571,Down_in_Sepsis,0.0157142857142857,4.31446396808352e-13,GSE137340
ZHX2,GSE65682,42,51,5.59197290578571,5.05158458154902,5.5488326065,5.040615422,-0.540388324236695,Down_in_Sepsis,0.253501400560224,4.65517998541751e-05,GSE137340
ZHX2,GSE95233,22,51,7.6650166375,6.63100949539216,7.62063069,6.657717305,-1.03400714210784,Down_in_Sepsis,0,1.60188706567253e-11,GSE137340
SPOCK2,GSE236713,30,125,0.95195917505,-0.0801791475679999,1.01618135,-0.14886856,-1.032138322618,Down_in_Sepsis,0.0914666666666667,4.0241950348672e-12,GSE137340
SPOCK2,GSE54514,18,35,8.98992053705556,9.01634499688571,8.985435963,8.900390625,0.0264244598301584,Up_in_Sepsis,0.487301587301587,0.887976812215392,GSE137340
SPOCK2,GSE57065,25,28,7.5892044,5.98640571428572,7.630205,5.9310075,-1.60279868571429,Down_in_Sepsis,0,2.21254562465821e-15,GSE137340
SPOCK2,GSE65682,42,51,3.67304098487143,3.23943820356863,3.5566672705,3.2292105954,-0.433602781302801,Down_in_Sepsis,0.23015873015873,8.26135619987797e-06,GSE137340
SPOCK2,GSE95233,22,51,8.18261071454545,6.30450530284314,8.1931786275,6.243209625,-1.87810541170232,Down_in_Sepsis,0.00089126559714795,1.73990990394731e-11,GSE137340
CD27,GSE236713,30,125,1.60952607,-0.448547118312,1.60144545,-0.43886185,-2.058073188312,Down_in_Sepsis,0.0162666666666667,2.14765424902856e-16,GSE137340
CD27,GSE54514,18,35,7.76306345722222,7.73695680074286,7.7280151845,7.715987682,-0.0261066564793655,Down_in_Sepsis,0.474603174603175,0.773107646476209,GSE137340
CD27,GSE57065,25,28,9.0522132,7.25395678571429,8.96291,7.32635,-1.79825641428572,Down_in_Sepsis,0.00285714285714286,8.85018249863286e-15,GSE137340
CD27,GSE65682,42,51,5.837026783,5.19841813684314,5.746443044,5.111161601,-0.638608646156863,Down_in_Sepsis,0.320261437908497,0.00299415182946891,GSE137340
CD27,GSE95233,22,51,7.60511039136364,6.09770327470588,7.64433871,5.98499079,-1.50740711665775,Down_in_Sepsis,0.0374331550802139,4.56190854345469e-10,GSE137340
CD8A,GSE236713,30,125,1.62156802146667,-0.349378986044,1.64931215,-0.3938661715,-1.97094700751067,Down_in_Sepsis,0.0509333333333333,2.44501050410599e-14,GSE137340
CD8A,GSE54514,18,35,8.27412705951852,8.01058866862857,8.35645858433333,8.09400669733333,-0.263538390889947,Down_in_Sepsis,0.353968253968254,0.0857597614090956,GSE137340
CD8A,GSE57065,25,28,8.3419008,6.54634607142857,8.28367,6.259615,-1.79555472857143,Down_in_Sepsis,0.0971428571428572,4.36042562085367e-08,GSE137340
CD8A,GSE65682,42,51,4.3904368659881,3.63416317409804,4.4599920225,3.5338893995,-0.756273691890057,Down_in_Sepsis,0.278244631185808,0.000249145047489647,GSE137340
CD8A,GSE95233,22,51,8.76438650545455,6.14961487745098,8.67951009,6.07731891,-2.61477162800357,Down_in_Sepsis,0.0169340463458111,7.51822548100406e-11,GSE137340
ATP9A,GSE236713,30,125,-1.49502310066667,0.567868593624,-1.4536343775,0.4890709,2.06289169429067,Up_in_Sepsis,0.925333333333333,5.13556435775754e-13,GSE137340
ATP9A,GSE54514,18,35,8.16692366847222,8.30321235661429,8.1089799405,8.363950968,0.136288688142063,Up_in_Sepsis,0.585714285714286,0.318216803699425,GSE137340
ATP9A,GSE57065,25,28,4.342293,6.3298725,4.441015,6.44673,1.9875795,Up_in_Sepsis,0.997142857142857,8.85018249863286e-15,GSE137340
ATP9A,GSE65682,42,51,3.97486160304762,5.15235669245098,3.965898105,5.309104248,1.17749508940336,Up_in_Sepsis,0.773576097105509,6.18231329672613e-06,GSE137340
ATP9A,GSE95233,22,51,6.17202132772727,7.87737336117647,6.2387981975,7.977047325,1.7053520334492,Up_in_Sepsis,0.973262032085561,1.79773479549631e-10,GSE137340
AMPD3,GSE236713,30,125,-1.6001981425,0.16324364402,-1.53098166,0.20307266,1.76344178652,Up_in_Sepsis,0.9784,4.54966383174459e-16,GSE137340
AMPD3,GSE54514,18,35,7.29428671475,7.31056830541429,7.2981749775,7.321006298,0.0162815906642857,Up_in_Sepsis,0.549206349206349,0.570192060596712,GSE137340
AMPD3,GSE57065,25,28,5.8322058,6.35802803571429,5.837835,6.4217775,0.525822235714286,Up_in_Sepsis,0.85,3.9780779302043e-06,GSE137340
AMPD3,GSE65682,42,51,4.17677488671088,4.84328482955182,4.07739916885715,4.95547766242857,0.666509942840937,Up_in_Sepsis,0.823529411764706,8.9871630261376e-08,GSE137340
AMPD3,GSE95233,22,51,6.01882713477273,6.95985164745098,6.02174542,6.941334765,0.941024512678253,Up_in_Sepsis,0.99108734402852,3.63757408976493e-11,GSE137340
TBC1D4,GSE236713,30,125,1.79231042666667,-0.538257457464,1.70606735,-0.3567071,-2.33056788413067,Down_in_Sepsis,0.00746666666666667,6.11441610250757e-17,GSE137340
TBC1D4,GSE54514,18,35,7.20126271233333,7.22801118582857,7.144759655,7.178913593,0.0267484734952381,Up_in_Sepsis,0.53015873015873,0.730730102071719,GSE137340
TBC1D4,GSE57065,25,28,6.7830892,4.71320446428571,6.674195,4.62975,-2.06988473571429,Down_in_Sepsis,0.0128571428571429,2.14616925591847e-13,GSE137340
TBC1D4,GSE65682,42,51,2.83027375319048,2.45488948801961,2.624195817,2.383416346,-0.375384265170868,Down_in_Sepsis,0.273109243697479,0.000178209697391078,GSE137340
TBC1D4,GSE95233,22,51,6.81278753181818,5.41639427460784,6.77776977,5.444948725,-1.39639325721034,Down_in_Sepsis,0.0320855614973262,2.87149299473703e-10,GSE137340
RGL4,GSE236713,30,125,-1.41970987866667,0.573292126664,-1.40108015,0.5959959,1.99300200533067,Up_in_Sepsis,0.921066666666667,8.72868657060723e-13,GSE137340
RGL4,GSE54514,18,35,10.9173067937778,10.6848279407714,10.559741495,10.66281223,-0.232478853006349,Down_in_Sepsis,0.456349206349206,0.612082707933374,GSE137340
RGL4,GSE57065,25,28,6.0675284,9.26186857142857,6.07707,9.45003,3.19434017142857,Up_in_Sepsis,0.972857142857143,4.61758271866169e-12,GSE137340
RGL4,GSE65682,42,51,9.14372572985714,10.0997767789412,9.3165806795,10.17018272,0.956051049084033,Up_in_Sepsis,0.787114845938376,2.09604769434101e-06,GSE137340
RGL4,GSE95233,22,51,7.35167300318182,10.6067878770588,7.298682655,10.65299108,3.255114873877,Up_in_Sepsis,1,1.60188706567253e-11,GSE137340
ITGA7,GSE236713,30,125,-3.43841331666667,0.8832891642,-3.51296285,0.9036689,4.32170248086667,Up_in_Sepsis,0.997066666666667,3.17356635260133e-17,GSE137340
ITGA7,GSE54514,18,35,7.18798743344444,7.26124273028571,7.1751744745,7.210695267,0.0732552968412694,Up_in_Sepsis,0.666666666666667,0.0490209988229125,GSE137340
ITGA7,GSE57065,25,28,4.412276,5.64758660714286,4.368065,5.6483375,1.23531060714286,Up_in_Sepsis,0.96,1.01373468537276e-08,GSE137340
ITGA7,GSE65682,42,51,2.89574477252381,4.0769386615098,2.8248532005,3.873331545,1.18119388898599,Up_in_Sepsis,0.831932773109244,4.13339067652042e-08,GSE137340
ITGA7,GSE95233,22,51,4.24256912636364,5.73593746764706,4.1529109975,5.660243465,1.49336834128342,Up_in_Sepsis,0.957219251336899,7.21511319630196e-10,GSE137340
DHRS9,GSE236713,30,125,-1.05189128033333,0.673714650624,-1.11708335,0.6834445,1.72560593095733,Up_in_Sepsis,0.8552,1.63445601352276e-09,GSE137340
DHRS9,GSE54514,18,35,7.15118503561111,7.0925009728,7.112692833,7.069767475,-0.0586840628111114,Down_in_Sepsis,0.380952380952381,0.163232997664367,GSE137340
DHRS9,GSE57065,25,28,6.52625813333333,9.33120166666667,6.46862,9.38303666666667,2.80494353333333,Up_in_Sepsis,0.971428571428571,6.00484882532239e-12,GSE137340
DHRS9,GSE65682,42,51,8.15645838390476,9.50818690492157,8.3326282765,9.750075598,1.35172852101681,Up_in_Sepsis,0.776844070961718,4.78279497877484e-06,GSE137340
DHRS9,GSE95233,22,51,6.36678382590909,9.55002221385621,6.40964877666667,9.64092690333333,3.18323838794712,Up_in_Sepsis,1,1.60188706567253e-11,GSE137340
IMP3,GSE236713,30,125,0.828566771,-0.391453863168,0.807512285,-0.34654713,-1.220020634168,Down_in_Sepsis,0.0261333333333333,8.55715185702705e-16,GSE137340
IMP3,GSE54514,18,35,9.1118917995,8.9819643566,9.1353225705,8.912446022,-0.1299274429,Down_in_Sepsis,0.396825396825397,0.228139828404204,GSE137340
IMP3,GSE57065,25,28,8.0305368,6.74813428571429,7.99653,6.82574,-1.28240251428571,Down_in_Sepsis,0.01,9.95645531096197e-14,GSE137340
IMP3,GSE65682,42,51,5.3404365335,4.81435718205882,5.257417064,4.8444372285,-0.526079351441177,Down_in_Sepsis,0.279645191409897,0.000272662212358296,GSE137340
IMP3,GSE95233,22,51,8.20809566818182,7.17787759764706,8.2546257,7.18089027,-1.03021807053476,Down_in_Sepsis,0.0071301247771836,3.09077930949446e-11,GSE137340
SAMD3,GSE236713,30,125,1.55614683733333,-0.429304447852,1.51232905,-0.3463490635,-1.98545128518533,Down_in_Sepsis,0.0293333333333333,1.33186391197432e-15,GSE137340
SAMD3,GSE54514,18,35,7.37058223612963,7.31262510389524,7.3550186155,7.29780340166667,-0.0579571322343924,Down_in_Sepsis,0.411111111111111,0.300340734781541,GSE137340
SAMD3,GSE57065,25,28,5.1742838,4.09672785714286,5.12301,4.11197,-1.07755594285714,Down_in_Sepsis,0.0771428571428572,5.32311262981583e-09,GSE137340
SAMD3,GSE65682,42,51,3.35650238542064,2.73522683843137,3.15999322266666,2.61955043433333,-0.621275546989263,Down_in_Sepsis,0.183473389355742,1.69238897793953e-07,GSE137340
SAMD3,GSE95233,22,51,7.47168535386364,5.16620065078431,7.41691266,5.16571571,-2.30548470307932,Down_in_Sepsis,0,1.60188706567253e-11,GSE137340
FAM89A,GSE236713,30,125,-1.033003063,0.323139701944,-1.00651525,0.31397653,1.356142764944,Up_in_Sepsis,0.915466666666666,1.73739002477137e-12,GSE137340
FAM89A,GSE54514,18,35,7.72336205735185,7.85158061075238,7.52853139233333,7.862529119,0.128218553400528,Up_in_Sepsis,0.592063492063492,0.283133764153369,GSE137340
FAM89A,GSE57065,25,28,5.1640688,6.74721535714286,5.20213,6.604545,1.58314655714286,Up_in_Sepsis,0.987142857142857,2.14616925591847e-13,GSE137340
FAM89A,GSE65682,42,51,2.66973946119048,3.93414871060784,2.528447047,3.42732562,1.26440924941737,Up_in_Sepsis,0.827731092436975,6.1091786074841e-08,GSE137340
FAM89A,GSE95233,22,51,5.92866643136364,8.11963130509804,5.91891235,8.18619931,2.1909648737344,Up_in_Sepsis,0.979500891265597,1.03431303688478e-10,GSE137340
FLT3LG,GSE236713,30,125,2.27837494666667,-0.439255397392,2.27617785,-0.4355023,-2.71763034405867,Down_in_Sepsis,0.00986666666666667,8.63190787799774e-17,GSE137340
FLT3LG,GSE54514,18,35,7.56449053033333,7.56465364177143,7.4955224995,7.470183372,0.000163111438095775,Up_in_Sepsis,0.495238095238095,0.962919951586959,GSE137340
FLT3LG,GSE57065,25,28,6.2827562,4.61189607142857,6.334485,4.567735,-1.67086012857143,Down_in_Sepsis,0.00857142857142857,6.63763687397464e-14,GSE137340
FLT3LG,GSE65682,42,51,3.22423766236508,2.72883120655556,3.03803668,2.73531118366667,-0.495406455809524,Down_in_Sepsis,0.239028944911298,1.62065236077654e-05,GSE137340
FLT3LG,GSE95233,22,51,6.15748357159091,5.11342464441177,6.12097883,5.08953355,-1.04405892717914,Down_in_Sepsis,0.0106951871657754,4.27867888939574e-11,GSE137340
CD2,GSE236713,30,125,0.708043955666666,-0.0776268521413334,0.666660063333334,-0.134848751666667,-0.785670807808,Down_in_Sepsis,0.138666666666667,8.53324050885315e-10,GSE137340
CD2,GSE54514,18,35,8.75932876266667,8.56340471002857,8.981865883,8.418735504,-0.195924052638095,Down_in_Sepsis,0.423809523809524,0.375848631836723,GSE137340
CD2,GSE57065,25,28,9.3945184,7.3731425,9.43029,7.160235,-2.0213759,Down_in_Sepsis,0.0342857142857143,1.6235659793742e-11,GSE137340
CD2,GSE65682,42,51,6.20772458516667,4.81238850996078,6.070118461,4.667293134,-1.39533607520588,Down_in_Sepsis,0.19140989729225,3.41351490852647e-07,GSE137340
CD2,GSE95233,22,51,8.10285617409091,6.12674059098039,8.079412035,6.09951893,-1.97611558311052,Down_in_Sepsis,0.0035650623885918,2.22762533627504e-11,GSE137340
GCLM,GSE236713,30,125,-1.04396553366667,0.183001533848,-1.10622265,0.14565897,1.22696706751467,Up_in_Sepsis,0.8688,3.81311386796998e-10,GSE137340
GCLM,GSE54514,18,35,8.05119805866667,7.95342745784286,8.06381905075,7.9280779365,-0.0977706008238099,Down_in_Sepsis,0.4,0.243028800589674,GSE137340
GCLM,GSE57065,25,28,4.8689996,6.51252952380952,5.04137666666667,6.65834833333333,1.64352992380952,Up_in_Sepsis,0.972857142857143,4.61758271866169e-12,GSE137340
GCLM,GSE65682,42,51,4.86525753780952,5.7799171554902,4.89675261675,5.773748018,0.914659617680672,Up_in_Sepsis,0.910364145658263,1.185113859869e-11,GSE137340
GCLM,GSE95233,22,51,4.18985757318182,5.84260062006536,4.197444275,5.80507515666667,1.65274304688354,Up_in_Sepsis,0.997326203208556,2.05178515500888e-11,GSE137340
GNLY,GSE236713,30,125,1.77677881166667,-0.167758878104,1.832153725,-0.32503754,-1.94453768977067,Down_in_Sepsis,0.112,4.47029686534949e-11,GSE137340
GNLY,GSE54514,18,35,8.15735403692593,8.0888684272381,8.23682268466667,8.02759917566667,-0.0684856096878299,Down_in_Sepsis,0.444444444444444,0.520600333060429,GSE137340
GNLY,GSE57065,25,28,10.3966178,7.96240732142857,10.441,7.895085,-2.43421047857143,Down_in_Sepsis,0.0842857142857143,1.16465658125434e-08,GSE137340
GNLY,GSE65682,42,51,6.51919426080357,5.05028397886765,6.423854145125,4.983618095,-1.46891028193592,Down_in_Sepsis,0.180672268907563,1.31591298422381e-07,GSE137340
GNLY,GSE95233,22,51,11.0241741922727,8.14679967784314,10.97150678,8.166844705,-2.87737451442959,Down_in_Sepsis,0.00445632798573975,2.41819260539641e-11,GSE137340
HVCN1,GSE236713,30,125,0.9364832065,-0.415413752516,0.9901943075,-0.2414941785,-1.351896959016,Down_in_Sepsis,0.0682666666666666,2.29532700678025e-13,GSE137340
HVCN1,GSE54514,18,35,7.65099864538889,7.55727021358571,7.67186343675,7.5027832985,-0.0937284318031741,Down_in_Sepsis,0.320634920634921,0.0336987484346747,GSE137340
HVCN1,GSE57065,25,28,8.6590252,7.332315,8.65657,7.26984,-1.3267102,Down_in_Sepsis,0.00285714285714286,8.85018249863286e-15,GSE137340
HVCN1,GSE65682,42,51,5.98048891713095,4.94761399490196,5.9306035605,4.9310506885,-1.03287492222899,Down_in_Sepsis,0.196078431372549,5.11745189944627e-07,GSE137340
HVCN1,GSE95233,22,51,8.44862367954545,6.99176186607843,8.49448535,7.0193678,-1.45686181346702,Down_in_Sepsis,0.0017825311942959,1.88955739655682e-11,GSE137340
TP53,GSE236713,30,125,1.01808966133333,-0.32744601876,1.0070018625,-0.367823955,-1.34553568009333,Down_in_Sepsis,0.0176,2.59297050143436e-16,GSE137340
TP53,GSE54514,18,35,7.12623776333333,7.1686722892,7.1269099715,7.175934792,0.0424345258666667,Up_in_Sepsis,0.666666666666667,0.0490209988229125,GSE137340
TP53,GSE57065,25,28,5.2080878,4.20476821428571,5.235205,4.24871,-1.00331958571429,Down_in_Sepsis,0.0371428571428571,2.59553727228655e-11,GSE137340
TP53,GSE65682,42,51,2.47697870042857,2.33623595177451,2.495268214,2.311044089,-0.140742748654062,Down_in_Sepsis,0.291316526610644,0.000566896165186858,GSE137340
TP53,GSE95233,22,51,7.31862288545455,6.09248923813726,7.3450128875,6.04792243,-1.22613364731729,Down_in_Sepsis,0.00802139037433155,3.35328660937072e-11,GSE137340
GSTO1,GSE236713,30,125,-0.584810701433333,0.08805488772,-0.4996829,0.09788275,0.672865589153333,Up_in_Sepsis,0.821066666666667,5.01489141257464e-08,GSE137340
GSTO1,GSE54514,18,35,11.0861301684167,11.1545495583143,11.01148176,11.149848465,0.0684193898976204,Up_in_Sepsis,0.56031746031746,0.484892703673966,GSE137340
GSTO1,GSE57065,25,28,8.5092466,9.87972053571429,8.537125,9.961315,1.37047393571429,Up_in_Sepsis,0.971428571428571,6.00484882532239e-12,GSE137340
GSTO1,GSE65682,42,51,8.66074945316667,9.4386096635098,8.67724544,9.499474827,0.777860210343137,Up_in_Sepsis,0.874416433239963,6.10967060983686e-10,GSE137340
GSTO1,GSE95233,22,51,8.08289759954545,9.82062042313725,8.051531915,9.82222832,1.7377228235918,Up_in_Sepsis,0.999108734402852,1.73990990394731e-11,GSE137340
MEN1,GSE236713,30,125,0.763143711883333,-0.141657544676,0.7332383375,-0.15708649,-0.904801256559333,Down_in_Sepsis,0.0717333333333333,3.55561831152515e-13,GSE137340
MEN1,GSE54514,18,35,7.17790065872222,7.15948155264762,7.1888920465,7.15767002133333,-0.0184191060746031,Down_in_Sepsis,0.376190476190476,0.146722427447959,GSE137340
MEN1,GSE57065,25,28,6.6538928,5.61158428571429,6.69605,5.58325,-1.04230851428571,Down_in_Sepsis,0.00714285714285714,4.20383668685061e-14,GSE137340
MEN1,GSE65682,42,51,3.01643658514286,2.64068330876471,2.9687561925,2.614839293,-0.375753276378151,Down_in_Sepsis,0.203548085901027,9.66515632862645e-07,GSE137340
MEN1,GSE95233,22,51,5.44766250863636,4.68791718745098,5.46167254,4.69990403,-0.759745321185383,Down_in_Sepsis,0.0374331550802139,4.5633095618853e-10,GSE137340
DDHD2,GSE236713,30,125,0.868778880666667,-0.277800521112,0.825674045,-0.204979655,-1.14657940177867,Down_in_Sepsis,0.0317333333333333,1.85237119125629e-15,GSE137340
DDHD2,GSE54514,18,35,7.83987530077778,7.8874167306,7.795715094,7.84011364,0.0475414298222221,Up_in_Sepsis,0.536507936507936,0.675476268134141,GSE137340
DDHD2,GSE57065,25,28,5.7152772,3.97757392857143,5.81834,4.012285,-1.73770327142857,Down_in_Sepsis,0.0285714285714286,6.00484882532239e-12,GSE137340
DDHD2,GSE65682,42,51,3.16424736317857,2.95973605752941,3.0097126625,2.939250218,-0.204511305649159,Down_in_Sepsis,0.407563025210084,0.127334237313012,GSE137340
DDHD2,GSE95233,22,51,7.37306440409091,5.7565529872549,7.294225365,5.77520165,-1.61651141683601,Down_in_Sepsis,0,1.60188706567253e-11,GSE137340
OXNAD1,GSE236713,30,125,1.71146616233333,-0.469834204224,1.73813105,-0.36164308,-2.18130036655733,Down_in_Sepsis,0.00613333333333334,5.04489186905776e-17,GSE137340
OXNAD1,GSE54514,18,35,7.17020501038889,7.14740787225714,7.179548502,7.129337311,-0.0227971381317458,Down_in_Sepsis,0.412698412698413,0.309195100119527,GSE137340
OXNAD1,GSE57065,25,28,6.789068,5.42670642857143,6.7082,5.41191,-1.36236157142857,Down_in_Sepsis,0.0114285714285714,1.482405568521e-13,GSE137340
OXNAD1,GSE65682,42,51,3.69733484242063,3.36351694094118,3.59445659266667,3.33543044833333,-0.333817901479458,Down_in_Sepsis,0.297385620915033,0.000818040315248112,GSE137340
OXNAD1,GSE95233,22,51,7.95533503090909,6.58903558058824,7.98982864,6.46919137,-1.36629945032086,Down_in_Sepsis,0.0142602495543672,5.9097281654302e-11,GSE137340
PBXIP1,GSE236713,30,125,0.936025429044444,-0.248970173058667,0.933247403333334,-0.214347733333333,-1.18499560210311,Down_in_Sepsis,0.0384,4.59160112920663e-15,GSE137340
PBXIP1,GSE54514,18,35,7.37166433866667,7.57216046191429,7.3645648955,7.554244995,0.200496123247619,Up_in_Sepsis,0.803174603174604,0.000202264659501755,GSE137340
PBXIP1,GSE57065,25,28,7.43155426666667,6.24534714285714,7.38923,6.27857333333334,-1.18620712380952,Down_in_Sepsis,0,2.21254562465821e-15,GSE137340
PBXIP1,GSE65682,42,51,3.44230739938095,3.19134909799346,3.4166364625,3.209620873,-0.250958301387488,Down_in_Sepsis,0.265172735760971,0.00010475879022912,GSE137340
PBXIP1,GSE95233,22,51,7.88964460075758,6.79942581326797,7.89694508666667,6.80100365333333,-1.0902187874896,Down_in_Sepsis,0.00267379679144385,2.05178515500888e-11,GSE137340
RSPH9,GSE236713,30,125,-1.29625465266667,0.376393829532,-1.3254007,0.3498981,1.67264848219867,Up_in_Sepsis,0.977066666666667,5.48193613878975e-16,GSE137340
RSPH9,GSE54514,18,35,7.2138817575,7.22506825585714,7.194389343,7.22298193,0.0111864983571426,Up_in_Sepsis,0.550793650793651,0.557589681355557,GSE137340
RSPH9,GSE57065,25,28,3.5401948,4.46714035714286,3.50504,4.48348,0.926945557142857,Up_in_Sepsis,0.941428571428571,5.67619729823566e-10,GSE137340
RSPH9,GSE65682,42,51,2.40720124847619,2.68466593094118,2.345513618,2.630564711,0.277464682464986,Up_in_Sepsis,0.750233426704015,3.56415344787041e-05,GSE137340
RSPH9,GSE95233,22,51,3.97336395636364,5.27368659921569,3.93409189,5.31890062,1.30032264285205,Up_in_Sepsis,0.979500891265597,1.03431303688478e-10,GSE137340
ESYT1,GSE236713,30,125,1.00553399666667,-0.363780722928,0.987070565,-0.35634398,-1.36931471959467,Down_in_Sepsis,0.0397333333333334,5.49734641168987e-15,GSE137340
ESYT1,GSE54514,18,35,8.58825545844445,8.88310813902857,8.3357548715,8.820688248,0.294852680584127,Up_in_Sepsis,0.65,0.0774849890888231,GSE137340
ESYT1,GSE57065,25,28,8.7365608,6.75381892857143,8.80187,6.698435,-1.98274187142857,Down_in_Sepsis,0,2.21254562465821e-15,GSE137340
ESYT1,GSE65682,42,51,6.12662558404762,5.67437770805882,6.1405313735,5.655128511,-0.452247875988795,Down_in_Sepsis,0.349673202614379,0.0130655315302598,GSE137340
ESYT1,GSE95233,22,51,10.1708738881818,8.06366981352941,10.122068805,8.04673925,-2.10720407465241,Down_in_Sepsis,0,1.60188706567253e-11,GSE137340
RAB31,GSE236713,30,125,-0.962364672,-0.02667884356,-0.8959365,-0.046078682,0.93568582844,Up_in_Sepsis,0.92,9.95838637189864e-13,GSE137340
RAB31,GSE54514,18,35,11.6838317444444,11.9574570522857,11.690245625,11.86922073,0.273625307841272,Up_in_Sepsis,0.630952380952381,0.123530872272355,GSE137340
RAB31,GSE57065,25,28,9.69014053333333,10.5050705952381,9.71907333333333,10.5944666666667,0.814930061904763,Up_in_Sepsis,0.964285714285714,2.05678241268228e-11,GSE137340
RAB31,GSE65682,42,51,9.21135854900595,9.71940333367647,9.314984492875,9.7143372425,0.508044784670519,Up_in_Sepsis,0.818860877684408,1.372467611671e-07,GSE137340
RAB31,GSE95233,22,51,9.65517543984848,10.6989991152288,9.69987265333334,10.7269384533333,1.04382367538028,Up_in_Sepsis,0.97415329768271,1.66193362226705e-10,GSE137340
DENND2D,GSE236713,30,125,0.822812814666667,-0.157198123776,0.81283713,-0.09323263,-0.980010938442667,Down_in_Sepsis,0.0362666666666666,3.43878852508724e-15,GSE137340
DENND2D,GSE54514,18,35,8.55204486838889,8.61056940891429,8.58278656,8.672880173,0.0585245405253971,Up_in_Sepsis,0.56031746031746,0.481240107497183,GSE137340
DENND2D,GSE57065,25,28,7.8349208,6.61288285714286,7.853465,6.58023,-1.22203794285714,Down_in_Sepsis,0.0171428571428571,6.01812409907034e-13,GSE137340
DENND2D,GSE65682,42,51,7.45849526502381,6.82591649578431,7.4967752295,6.872209391,-0.632578769239496,Down_in_Sepsis,0.208683473389356,1.48371788589805e-06,GSE137340
DENND2D,GSE95233,22,51,7.84907614,7.07771183892157,7.833080035,7.119796205,-0.771364301078432,Down_in_Sepsis,0.0249554367201426,1.53617362330698e-10,GSE137340
CLEC2D,GSE236713,30,125,1.04120925358333,-0.198422718188,1.1047092675,-0.22315204,-1.23963197177133,Down_in_Sepsis,0.0429333333333333,8.45106671254997e-15,GSE137340
CLEC2D,GSE54514,18,35,8.45484662955556,8.39492305122857,8.49691168533333,8.377343497,-0.059923578326984,Down_in_Sepsis,0.422222222222222,0.365828622459723,GSE137340
CLEC2D,GSE57065,25,28,5.7009537,4.68411241071429,5.75946,4.62121375,-1.01684128928571,Down_in_Sepsis,0.101428571428571,6.61776843551978e-08,GSE137340
CLEC2D,GSE65682,42,51,3.16864387478571,2.93176400130882,3.016411025125,2.8802499715,-0.236879873476891,Down_in_Sepsis,0.343604108309991,0.00981334239464975,GSE137340
CLEC2D,GSE95233,22,51,6.90685445443182,5.74225261147059,6.86646445625,5.6758782525,-1.16460184296123,Down_in_Sepsis,0.0071301247771836,3.09077930949446e-11,GSE137340
IL10,GSE236713,30,125,-2.411726201,0.43064073832,-2.5504639,0.28694677,2.84236693932,Up_in_Sepsis,0.988533333333333,1.08528994979761e-16,GSE137340
IL10,GSE54514,18,35,9.3612702025,9.3583498206,9.42679667525,9.390916825,-0.00292038190000099,Down_in_Sepsis,0.480952380952381,0.830638269796872,GSE137340
IL10,GSE57065,25,28,3.4014536,4.66862392857143,3.38691,4.534755,1.26717032857143,Up_in_Sepsis,0.978571428571428,1.51338120726622e-12,GSE137340
IL10,GSE65682,42,51,2.49251243707143,2.88937529939216,2.436297435,2.831393929,0.396862862320728,Up_in_Sepsis,0.751167133520075,3.33206979580799e-05,GSE137340
IL10,GSE95233,22,51,2.09511338636364,3.35605650882353,1.994026525,3.32369047,1.26094312245989,Up_in_Sepsis,0.973262032085562,1.79715761294967e-10,GSE137340
SORT1,GSE236713,30,125,-0.706404423733333,0.227203096272,-0.771602615,0.19755125,0.933607520005333,Up_in_Sepsis,0.8504,2.6981277217036e-09,GSE137340
SORT1,GSE54514,18,35,8.71298405866667,9.14312447157143,8.58379364,9.232644081,0.430140412904763,Up_in_Sepsis,0.66984126984127,0.0447364418045057,GSE137340
SORT1,GSE57065,25,28,5.36535746666667,7.15377690476191,5.34744666666667,7.267145,1.78841943809524,Up_in_Sepsis,0.997142857142857,8.85018249863286e-15,GSE137340
SORT1,GSE65682,42,51,5.31315710940476,6.39276388773203,5.30154617333333,6.49105467533333,1.07960677832726,Up_in_Sepsis,0.792717086834734,1.32094619341197e-06,GSE137340
SORT1,GSE95233,22,51,5.89014374712121,7.79737380843137,5.88646377833333,7.73794418666667,1.90723006131016,Up_in_Sepsis,1,1.60188706567253e-11,GSE137340
ELL2,GSE236713,30,125,-1.14776451966667,0.11433177912,-1.1742456,0.026556492,1.26209629878667,Up_in_Sepsis,0.9552,1.0846021960622e-14,GSE137340
ELL2,GSE54514,18,35,7.5344904265,7.5643885612,7.509443283,7.529659271,0.0298981347000007,Up_in_Sepsis,0.485714285714286,0.87439633186128,GSE137340
ELL2,GSE57065,25,28,4.3275304,5.303368125,4.28318,5.33216,0.975837725,Up_in_Sepsis,0.935714285714285,1.17043442289857e-09,GSE137340
ELL2,GSE65682,42,51,2.65065515554762,3.12153890973726,2.5992014937,3.0186471712,0.470883754189636,Up_in_Sepsis,0.869747899159664,9.93971462224936e-10,GSE137340
ELL2,GSE95233,22,51,5.47484565579546,6.6826355754902,5.4977540075,6.6303098,1.20778991969474,Up_in_Sepsis,0.994652406417112,2.62469054871502e-11,GSE137340
FCRL3,GSE236713,30,125,1.273647143,-0.192225734172,1.2623353,-0.15301692,-1.465872877172,Down_in_Sepsis,0.068,2.21902628234289e-13,GSE137340
FCRL3,GSE54514,18,35,7.14384541247222,7.1706733159,7.13995945475,7.1457457545,0.0268279034277779,Up_in_Sepsis,0.596825396825397,0.258573851662861,GSE137340
FCRL3,GSE57065,25,28,6.0559974,4.6981625,6.067315,4.6763,-1.3578349,Down_in_Sepsis,0.0285714285714286,6.00484882532239e-12,GSE137340
FCRL3,GSE65682,42,51,4.44443419128571,3.44874680003922,4.20127511525,3.293936597,-0.995687391246499,Down_in_Sepsis,0.239495798319328,1.67819968292486e-05,GSE137340
FCRL3,GSE95233,22,51,6.63973678431818,4.78294111637255,6.64623244,4.782497485,-1.85679566794563,Down_in_Sepsis,0.0249554367201426,1.53617362330698e-10,GSE137340
SAMSN1,GSE236713,30,125,-1.322184437,0.389682398088,-1.27199865,0.454906,1.711866835088,Up_in_Sepsis,0.921066666666666,8.72868657060723e-13,GSE137340
SAMSN1,GSE54514,18,35,8.54743970766667,8.24368333817143,8.6319236755,8.245950222,-0.30375636949524,Down_in_Sepsis,0.373015873015873,0.136432076366508,GSE137340
SAMSN1,GSE57065,25,28,5.69177106666667,9.00282095238096,5.69520333333333,9.19751166666667,3.31104988571429,Up_in_Sepsis,1,2.21254562465821e-15,GSE137340
SAMSN1,GSE65682,42,51,8.64918178359524,9.36890865386274,8.93843928875,9.3145396715,0.719726870267506,Up_in_Sepsis,0.663865546218487,0.00681281918159801,GSE137340
SAMSN1,GSE95233,22,51,4.53768675378788,7.75494894176471,4.68618369166667,7.88851986333333,3.21726218797683,Up_in_Sepsis,1,1.60188706567253e-11,GSE137340
TTC39C,GSE236713,30,125,0.792268556777778,-0.33968105264,0.774766445,-0.279564227666667,-1.13194960941778,Down_in_Sepsis,0.0341333333333333,2.57208337503296e-15,GSE137340
TTC39C,GSE54514,18,35,7.60861818011111,7.71487300057143,7.573449135,7.709640503,0.106254820460318,Up_in_Sepsis,0.611111111111111,0.193736415761008,GSE137340
TTC39C,GSE57065,25,28,5.62807093333333,4.47856702380953,5.67173333333333,4.40639,-1.14950390952381,Down_in_Sepsis,0.0271428571428571,4.61758271866169e-12,GSE137340
TTC39C,GSE65682,42,51,3.18771820092857,2.78651574105882,3.09974317825,2.7544156625,-0.401202459869748,Down_in_Sepsis,0.285714285714286,0.000400707725100461,GSE137340
TTC39C,GSE95233,22,51,7.30349447,6.00973341470588,7.257106195,6.00379262333333,-1.29376105529412,Down_in_Sepsis,0.0231729055258467,1.31192583927308e-10,GSE137340
GPR18,GSE236713,30,125,1.452647803,-0.467062276768,1.51501465,-0.32153368,-1.919710079768,Down_in_Sepsis,0.0317333333333333,1.85237119125629e-15,GSE137340
GPR18,GSE54514,18,35,7.3599136405,7.39623147411429,7.372168779,7.32977581,0.0363178336142855,Up_in_Sepsis,0.485714285714286,0.87439633186128,GSE137340
GPR18,GSE57065,25,28,7.6384188,5.60695571428571,7.71208,5.52495,-2.03146308571429,Down_in_Sepsis,0.0185714285714286,8.25279517997514e-13,GSE137340
GPR18,GSE65682,42,51,4.44304290482143,3.61450696640196,4.16050167325,3.5952993825,-0.828535938419468,Down_in_Sepsis,0.273576097105509,0.000183773623049862,GSE137340
GPR18,GSE95233,22,51,6.99960598636364,5.89107619078431,7.022123075,5.93371968,-1.10852979557932,Down_in_Sepsis,0.018716577540107,8.82077171942536e-11,GSE137340
HMGN3,GSE236713,30,125,1.16113619766667,-0.2952496986,1.17591355,-0.24154401,-1.45638589626667,Down_in_Sepsis,0.032,1.9213337153322e-15,GSE137340
HMGN3,GSE54514,18,35,7.16714183483333,7.15611050474286,7.156966925,7.143279076,-0.0110313300904759,Down_in_Sepsis,0.411111111111111,0.300340734781541,GSE137340
HMGN3,GSE57065,25,28,8.0597532,6.95251607142857,8.04422,6.96679,-1.10723712857143,Down_in_Sepsis,0.09,2.12226336420772e-08,GSE137340
HMGN3,GSE65682,42,51,4.35855524967857,3.7569734415098,4.2773614045,3.7769206565,-0.601581808168767,Down_in_Sepsis,0.164332399626517,2.90919121368197e-08,GSE137340
HMGN3,GSE95233,22,51,8.02071305681818,6.87577318372549,7.96402491,6.89547269,-1.14493987309269,Down_in_Sepsis,0.0115864527629234,4.63944869067713e-11,GSE137340
STAT4,GSE236713,30,125,1.756422655,-0.270951191372,1.74187625,-0.186457515,-2.027373846372,Down_in_Sepsis,0.0192,3.24868406725649e-16,GSE137340
STAT4,GSE54514,18,35,7.96285049127778,8.03548515865714,7.8583993915,7.947469711,0.0726346673793641,Up_in_Sepsis,0.549206349206349,0.570192060596712,GSE137340
STAT4,GSE57065,25,28,7.9695324,6.48809821428571,7.98157,6.34789,-1.48143418571429,Down_in_Sepsis,0.0428571428571429,6.3278804865225e-11,GSE137340
STAT4,GSE65682,42,51,4.98455541134524,4.23852325806863,4.85715758825,4.011113863,-0.746032153276611,Down_in_Sepsis,0.26937441643324,0.000139069668039901,GSE137340
STAT4,GSE95233,22,51,8.64004798,7.01069937764706,8.622611025,6.88613663,-1.62934860235294,Down_in_Sepsis,0.0222816399286987,1.21213677994709e-10,GSE137340
CD74,GSE236713,30,125,1.279571065,-0.524007842672,1.30482745,-0.46420026,-1.803578907672,Down_in_Sepsis,0.0466666666666666,1.39059149341468e-14,GSE137340
CD74,GSE54514,18,35,8.98056897425926,9.11129872898096,8.9942328935,9.14352973466667,0.130729754721695,Up_in_Sepsis,0.574603174603175,0.38603295488447,GSE137340
CD74,GSE57065,25,28,7.48762533333333,6.45569214285714,7.47123,6.38603166666667,-1.03193319047619,Down_in_Sepsis,0.0385714285714286,3.26107099618374e-11,GSE137340
CD74,GSE65682,42,51,7.0118082882381,5.89471187256863,6.9309952324,5.904229519,-1.11709641566947,Down_in_Sepsis,0.133986928104575,1.46096046156619e-09,GSE137340
CD74,GSE95233,22,51,9.35839677333333,7.69299227346405,9.43190852,7.61843798666667,-1.66540449986928,Down_in_Sepsis,0.0311942959001783,2.6568328672965e-10,GSE137340
SLC26A8,GSE236713,30,125,-3.313180685,0.2865534076,-3.40846845,0.6120777,3.5997340926,Up_in_Sepsis,0.944533333333334,4.42812327766133e-14,GSE137340
SLC26A8,GSE54514,18,35,7.48923361302778,7.67345543589286,7.460270703,7.65936887275,0.18422182286508,Up_in_Sepsis,0.788888888888889,0.000427528816453806,GSE137340
SLC26A8,GSE57065,25,28,4.1855804,6.50867357142857,4.14418,6.42574,2.32309317142857,Up_in_Sepsis,1,2.21254562465821e-15,GSE137340
SLC26A8,GSE65682,42,51,4.18775508078571,4.46535759517647,4.4242065175,4.493589345,0.277602514390757,Up_in_Sepsis,0.586367880485527,0.154348393835561,GSE137340
SLC26A8,GSE95233,22,51,4.39333912818182,6.48541257313726,4.47672437,6.71208165,2.09207344495544,Up_in_Sepsis,0.983065953654189,7.51571277898833e-11,GSE137340
LRG1,GSE236713,30,125,-2.65232736133333,0.29905142176,-2.67979765,0.35753083,2.95137878309333,Up_in_Sepsis,0.976533333333333,5.90546839114587e-16,GSE137340
LRG1,GSE54514,18,35,10.3734534596111,10.7517133432857,10.34638739,10.96588039,0.378259883674604,Up_in_Sepsis,0.646825396825397,0.083998876917753,GSE137340
LRG1,GSE57065,25,28,7.8083352,9.46729642857143,7.68215,9.48017,1.65896122857143,Up_in_Sepsis,0.981428571428571,8.25279517997514e-13,GSE137340
LRG1,GSE65682,42,51,9.30556027992857,9.3420292345,9.318902384,9.4053062815,0.0364689545714292,Up_in_Sepsis,0.517740429505135,0.772198951957854,GSE137340
LRG1,GSE95233,22,51,6.20405822181818,8.02818196529412,6.262803945,8.14824263,1.82412374347594,Up_in_Sepsis,0.977718360071301,1.21213677994709e-10,GSE137340
NDUFAF1,GSE236713,30,125,-0.445369071133333,-0.00185189846400002,-0.46258211,-0.007460356,0.443517172669333,Up_in_Sepsis,0.738666666666667,5.09366329603788e-05,GSE137340
NDUFAF1,GSE54514,18,35,7.36864235666667,7.49095548914286,7.3494980335,7.459527969,0.122313132476191,Up_in_Sepsis,0.609523809523809,0.200299536283,GSE137340
NDUFAF1,GSE57065,25,28,5.4185392,6.67227071428571,5.43146,6.788555,1.25373151428571,Up_in_Sepsis,0.985714285714286,3.07543841827492e-13,GSE137340
NDUFAF1,GSE65682,42,51,5.82976296954762,6.43335832106863,5.821339374,6.5530313075,0.603595351521009,Up_in_Sepsis,0.814659197012139,1.99915688810139e-07,GSE137340
NDUFAF1,GSE95233,22,51,5.26522573590909,6.98095489921569,5.323704455,6.93288925,1.7157291633066,Up_in_Sepsis,0.999108734402852,1.73990990394731e-11,GSE137340
DNPEP,GSE236713,30,125,1.1930692895,-0.302771213868,1.178080775,-0.30650818,-1.495840503368,Down_in_Sepsis,0.0114666666666667,1.08528994979761e-16,GSE137340
DNPEP,GSE54514,18,35,7.14911180072222,7.16371590745714,7.151822567,7.147594452,0.0146041067349207,Up_in_Sepsis,0.476190476190476,0.787389209638866,GSE137340
DNPEP,GSE57065,25,28,5.4987372,4.87964047619048,5.48331666666667,4.84165833333334,-0.619096723809524,Down_in_Sepsis,0.0457142857142857,9.67568327119284e-11,GSE137340
DNPEP,GSE65682,42,51,3.04696863277381,2.79425552279412,3.02471308075,2.7838898215,-0.252713109979692,Down_in_Sepsis,0.227824463118581,6.89525296366914e-06,GSE137340
DNPEP,GSE95233,22,51,5.94762575560606,5.10223925150327,5.913498355,5.07245714666667,-0.845386504102793,Down_in_Sepsis,0.0303030303030303,2.45787230860139e-10,GSE137340
RPL23A,GSE236713,30,125,0.826183969583333,-0.314371562712,0.775374115,-0.25640231075,-1.14055553229533,Down_in_Sepsis,0.0157333333333333,1.99145076149493e-16,GSE137340
RPL23A,GSE54514,18,35,8.244294564,8.01834226334286,8.2196707725,8.002979279,-0.225952300657143,Down_in_Sepsis,0.33015873015873,0.0447364418045057,GSE137340
RPL23A,GSE57065,25,28,13.037852,12.2827776785714,13.024175,12.3223625,-0.75507432142857,Down_in_Sepsis,0.0357142857142857,2.05678241268228e-11,GSE137340
RPL23A,GSE65682,42,51,11.4347024902381,11.042727088098,11.402938035,11.09118584,-0.391975402140055,Down_in_Sepsis,0.256302521008403,5.67392658172337e-05,GSE137340
RPL23A,GSE95233,22,51,12.5848604061364,11.9707480972059,12.64315063875,11.990826125,-0.614112308930482,Down_in_Sepsis,0.0490196078431373,1.22342240401873e-09,GSE137340
NEDD4,GSE236713,30,125,-1.273502168,0.397297183056,-1.2119789,0.24166799,1.670799351056,Up_in_Sepsis,0.9384,9.79858691639425e-14,GSE137340
NEDD4,GSE54514,18,35,7.40197377744445,7.45255441668572,7.293729067,7.362484932,0.0505806392412698,Up_in_Sepsis,0.544444444444444,0.608776071190231,GSE137340
NEDD4,GSE57065,25,28,4.1790708,6.06599857142857,4.12133,6.318955,1.88692777142857,Up_in_Sepsis,0.96,4.0828104411818e-11,GSE137340
NEDD4,GSE65682,42,51,2.49075096504762,3.27117288477451,2.42147204125,3.09234915,0.780421919726891,Up_in_Sepsis,0.854808590102708,4.53660421333723e-09,GSE137340
NEDD4,GSE95233,22,51,4.48783945818182,5.98384373176471,4.468600125,6.04517117,1.49600427358289,Up_in_Sepsis,0.982174688057041,8.14407368438532e-11,GSE137340
IL7R,GSE236713,30,125,1.50034134666667,-0.372934736112,1.4990399,-0.40935183,-1.87327608277867,Down_in_Sepsis,0.0578666666666667,6.04992351666079e-14,GSE137340
IL7R,GSE54514,18,35,9.10606804119444,9.19487973631429,9.027028322,9.114081383,0.0888116951198423,Up_in_Sepsis,0.528571428571429,0.744773717603001,GSE137340
IL7R,GSE57065,25,28,10.9392112,8.73376410714286,10.91715,8.7178475,-2.20544709285714,Down_in_Sepsis,0.01,9.95645531096197e-14,GSE137340
IL7R,GSE65682,42,51,6.64671546306349,5.54687169466667,6.62625680516667,5.765218408,-1.09984376839683,Down_in_Sepsis,0.235294117647059,1.22339408576402e-05,GSE137340
IL7R,GSE95233,22,51,9.905825935,7.66603812098039,9.9397699425,7.57557882,-2.23978781401961,Down_in_Sepsis,0.00802139037433155,3.35328660937072e-11,GSE137340
SLC22A4,GSE236713,30,125,-2.23118588233333,0.17182621576,-2.15473455,0.41756248,2.40301209809333,Up_in_Sepsis,0.965066666666667,2.86844175544285e-15,GSE137340
SLC22A4,GSE54514,18,35,9.06959864822222,8.95887375554286,9.07957077025,8.9105238915,-0.110724892679364,Down_in_Sepsis,0.442857142857143,0.508552086621423,GSE137340
SLC22A4,GSE57065,25,28,7.590702,9.29907107142857,7.60221,9.32645,1.70836907142857,Up_in_Sepsis,0.997142857142857,8.85018249863286e-15,GSE137340
SLC22A4,GSE65682,42,51,8.18572281233333,8.43599748539216,8.211869128,8.514700148,0.250274673058824,Up_in_Sepsis,0.627450980392157,0.0354047671078647,GSE137340
SLC22A4,GSE95233,22,51,6.25762445045455,7.99711069039216,6.29720801,8.07938812,1.73948623993761,Up_in_Sepsis,0.981283422459893,8.82077171942536e-11,GSE137340
CORO2A,GSE236713,30,125,-0.5199214198,0.213472372536,-0.46149505425,0.24115312,0.733393792336,Up_in_Sepsis,0.8448,4.80257529988398e-09,GSE137340
CORO2A,GSE54514,18,35,7.4504498375,7.5184669676381,7.44821921966667,7.52497132633333,0.0680171301380952,Up_in_Sepsis,0.619047619047619,0.163232997664367,GSE137340
CORO2A,GSE57065,25,28,4.6884328,5.78904857142857,4.67395,5.9757475,1.10061577142857,Up_in_Sepsis,0.955714285714286,7.83661534797693e-11,GSE137340
CORO2A,GSE65682,42,51,3.70629702822619,4.65990027285784,3.677145447625,4.6758834205,0.953603244631653,Up_in_Sepsis,0.876750700280112,4.77959681350515e-10,GSE137340
CORO2A,GSE95233,22,51,4.62865646886364,5.59748904029412,4.6219504925,5.610873555,0.968832571430482,Up_in_Sepsis,0.973262032085562,1.79773479549631e-10,GSE137340
OLAH,GSE236713,30,125,-3.06712965166667,1.43117601538,-3.100506725,1.32750345,4.49830566704667,Up_in_Sepsis,0.9728,9.92003678560482e-16,GSE137340
OLAH,GSE54514,18,35,8.14875949727778,8.42373714437143,7.7577610015,8.232910156,0.274977647093651,Up_in_Sepsis,0.555555555555555,0.520600333060429,GSE137340
OLAH,GSE57065,25,28,3.17378386666667,6.39807595238095,3.18472,6.61012833333333,3.22429208571429,Up_in_Sepsis,0.961428571428571,3.26107099618374e-11,GSE137340
OLAH,GSE65682,42,51,3.97283181542857,5.692985117,3.6834860235,5.98110319,1.72015330157143,Up_in_Sepsis,0.776844070961719,4.78279497877484e-06,GSE137340
OLAH,GSE95233,22,51,3.96071946833333,6.49699370058824,3.90941330833334,6.53217998666667,2.5362742322549,Up_in_Sepsis,0.967023172905526,3.10305804161485e-10,GSE137340
TSPO,GSE236713,30,125,-0.846677832533333,0.000317008679999967,-0.84117175,0.001459122,0.846994841213333,Up_in_Sepsis,0.877333333333334,1.4897284264812e-10,GSE137340
TSPO,GSE54514,18,35,12.0371245810278,12.0085690904143,12.01227951175,12.035803795,-0.0285554906134919,Down_in_Sepsis,0.492063492063492,0.933308660155946,GSE137340
TSPO,GSE57065,25,28,9.8155904,11.3768821428571,9.77179,11.43895,1.56129174285714,Up_in_Sepsis,0.981428571428571,8.25279517997514e-13,GSE137340
TSPO,GSE65682,42,51,9.99027076420635,10.5461345918693,10.0103408118333,10.5624629066667,0.555863827662934,Up_in_Sepsis,0.80905695611578,3.27701771838717e-07,GSE137340
TSPO,GSE95233,22,51,8.87713736954546,10.6166380707843,8.923230245,10.62249139,1.73950070123886,Up_in_Sepsis,0.998217468805704,1.88955739655682e-11,GSE137340
TSEN54,GSE236713,30,125,0.935930648333333,-0.233806446496,0.8792305,-0.23895669,-1.16973709482933,Down_in_Sepsis,0.0613333333333333,9.46808836066134e-14,GSE137340
TSEN54,GSE54514,18,35,7.255215009,7.29880080902857,7.2327387335,7.24778223,0.0435858000285716,Up_in_Sepsis,0.541269841269841,0.635114297097459,GSE137340
TSEN54,GSE57065,25,28,6.55861253333333,5.84650238095238,6.55367,5.752225,-0.712110152380953,Down_in_Sepsis,0.07,2.33646588000407e-09,GSE137340
TSEN54,GSE65682,42,51,3.95500163419048,3.360699128,3.8425869405,3.34273128,-0.594302506190477,Down_in_Sepsis,0.214285714285714,2.34946181807094e-06,GSE137340
TSEN54,GSE95233,22,51,6.88718881924242,5.64676556960784,6.93623899666667,5.60041233666667,-1.24042324963458,Down_in_Sepsis,0.0035650623885918,2.22762533627504e-11,GSE137340
BCL6,GSE236713,30,125,-3.24843976333333,0.391965990184,-3.46802635,0.5918217,3.64040575351733,Up_in_Sepsis,0.985066666666666,1.77791698605755e-16,GSE137340
BCL6,GSE54514,18,35,12.0160900222222,12.1402279997143,11.93818569,12.1618042,0.124137977492063,Up_in_Sepsis,0.537301587301587,0.665733218591997,GSE137340
BCL6,GSE57065,25,28,8.2624333,9.81840196428571,8.197805,9.964295,1.55596866428571,Up_in_Sepsis,0.997142857142857,8.85018249863286e-15,GSE137340
BCL6,GSE65682,42,51,9.62679411285714,9.80325466081177,9.6651421179,9.9206306838,0.176460547954623,Up_in_Sepsis,0.594304388422035,0.119808285134035,GSE137340
BCL6,GSE95233,22,51,9.22323070636364,10.9644747007843,9.35365831125,11.00211056,1.74124399442068,Up_in_Sepsis,0.983065953654189,7.51822548100406e-11,GSE137340
CD5,GSE236713,30,125,1.94074734366667,-0.494284701816,2.06500675,-0.3661964,-2.43503204548267,Down_in_Sepsis,0.0109333333333333,1.00562164223352e-16,GSE137340
CD5,GSE54514,18,35,7.52292580072222,7.55147906714286,7.479497194,7.411153793,0.0285532664206345,Up_in_Sepsis,0.522222222222222,0.801741213878021,GSE137340
CD5,GSE57065,25,28,6.6226518,5.58009517857143,6.622245,5.5289525,-1.04255662142857,Down_in_Sepsis,0.00428571428571428,1.54878193726075e-14,GSE137340
CD5,GSE65682,42,51,4.41897496688095,3.77141629735294,4.288979572,3.733617556,-0.647558669528011,Down_in_Sepsis,0.262838468720822,8.93248726288813e-05,GSE137340
CD5,GSE95233,22,51,6.077826255,4.77774765480392,6.059244855,4.728045905,-1.30007860019608,Down_in_Sepsis,0.0035650623885918,2.22762533627504e-11,GSE137340
HLA-DRB1,GSE236713,30,125,0.7768310798,-0.461721187136,0.9588511,-0.3633566,-1.238552266936,Down_in_Sepsis,0.114666666666667,6.05811589133145e-11,GSE137340
HLA-DRB1,GSE54514,18,35,8.07767777966667,7.84696529931429,8.050330162,7.225830078,-0.230712480352381,Down_in_Sepsis,0.49047619047619,0.918534356570284,GSE137340
HLA-DRB1,GSE57065,25,28,8.39361106666667,6.85011928571429,8.27477,6.797975,-1.54349178095238,Down_in_Sepsis,0.01,9.95645531096197e-14,GSE137340
HLA-DRB1,GSE65682,42,51,8.70409771288095,7.31744396111765,8.7031124085,7.310401546,-1.3866537517633,Down_in_Sepsis,0.139122315592904,2.46596291598238e-09,GSE137340
HLA-DRB1,GSE95233,22,51,7.73874228454546,6.15605486993464,7.747733325,6.11209931333333,-1.58268741461082,Down_in_Sepsis,0.0133689839572193,5.45249501386452e-11,GSE137340
LPIN1,GSE236713,30,125,0.476922982611111,-0.102607350312,0.481255966166667,-0.12766265,-0.579530332923111,Down_in_Sepsis,0.1584,6.65038293719758e-09,GSE137340
LPIN1,GSE54514,18,35,7.77959052716667,7.80108935482857,7.646956682,7.766470909,0.0214988276619046,Up_in_Sepsis,0.50952380952381,0.918534356570284,GSE137340
LPIN1,GSE57065,25,28,6.25245066666667,4.9172969047619,6.26467666666667,4.81635333333333,-1.33515376190476,Down_in_Sepsis,0.00857142857142857,6.63763687397464e-14,GSE137340
LPIN1,GSE65682,42,51,4.65804562944048,3.85236508893137,4.552630174,3.8013324115,-0.805680540509103,Down_in_Sepsis,0.171802054154995,5.85100525032645e-08,GSE137340
LPIN1,GSE95233,22,51,6.57159582333333,5.58129113006536,6.529537055,5.51319842,-0.990304693267974,Down_in_Sepsis,0.0151515151515151,6.40439715698351e-11,GSE137340
FBL,GSE236713,30,125,0.731590269666667,-0.36739322316,0.7468555,-0.3744626,-1.09898349282667,Down_in_Sepsis,0.0336,2.39148221399339e-15,GSE137340
FBL,GSE54514,18,35,8.48545458583333,8.51916061128572,8.48477602,8.477482796,0.033706025452382,Up_in_Sepsis,0.50952380952381,0.918534356570284,GSE137340
FBL,GSE57065,25,28,8.8333428,7.51622035714286,8.87427,7.497025,-1.31712244285714,Down_in_Sepsis,0.0442857142857143,7.83661534797693e-11,GSE137340
FBL,GSE65682,42,51,6.79894255416667,6.13709882639216,6.742908067,6.211732171,-0.661843727774509,Down_in_Sepsis,0.255835667600373,5.49061397202417e-05,GSE137340
FBL,GSE95233,22,51,8.76218375818182,7.55330527254902,8.840729855,7.50849983,-1.2088784856328,Down_in_Sepsis,0.0285204991087344,2.10264174876355e-10,GSE137340
FGD4,GSE236713,30,125,-1.48731373511111,0.265071638282667,-1.459107625,0.44960681,1.75238537339378,Up_in_Sepsis,0.9536,1.34216974006198e-14,GSE137340
FGD4,GSE54514,18,35,7.26143052838889,7.35503440594286,7.272166729,7.323793411,0.093603877553968,Up_in_Sepsis,0.634920634920635,0.113099435153609,GSE137340
FGD4,GSE57065,25,28,5.12866506666667,6.80232880952381,5.18355333333333,6.82797,1.67366374285714,Up_in_Sepsis,1,2.21254562465821e-15,GSE137340
FGD4,GSE65682,42,51,4.98027886968571,5.02361538538039,5.0128656349,5.0915596574,0.0433365156946781,Up_in_Sepsis,0.507002801120448,0.910871049431307,GSE137340
FGD4,GSE95233,22,51,5.49461728651515,7.06965304784314,5.56427415166667,7.17676399,1.57503576132799,Up_in_Sepsis,0.978609625668449,1.11977955795568e-10,GSE137340
MTR,GSE236713,30,125,0.881806782588889,-0.30579821076,0.900440848333334,-0.23730572,-1.18760499334889,Down_in_Sepsis,0.0394666666666667,5.30313723338684e-15,GSE137340
MTR,GSE54514,18,35,7.35112476355556,7.27259971071429,7.346547127,7.277373314,-0.0785250528412691,Down_in_Sepsis,0.33015873015873,0.0447364418045057,GSE137340
MTR,GSE57065,25,28,5.6481314,4.506345,5.69911,4.4509575,-1.1417864,Down_in_Sepsis,0.0414285714285714,5.09106748233855e-11,GSE137340
MTR,GSE65682,42,51,3.03414321494048,2.76617005036275,2.93351348925,2.765290176,-0.267973164577731,Down_in_Sepsis,0.313258636788048,0.00204143150213191,GSE137340
MTR,GSE95233,22,51,5.81883397659091,4.89199163431373,5.7920485425,4.94888113,-0.926842342277184,Down_in_Sepsis,0.0169340463458111,7.51822548100406e-11,GSE137340
PNPLA1,GSE236713,30,125,-1.87529928666667,0.350765931024,-1.6847677,0.43668938,2.22606521769067,Up_in_Sepsis,0.954666666666667,1.16453145345785e-14,GSE137340
PNPLA1,GSE54514,18,35,7.53483740488889,7.49948299954286,7.478311777,7.380781174,-0.0353544053460322,Down_in_Sepsis,0.377777777777778,0.152080729356349,GSE137340
PNPLA1,GSE57065,25,28,3.4547696,4.5522275,3.42356,4.456935,1.0974579,Up_in_Sepsis,0.971428571428571,6.00484882532239e-12,GSE137340
PNPLA1,GSE65682,42,51,2.64830895905952,3.18159627296078,2.64547650875,3.1381949635,0.533287313901261,Up_in_Sepsis,0.813258636788049,2.26382806629161e-07,GSE137340
PNPLA1,GSE95233,22,51,3.34164590954545,5.02692521078431,3.454345565,5.14149137,1.68527930123886,Up_in_Sepsis,0.975044563279857,1.53617362330698e-10,GSE137340
FLOT1,GSE236713,30,125,-1.165068242,0.223471958176,-1.1975839,0.32332516,1.388540200176,Up_in_Sepsis,0.939733333333333,8.25220638541581e-14,GSE137340
FLOT1,GSE54514,18,35,10.6643228525556,10.5952044625143,10.58430719,10.71742725,-0.06911839004127,Down_in_Sepsis,0.461111111111111,0.6521574088568,GSE137340
FLOT1,GSE57065,25,28,7.1668851,8.46203419642857,7.1148075,8.527155,1.29514909642857,Up_in_Sepsis,1,2.21254562465821e-15,GSE137340
FLOT1,GSE65682,42,51,8.68636359471429,9.08375224970588,8.83385315383334,9.1793227455,0.397388654991596,Up_in_Sepsis,0.722689075630252,0.000234538753894669,GSE137340
FLOT1,GSE95233,22,51,7.74679310647727,9.09481459642157,7.77259990875,9.14834847,1.3480214899443,Up_in_Sepsis,0.997326203208556,2.05178515500888e-11,GSE137340
IKZF2,GSE236713,30,125,1.44717406022222,-0.283229699130667,1.4414653,-0.255656716666667,-1.73040375935289,Down_in_Sepsis,0.0368,3.6969859547151e-15,GSE137340
IKZF2,GSE54514,18,35,7.24253732183333,7.26206650511429,7.23477276166667,7.24816433566667,0.0195291832809525,Up_in_Sepsis,0.585714285714286,0.318216803699425,GSE137340
IKZF2,GSE57065,25,28,4.39169533333333,3.69790797619048,4.39899333333333,3.65444666666667,-0.693787357142858,Down_in_Sepsis,0.04,4.0828104411818e-11,GSE137340
IKZF2,GSE65682,42,51,2.30243908519048,2.10009492494118,2.195092858,2.05836692,-0.2023441602493,Down_in_Sepsis,0.321661998132586,0.00322769215714026,GSE137340
IKZF2,GSE95233,22,51,6.32735359833333,4.71685715267974,6.345953685,4.69897366666667,-1.61049644565359,Down_in_Sepsis,0.00089126559714795,1.73990990394731e-11,GSE137340
KIF1B,GSE236713,30,125,-1.65837921791667,0.35785732652,-1.72017819125,0.32322859875,2.01623654443667,Up_in_Sepsis,0.9752,7.11052358786845e-16,GSE137340
KIF1B,GSE54514,18,35,8.26908577820371,8.51468252,8.1966413655,8.46628014266667,0.245596741796295,Up_in_Sepsis,0.706349206349206,0.013996501301365,GSE137340
KIF1B,GSE57065,25,28,5.2217212,6.61516098214286,5.234115,6.6660875,1.39343978214286,Up_in_Sepsis,1,2.21254562465821e-15,GSE137340
KIF1B,GSE65682,42,51,4.96487148781349,5.12895045621569,5.09920500116667,5.22113057833333,0.164078968402195,Up_in_Sepsis,0.570961718020541,0.242170395544248,GSE137340
KIF1B,GSE95233,22,51,6.27562536386364,7.85202734083333,6.2762148775,7.9329280575,1.5764019769697,Up_in_Sepsis,0.986631016042781,5.45249501386452e-11,GSE137340
PRF1,GSE236713,30,125,1.35118907033333,-0.2663513296,1.38126825,-0.1534996,-1.61754039993333,Down_in_Sepsis,0.120266666666667,1.13946343817083e-10,GSE137340
PRF1,GSE54514,18,35,8.4960291385,8.33293646388571,8.535378933,8.141581535,-0.163092674614287,Down_in_Sepsis,0.382539682539682,0.169030570051923,GSE137340
PRF1,GSE57065,25,28,9.5355144,7.68502321428572,9.43972,7.6176,-1.85049118571429,Down_in_Sepsis,0.0671428571428572,1.66003315635981e-09,GSE137340
PRF1,GSE65682,42,51,6.02112690760714,4.77303257662745,6.00905596475,4.554959574,-1.24809433097969,Down_in_Sepsis,0.166666666666667,3.62489033813588e-08,GSE137340
PRF1,GSE95233,22,51,9.62513631886364,7.26471138068628,9.689502325,7.22537834,-2.36042493817736,Down_in_Sepsis,0.00267379679144385,2.05178515500888e-11,GSE137340
RORA,GSE236713,30,125,1.62773954,-0.457789509928,1.6519983,-0.25106025,-2.085529049928,Down_in_Sepsis,0.0333333333333333,2.30592428929965e-15,GSE137340
RORA,GSE54514,18,35,7.28849949835556,7.30800459995429,7.2765829563,7.2860398292,0.01950510159873,Up_in_Sepsis,0.525396825396825,0.773107646476209,GSE137340
RORA,GSE57065,25,28,5.08820155,4.00360566964286,5.17232,3.985955,-1.08459588035714,Down_in_Sepsis,0.0485714285714286,1.46118725598053e-10,GSE137340
RORA,GSE65682,42,51,3.96613137085714,3.06236520933333,3.68559131816667,2.948146407,-0.90376616152381,Down_in_Sepsis,0.211951447245565,1.94192092211731e-06,GSE137340
RORA,GSE95233,22,51,6.91478204085227,5.05348908598039,6.8897204275,5.0774353375,-1.86129295487188,Down_in_Sepsis,0,1.60188706567253e-11,GSE137340
C6orf136,GSE236713,30,125,0.368452690266667,-0.188304937008,0.351998565,-0.20735669,-0.556757627274667,Down_in_Sepsis,0.0677333333333333,2.14521866245404e-13,GSE137340
C6orf136,GSE54514,18,35,7.41619025344444,7.34133194511429,7.427095413,7.337261677,-0.0748583083301586,Down_in_Sepsis,0.333333333333333,0.0490209988229125,GSE137340
C6orf136,GSE57065,25,28,6.04854,4.8870325,6.09023,4.82343,-1.1615075,Down_in_Sepsis,0.00857142857142857,6.63763687397464e-14,GSE137340
C6orf136,GSE65682,42,51,3.41323659552381,3.15520682568627,3.379591583,3.129158653,-0.258029769837535,Down_in_Sepsis,0.302054154995331,0.00107769174072932,GSE137340
C6orf136,GSE95233,22,51,5.8041086175,5.15354478196078,5.7730858025,5.13872452,-0.650563835539216,Down_in_Sepsis,0.0258467023172906,1.66193362226705e-10,GSE137340
TTC3,GSE236713,30,125,1.1542030185,-0.353639129396,1.194192675,-0.23060298,-1.507842147896,Down_in_Sepsis,0.0114666666666667,1.08528994979761e-16,GSE137340
TTC3,GSE54514,18,35,8.14962307622222,8.3438826152,8.016328812,8.284819603,0.194259538977779,Up_in_Sepsis,0.63015873015873,0.126696950829082,GSE137340
TTC3,GSE57065,25,28,6.91167445714286,5.53648964285714,6.91953714285714,5.52788,-1.37518481428572,Down_in_Sepsis,0.01,9.95645531096197e-14,GSE137340
TTC3,GSE65682,42,51,4.11215339126191,3.69043854791667,3.99753431025,3.65191710275,-0.421714843345238,Down_in_Sepsis,0.282913165266106,0.000335869767187596,GSE137340
TTC3,GSE95233,22,51,6.83912278103896,5.50424043112045,6.81790380357143,5.47661537428571,-1.33488234991851,Down_in_Sepsis,0,1.60188706567253e-11,GSE137340
SH2D2A,GSE236713,30,125,1.27358673433333,-0.110303092064,1.150724775,-0.018749595,-1.38388982639733,Down_in_Sepsis,0.0752,5.48915910333226e-13,GSE137340
SH2D2A,GSE54514,18,35,7.20249605177778,7.1861244474,7.2023272515,7.18654108,-0.0163716043777775,Down_in_Sepsis,0.447619047619048,0.545121751957247,GSE137340
SH2D2A,GSE57065,25,28,6.8088528,5.83651357142857,6.79429,5.697375,-0.972339228571429,Down_in_Sepsis,0.0771428571428572,5.32311262981583e-09,GSE137340
SH2D2A,GSE65682,42,51,4.36522422857143,3.37220571194118,4.5203968525,3.185579001,-0.993018516630253,Down_in_Sepsis,0.195611577964519,4.91565394238915e-07,GSE137340
SH2D2A,GSE95233,22,51,6.99523442045455,5.26735127372549,6.91179954,5.28637186,-1.72788314672906,Down_in_Sepsis,0.0071301247771836,3.09077930949446e-11,GSE137340
NAT10,GSE236713,30,125,0.578472977333333,-0.159623670144,0.60397767,-0.21957827,-0.738096647477333,Down_in_Sepsis,0.1408,1.07105835171409e-09,GSE137340
NAT10,GSE54514,18,35,7.4440391065,7.46916717808571,7.4316642285,7.47647047,0.0251280715857138,Up_in_Sepsis,0.522222222222222,0.801741213878021,GSE137340
NAT10,GSE57065,25,28,6.5697396,5.61205392857143,6.57163,5.556545,-0.957685671428572,Down_in_Sepsis,0.0114285714285714,1.482405568521e-13,GSE137340
NAT10,GSE65682,42,51,2.86864895283333,2.63740759992157,2.80418889983333,2.593339226,-0.231241352911765,Down_in_Sepsis,0.23249299719888,9.88395829280705e-06,GSE137340
NAT10,GSE95233,22,51,7.43419885363636,5.9100321554902,7.582425675,5.82932872,-1.52416669814617,Down_in_Sepsis,0.0017825311942959,1.88955739655682e-11,GSE137340
NFE2,GSE236713,30,125,-2.05305652666667,0.33666373884,-2.09813905,0.32316303,2.38972026550667,Up_in_Sepsis,0.992266666666667,6.35373712127056e-17,GSE137340
NFE2,GSE54514,18,35,12.5278267861111,12.6580457954286,12.5178175,12.65333939,0.130219009317461,Up_in_Sepsis,0.615873015873016,0.17328634223047,GSE137340
NFE2,GSE57065,25,28,9.6137636,10.5226053571429,9.66035,10.58755,0.908841757142858,Up_in_Sepsis,0.98,1.12397317732637e-12,GSE137340
NFE2,GSE65682,42,51,9.61698762809524,9.71341197111765,9.6353768725,9.70873652,0.0964243430224094,Up_in_Sepsis,0.550420168067227,0.40659568941603,GSE137340
NFE2,GSE95233,22,51,9.91453735136364,10.8008077896078,9.93597108,10.83252363,0.886270438244207,Up_in_Sepsis,0.967914438502674,2.87149299473703e-10,GSE137340
MERTK,GSE236713,30,125,-2.0128165215,0.710855985472,-2.11532115,0.736687302,2.723672506972,Up_in_Sepsis,0.970133333333334,1.43337123119402e-15,GSE137340
MERTK,GSE54514,18,35,7.54052025747222,7.5604057789,7.4285660985,7.5038194655,0.0198855214277778,Up_in_Sepsis,0.544444444444444,0.608776071190231,GSE137340
MERTK,GSE57065,25,28,3.48729946666667,4.69206702380952,3.49133666666667,4.63908666666667,1.20476755714286,Up_in_Sepsis,0.974285714285714,3.53343536257917e-12,GSE137340
MERTK,GSE65682,42,51,2.64790451404762,3.66078210762745,2.482494099,3.49556805,1.01287759357983,Up_in_Sepsis,0.786647992530346,2.17745168959178e-06,GSE137340
MERTK,GSE95233,22,51,3.83729485939394,5.05348745202614,3.862245875,5.10078372,1.2161925926322,Up_in_Sepsis,0.968805704099821,2.6568328672965e-10,GSE137340
CEP55,GSE236713,30,125,-1.44958016966667,0.663381611184,-1.48125865,0.59621751,2.11296178085067,Up_in_Sepsis,0.894133333333333,2.20506409235788e-11,GSE137340
CEP55,GSE54514,18,35,7.31195847194444,7.45416235234286,7.2863919735,7.323082924,0.142203880398413,Up_in_Sepsis,0.590476190476191,0.29165367273141,GSE137340
CEP55,GSE57065,25,28,2.2961324,4.13868892857143,2.18227,4.03488,1.84255652857143,Up_in_Sepsis,0.992857142857143,4.20383668685061e-14,GSE137340
CEP55,GSE65682,42,51,2.00371197339286,2.94133015806863,1.98208703625,2.646532761,0.93761818467577,Up_in_Sepsis,0.915032679738562,6.92401244723124e-12,GSE137340
CEP55,GSE95233,22,51,3.13773853545455,6.08370973823529,3.141772585,6.02673995,2.94597120278075,Up_in_Sepsis,0.996434937611408,2.22762533627504e-11,GSE137340
FCER1A,GSE236713,30,125,3.50311959333333,-1.006875617488,3.58525585,-1.3169296,-4.50999521082133,Down_in_Sepsis,0.0109333333333333,1.00562164223352e-16,GSE137340
FCER1A,GSE54514,18,35,7.64199142994444,7.4347460202,7.3834056855,7.246059418,-0.207245409744444,Down_in_Sepsis,0.5,1,GSE137340
FCER1A,GSE57065,25,28,5.0258532,3.15473625,4.957555,3.0277075,-1.87111695,Down_in_Sepsis,0.00142857142857143,4.42509124931643e-15,GSE137340
FCER1A,GSE65682,42,51,3.93125288285714,2.81104443721569,3.5521964815,2.565815738,-1.12020844564146,Down_in_Sepsis,0.202147525676937,8.58850803458066e-07,GSE137340
FCER1A,GSE95233,22,51,5.12418443727273,4.22176301980392,5.133108515,4.104968555,-0.902421417468806,Down_in_Sepsis,0.0739750445632799,9.43827637107183e-09,GSE137340
ITFG2,GSE236713,30,125,0.787787980333333,-0.249817096272,0.816632265,-0.21701527,-1.03760507660533,Down_in_Sepsis,0.0181333333333333,2.7955634552206e-16,GSE137340
ITFG2,GSE54514,18,35,7.58385912577778,7.67135035651429,7.613382101,7.708445072,0.0874912307365081,Up_in_Sepsis,0.631746031746032,0.122032520330967,GSE137340
ITFG2,GSE57065,25,28,5.3491867,4.75162991071429,5.33312,4.69434375,-0.597556789285714,Down_in_Sepsis,0.0171428571428571,6.01812409907034e-13,GSE137340
ITFG2,GSE65682,42,51,3.08779544301191,2.72270864696569,3.04691560175,2.6913238895,-0.365086796046219,Down_in_Sepsis,0.15266106442577,9.47797294486998e-09,GSE137340
ITFG2,GSE95233,22,51,6.36157794829545,5.64818703151961,6.34305012125,5.6562714975,-0.713390916775847,Down_in_Sepsis,0.0017825311942959,1.88955739655682e-11,GSE137340
HLA-DRA,GSE236713,30,125,1.50770212866667,-0.63892096888,1.6101177,-0.59573317,-2.14662309754667,Down_in_Sepsis,0.0298666666666666,1.43337123119402e-15,GSE137340
HLA-DRA,GSE54514,18,35,10.5237225559444,10.8152167050714,10.685018065,10.80700302,0.291494149126983,Up_in_Sepsis,0.563492063492063,0.461830916701879,GSE137340
HLA-DRA,GSE57065,25,28,10.9109424,9.55477178571429,11.04445,9.457255,-1.35617061428571,Down_in_Sepsis,0.0785714285714286,6.24469762121784e-09,GSE137340
HLA-DRA,GSE65682,42,51,10.3096743050595,9.14570403047059,10.3818455925,9.036172214,-1.16397027458894,Down_in_Sepsis,0.134920634920635,1.60768834134193e-09,GSE137340
HLA-DRA,GSE95233,22,51,10.4334353061364,8.56736766294118,10.47082615,8.593767615,-1.86606764319519,Down_in_Sepsis,0.0311942959001782,2.6568328672965e-10,GSE137340
CDC25B,GSE236713,30,125,1.71788823,-0.459540968904,1.72541835,-0.21615744,-2.177429198904,Down_in_Sepsis,0.00373333333333333,3.56444855003682e-17,GSE137340
CDC25B,GSE54514,18,35,8.61353985466667,8.84845126011429,8.577946186,8.79829216,0.234911405447619,Up_in_Sepsis,0.615873015873016,0.174978076951376,GSE137340
CDC25B,GSE57065,25,28,9.02872,7.22083678571429,9.04352,7.2035,-1.80788321428571,Down_in_Sepsis,0.00142857142857143,4.42509124931643e-15,GSE137340
CDC25B,GSE65682,42,51,3.55868608170476,3.37394224260784,3.51874942,3.349326644,-0.184743839096919,Down_in_Sepsis,0.368814192343604,0.030352604154893,GSE137340
CDC25B,GSE95233,22,51,9.29842921363636,7.24626622686275,9.253458165,7.29020516,-2.05216298677362,Down_in_Sepsis,0,1.60188706567253e-11,GSE137340
ITK,GSE236713,30,125,1.79931535,-0.533339213304,1.85751465,-0.23608994,-2.332654563304,Down_in_Sepsis,0.0216,4.54966383174459e-16,GSE137340
ITK,GSE54514,18,35,8.3396094375,8.3541228568,8.4084177015,8.293104172,0.0145134193000001,Up_in_Sepsis,0.477777777777778,0.79984215655489,GSE137340
ITK,GSE57065,25,28,9.6871116,7.36801821428571,9.68134,7.4163,-2.31909338571429,Down_in_Sepsis,0.00285714285714286,8.85018249863286e-15,GSE137340
ITK,GSE65682,42,51,4.92136354961905,3.92150194729412,4.9430049355,3.819000933,-0.99986160232493,Down_in_Sepsis,0.23109243697479,8.87723549779105e-06,GSE137340
ITK,GSE95233,22,51,7.68051137227273,5.65881514960784,7.710439225,5.53341978,-2.02169622266488,Down_in_Sepsis,0.00623885918003565,2.84841857067922e-11,GSE137340
TIAM1,GSE236713,30,125,0.475811485666667,-0.635337827456,0.48158717,-0.5995774,-1.11114931312267,Down_in_Sepsis,0.122666666666667,1.4897284264812e-10,GSE137340
TIAM1,GSE54514,18,35,7.21872840977778,7.20613970077143,7.211793661,7.189260483,-0.0125887090063488,Down_in_Sepsis,0.480952380952381,0.830638269796872,GSE137340
TIAM1,GSE57065,25,28,6.3519496,4.99627946428571,6.435845,4.9984,-1.35567013571429,Down_in_Sepsis,0.01,9.95645531096197e-14,GSE137340
TIAM1,GSE65682,42,51,4.12827442264286,3.39616291470588,4.1604500225,3.285107661,-0.732111507936974,Down_in_Sepsis,0.227824463118581,6.89525296366914e-06,GSE137340
TIAM1,GSE95233,22,51,7.44887112909091,5.70947897921569,7.45101099,5.702737425,-1.73939214987522,Down_in_Sepsis,0,1.60188706567253e-11,GSE137340
IL18RAP,GSE236713,30,125,-2.13119036,0.485935977076,-2.00284575,0.6597452,2.617126337076,Up_in_Sepsis,0.922933333333333,6.92535137086423e-13,GSE137340
IL18RAP,GSE54514,18,35,11.4061150026667,11.5249247690571,11.54227924,11.75607681,0.118809766390477,Up_in_Sepsis,0.545238095238095,0.598968556656899,GSE137340
IL18RAP,GSE57065,25,28,9.1602816,11.3402642857143,9.23783,11.36945,2.17998268571429,Up_in_Sepsis,1,2.21254562465821e-15,GSE137340
IL18RAP,GSE65682,42,51,7.26682408366667,7.60633486853922,7.370170294,7.638264965,0.339510784872549,Up_in_Sepsis,0.619047619047619,0.0494445145222802,GSE137340
IL18RAP,GSE95233,22,51,8.117991135,10.8379640731373,8.382675855,10.96167861,2.71997293813726,Up_in_Sepsis,1,1.60188706567253e-11,GSE137340
ZDHHC20,GSE236713,30,125,-1.11654541284445,0.367440331629334,-1.16088580166667,0.421545366666667,1.48398574447378,Up_in_Sepsis,0.922933333333333,6.92535137086423e-13,GSE137340
ZDHHC20,GSE54514,18,35,7.30557690727778,7.27663435265714,7.278277874,7.260931015,-0.0289425546206346,Down_in_Sepsis,0.444444444444444,0.520600333060429,GSE137340
ZDHHC20,GSE57065,25,28,5.839208,7.49510875,5.82111,7.482605,1.65590075,Up_in_Sepsis,0.968571428571429,9.97415567595923e-12,GSE137340
ZDHHC20,GSE65682,42,51,2.29026644545238,2.56450359323529,2.2490377625,2.585127424,0.274237147782913,Up_in_Sepsis,0.708683473389356,0.000566896165186858,GSE137340
ZDHHC20,GSE95233,22,51,7.02591832909091,8.90033525137255,7.07179978,9.08506975,1.87441692228164,Up_in_Sepsis,0.974153297682709,1.66193362226705e-10,GSE137340
SIRPG,GSE236713,30,125,0.569350509422222,0.0355764242053333,0.564922093333333,0.0259720483333333,-0.533774085216889,Down_in_Sepsis,0.155466666666667,4.9351798678006e-09,GSE137340
SIRPG,GSE54514,18,35,7.37006315477778,7.37517223810476,7.37295993166667,7.35558430366667,0.00510908332698357,Up_in_Sepsis,0.495238095238095,0.962919951586959,GSE137340
SIRPG,GSE57065,25,28,4.724395,3.84974428571429,4.74329,3.7910475,-0.874650714285714,Down_in_Sepsis,0.0142857142857143,3.07543841827492e-13,GSE137340
SIRPG,GSE65682,42,51,2.99200060589286,2.59238306782353,2.81468079275,2.541052698,-0.399617538069328,Down_in_Sepsis,0.238095238095238,1.51115113635559e-05,GSE137340
SIRPG,GSE95233,22,51,6.34738291318182,5.14828518176471,6.2947945325,5.132012205,-1.19909773141711,Down_in_Sepsis,0.0142602495543672,5.9097281654302e-11,GSE137340
CD28,GSE236713,30,125,1.3014483925,-0.494855379716,1.337998025,-0.44845116,-1.796303772216,Down_in_Sepsis,0.0194666666666667,3.37283460476104e-16,GSE137340
CD28,GSE54514,18,35,7.17298824263889,7.18293844625714,7.145953536,7.1652081015,0.0099502036182546,Up_in_Sepsis,0.558730158730159,0.496648773453112,GSE137340
CD28,GSE57065,25,28,4.78183506666667,3.74232047619048,4.74617,3.71462666666667,-1.03951459047619,Down_in_Sepsis,0.0385714285714286,3.26107099618374e-11,GSE137340
CD28,GSE65682,42,51,2.57470041067857,2.38990815451961,2.46057368975,2.379879661,-0.184792256158964,Down_in_Sepsis,0.356209150326797,0.0176014046390807,GSE137340
CD28,GSE95233,22,51,6.11701401681818,4.28099464581699,6.04463030333334,4.23337777666667,-1.83601937100119,Down_in_Sepsis,0,1.60188706567253e-11,GSE137340
ABHD14A,GSE236713,30,125,1.263537977,-0.235941666192,1.2147877,-0.271983145,-1.499479643192,Down_in_Sepsis,0.0208,4.06725214686755e-16,GSE137340
ABHD14A,GSE54514,18,35,7.4652331935,7.36979871482857,7.4485402105,7.373647213,-0.0954344786714278,Down_in_Sepsis,0.366666666666667,0.117500725327251,GSE137340
ABHD14A,GSE57065,25,28,6.2539316,5.37437535714286,6.27154,5.421455,-0.879556242857143,Down_in_Sepsis,0.0442857142857143,7.83661534797693e-11,GSE137340
ABHD14A,GSE65682,42,51,2.49210114152381,2.31399211070588,2.421717372,2.267086134,-0.178109030817927,Down_in_Sepsis,0.34500466853408,0.0104920000380935,GSE137340
ABHD14A,GSE95233,22,51,5.58786816318182,5.00263810196078,5.625335425,4.9793746,-0.585230061221034,Down_in_Sepsis,0.0561497326203209,2.21816559060711e-09,GSE137340
FGFBP2,GSE236713,30,125,1.554705039,-0.632313492712,1.6569903,-0.5379405,-2.187018531712,Down_in_Sepsis,0.106133333333333,2.27437142377527e-11,GSE137340
FGFBP2,GSE54514,18,35,8.11455218005556,7.82419850482857,8.0140652655,7.588447094,-0.290353675226984,Down_in_Sepsis,0.33968253968254,0.0586025873125773,GSE137340
FGFBP2,GSE57065,25,28,7.712494,5.72687035714286,7.70483,5.420895,-1.98562364285714,Down_in_Sepsis,0.151428571428571,4.42126076200337e-06,GSE137340
FGFBP2,GSE65682,42,51,5.72802640064286,4.17341366347059,5.865941656,3.9159778725,-1.55461273717227,Down_in_Sepsis,0.127450980392157,7.42785999895666e-10,GSE137340
FGFBP2,GSE95233,22,51,8.93605766181818,6.23053564411765,9.11388281,6.38139275,-2.70552201770054,Down_in_Sepsis,0.0142602495543672,5.9097281654302e-11,GSE137340
DAAM2,GSE236713,30,125,-3.860767265,0.840618502808,-3.9052885,1.23507377,4.701385767808,Up_in_Sepsis,0.973066666666667,9.56049645464289e-16,GSE137340
DAAM2,GSE54514,18,35,7.53224754333333,7.97726798734286,7.322125435,7.845442772,0.445020444009525,Up_in_Sepsis,0.680952380952381,0.0321019256782342,GSE137340
DAAM2,GSE57065,25,28,4.522856,6.09557892857143,4.51324,5.94084,1.57272292857143,Up_in_Sepsis,0.844285714285715,6.04316161051609e-06,GSE137340
DAAM2,GSE65682,42,51,4.1136030847381,5.53823739721569,3.710214072,5.64839242,1.42463431247759,Up_in_Sepsis,0.750233426704015,3.56415344787041e-05,GSE137340
DAAM2,GSE95233,22,51,5.51924680909091,7.87150749568628,5.505633245,8.02571546,2.35226068659537,Up_in_Sepsis,0.950980392156863,1.22342240401873e-09,GSE137340
HSD3B7,GSE236713,30,125,-2.46591938666667,0.374089013392,-2.168045,0.31106544,2.84000840005867,Up_in_Sepsis,0.986666666666667,1.41630902208344e-16,GSE137340
HSD3B7,GSE54514,18,35,7.30327428716667,7.38004193988571,7.2366938595,7.271981716,0.076767652719048,Up_in_Sepsis,0.561904761904762,0.473286065359816,GSE137340
HSD3B7,GSE57065,25,28,5.4004896,6.04741321428571,5.35806,6.043105,0.646923614285714,Up_in_Sepsis,0.942857142857143,4.71093001856602e-10,GSE137340
HSD3B7,GSE65682,42,51,3.50623039269048,3.97003224464706,3.4753213165,3.894823538,0.463801851956583,Up_in_Sepsis,0.780112044817927,3.68970970257475e-06,GSE137340
HSD3B7,GSE95233,22,51,4.559016385,5.70936065784314,4.58768941,5.5555495,1.15034427284314,Up_in_Sepsis,1,1.60188706567253e-11,GSE137340
SBK1,GSE236713,30,125,1.57695919,-0.503621287408,1.5470889,-0.47542453,-2.080580477408,Down_in_Sepsis,0.0386666666666667,4.76013747757254e-15,GSE137340
SBK1,GSE54514,18,35,7.68092624355556,7.64618398131429,7.6743888855,7.506723881,-0.0347422622412701,Down_in_Sepsis,0.442857142857143,0.508552086621423,GSE137340
SBK1,GSE57065,25,28,6.2346208,5.198925,6.221995,5.11704,-1.0356958,Down_in_Sepsis,0.02,1.12397317732637e-12,GSE137340
SBK1,GSE65682,42,51,4.15991376559524,3.52257684,3.961265052,3.502584684,-0.637336925595238,Down_in_Sepsis,0.207282913165266,1.32094619341197e-06,GSE137340
SBK1,GSE95233,22,51,6.2586531925,4.67684599313726,6.3554100125,4.604520365,-1.58180719936274,Down_in_Sepsis,0.00089126559714795,1.73990990394731e-11,GSE137340
TXN,GSE236713,30,125,-0.641166592666667,0.014942721952,-0.58091927,-0.006082535,0.656109314618667,Up_in_Sepsis,0.8576,1.26903046086918e-09,GSE137340
TXN,GSE54514,18,35,11.2148136563889,11.0048323225286,11.1027126325,11.0674448,-0.209981333860318,Down_in_Sepsis,0.407936507936508,0.283133764153369,GSE137340
TXN,GSE57065,25,28,5.3937202,7.42291803571429,5.355485,7.3891625,2.02919783571429,Up_in_Sepsis,0.992857142857143,4.20383668685061e-14,GSE137340
TXN,GSE65682,42,51,8.90532543734762,9.2121498301451,8.9412964769,9.2912498224,0.306824392797479,Up_in_Sepsis,0.719887955182073,0.000280952907388795,GSE137340
TXN,GSE95233,22,51,8.22983775295455,10.5622608663725,8.2751700825,10.617944475,2.332423113418,Up_in_Sepsis,1,1.60188706567253e-11,GSE137340
SYNJ2BP,GSE236713,30,125,1.15149769133333,-0.369694975056,1.1580784,-0.2836802,-1.52119266638933,Down_in_Sepsis,0.0130666666666667,1.36354147812504e-16,GSE137340
SYNJ2BP,GSE54514,18,35,8.08164752861111,8.08438771117143,8.0247149465,8.022640228,0.00274018256031816,Up_in_Sepsis,0.523809523809524,0.787389209638866,GSE137340
SYNJ2BP,GSE57065,25,28,4.90202586666667,3.84039285714286,4.83929,3.81028333333334,-1.06163300952381,Down_in_Sepsis,0.0357142857142857,2.05678241268228e-11,GSE137340
SYNJ2BP,GSE65682,42,51,2.73138904043651,2.39583815916993,2.66026478366667,2.34605766333333,-0.335550881266574,Down_in_Sepsis,0.176003734827264,8.61185098001542e-08,GSE137340
SYNJ2BP,GSE95233,22,51,4.23751373787879,3.37452679326797,4.24733871166667,3.39281863,-0.862986944610814,Down_in_Sepsis,0.0133689839572193,5.45249501386452e-11,GSE137340
GZMK,GSE236713,30,125,2.14528138666667,-0.535451237264,2.2372017,-0.3040812,-2.68073262393067,Down_in_Sepsis,0.0322666666666667,1.9928233814751e-15,GSE137340
GZMK,GSE54514,18,35,8.27711648405556,8.00316363745714,8.099445343,7.877244473,-0.273952846598412,Down_in_Sepsis,0.388888888888889,0.193736415761008,GSE137340
GZMK,GSE57065,25,28,8.6490112,6.66742428571429,8.5915,6.514585,-1.98158691428571,Down_in_Sepsis,0.0428571428571429,6.3278804865225e-11,GSE137340
GZMK,GSE65682,42,51,4.72021575957143,3.6473676082549,4.4793536225,3.304079828,-1.07284815131653,Down_in_Sepsis,0.285247432306256,0.000389146108370946,GSE137340
GZMK,GSE95233,22,51,8.45686246454546,6.4174662927451,8.44861021,6.44546623,-2.03939617180036,Down_in_Sepsis,0.0267379679144385,1.79773479549631e-10,GSE137340
SMPDL3A,GSE236713,30,125,-1.20063452233333,0.311127671024,-1.1526017,0.24967122,1.51176219335733,Up_in_Sepsis,0.845333333333334,4.54768652152315e-09,GSE137340
SMPDL3A,GSE54514,18,35,8.08815202433333,7.91349780904286,7.66974496825,7.7591075895,-0.174654215290476,Down_in_Sepsis,0.474603174603175,0.773107646476209,GSE137340
SMPDL3A,GSE57065,25,28,3.6330384,5.28516160714286,3.65656,5.6871975,1.65212320714286,Up_in_Sepsis,0.937142857142857,9.7986344315551e-10,GSE137340
SMPDL3A,GSE65682,42,51,5.57082502838095,7.5624378732549,5.6595786905,7.80132781,1.99161284487395,Up_in_Sepsis,0.8874883286648,1.51621161941954e-10,GSE137340
SMPDL3A,GSE95233,22,51,3.86107923909091,6.20458559343137,3.7048692175,6.18548596,2.34350635434046,Up_in_Sepsis,0.987522281639929,5.0299256890297e-11,GSE137340
SYNE2,GSE236713,30,125,0.76388175025,-0.321986714332,0.6747276825,-0.25829077,-1.085868464582,Down_in_Sepsis,0.0936,5.19673185499701e-12,GSE137340
SYNE2,GSE54514,18,35,7.32218722508333,7.3966979776,7.33065104475,7.4062700275,0.0745107525166668,Up_in_Sepsis,0.649206349206349,0.0789959304049665,GSE137340
SYNE2,GSE57065,25,28,5.17507432,4.63738635714286,5.14752,4.640015,-0.537687962857143,Down_in_Sepsis,0.0542857142857143,3.22170980952107e-10,GSE137340
SYNE2,GSE65682,42,51,4.88353500925,3.97667879352941,4.982785343875,3.86910198175,-0.906856215720588,Down_in_Sepsis,0.15266106442577,9.47797294486998e-09,GSE137340
SYNE2,GSE95233,22,51,7.18850405118182,5.60627026156863,7.151897092,5.508085154,-1.58223378961319,Down_in_Sepsis,0,1.60188706567253e-11,GSE137340
CLSTN1,GSE236713,30,125,1.195378201,-0.330004069544,1.25340155,-0.3149109,-1.525382270544,Down_in_Sepsis,0.0165333333333333,2.23022449395653e-16,GSE137340
CLSTN1,GSE54514,18,35,7.52156594058333,7.66402695521429,7.501963377,7.658690691,0.142461014630952,Up_in_Sepsis,0.7,0.0173911833216328,GSE137340
CLSTN1,GSE57065,25,28,6.8295196,5.83529642857143,6.8077,5.84866,-0.994223171428572,Down_in_Sepsis,0.03,7.7571849600517e-12,GSE137340
CLSTN1,GSE65682,42,51,3.9589420792381,3.56879915301961,3.8724967795,3.564182624,-0.390142926218487,Down_in_Sepsis,0.204014939309057,1.00520795442081e-06,GSE137340
CLSTN1,GSE95233,22,51,6.50340868318182,5.69351840254902,6.479627075,5.66898915,-0.809890280632798,Down_in_Sepsis,0.0133689839572193,5.45249501386452e-11,GSE137340
HGF,GSE236713,30,125,-1.31327028293333,0.462119447124,-1.1955155,0.39933395,1.77538973005733,Up_in_Sepsis,0.917866666666666,1.29493828107797e-12,GSE137340
HGF,GSE54514,18,35,7.20112337008333,7.1720018046,7.1685459615,7.141106367,-0.0291215654833339,Down_in_Sepsis,0.433333333333333,0.439382697129536,GSE137340
HGF,GSE57065,25,28,3.54136744,5.47937307142857,3.51847,5.711298,1.93800563142857,Up_in_Sepsis,0.997142857142857,8.85018249863286e-15,GSE137340
HGF,GSE65682,42,51,3.05749881820833,3.76559557133824,2.837288876875,3.721770785,0.708096753129902,Up_in_Sepsis,0.749299719887955,3.81153364064026e-05,GSE137340
HGF,GSE95233,22,51,3.73173866318182,5.67914667031373,3.677977873,5.628819858,1.94740800713191,Up_in_Sepsis,0.99554367201426,2.41819260539641e-11,GSE137340
GALNT14,GSE236713,30,125,-4.18687559,0.424362516424,-4.33513645,0.5639994,4.611238106424,Up_in_Sepsis,0.9768,5.68982032753381e-16,GSE137340
GALNT14,GSE54514,18,35,7.54942462177778,7.48056413102857,7.4431469445,7.475632191,-0.0688604907492065,Down_in_Sepsis,0.415873015873016,0.327405769848281,GSE137340
GALNT14,GSE57065,25,28,5.0287766,5.91161678571429,5.04085,5.94476,0.882840185714286,Up_in_Sepsis,0.944285714285714,3.90036392897249e-10,GSE137340
GALNT14,GSE65682,42,51,3.64710281445238,4.85804955644118,3.64599905575,5.130848065,1.2109467419888,Up_in_Sepsis,0.791316526610645,1.48371788589805e-06,GSE137340
GALNT14,GSE95233,22,51,4.35107237272727,5.52201445509804,4.33344454,5.663050895,1.17094208237077,Up_in_Sepsis,0.979500891265597,1.03431303688478e-10,GSE137340
BACH2,GSE236713,30,125,2.07433841333333,-0.344494265336,2.050342325,-0.3784858,-2.41883267866933,Down_in_Sepsis,0.024,6.36120793677694e-16,GSE137340
BACH2,GSE54514,18,35,7.16996871987037,7.23128238859048,7.17851034816667,7.20007387766667,0.0613136687201052,Up_in_Sepsis,0.644444444444444,0.0893094144791169,GSE137340
BACH2,GSE57065,25,28,6.4475452,4.56257428571429,6.365085,4.336395,-1.88497091428571,Down_in_Sepsis,0.0328571428571429,1.27509004349053e-11,GSE137340
BACH2,GSE65682,42,51,2.84344966409524,2.58526325947059,2.676387867,2.476367827,-0.25818640462465,Down_in_Sepsis,0.336601307189542,0.00697285486814061,GSE137340
BACH2,GSE95233,22,51,5.91867616977273,4.57200326333333,5.8066477025,4.480686575,-1.34667290643939,Down_in_Sepsis,0.016934046345811,7.51822548100406e-11,GSE137340
ID3,GSE236713,30,125,1.70620618133333,-0.184449419816,1.7709391,-0.095222235,-1.89065560114933,Down_in_Sepsis,0.0224,5.08836737152762e-16,GSE137340
ID3,GSE54514,18,35,7.40077771077778,7.3314387186,7.397304535,7.282131195,-0.0693389921777774,Down_in_Sepsis,0.36984126984127,0.126696950829082,GSE137340
ID3,GSE57065,25,28,5.5395304,4.19714357142857,5.49498,4.145295,-1.34238682857143,Down_in_Sepsis,0.00857142857142857,6.63763687397464e-14,GSE137340
ID3,GSE65682,42,51,3.47661416765873,3.00955569688889,3.304501117,3.01693230533333,-0.467058470769842,Down_in_Sepsis,0.248832866479925,3.33206979580799e-05,GSE137340
ID3,GSE95233,22,51,5.85138763863636,5.54522856627451,5.87101165,5.53794593,-0.306159072361853,Down_in_Sepsis,0.203208556149733,6.40610124755831e-05,GSE137340
KLHL3,GSE236713,30,125,1.92621867,-0.353077924384,1.95270895,-0.25498104,-2.279296594384,Down_in_Sepsis,0.0106666666666667,9.67978792008901e-17,GSE137340
KLHL3,GSE54514,18,35,7.2225904995,7.17732527591429,7.186978102,7.170975208,-0.0452652235857141,Down_in_Sepsis,0.395238095238095,0.220939150662259,GSE137340
KLHL3,GSE57065,25,28,3.984977,3.26788875,4.00904,3.2836725,-0.71708825,Down_in_Sepsis,0.00285714285714286,8.85018249863286e-15,GSE137340
KLHL3,GSE65682,42,51,2.82930008716667,2.5056128994902,2.713147557,2.43801738,-0.32368718767647,Down_in_Sepsis,0.23015873015873,8.26135619987797e-06,GSE137340
KLHL3,GSE95233,22,51,4.76269522863636,3.6849658372549,4.8487677925,3.682840945,-1.07772939138146,Down_in_Sepsis,0.0035650623885918,2.22762533627504e-11,GSE137340
EEF2K,GSE236713,30,125,0.569961404666667,-0.314078917016,0.5409968,-0.31598258,-0.884040321682667,Down_in_Sepsis,0.0933333333333333,5.03360920669095e-12,GSE137340
EEF2K,GSE54514,18,35,7.30945163294445,7.40431408197143,7.266163349,7.403903961,0.0948624490269836,Up_in_Sepsis,0.696825396825397,0.0203665516332617,GSE137340
EEF2K,GSE57065,25,28,5.7438028,4.68808071428571,5.73632,4.6444425,-1.05572208571429,Down_in_Sepsis,0.0185714285714286,8.25279517997514e-13,GSE137340
EEF2K,GSE65682,42,51,3.09585563569048,2.88683904509804,3.0354411135,2.852047131,-0.209016590592437,Down_in_Sepsis,0.326797385620915,0.00423296778244431,GSE137340
EEF2K,GSE95233,22,51,5.80868085022727,4.65153582735294,5.7583743325,4.642699695,-1.15714502287433,Down_in_Sepsis,0.00089126559714795,1.73990990394731e-11,GSE137340
CD3D,GSE236713,30,125,1.65141598,-0.460792245072,1.65447615,-0.35364437,-2.112208225072,Down_in_Sepsis,0.0197333333333333,3.50165879705578e-16,GSE137340
CD3D,GSE54514,18,35,8.38365323448148,8.37875345773333,8.402329127,8.21517340333333,-0.00489977674814845,Down_in_Sepsis,0.487301587301587,0.889073268134695,GSE137340
CD3D,GSE57065,25,28,8.9191328,7.52000071428572,8.88604,7.26647,-1.39913208571429,Down_in_Sepsis,0.111428571428572,1.68336329944811e-07,GSE137340
CD3D,GSE65682,42,51,5.41814403565476,4.38720351084314,5.29734729175,4.194730851,-1.03094052481162,Down_in_Sepsis,0.237161531279178,1.40872649154211e-05,GSE137340
CD3D,GSE95233,22,51,8.60975428818182,7.30262683568627,8.61239971,7.11854405,-1.30712745249554,Down_in_Sepsis,0.0739750445632799,9.43827637107183e-09,GSE137340
EPHX2,GSE236713,30,125,1.58566066,-0.204346971464,1.5675025,-0.1949563,-1.790007631464,Down_in_Sepsis,0.0274666666666667,1.0292890169365e-15,GSE137340
EPHX2,GSE54514,18,35,7.32003508672222,7.1843408448,7.3228383065,7.171639442,-0.135694241922222,Down_in_Sepsis,0.2,0.00023988281015398,GSE137340
EPHX2,GSE57065,25,28,4.5944412,3.54083214285714,4.51049,3.504535,-1.05360905714286,Down_in_Sepsis,0.00142857142857143,4.42509124931643e-15,GSE137340
EPHX2,GSE65682,42,51,2.53026451654762,2.17223946598039,2.261567005,2.098151418,-0.358025050567227,Down_in_Sepsis,0.355275443510738,0.016878759275338,GSE137340
EPHX2,GSE95233,22,51,5.06283071772727,3.6848447345098,5.04680941,3.6894332,-1.37798598321747,Down_in_Sepsis,0.0303030303030303,2.45787230860139e-10,GSE137340
APOL3,GSE236713,30,125,0.7065138008,-0.362637719288,0.713413,-0.40504026,-1.069151520088,Down_in_Sepsis,0.117866666666667,8.70136420227924e-11,GSE137340
APOL3,GSE54514,18,35,7.31791832713889,7.29894698012857,7.32479918,7.3176777365,-0.0189713470103179,Down_in_Sepsis,0.46031746031746,0.648457933533109,GSE137340
APOL3,GSE57065,25,28,6.991306,5.612275,6.83093,5.55382,-1.379031,Down_in_Sepsis,0.0242857142857143,2.68160529708576e-12,GSE137340
APOL3,GSE65682,42,51,4.17218092469841,3.52051264238562,4.04914802183333,3.51598551566667,-0.651668282312791,Down_in_Sepsis,0.205882352941176,1.17542255359386e-06,GSE137340
APOL3,GSE95233,22,51,8.52895460636364,6.68497863862745,8.56657215,6.5618315,-1.84397596773619,Down_in_Sepsis,0.0089126559714795,3.63757408976493e-11,GSE137340
SIDT1,GSE236713,30,125,1.56979033,-0.298718882272,1.57144405,-0.19781971,-1.868509212272,Down_in_Sepsis,0.0149333333333333,1.77791698605755e-16,GSE137340
SIDT1,GSE54514,18,35,7.21231280427778,7.23488567902857,7.2446279525,7.237391949,0.0225728747507938,Up_in_Sepsis,0.528571428571429,0.744773717603001,GSE137340
SIDT1,GSE57065,25,28,6.4559348,4.85432571428571,6.48708,4.78906,-1.60160908571429,Down_in_Sepsis,0.0142857142857143,3.07543841827492e-13,GSE137340
SIDT1,GSE65682,42,51,3.44466366047619,3.07977148256863,3.257517761,2.98105362,-0.364892177907563,Down_in_Sepsis,0.316526610644258,0.00244474684663438,GSE137340
SIDT1,GSE95233,22,51,5.09084156272727,3.74275931509804,5.14480229,3.76897821,-1.34808224762923,Down_in_Sepsis,0.00623885918003565,2.84841857067922e-11,GSE137340
GZMM,GSE236713,30,125,1.20714980866667,-0.227609658912,1.22989415,-0.17343259,-1.43475946757867,Down_in_Sepsis,0.0429333333333333,8.45106671254997e-15,GSE137340
GZMM,GSE54514,18,35,7.57856130594445,7.48783548894286,7.6061143875,7.392230988,-0.0907258170015872,Down_in_Sepsis,0.384920634920635,0.176287657176585,GSE137340
GZMM,GSE57065,25,28,5.3946164,4.55436428571429,5.38413,4.4158,-0.840252114285715,Down_in_Sepsis,0.111428571428571,1.68336329944811e-07,GSE137340
GZMM,GSE65682,42,51,4.25322352614286,3.31219134815686,3.905646261,3.226879091,-0.941032177985995,Down_in_Sepsis,0.217086834733894,2.94733283866873e-06,GSE137340
GZMM,GSE95233,22,51,6.020376915,5.16966309843137,6.02162638,5.10610649,-0.850713816568628,Down_in_Sepsis,0.0329768270944742,3.10305804161485e-10,GSE137340
MS4A3,GSE236713,30,125,-2.19028454666667,0.35532680432,-2.1594298,0.40859675,2.54561135098667,Up_in_Sepsis,0.9632,3.6969859547151e-15,GSE137340
MS4A3,GSE54514,18,35,7.61670916162963,7.84520725073333,7.42541472116667,7.57226769133333,0.228498089103703,Up_in_Sepsis,0.546031746031746,0.595788354333167,GSE137340
MS4A3,GSE57065,25,28,4.9791602,6.79209285714286,4.888895,6.705775,1.81293265714286,Up_in_Sepsis,0.807142857142857,7.0605878007226e-05,GSE137340
MS4A3,GSE65682,42,51,3.5804328037619,5.96367369545098,3.2493348135,5.926548245,2.38324089168908,Up_in_Sepsis,0.879084967320262,3.73363792428656e-10,GSE137340
MS4A3,GSE95233,22,51,4.33030699409091,6.13158384323529,4.375361915,5.64381715,1.80127684914438,Up_in_Sepsis,0.855614973262032,1.66130255517787e-06,GSE137340
KLRF1,GSE236713,30,125,1.7801234765,-0.302001508312,1.7993622,-0.2195095925,-2.082124984812,Down_in_Sepsis,0.052,2.81319751669028e-14,GSE137340
KLRF1,GSE54514,18,35,7.67264817816667,7.55483685215714,7.65868830675,7.478268385,-0.117811326009524,Down_in_Sepsis,0.353968253968254,0.0857597614090956,GSE137340
KLRF1,GSE57065,25,28,7.9585768,5.76628357142857,8.04237,5.35671,-2.19229322857143,Down_in_Sepsis,0.108571428571429,1.29627503509389e-07,GSE137340
KLRF1,GSE65682,42,51,3.49926157905556,2.6817996475817,3.29856738866667,2.476504295,-0.817461931473856,Down_in_Sepsis,0.199346405228758,6.77111143044872e-07,GSE137340
KLRF1,GSE95233,22,51,6.92582580772727,4.99884829078431,6.858687925,4.92776437,-1.92697751694296,Down_in_Sepsis,0.0285204991087344,2.10264174876355e-10,GSE137340
MAP3K14,GSE236713,30,125,0.508294929,-0.37731143896,0.513547415,-0.34682465,-0.88560636796,Down_in_Sepsis,0.0741333333333333,4.80435968416864e-13,GSE137340
MAP3K14,GSE54514,18,35,7.30199130366667,7.34475866054286,7.281615257,7.354163647,0.0427673568761904,Up_in_Sepsis,0.615873015873016,0.174978076951376,GSE137340
MAP3K14,GSE57065,25,28,5.9970904,4.55868821428572,5.97037,4.48526,-1.43840218571429,Down_in_Sepsis,0,2.21254562465821e-15,GSE137340
MAP3K14,GSE65682,42,51,2.7751887807381,2.49309472698039,2.7489705455,2.472496743,-0.282094053757703,Down_in_Sepsis,0.261437908496732,8.11233651674493e-05,GSE137340
MAP3K14,GSE95233,22,51,5.82282675181818,4.95013089686275,5.794211965,4.91992177,-0.872695854955437,Down_in_Sepsis,0.018716577540107,8.82077171942536e-11,GSE137340
NCR3,GSE236713,30,125,1.876070091,-0.290340701348,1.912268275,-0.361694155,-2.166410792348,Down_in_Sepsis,0.02,3.63532984217555e-16,GSE137340
NCR3,GSE54514,18,35,7.433417903,7.42677395685714,7.404913902,7.350765228,-0.00664394614285691,Down_in_Sepsis,0.403174603174603,0.255836951670749,GSE137340
NCR3,GSE57065,25,28,6.17462586666667,5.26006166666667,6.26659333333333,5.21585666666667,-0.9145642,Down_in_Sepsis,0.03,7.7571849600517e-12,GSE137340
NCR3,GSE65682,42,51,2.79659240180952,2.43470624386275,2.7840260215,2.331542547,-0.361886157946779,Down_in_Sepsis,0.223155929038282,4.78279497877484e-06,GSE137340
NCR3,GSE95233,22,51,5.53412538575758,4.47658897124183,5.58214964333333,4.49132468333333,-1.05753641451575,Down_in_Sepsis,0.0151515151515152,6.40439715698351e-11,GSE137340
ZNF275,GSE236713,30,125,0.676121101133333,-0.145054043716,0.6726608275,-0.12322259,-0.821175144849333,Down_in_Sepsis,0.0442666666666667,1.01007737912527e-14,GSE137340
ZNF275,GSE54514,18,35,7.7467717595,7.9317098754,7.668490887,7.919734955,0.184938115900001,Up_in_Sepsis,0.647619047619048,0.0823227016067878,GSE137340
ZNF275,GSE57065,25,28,6.4784324,5.31952517857143,6.53259,5.28601,-1.15890722142857,Down_in_Sepsis,0.00142857142857143,4.42509124931643e-15,GSE137340
ZNF275,GSE65682,42,51,4.54032030676191,3.87998817339216,4.532896857,3.806508414,-0.660332133369748,Down_in_Sepsis,0.253034547152194,4.50324401129918e-05,GSE137340
ZNF275,GSE95233,22,51,5.80855394068182,4.92530160264706,5.76538088,4.90999019,-0.88325233803476,Down_in_Sepsis,0.00267379679144385,2.05178515500888e-11,GSE137340
STOM,GSE236713,30,125,-0.536013684233333,0.383011969864,-0.51854515,0.32296205,0.919025654097333,Up_in_Sepsis,0.8112,1.26943453077288e-07,GSE137340
STOM,GSE54514,18,35,9.72495530691667,10.0369861195143,9.7291828385,10.042113304,0.312030812597619,Up_in_Sepsis,0.663492063492063,0.0536371037869218,GSE137340
STOM,GSE57065,25,28,6.282628,8.006145,6.28381333333333,8.06557833333334,1.723517,Up_in_Sepsis,0.998571428571429,4.42509124931643e-15,GSE137340
STOM,GSE65682,42,51,7.13952911081429,8.53513391934118,7.084577163,8.744077645,1.39560480852689,Up_in_Sepsis,0.874883286647993,5.81758965299673e-10,GSE137340
STOM,GSE95233,22,51,6.85191532393939,8.50666960287582,6.85278244833333,8.49452273,1.65475427893642,Up_in_Sepsis,1,1.60188706567253e-11,GSE137340
BPI,GSE236713,30,125,-0.633550104466667,-0.050161200852,-0.4393005325,-0.1286159745,0.583388903614667,Up_in_Sepsis,0.649066666666667,0.0114222929938134,GSE137340
BPI,GSE54514,18,35,8.55465899622222,8.88823001042857,8.1360206605,8.371845245,0.333571014206349,Up_in_Sepsis,0.577777777777778,0.365828622459723,GSE137340
BPI,GSE57065,25,28,5.3260556,8.65512785714286,5.35883,8.68383,3.32907225714286,Up_in_Sepsis,0.994285714285714,2.65505474958986e-14,GSE137340
BPI,GSE65682,42,51,4.83502321428571,6.97909554484314,4.7705400085,7.032659697,2.14407233055742,Up_in_Sepsis,0.872549019607843,7.42785999895666e-10,GSE137340
BPI,GSE95233,22,51,4.92815042136364,8.15305477196078,5.33084636,8.15181368,3.22490435059715,Up_in_Sepsis,0.991978609625669,3.35328660937072e-11,GSE137340
CAMK2D,GSE236713,30,125,1.44969925933333,-0.239942335956,1.48063995,-0.18596268,-1.68964159528933,Down_in_Sepsis,0.0242666666666667,6.60190147026892e-16,GSE137340
CAMK2D,GSE54514,18,35,7.14249793691667,7.1362024784,7.13159990325,7.1281235215,-0.00629545851666613,Down_in_Sepsis,0.484126984126984,0.859761640454994,GSE137340
CAMK2D,GSE57065,25,28,5.35766432,4.31298642857143,5.363134,4.262077,-1.04467789142857,Down_in_Sepsis,0.0357142857142857,2.05678241268228e-11,GSE137340
CAMK2D,GSE65682,42,51,3.12489465225397,2.75260221352288,3.07089132033333,2.717907923,-0.372292438731092,Down_in_Sepsis,0.210084033613445,1.66568431444804e-06,GSE137340
CAMK2D,GSE95233,22,51,5.48326781472727,4.55393070062745,5.470233815,4.463565696,-0.929337114099821,Down_in_Sepsis,0.0115864527629234,4.63944869067713e-11,GSE137340
ADM,GSE236713,30,125,-3.35761926,0.356034619056,-3.51896,0.39667892,3.713653879056,Up_in_Sepsis,0.9984,2.6139489943517e-17,GSE137340
ADM,GSE54514,18,35,11.8478035933333,11.3326583317143,11.99541569,11.34145927,-0.515145261619047,Down_in_Sepsis,0.303968253968254,0.0208781113856751,GSE137340
ADM,GSE57065,25,28,8.4250244,10.0404775,8.44271,9.967445,1.6154531,Up_in_Sepsis,0.991428571428571,6.63763687397464e-14,GSE137340
ADM,GSE65682,42,51,7.66319903653175,7.81727407335294,7.77951472233334,7.806430994,0.154075036821195,Up_in_Sepsis,0.591503267973856,0.131232651951072,GSE137340
ADM,GSE95233,22,51,8.56368600181818,9.75888219156863,8.62496138,9.85655069,1.19519618975045,Up_in_Sepsis,0.95632798573975,7.78375215666962e-10,GSE137340
RASSF1,GSE236713,30,125,0.52502652325,-0.154826760964,0.497031325,-0.14371015,-0.679853284214,Down_in_Sepsis,0.100533333333333,1.18245250091642e-11,GSE137340
RASSF1,GSE54514,18,35,7.43274769519444,7.44083309517143,7.45834463825,7.42257380475,0.00808539997698432,Up_in_Sepsis,0.534920634920635,0.689143463767284,GSE137340
RASSF1,GSE57065,25,28,6.9538116,6.186045,6.89985,6.24802,-0.7677666,Down_in_Sepsis,0.0957142857142857,3.7851498194051e-08,GSE137340
RASSF1,GSE65682,42,51,4.27945635961905,3.90106723831373,4.199076901,3.89782428366667,-0.378389121305323,Down_in_Sepsis,0.235294117647059,1.22339408576402e-05,GSE137340
RASSF1,GSE95233,22,51,7.05471813818182,6.14654928568627,6.980898645,6.11445331,-0.908168852495544,Down_in_Sepsis,0.00623885918003565,2.84841857067922e-11,GSE137340
MCTP1,GSE236713,30,125,-1.16406979591667,0.10902400144,-1.14267647,0.21543135,1.27309379735667,Up_in_Sepsis,0.9224,7.39949169071023e-13,GSE137340
MCTP1,GSE54514,18,35,7.42282923063889,7.45341083661429,7.438111067,7.458173752,0.0305816059753967,Up_in_Sepsis,0.549206349206349,0.570192060596712,GSE137340
MCTP1,GSE57065,25,28,5.85247213333333,7.03977011904762,5.94491,7.022915,1.18729798571429,Up_in_Sepsis,0.987142857142857,2.14616925591847e-13,GSE137340
MCTP1,GSE65682,42,51,5.19963975995238,5.60998496197059,5.255462713125,5.622212291,0.410345202018207,Up_in_Sepsis,0.69421101774043,0.00133820759393894,GSE137340
MCTP1,GSE95233,22,51,5.80417616909091,7.11363349686275,5.81084347666667,7.13389901666667,1.30945732777183,Up_in_Sepsis,0.977718360071301,1.21213677994709e-10,GSE137340
SCPEP1,GSE236713,30,125,-1.12716903,0.179563105924,-1.095904225,0.135390872,1.306732135924,Up_in_Sepsis,0.936,1.33315134703302e-13,GSE137340
SCPEP1,GSE54514,18,35,9.69039445577778,9.69556497814286,9.8113656045,9.691429138,0.00517052236507887,Up_in_Sepsis,0.504761904761905,0.962919951586959,GSE137340
SCPEP1,GSE57065,25,28,6.1329368,6.91997928571429,6.110645,6.903305,0.787042485714286,Up_in_Sepsis,0.961428571428571,3.26107099618374e-11,GSE137340
SCPEP1,GSE65682,42,51,6.783089732,7.77190746080392,6.796857719,7.820611227,0.988817728803922,Up_in_Sepsis,0.889355742296919,1.23786686298747e-10,GSE137340
SCPEP1,GSE95233,22,51,6.73323381,7.91883330411765,6.6752651575,8.00899795,1.18559949411765,Up_in_Sepsis,0.957219251336898,7.21511319630196e-10,GSE137340
STK3,GSE236713,30,125,-1.4170050985,0.209736251668,-1.425205575,0.234654785,1.626741350168,Up_in_Sepsis,0.988800000000001,1.04470720762514e-16,GSE137340
STK3,GSE54514,18,35,8.34080921277778,8.19166631691429,8.350311279,8.048762321,-0.149142895863491,Down_in_Sepsis,0.382539682539682,0.169030570051923,GSE137340
STK3,GSE57065,25,28,3.52924573333333,4.23196178571429,3.54186333333333,4.27900166666667,0.702716052380952,Up_in_Sepsis,0.965714285714285,1.6235659793742e-11,GSE137340
STK3,GSE65682,42,51,3.91778082073016,4.2451933451634,3.841459823,4.18967632633333,0.327412524433239,Up_in_Sepsis,0.6531279178338,0.0114617009111308,GSE137340
STK3,GSE95233,22,51,4.02867583121212,5.11322359424837,4.06598942833334,5.14450283333333,1.08454776303624,Up_in_Sepsis,0.973262032085561,1.79773479549631e-10,GSE137340
CD6,GSE236713,30,125,1.60104903,-0.519484763728,1.61194445,-0.3742149,-2.120533793728,Down_in_Sepsis,0.0101333333333333,8.96813082580416e-17,GSE137340
CD6,GSE54514,18,35,8.21523065033333,8.19186835965714,8.0957922935,8.089945793,-0.0233622906761912,Down_in_Sepsis,0.475396825396825,0.778155331238459,GSE137340
CD6,GSE57065,25,28,5.40051308571429,4.6674012244898,5.38533142857143,4.59891071428571,-0.73311186122449,Down_in_Sepsis,0.03,7.7571849600517e-12,GSE137340
CD6,GSE65682,42,51,3.32676661802381,2.67602735207843,3.17050320616667,2.62702528533333,-0.650739265945378,Down_in_Sepsis,0.208683473389356,1.48371788589805e-06,GSE137340
CD6,GSE95233,22,51,5.98845004448052,4.75510112212885,5.91514864642857,4.70904462428571,-1.23334892235167,Down_in_Sepsis,0,1.60188706567253e-11,GSE137340
BTN3A1,GSE236713,30,125,0.919677067833333,-0.201370631068,0.90860534,-0.227671625,-1.12104769890133,Down_in_Sepsis,0.088,2.64866592825698e-12,GSE137340
BTN3A1,GSE54514,18,35,7.76005016425,7.79141699928572,7.76999771575,7.8100321295,0.0313668350357146,Up_in_Sepsis,0.568253968253968,0.42839311053673,GSE137340
BTN3A1,GSE57065,25,28,8.0736258,7.02495678571429,8.0428,6.7874075,-1.04866901428571,Down_in_Sepsis,0.141428571428571,2.07752800599986e-06,GSE137340
BTN3A1,GSE65682,42,51,4.62157619846032,3.92062742011765,4.64426117633334,3.937221969,-0.700948778342669,Down_in_Sepsis,0.141923436041083,3.27119491497954e-09,GSE137340
BTN3A1,GSE95233,22,51,8.64082476795455,7.15697144088235,8.6483131975,7.078221005,-1.48385332707219,Down_in_Sepsis,0.0258467023172906,1.66193362226705e-10,GSE137340
GNAQ,GSE236713,30,125,-1.23460720166667,0.324490817824,-1.2489655,0.28020716,1.55909801949067,Up_in_Sepsis,0.9656,2.66735498895389e-15,GSE137340
GNAQ,GSE54514,18,35,7.6014662055,7.70797726768571,7.556985855,7.743002415,0.106511062185714,Up_in_Sepsis,0.603174603174603,0.228139828404204,GSE137340
GNAQ,GSE57065,25,28,7.27001296,7.97060278571429,7.315366,7.922742,0.700589825714286,Up_in_Sepsis,0.951428571428571,1.46118725598053e-10,GSE137340
GNAQ,GSE65682,42,51,6.06936961479932,6.44789964690756,6.14781391392857,6.44804611628571,0.378530032108242,Up_in_Sepsis,0.711484593837535,0.000477095055252169,GSE137340
GNAQ,GSE95233,22,51,7.38210607718182,8.39327061827451,7.431075228,8.374957922,1.01116454109269,Up_in_Sepsis,0.950089126559715,1.3185393727247e-09,GSE137340
PLBD1,GSE236713,30,125,-1.512165991,-0.054785747584,-1.53065705,-0.098792076,1.457380243416,Up_in_Sepsis,0.949333333333333,2.36063549223725e-14,GSE137340
PLBD1,GSE54514,18,35,12.2836093916667,12.2705257695714,12.39730406,12.44756794,-0.0130836220952393,Down_in_Sepsis,0.525396825396825,0.770927794053364,GSE137340
PLBD1,GSE57065,25,28,6.7267004,7.79688660714286,6.710275,7.8310725,1.07018620714286,Up_in_Sepsis,0.998571428571429,4.42509124931643e-15,GSE137340
PLBD1,GSE65682,42,51,10.8770541978571,11.189726593902,10.905307265,11.31271528,0.312672396044817,Up_in_Sepsis,0.736227824463119,9.52211705749336e-05,GSE137340
PLBD1,GSE95233,22,51,8.301056265,9.91972977303922,8.4108737775,9.98209676,1.61867350803922,Up_in_Sepsis,0.988413547237077,4.63944869067713e-11,GSE137340
CD96,GSE236713,30,125,1.38648123766667,-0.532337509112,1.5236411,-0.49773574,-1.91881874677867,Down_in_Sepsis,0.0328,2.14375171585825e-15,GSE137340
CD96,GSE54514,18,35,7.80296378672222,7.74777404241429,7.7971009015,7.6810088155,-0.0551897443079366,Down_in_Sepsis,0.428571428571429,0.406890737204955,GSE137340
CD96,GSE57065,25,28,4.9076206,3.61543035714286,4.889405,3.44776,-1.29219024285714,Down_in_Sepsis,0.0571428571428571,4.71093001856602e-10,GSE137340
CD96,GSE65682,42,51,3.11196836169048,2.7157221075817,2.89406353383334,2.656193289,-0.396246254108777,Down_in_Sepsis,0.26984126984127,0.000143476501927079,GSE137340
CD96,GSE95233,22,51,5.48507765272727,3.96147953686275,5.50774105,3.954779115,-1.52359811586453,Down_in_Sepsis,0,1.60188706567253e-11,GSE137340
CLEC1B,GSE236713,30,125,-1.52439417677778,0.850107896173334,-1.45814623333334,0.859176333333333,2.37450207295111,Up_in_Sepsis,0.9384,9.79858691639425e-14,GSE137340
CLEC1B,GSE54514,18,35,9.42180479894444,8.6523664608,9.036893845,8.260569572,-0.769438338144445,Down_in_Sepsis,0.251587301587302,0.00339041483698135,GSE137340
CLEC1B,GSE57065,25,28,4.6602,6.98041035714286,4.69655,6.731905,2.32021035714286,Up_in_Sepsis,0.972857142857143,4.61758271866169e-12,GSE137340
CLEC1B,GSE65682,42,51,5.00461825640476,6.86330397045098,4.727702655,6.840634903,1.85868571404622,Up_in_Sepsis,0.871148459383754,8.59473712909179e-10,GSE137340
CLEC1B,GSE95233,22,51,6.08557601636364,8.07011106196078,6.029908335,7.93547046,1.98453504559715,Up_in_Sepsis,0.981283422459893,8.82077171942536e-11,GSE137340
TNIK,GSE236713,30,125,0.854569000666667,-0.168885687405333,0.841829543333333,-0.109981379,-1.023454688072,Down_in_Sepsis,0.0765333333333333,6.48107021222559e-13,GSE137340
TNIK,GSE54514,18,35,7.28407255805556,7.3489006588,7.236772299,7.30618906,0.0648281007444442,Up_in_Sepsis,0.614285714285714,0.181077171557747,GSE137340
TNIK,GSE57065,25,28,5.4416701,4.44927892857143,5.4716675,4.407815,-0.992391171428571,Down_in_Sepsis,0.0128571428571429,2.14616925591847e-13,GSE137340
TNIK,GSE65682,42,51,2.9786465077381,2.69411152617647,2.89230074433334,2.61642429633333,-0.284534981561625,Down_in_Sepsis,0.26844070961718,0.000130635719861379,GSE137340
TNIK,GSE95233,22,51,6.75896863136364,5.25673700794118,6.77068842125,5.28311229,-1.50223162342246,Down_in_Sepsis,0.0053475935828877,2.62469054871502e-11,GSE137340
CNIH4,GSE236713,30,125,-0.939929663633333,0.183516375232,-0.94743395,0.15975022,1.12344603886533,Up_in_Sepsis,0.946933333333333,3.23578325446997e-14,GSE137340
CNIH4,GSE54514,18,35,10.3210467763889,10.1514122015429,10.27687979,10.05037594,-0.169634574846031,Down_in_Sepsis,0.402380952380952,0.251928972885693,GSE137340
CNIH4,GSE57065,25,28,6.33976486666667,7.8545294047619,6.28157,7.79011416666667,1.51476453809524,Up_in_Sepsis,1,2.21254562465821e-15,GSE137340
CNIH4,GSE65682,42,51,6.64538319521429,7.04820688133333,6.69730519825,7.0190952715,0.402823686119048,Up_in_Sepsis,0.664799253034547,0.00650261354751696,GSE137340
CNIH4,GSE95233,22,51,5.7925571830303,7.28288286764706,5.77971258583334,7.315604745,1.49032568461676,Up_in_Sepsis,0.999108734402852,1.73990990394731e-11,GSE137340
MRPS18B,GSE236713,30,125,0.952358862966667,-0.305959818912,0.97596945,-0.37188209,-1.25831868187867,Down_in_Sepsis,0.0301333333333333,1.48694508222996e-15,GSE137340
MRPS18B,GSE54514,18,35,7.72389064902778,7.66801308908571,7.696172595,7.678476095,-0.055877559942064,Down_in_Sepsis,0.423809523809524,0.375848631836723,GSE137340
MRPS18B,GSE57065,25,28,6.8682014,6.01682446428571,6.858075,6.02196,-0.851376935714286,Down_in_Sepsis,0.0542857142857143,3.22170980952107e-10,GSE137340
MRPS18B,GSE65682,42,51,3.96082558947619,3.67390508272549,3.88398438475,3.687465194,-0.2869205067507,Down_in_Sepsis,0.297852474323062,0.000841116226012022,GSE137340
MRPS18B,GSE95233,22,51,6.11610189136364,5.62107345901961,6.0515331525,5.62735989,-0.495028432344029,Down_in_Sepsis,0.0802139037433155,1.54606197723968e-08,GSE137340
ATM,GSE236713,30,125,0.977297793777778,-0.301063912218667,0.996744636666665,-0.119739296666667,-1.27836170599645,Down_in_Sepsis,0.0096,8.30812206318591e-17,GSE137340
ATM,GSE54514,18,35,8.18864723044444,8.15939443447143,8.19803261775,8.16906929,-0.0292527959730151,Down_in_Sepsis,0.455555555555556,0.608776071190231,GSE137340
ATM,GSE57065,25,28,6.08263866666667,5.52444077380952,6.10397,5.53587,-0.558197892857143,Down_in_Sepsis,0.0571428571428571,4.71093001856602e-10,GSE137340
ATM,GSE65682,42,51,4.05585096710119,3.55468416773039,4.124494958375,3.57641183925,-0.501166799370798,Down_in_Sepsis,0.205415499533147,1.13043864028343e-06,GSE137340
ATM,GSE95233,22,51,6.82783657757576,5.99723875107843,6.77844196083334,5.97957317833333,-0.830597826497326,Down_in_Sepsis,0.0115864527629234,4.63944869067713e-11,GSE137340
AKR1B1,GSE236713,30,125,1.10280196133333,-0.294437321856,1.10876015,-0.186481,-1.39723928318933,Down_in_Sepsis,0.0274666666666666,1.0292890169365e-15,GSE137340
AKR1B1,GSE54514,18,35,8.22813945355556,8.27669271742857,8.287182808,8.213873863,0.048553263873016,Up_in_Sepsis,0.511111111111111,0.903787579790874,GSE137340
AKR1B1,GSE57065,25,28,8.2329784,7.14429142857143,8.18847,7.219275,-1.08868697142857,Down_in_Sepsis,0.03,7.7571849600517e-12,GSE137340
AKR1B1,GSE65682,42,51,5.782762856,5.23572418660784,5.762579663,5.214899442,-0.547038669392157,Down_in_Sepsis,0.204481792717087,1.04538904539685e-06,GSE137340
AKR1B1,GSE95233,22,51,8.01755643772727,6.83676316254902,7.993817225,6.79841822,-1.18079327517825,Down_in_Sepsis,0.0196078431372549,9.55234536735608e-11,GSE137340
SLC22A15,GSE236713,30,125,-1.6412228766,0.17472447664,-1.662424925,0.27860021,1.81594735324,Up_in_Sepsis,0.962666666666667,3.97424855205802e-15,GSE137340
SLC22A15,GSE54514,18,35,7.77363846038889,7.99127152308572,7.744202852,7.912961483,0.217633062696826,Up_in_Sepsis,0.623809523809524,0.146722427447959,GSE137340
SLC22A15,GSE57065,25,28,6.30075,7.51593071428571,6.24373,7.54928,1.21518071428571,Up_in_Sepsis,0.968571428571428,9.97415567595923e-12,GSE137340
SLC22A15,GSE65682,42,51,3.78211947952381,3.90564864782353,3.835081754,3.87926299466667,0.12352916829972,Up_in_Sepsis,0.558823529411765,0.332615420903934,GSE137340
SLC22A15,GSE95233,22,51,4.90752292227273,6.34464838137255,4.934843775,6.44982426,1.43712545909982,Up_in_Sepsis,0.959001782531194,6.19679960010317e-10,GSE137340
NLRC3,GSE236713,30,125,0.3472071855,0.019929257944,0.3294891125,-0.045955775,-0.327277927556,Down_in_Sepsis,0.260533333333333,4.80583037797811e-05,GSE137340
NLRC3,GSE54514,18,35,7.14705814261111,7.14755228585714,7.1259708405,7.146943569,0.000494143246031698,Up_in_Sepsis,0.53015873015873,0.730730102071719,GSE137340
NLRC3,GSE57065,25,28,8.4811112,6.36227821428571,8.58323,6.40189,-2.11883298571429,Down_in_Sepsis,0,2.21254562465821e-15,GSE137340
NLRC3,GSE65682,42,51,4.88646998161905,4.23935209603922,4.645778139,4.101343153,-0.647117885579831,Down_in_Sepsis,0.261904761904762,8.37746746064173e-05,GSE137340
NLRC3,GSE95233,22,51,7.63367608181818,5.44067772882353,7.61084043,5.37236848,-2.19299835299465,Down_in_Sepsis,0,1.60188706567253e-11,GSE137340
IL12RB1,GSE236713,30,125,1.043464429,-0.156667158416,1.04191615,-0.1494143,-1.200131587416,Down_in_Sepsis,0.0266666666666667,9.21380093416917e-16,GSE137340
IL12RB1,GSE54514,18,35,7.48539858405556,7.399984169,7.46507740025,7.381520748,-0.0854144150555563,Down_in_Sepsis,0.325396825396825,0.0388930382204774,GSE137340
IL12RB1,GSE57065,25,28,5.5643936,5.02192595238095,5.57019333333333,4.970995,-0.542467647619049,Down_in_Sepsis,0.0571428571428571,4.71093001856602e-10,GSE137340
IL12RB1,GSE65682,42,51,2.52139805905952,2.30870095960784,2.51481876325,2.296833903,-0.212697099451681,Down_in_Sepsis,0.200280112044818,7.33127151262365e-07,GSE137340
IL12RB1,GSE95233,22,51,6.32692615,5.82376098124183,6.33970624166667,5.75646327,-0.50316516875817,Down_in_Sepsis,0.0998217468805704,6.97216087689082e-08,GSE137340
PDGFC,GSE236713,30,125,-0.658623697933333,0.298032218976,-0.63494515,0.37303758,0.956655916909333,Up_in_Sepsis,0.799733333333333,3.60996238332741e-07,GSE137340
PDGFC,GSE54514,18,35,7.72665953633333,7.52740244182857,7.5128457545,7.501349926,-0.199257094504762,Down_in_Sepsis,0.399206349206349,0.236714120171785,GSE137340
PDGFC,GSE57065,25,28,3.9940232,5.70568928571429,3.92067,5.8773525,1.71166608571429,Up_in_Sepsis,0.93,2.33646588000407e-09,GSE137340
PDGFC,GSE65682,42,51,2.92138781271429,4.15396739868628,2.7791706445,4.2395434385,1.23257958597199,Up_in_Sepsis,0.920634920634921,3.60514881788073e-12,GSE137340
PDGFC,GSE95233,22,51,3.94279649568182,5.6417746477451,3.849903155,5.67325891,1.69897815206328,Up_in_Sepsis,0.975044563279858,1.53617362330698e-10,GSE137340
HMGB3,GSE236713,30,125,-1.7758933225,0.29834280614,-1.73935605,0.1862275615,2.07423612864,Up_in_Sepsis,0.9824,2.59297050143436e-16,GSE137340
HMGB3,GSE54514,18,35,7.16323335955556,7.21915967117143,7.1877787115,7.200767517,0.055926311615873,Up_in_Sepsis,0.649206349206349,0.0789959304049665,GSE137340
HMGB3,GSE57065,25,28,4.2543436,4.91887392857143,4.248305,4.86261,0.664530328571428,Up_in_Sepsis,0.96,4.0828104411818e-11,GSE137340
HMGB3,GSE65682,42,51,2.49300907483333,3.26759644539216,2.439562411,3.000443047,0.774587370558824,Up_in_Sepsis,0.831465919701214,4.31777489377655e-08,GSE137340
HMGB3,GSE95233,22,51,4.62541109659091,5.48070635421569,4.6084107725,5.329346685,0.855295257624777,Up_in_Sepsis,0.948306595365419,1.53088505184395e-09,GSE137340
MPRIP,GSE236713,30,125,0.715924365547619,-0.116441574976,0.700313325714286,-0.195719381428571,-0.832365940523619,Down_in_Sepsis,0.1008,1.22010880780333e-11,GSE137340
MPRIP,GSE54514,18,35,7.4623765415,7.54346175197143,7.458873272,7.521890402,0.0810852104714286,Up_in_Sepsis,0.641269841269841,0.0967556702455424,GSE137340
MPRIP,GSE57065,25,28,6.0863716,5.41733726190476,6.07785833333333,5.39266,-0.669034338095238,Down_in_Sepsis,0.00428571428571429,1.54878193726075e-14,GSE137340
MPRIP,GSE65682,42,51,4.53966902271429,4.18040328117647,4.46962933025,4.179634207,-0.359265741537815,Down_in_Sepsis,0.211017740429505,1.79871376878615e-06,GSE137340
MPRIP,GSE95233,22,51,6.23822020727273,5.45312523833333,6.2254964375,5.45904217333333,-0.785094968939393,Down_in_Sepsis,0.0035650623885918,2.22762533627504e-11,GSE137340
DDX24,GSE236713,30,125,1.54151412266667,-0.480346133584,1.54734185,-0.20377183,-2.02186025625067,Down_in_Sepsis,0.0301333333333333,1.48694508222996e-15,GSE137340
DDX24,GSE54514,18,35,7.83455446016667,7.85656765534286,7.85738492,7.769836903,0.022013195176191,Up_in_Sepsis,0.495238095238095,0.962549921097313,GSE137340
DDX24,GSE57065,25,28,7.6376762,6.39314964285714,7.663385,6.370375,-1.24452655714286,Down_in_Sepsis,0,2.21254562465821e-15,GSE137340
DDX24,GSE65682,42,51,4.12204973032381,3.65627379955686,3.9895664527,3.6741840082,-0.465775930766947,Down_in_Sepsis,0.271241830065359,0.000157499220487827,GSE137340
DDX24,GSE95233,22,51,8.63628290159091,7.25384864392157,8.66158573,7.241871075,-1.38243425766934,Down_in_Sepsis,0,1.60188706567253e-11,GSE137340
TPST2,GSE236713,30,125,-0.5442433062,0.234032943728,-0.440820935,0.16251373,0.778276249928,Up_in_Sepsis,0.881066666666666,9.81126041913943e-11,GSE137340
TPST2,GSE54514,18,35,10.6547624273333,10.3847428183571,10.470162869,10.44403124,-0.27001960897619,Down_in_Sepsis,0.341269841269841,0.0612219903360194,GSE137340
TPST2,GSE57065,25,28,6.5861648,7.43347857142857,6.58141,7.41739166666667,0.847313771428571,Up_in_Sepsis,0.96,4.0828104411818e-11,GSE137340
TPST2,GSE65682,42,51,7.29053642883333,8.31062247454902,7.257098495,8.309882325,1.02008604571569,Up_in_Sepsis,0.918300653594771,4.73658625634737e-12,GSE137340
TPST2,GSE95233,22,51,7.52804846712121,8.36179940117647,7.549906045,8.41934404,0.833750934055259,Up_in_Sepsis,0.949197860962567,1.42085083033673e-09,GSE137340
COQ10A,GSE236713,30,125,1.43998488,-0.348915340464,1.46343205,-0.31633496,-1.788900220464,Down_in_Sepsis,0.0218666666666667,4.72267228015068e-16,GSE137340
COQ10A,GSE54514,18,35,7.21696355605556,7.2277491706,7.2142510415,7.236594677,0.0107856145444449,Up_in_Sepsis,0.53015873015873,0.730730102071719,GSE137340
COQ10A,GSE57065,25,28,5.6236908,4.74520642857143,5.58463,4.77979,-0.878484371428572,Down_in_Sepsis,0.0171428571428571,6.01812409907034e-13,GSE137340
COQ10A,GSE65682,42,51,2.82884858488095,2.61315300660784,2.774356031,2.577682697,-0.215695578273109,Down_in_Sepsis,0.325396825396825,0.00393385351010058,GSE137340
COQ10A,GSE95233,22,51,6.26032102772727,5.1915491327451,6.26665021,5.21318987,-1.06877189498217,Down_in_Sepsis,0.0151515151515152,6.40439715698351e-11,GSE137340
FCER1G,GSE236713,30,125,-0.7098680792,0.147596681548,-0.76386224175,0.15128302,0.857464760748,Up_in_Sepsis,0.821333333333333,4.88872742087751e-08,GSE137340
FCER1G,GSE54514,18,35,13.1967886305556,13.1335983282857,13.004879,13.22806835,-0.0631903022698417,Down_in_Sepsis,0.492063492063492,0.932641220383615,GSE137340
FCER1G,GSE57065,25,28,9.5445204,11.6360428571429,9.455135,11.654625,2.09152245714286,Up_in_Sepsis,0.998571428571429,4.42509124931643e-15,GSE137340
FCER1G,GSE65682,42,51,11.18173016,11.6927148139216,11.26659453,11.79449604,0.510984653921568,Up_in_Sepsis,0.832866479925304,3.78724931046422e-08,GSE137340
FCER1G,GSE95233,22,51,11.08213899,12.5071158693137,11.108715595,12.54943525,1.42497687931373,Up_in_Sepsis,0.999108734402852,1.73990990394731e-11,GSE137340
SMAD3,GSE236713,30,125,0.961487055666667,-0.305891019032,0.91015507,-0.2575152,-1.26737807469867,Down_in_Sepsis,0.0293333333333333,1.33186391197432e-15,GSE137340
SMAD3,GSE54514,18,35,7.72554718122222,7.80760530748571,7.691861391,7.82093668,0.0820581262634921,Up_in_Sepsis,0.579365079365079,0.355973719982299,GSE137340
SMAD3,GSE57065,25,28,5.6446696,4.94665232142857,5.6057975,4.938415,-0.698017278571429,Down_in_Sepsis,0.0128571428571429,2.14616925591847e-13,GSE137340
SMAD3,GSE65682,42,51,3.45302896542857,3.05434948128431,3.40285650425,3.034695884,-0.398679484144258,Down_in_Sepsis,0.288048552754435,0.000463485789471043,GSE137340
SMAD3,GSE95233,22,51,6.71692181034091,5.68518758480392,6.70435889375,5.6543840125,-1.03173422553699,Down_in_Sepsis,0,1.60188706567253e-11,GSE137340
SIRPD,GSE236713,30,125,-1.233942053,0.1833675574,-1.2067642,0.248096585,1.4173096104,Up_in_Sepsis,0.961066666666667,4.93476029279883e-15,GSE137340
SIRPD,GSE54514,18,35,7.505291144,7.5210190228,7.4709227085,7.515074253,0.0157278787999999,Up_in_Sepsis,0.528571428571429,0.744773717603001,GSE137340
SIRPD,GSE57065,25,28,5.3223752,6.07250392857143,5.29905,6.12296,0.750128728571429,Up_in_Sepsis,0.958571428571428,5.09106748233855e-11,GSE137340
SIRPD,GSE65682,42,51,4.08133907366667,4.50172045705882,4.019137582,4.502483854,0.420381383392157,Up_in_Sepsis,0.69140989729225,0.00157046393819263,GSE137340
SIRPD,GSE95233,22,51,6.62153386272727,7.57431131607843,6.662535295,7.63030882,0.952777453351159,Up_in_Sepsis,0.93048128342246,6.60636637173921e-09,GSE137340
PFKFB3,GSE236713,30,125,-2.14768644883333,0.67124669534,-2.232824525,0.642308595,2.81893314417333,Up_in_Sepsis,0.968533333333334,1.78584783999178e-15,GSE137340
PFKFB3,GSE54514,18,35,9.5116083225,9.38904431198571,9.43218255075,9.371786596,-0.122564010514285,Down_in_Sepsis,0.461904761904762,0.661913156874205,GSE137340
PFKFB3,GSE57065,25,28,7.1088256,9.87498214285714,7.09434,10.1057,2.76615654285714,Up_in_Sepsis,0.991428571428571,6.63763687397464e-14,GSE137340
PFKFB3,GSE65682,42,51,5.58105688251191,5.44305152133824,5.56745053175,5.43893133475,-0.138005361173669,Down_in_Sepsis,0.417366946778711,0.173015249339883,GSE137340
PFKFB3,GSE95233,22,51,9.38511231772727,11.285708264902,9.34229645,11.39190353,1.90059594717469,Up_in_Sepsis,0.983065953654189,7.51822548100406e-11,GSE137340
TXK,GSE236713,30,125,0.9197324194,-0.181656198816,0.9146905,-0.12425113,-1.101388618216,Down_in_Sepsis,0.160533333333333,8.24898242914014e-09,GSE137340
TXK,GSE54514,18,35,7.31790725388889,7.27959833142857,7.296327114,7.2380867,-0.0383089224603168,Down_in_Sepsis,0.420634920634921,0.355973719982299,GSE137340
TXK,GSE57065,25,28,7.1846312,4.9532025,7.16389,4.92176,-2.2314287,Down_in_Sepsis,0.00142857142857143,4.42509124931643e-15,GSE137340
TXK,GSE65682,42,51,4.06082893503571,3.25638884056863,4.06964975675,3.195788096,-0.804440094467087,Down_in_Sepsis,0.199813258636788,7.04582975307511e-07,GSE137340
TXK,GSE95233,22,51,5.60808232409091,4.32859406196078,5.617723485,4.30616348,-1.27948826213013,Down_in_Sepsis,0.0285204991087344,2.10264174876355e-10,GSE137340
ANKS1A,GSE236713,30,125,-1.14569345556667,0.428403218384,-1.105058675,0.403834225,1.57409667395067,Up_in_Sepsis,0.9768,5.68982032753381e-16,GSE137340
ANKS1A,GSE54514,18,35,8.36291376744445,8.47786478311429,8.35987854,8.536522865,0.11495101566984,Up_in_Sepsis,0.582539682539683,0.33676180410244,GSE137340
ANKS1A,GSE57065,25,28,6.3056256,7.08700357142857,6.28889,7.19754,0.781377971428571,Up_in_Sepsis,0.861428571428572,1.66261724813358e-06,GSE137340
ANKS1A,GSE65682,42,51,4.55654991301191,5.25225121583333,4.6455979815,5.2903660715,0.695701302821429,Up_in_Sepsis,0.774509803921569,5.74681376280225e-06,GSE137340
ANKS1A,GSE95233,22,51,7.33716994727273,8.20160833078431,7.33971589,8.13895383,0.864438383511587,Up_in_Sepsis,0.911764705882353,2.88669210785192e-08,GSE137340
PRKX,GSE236713,30,125,0.817022609666667,-0.349367392336,0.87872173,-0.31592464,-1.16639000200267,Down_in_Sepsis,0.1272,2.46070691198936e-10,GSE137340
PRKX,GSE54514,18,35,7.28125502008333,7.29778364721429,7.262359977,7.255271196,0.0165286271309526,Up_in_Sepsis,0.49047619047619,0.918534356570284,GSE137340
PRKX,GSE57065,25,28,6.5989206,5.21561982142857,6.60769,5.215225,-1.38330077857143,Down_in_Sepsis,0.03,7.7571849600517e-12,GSE137340
PRKX,GSE65682,42,51,3.19498855817857,2.84975346603922,3.214293487,2.8181971535,-0.345235092139355,Down_in_Sepsis,0.235760971055089,1.26741456416634e-05,GSE137340
PRKX,GSE95233,22,51,7.44201789727273,5.89559080980392,7.4784619975,5.84171696,-1.54642708746881,Down_in_Sepsis,0,1.60188706567253e-11,GSE137340
PCSK7,GSE236713,30,125,0.516123192811111,-0.0975252680959999,0.556962171666667,-0.126850522666667,-0.613648460907111,Down_in_Sepsis,0.145066666666667,1.68089657835983e-09,GSE137340
PCSK7,GSE54514,18,35,7.99132450416667,8.06372165674286,7.9752528665,8.021677971,0.0723971525761904,Up_in_Sepsis,0.56031746031746,0.481240107497183,GSE137340
PCSK7,GSE57065,25,28,6.7461814,5.77657732142857,6.78612,5.7171675,-0.969604078571429,Down_in_Sepsis,0.0414285714285714,5.09106748233855e-11,GSE137340
PCSK7,GSE65682,42,51,4.12430408340476,3.75959034235294,4.0401751025,3.732568481,-0.36471374105182,Down_in_Sepsis,0.331932773109243,0.005514439083463,GSE137340
PCSK7,GSE95233,22,51,8.16719415431818,6.82942278362745,8.18188216,6.74831329,-1.33777137069073,Down_in_Sepsis,0,1.60188706567253e-11,GSE137340
TNFRSF25,GSE236713,30,125,1.62109185766667,-0.444809486876,1.56461085,-0.49960864,-2.06590134454267,Down_in_Sepsis,0.0157333333333333,1.99145076149493e-16,GSE137340
TNFRSF25,GSE54514,18,35,7.07549866027778,7.13480898991429,7.0658040045,7.114365578,0.0593103296365083,Up_in_Sepsis,0.695238095238095,0.0203799907117107,GSE137340
TNFRSF25,GSE57065,25,28,5.63446846666667,4.93078523809524,5.61572166666667,4.93792833333334,-0.703683228571427,Down_in_Sepsis,0.0171428571428571,6.01812409907034e-13,GSE137340
TNFRSF25,GSE65682,42,51,3.67147418067857,3.15122739492157,3.46610433275,3.0961701355,-0.520246785757003,Down_in_Sepsis,0.23062558356676,8.56400623491198e-06,GSE137340
TNFRSF25,GSE95233,22,51,5.85135510484849,5.05691001232026,5.86218558333333,5.02973236666667,-0.794445092528224,Down_in_Sepsis,0.0294117647058824,2.27348975174705e-10,GSE137340
FHIT,GSE236713,30,125,1.72235265033333,-0.400628163456,1.74746635,-0.37112284,-2.12298081378933,Down_in_Sepsis,0.0282666666666667,1.1496266352639e-15,GSE137340
FHIT,GSE54514,18,35,7.21225375588889,7.23171369002857,7.183431387,7.186676025,0.0194599341396824,Up_in_Sepsis,0.496825396825397,0.977746942500812,GSE137340
FHIT,GSE57065,25,28,5.0122668,4.29786535714286,4.98118,4.231375,-0.714401442857143,Down_in_Sepsis,0.14,1.85927533914829e-06,GSE137340
FHIT,GSE65682,42,51,3.9493621442381,3.39674858940196,3.79063013675,3.313987758,-0.552613554836134,Down_in_Sepsis,0.291783380018674,0.000583312485993505,GSE137340
FHIT,GSE95233,22,51,5.55071483136364,4.1011215672549,5.510172445,3.98972778,-1.44959326410874,Down_in_Sepsis,0.0409982174688057,6.19679960010317e-10,GSE137340
UBE2F,GSE236713,30,125,-0.368793487933333,0.162755596656,-0.364049915,0.116556644,0.531549084589333,Up_in_Sepsis,0.747733333333333,2.60762698214956e-05,GSE137340
UBE2F,GSE54514,18,35,10.6508857411111,10.6333123067714,10.72046232,10.72938728,-0.0175734343396829,Down_in_Sepsis,0.496031746031746,0.970035370665407,GSE137340
UBE2F,GSE57065,25,28,6.912098,8.19325544642857,6.8712025,8.26774375,1.28115744642857,Up_in_Sepsis,0.974285714285714,3.53343536257917e-12,GSE137340
UBE2F,GSE65682,42,51,5.75524809940212,6.45038157776471,5.78872423144444,6.49638270266667,0.695133478362591,Up_in_Sepsis,0.859943977591037,2.71015528900733e-09,GSE137340
UBE2F,GSE95233,22,51,6.75911467727273,8.23466372215686,6.73561727125,8.2456943825,1.47554904488414,Up_in_Sepsis,1,1.60188706567253e-11,GSE137340
OSBPL3,GSE236713,30,125,0.48125649275,-0.354139959376,0.43651425375,-0.3536953825,-0.835396452126,Down_in_Sepsis,0.1368,6.98707379287192e-10,GSE137340
OSBPL3,GSE54514,18,35,7.14521398808333,7.17183908732857,7.12435627,7.1750597955,0.0266250992452379,Up_in_Sepsis,0.649206349206349,0.0789959304049665,GSE137340
OSBPL3,GSE57065,25,28,5.2492374,4.00059910714286,5.26843,3.91655,-1.24863829285714,Down_in_Sepsis,0.05,1.7876704883551e-10,GSE137340
OSBPL3,GSE65682,42,51,2.63727975109524,2.4058431226536,2.58565152566667,2.37001996666667,-0.231436628441644,Down_in_Sepsis,0.256769374416433,5.86302607729117e-05,GSE137340
OSBPL3,GSE95233,22,51,5.83358075840909,4.40324046823529,5.81723147,4.40658754,-1.4303402901738,Down_in_Sepsis,0,1.60188706567253e-11,GSE137340
CEACAM1,GSE236713,30,125,-2.2297633795,0.75392329112,-2.24272845,0.64667261,2.98368667062,Up_in_Sepsis,0.931733333333333,2.29532700678025e-13,GSE137340
CEACAM1,GSE54514,18,35,9.36693746983333,9.57006856835238,9.13677549416667,9.362805367,0.20313109851905,Up_in_Sepsis,0.552380952380952,0.545121751957247,GSE137340
CEACAM1,GSE57065,25,28,5.76820184,8.52635057142857,5.674526,8.945779,2.75814873142857,Up_in_Sepsis,0.99,9.95645531096197e-14,GSE137340
CEACAM1,GSE65682,42,51,6.17503790852116,6.89064320154248,6.409779824,7.01586341133333,0.715605293021319,Up_in_Sepsis,0.649859943977591,0.013351321075262,GSE137340
CEACAM1,GSE95233,22,51,6.20708566854546,8.81420881686275,6.248672308,9.037525914,2.60712314831729,Up_in_Sepsis,0.994652406417112,2.62469054871502e-11,GSE137340
ZBTB8OS,GSE236713,30,125,-0.569892523055556,0.2087835916,-0.646200421,0.131982966666667,0.778676114655556,Up_in_Sepsis,0.934666666666667,1.58073643665628e-13,GSE137340
ZBTB8OS,GSE54514,18,35,7.24049439702778,7.24007785661429,7.1937617065,7.2229328155,-0.00041654041349215,Down_in_Sepsis,0.544444444444445,0.608776071190231,GSE137340
ZBTB8OS,GSE57065,25,28,4.7366192,5.76419928571429,4.80386,5.816665,1.02758008571429,Up_in_Sepsis,0.872857142857143,6.59704088772431e-07,GSE137340
ZBTB8OS,GSE65682,42,51,3.46137587542857,4.06068646721569,3.391314426,4.094507529,0.599310591787115,Up_in_Sepsis,0.785714285714286,2.34946181807094e-06,GSE137340
ZBTB8OS,GSE95233,22,51,5.56323834636364,6.48216824431373,5.53107066,6.42587499,0.918929897950089,Up_in_Sepsis,0.943850267379679,2.21753737820061e-09,GSE137340
IKZF3,GSE236713,30,125,2.64809626333333,-0.4496063042,2.66854215,-0.20453382,-3.09770256753333,Down_in_Sepsis,0.0088,7.40693175161351e-17,GSE137340
IKZF3,GSE54514,18,35,7.24617536875,7.23152393617143,7.2424907685,7.2273221015,-0.0146514325785718,Down_in_Sepsis,0.396825396825397,0.228139828404204,GSE137340
IKZF3,GSE57065,25,28,5.8877896,4.77032476190476,5.92172333333333,4.75086166666667,-1.11746483809524,Down_in_Sepsis,0.0257142857142857,3.53343536257917e-12,GSE137340
IKZF3,GSE65682,42,51,2.77046021359524,2.4212338975098,2.5585132765,2.387578154,-0.349226316085434,Down_in_Sepsis,0.30532212885154,0.00130273081746015,GSE137340
IKZF3,GSE95233,22,51,7.01289813409091,5.08389907346405,7.046595855,4.94219608333333,-1.92899906062686,Down_in_Sepsis,0,1.60188706567253e-11,GSE137340
RNF125,GSE236713,30,125,1.0594048742,-0.469352922048,1.1031556,-0.41122437,-1.528757796248,Down_in_Sepsis,0.0608,8.83962249986254e-14,GSE137340
RNF125,GSE54514,18,35,7.63128119041667,7.66054806711429,7.6722803115,7.625569105,0.0292668766976192,Up_in_Sepsis,0.517460317460318,0.845174025846265,GSE137340
RNF125,GSE57065,25,28,6.1942172,4.84770321428572,6.246285,4.825655,-1.34651398571429,Down_in_Sepsis,0.0257142857142857,3.53343536257917e-12,GSE137340
RNF125,GSE65682,42,51,3.29007678005952,2.93691259777451,3.2571234445,2.9202875625,-0.353164182285014,Down_in_Sepsis,0.264239028944911,9.83053437283166e-05,GSE137340
RNF125,GSE95233,22,51,6.35749630318182,5.19168361215686,6.3275140975,5.19173058,-1.16581269102496,Down_in_Sepsis,0.00802139037433155,3.35328660937072e-11,GSE137340
DHRS3,GSE236713,30,125,1.35386949666667,-0.12059901532,1.40391085,-0.07216358,-1.47446851198667,Down_in_Sepsis,0.0530666666666666,3.23578325446997e-14,GSE137340
DHRS3,GSE54514,18,35,7.38676108255556,7.34972561417143,7.352461338,7.312664509,-0.0370354683841265,Down_in_Sepsis,0.374603174603175,0.141506854350495,GSE137340
DHRS3,GSE57065,25,28,6.698046,5.55574607142857,6.66131,5.540585,-1.14229992857143,Down_in_Sepsis,0.00285714285714286,8.85018249863286e-15,GSE137340
DHRS3,GSE65682,42,51,3.51551300792857,3.03277314835294,3.4364774545,2.84796973,-0.48273985957563,Down_in_Sepsis,0.271708683473389,0.000162453278229787,GSE137340
DHRS3,GSE95233,22,51,6.58019298590909,5.30746493156863,6.582108955,5.17644525,-1.27272805434046,Down_in_Sepsis,0.0436720142602495,7.78375215666962e-10,GSE137340
ZNF573,GSE236713,30,125,0.492162497833333,-0.248503106256,0.51490425,-0.2656319,-0.740665604089333,Down_in_Sepsis,0.164266666666667,1.19889970413373e-08,GSE137340
ZNF573,GSE54514,18,35,7.15127325061111,7.24140635888571,7.140956402,7.246944904,0.0901331082746033,Up_in_Sepsis,0.679365079365079,0.0336987484346747,GSE137340
ZNF573,GSE57065,25,28,5.131448,3.55247928571429,5.14872,3.434665,-1.57896871428571,Down_in_Sepsis,0.0485714285714286,1.46118725598053e-10,GSE137340
ZNF573,GSE65682,42,51,3.84267501711905,3.10266048052941,3.7091981305,3.081838185,-0.740014536589636,Down_in_Sepsis,0.239495798319328,1.67819968292486e-05,GSE137340
ZNF573,GSE95233,22,51,5.61010487727273,4.02224363196078,5.560329955,3.93700252,-1.58786124531194,Down_in_Sepsis,0.0071301247771836,3.09077930949446e-11,GSE137340
MAN1A1,GSE236713,30,125,-0.807728851166667,0.04536863128,-0.801960705,0.08826518,0.853097482446667,Up_in_Sepsis,0.881333333333333,9.52145944207486e-11,GSE137340
MAN1A1,GSE54514,18,35,7.79152949661111,7.75925510954286,7.749751568,7.825304985,-0.032274387068254,Down_in_Sepsis,0.502380952380952,0.985015344860853,GSE137340
MAN1A1,GSE57065,25,28,6.1761716,7.2944425,6.21096,7.2677225,1.1182709,Up_in_Sepsis,0.937142857142857,9.7986344315551e-10,GSE137340
MAN1A1,GSE65682,42,51,4.80973082888095,5.65856288477941,4.6331179925,5.779392985,0.848832055898459,Up_in_Sepsis,0.795518207282913,1.04538904539685e-06,GSE137340
MAN1A1,GSE95233,22,51,6.61289860522727,7.83762681490196,6.7148550325,7.88069167,1.22472820967469,Up_in_Sepsis,0.951871657754011,1.1350067909103e-09,GSE137340
ATP11B,GSE236713,30,125,-0.692571196933333,0.330172582608,-0.64014244,0.32793975,1.02274377954133,Up_in_Sepsis,0.824,3.78497075509226e-08,GSE137340
ATP11B,GSE54514,18,35,8.65592421441667,8.45945029935714,8.665524125,8.423412323,-0.196473915059524,Down_in_Sepsis,0.377777777777778,0.152080729356349,GSE137340
ATP11B,GSE57065,25,28,5.2186784,7.03875482142857,5.22068666666667,7.28706166666667,1.82007642142857,Up_in_Sepsis,0.995714285714286,1.54878193726075e-14,GSE137340
ATP11B,GSE65682,42,51,5.28349894106845,6.11965036229412,5.2728987829375,6.2433836155,0.836151421225665,Up_in_Sepsis,0.800653594771242,6.77111143044872e-07,GSE137340
ATP11B,GSE95233,22,51,6.62596131151515,8.41418258964052,6.67846374666667,8.53843933166667,1.78822127812537,Up_in_Sepsis,0.981283422459893,8.82077171942536e-11,GSE137340
PFAS,GSE236713,30,125,1.16060455366667,-0.321091784784,1.1427252,-0.23382401,-1.48169633845067,Down_in_Sepsis,0.0285333333333333,1.19273989918378e-15,GSE137340
PFAS,GSE54514,18,35,7.28569451972222,7.34578687122857,7.258323431,7.327349186,0.0600923515063494,Up_in_Sepsis,0.584126984126984,0.327405769848281,GSE137340
PFAS,GSE57065,25,28,4.6877208,3.54861857142857,4.60483,3.53461,-1.13910222857143,Down_in_Sepsis,0.0228571428571429,2.02447924656227e-12,GSE137340
PFAS,GSE65682,42,51,2.89702173158333,2.82390222498039,2.91586652075,2.8161886735,-0.0731195066029415,Down_in_Sepsis,0.38562091503268,0.0590879285517901,GSE137340
PFAS,GSE95233,22,51,6.23051981772727,5.04620764431373,6.15091963,5.1452966,-1.18431217341355,Down_in_Sepsis,0.00980392156862745,3.94540435484238e-11,GSE137340
EXOC6,GSE236713,30,125,-0.931458507833333,0.184415845396,-0.99509085,0.1650509,1.11587435322933,Up_in_Sepsis,0.8672,4.53752399627033e-10,GSE137340
EXOC6,GSE54514,18,35,7.57355576968519,7.62558890755238,7.541206757,7.603348732,0.0520331378671957,Up_in_Sepsis,0.568253968253968,0.42839311053673,GSE137340
EXOC6,GSE57065,25,28,5.1117156,6.48529416666667,5.09888,6.53959166666667,1.37357856666667,Up_in_Sepsis,0.987142857142857,2.14616925591847e-13,GSE137340
EXOC6,GSE65682,42,51,5.36268628829762,6.01722990917647,5.42427552425,5.956479046,0.654543620878852,Up_in_Sepsis,0.754435107376284,2.62776482435079e-05,GSE137340
EXOC6,GSE95233,22,51,5.41806518515152,6.57804132339869,5.37086918,6.66889392333333,1.15997613824718,Up_in_Sepsis,0.966131907308378,3.35282320392347e-10,GSE137340
KIF5B,GSE236713,30,125,-0.624168243933333,0.136108950172,-0.616924405,0.1396172035,0.760277194105333,Up_in_Sepsis,0.962666666666666,3.97424855205802e-15,GSE137340
KIF5B,GSE54514,18,35,7.6060207155,7.57336957114286,7.635559082,7.571011543,-0.0326511443571427,Down_in_Sepsis,0.446031746031746,0.532791074333115,GSE137340
KIF5B,GSE57065,25,28,7.3604424,7.95916321428571,7.35081333333333,8.055925,0.598720814285715,Up_in_Sepsis,0.874285714285715,5.85426531540652e-07,GSE137340
KIF5B,GSE65682,42,51,5.845023643125,6.19438380720588,5.862472381625,6.24963236075,0.349360164080883,Up_in_Sepsis,0.740429505135388,7.12906014729878e-05,GSE137340
KIF5B,GSE95233,22,51,7.56086366833333,8.2992340248366,7.583117945,8.35138468666667,0.738370356503268,Up_in_Sepsis,0.950089126559715,1.3185393727247e-09,GSE137340
DPP4,GSE236713,30,125,1.18844350766667,-0.620440165856,1.1696689,-0.6278317,-1.80888367352267,Down_in_Sepsis,0.0653333333333333,1.58073643665628e-13,GSE137340
DPP4,GSE54514,18,35,7.218751404,7.28358354562857,7.1721720695,7.258888721,0.064832141628572,Up_in_Sepsis,0.650793650793651,0.0759210537762293,GSE137340
DPP4,GSE57065,25,28,4.9828548,3.55202202380952,5.05914666666667,3.47489,-1.43083277619048,Down_in_Sepsis,0.00857142857142857,6.63763687397464e-14,GSE137340
DPP4,GSE65682,42,51,3.21878984484524,2.71889586423529,3.080288329,2.605021271,-0.499893980609944,Down_in_Sepsis,0.255835667600374,5.49061397202417e-05,GSE137340
DPP4,GSE95233,22,51,6.33203383636364,4.5988446748366,6.29406502166667,4.51969647,-1.73318916152703,Down_in_Sepsis,0,1.60188706567253e-11,GSE137340
MYL6B,GSE236713,30,125,-0.89573427,0.0304518082,-0.947350505,0.040035248,0.9261860782,Up_in_Sepsis,0.889866666666667,3.60924411389993e-11,GSE137340
MYL6B,GSE54514,18,35,8.07172004383333,8.13949262071429,7.997961998,8.052117348,0.0677725768809534,Up_in_Sepsis,0.538095238095238,0.661913156874205,GSE137340
MYL6B,GSE57065,25,28,4.80017,5.69649928571429,4.79594,5.678525,0.896329285714286,Up_in_Sepsis,0.944285714285714,3.90036392897249e-10,GSE137340
MYL6B,GSE65682,42,51,2.6915533075119,3.30073593103922,2.7060278555,3.200169321,0.609182623527311,Up_in_Sepsis,0.881886087768441,2.77067867780162e-10,GSE137340
MYL6B,GSE95233,22,51,6.20397393863636,7.03314206,6.216192435,6.9550619,0.829168121363637,Up_in_Sepsis,0.964349376114082,3.91141292996744e-10,GSE137340
URGCP,GSE236713,30,125,0.777337090666667,-0.1905433098,0.808835035,-0.16276693,-0.967880400466667,Down_in_Sepsis,0.0776,7.39949169071023e-13,GSE137340
URGCP,GSE54514,18,35,7.30227506158333,7.28777029854286,7.3237161635,7.2877187725,-0.0145047630404758,Down_in_Sepsis,0.452380952380952,0.582925964615309,GSE137340
URGCP,GSE57065,25,28,6.2476936,5.2918125,6.295975,5.36982,-0.9558811,Down_in_Sepsis,0.00142857142857143,4.42509124931643e-15,GSE137340
URGCP,GSE65682,42,51,2.90826022128571,2.78988962827451,2.9528372345,2.735854794,-0.118370593011205,Down_in_Sepsis,0.358543417366947,0.019527848879791,GSE137340
URGCP,GSE95233,22,51,5.22877082113636,4.43380021,5.2539276825,4.42547406,-0.794970611136363,Down_in_Sepsis,0.0294117647058824,2.27348975174705e-10,GSE137340
AIG1,GSE236713,30,125,-0.314412177841667,0.24551400282,-0.334457755625,0.1811163425,0.559926180661667,Up_in_Sepsis,0.828,2.56884941235005e-08,GSE137340
AIG1,GSE54514,18,35,7.63796395727778,7.56909096577143,7.505123377,7.529231071,-0.0688729915063497,Down_in_Sepsis,0.447619047619048,0.545121751957247,GSE137340
AIG1,GSE57065,25,28,2.97883633333333,3.66742023809524,2.956205,3.60808333333334,0.688583904761905,Up_in_Sepsis,0.945714285714286,3.22170980952107e-10,GSE137340
AIG1,GSE65682,42,51,3.42310153502381,4.72144683901961,3.309192477,4.804051067,1.2983453039958,Up_in_Sepsis,0.929038281979459,1.33324965116795e-12,GSE137340
AIG1,GSE95233,22,51,3.50927409106061,4.10948518539216,3.4719250125,4.15137834166667,0.600211094331551,Up_in_Sepsis,0.943850267379679,2.21816559060711e-09,GSE137340
ALPL,GSE236713,30,125,-3.05842141333333,0.286827409312,-3.30897325,0.47065985,3.34524882264533,Up_in_Sepsis,0.9656,2.66735498895389e-15,GSE137340
ALPL,GSE54514,18,35,12.9301314355556,12.7936352595429,13.025610445,13.00140953,-0.136496176012699,Down_in_Sepsis,0.498412698412698,0.992506284573576,GSE137340
ALPL,GSE57065,25,28,5.8954288,8.19505178571429,5.84984,8.4127325,2.29962298571429,Up_in_Sepsis,0.957142857142857,6.3278804865225e-11,GSE137340
ALPL,GSE65682,42,51,6.46301430922381,7.14190184189412,6.6677252105,7.4459562462,0.678887532670308,Up_in_Sepsis,0.685807656395892,0.00214994082693125,GSE137340
ALPL,GSE95233,22,51,5.76857001863636,7.28921400960784,5.890189465,7.342228995,1.52064399097148,Up_in_Sepsis,0.953654188948306,9.76469344626009e-10,GSE137340
TARBP1,GSE236713,30,125,1.25489253466667,-0.390798617512,1.29208825,-0.38028193,-1.64569115217867,Down_in_Sepsis,0.0293333333333333,1.33186391197432e-15,GSE137340
TARBP1,GSE54514,18,35,7.17337433505556,7.20104699811429,7.161642075,7.188672066,0.0276726630587296,Up_in_Sepsis,0.568253968253968,0.42839311053673,GSE137340
TARBP1,GSE57065,25,28,7.1658156,6.3589175,7.17084,6.38091,-0.8068981,Down_in_Sepsis,0.0157142857142857,4.31446396808352e-13,GSE137340
TARBP1,GSE65682,42,51,2.90075285,2.6691486455098,2.7866286045,2.655667388,-0.231604204490196,Down_in_Sepsis,0.331932773109244,0.005514439083463,GSE137340
TARBP1,GSE95233,22,51,6.02032072227273,4.85709618411765,5.96659075,4.86601379,-1.16322453815508,Down_in_Sepsis,0.0124777183600713,5.0299256890297e-11,GSE137340
IL18R1,GSE236713,30,125,-1.99271197677778,0.889991658575999,-2.11191423333334,1.11028923333333,2.88270363535378,Up_in_Sepsis,0.894666666666667,2.07259608972765e-11,GSE137340
IL18R1,GSE54514,18,35,9.61118634561111,9.77374446068571,9.8999867425,9.99764061,0.162558115074603,Up_in_Sepsis,0.549206349206349,0.570192060596712,GSE137340
IL18R1,GSE57065,25,28,5.5001572,8.49871821428572,5.41208,8.561775,2.99856101428571,Up_in_Sepsis,0.997142857142857,8.85018249863286e-15,GSE137340
IL18R1,GSE65682,42,51,5.60079048245238,6.06552197312745,5.88677635225,6.1499307225,0.46473149067507,Up_in_Sepsis,0.582633053221288,0.173015249339883,GSE137340
IL18R1,GSE95233,22,51,5.883253725,9.44838876078431,6.01622123,9.54157288,3.56513503578431,Up_in_Sepsis,0.999108734402852,1.73990990394731e-11,GSE137340
GYG1,GSE236713,30,125,-0.540964846288889,0.193892827072,-0.516372281666667,0.43476844,0.734857673360889,Up_in_Sepsis,0.7672,5.73578659057616e-06,GSE137340
GYG1,GSE54514,18,35,11.5812225331111,11.5434056412286,11.25081396,11.80257702,-0.0378168918825406,Down_in_Sepsis,0.486507936507937,0.880565269607831,GSE137340
GYG1,GSE57065,25,28,8.3100668,11.4462498214286,8.36431,11.561225,3.13618302142857,Up_in_Sepsis,1,2.21254562465821e-15,GSE137340
GYG1,GSE65682,42,51,9.04155303196032,9.79200190234641,9.14071960683333,9.930642191,0.750448870386089,Up_in_Sepsis,0.7703081232493,7.96894550994041e-06,GSE137340
GYG1,GSE95233,22,51,8.21840119272727,11.0200852952941,8.12424468,11.08519727,2.80168410256685,Up_in_Sepsis,1,1.60188706567253e-11,GSE137340
JAK2,GSE236713,30,125,-1.03615370066667,0.098620151304,-1.04753325,0.093010426,1.13477385197067,Up_in_Sepsis,0.916,1.62776717662875e-12,GSE137340
JAK2,GSE54514,18,35,8.13195798138889,8.05083390642857,8.105766296,8.004826546,-0.0811240749603162,Down_in_Sepsis,0.426984126984127,0.396380670853483,GSE137340
JAK2,GSE57065,25,28,5.77386706666667,7.24758369047619,5.76858,7.18364666666667,1.47371662380952,Up_in_Sepsis,0.974285714285714,3.53343536257917e-12,GSE137340
JAK2,GSE65682,42,51,5.06339591039682,5.51364410401961,5.04260329166667,5.61294342033333,0.450248193622784,Up_in_Sepsis,0.682539682539683,0.0025726946198045,GSE137340
JAK2,GSE95233,22,51,5.88346737257576,7.32034857875817,5.90824198666667,7.40286360333333,1.43688120618241,Up_in_Sepsis,0.981283422459893,8.82077171942536e-11,GSE137340
DNAJC30,GSE236713,30,125,0.854284616216667,-0.225786532484,0.84898079,-0.1773515935,-1.08007114870067,Down_in_Sepsis,0.0165333333333333,2.23022449395653e-16,GSE137340
DNAJC30,GSE54514,18,35,7.612044043,7.59510105677143,7.525161743,7.487528801,-0.0169429862285719,Down_in_Sepsis,0.512698412698413,0.889073268134695,GSE137340
DNAJC30,GSE57065,25,28,4.9172884,4.53610238095238,4.89276333333333,4.59686166666667,-0.381186019047619,Down_in_Sepsis,0.0542857142857143,3.22170980952107e-10,GSE137340
DNAJC30,GSE65682,42,51,3.23824885961905,2.89642987429412,3.19518132366667,2.89048058733333,-0.341818985324931,Down_in_Sepsis,0.179271708683473,1.15944915824552e-07,GSE137340
DNAJC30,GSE95233,22,51,5.06003971151515,4.58221406222222,5.05699828666667,4.55022015,-0.477825649292928,Down_in_Sepsis,0.0659536541889483,4.95356158238257e-09,GSE137340
