gene_symbol,dataset,n_control,n_sepsis,mean_control,mean_sepsis,median_control,median_sepsis,dataset_logFC,dataset_direction,auc,wilcox_p,heldout_dataset
TDRD9,GSE137340,14,43,4.93534616642857,6.7997167887093,4.36161464675,6.3466674295,1.86437062228073,Up_in_Sepsis,0.87375415282392,7.34598051394299e-06,GSE95233
TDRD9,GSE236713,30,125,-3.39393928333333,0.728508634968,-3.5223222,0.61764884,4.12244791830133,Up_in_Sepsis,0.991466666666667,7.12851805331957e-17,GSE95233
TDRD9,GSE54514,18,35,8.22346499241667,8.5398926803,8.05224168325,8.5265431405,0.316427687883333,Up_in_Sepsis,0.619047619047619,0.163232997664367,GSE95233
TDRD9,GSE57065,25,28,3.3303612,6.89073321428572,3.19424,7.142525,3.56037201428571,Up_in_Sepsis,0.99,9.95645531096197e-14,GSE95233
TDRD9,GSE65682,42,51,3.34773631371429,5.63320040717647,3.2782247165,5.797888853,2.28546409346219,Up_in_Sepsis,0.927637721755369,1.57574257046212e-12,GSE95233
VNN1,GSE137340,14,43,5.84198521592857,8.33127632462791,5.2407587655,8.28171284,2.48929110869934,Up_in_Sepsis,0.833887043189369,8.99233343862789e-05,GSE95233
VNN1,GSE236713,30,125,-2.51087958666667,0.174100949376,-2.3667963,0.22361732,2.68498053604267,Up_in_Sepsis,0.966933333333334,2.22338235075182e-15,GSE95233
VNN1,GSE54514,18,35,8.22397820144444,8.80589087351429,8.2312779425,8.825949669,0.581912672069842,Up_in_Sepsis,0.73015873015873,0.0066488422773127,GSE95233
VNN1,GSE57065,25,28,5.4584908,9.17175178571429,5.309355,9.329995,3.71326098571429,Up_in_Sepsis,0.995714285714286,1.54878193726075e-14,GSE95233
VNN1,GSE65682,42,51,5.20893270661429,6.76910780665098,5.2367840215,6.7483131382,1.56017510003669,Up_in_Sepsis,0.878618113912232,3.9231473659526e-10,GSE95233
CD177,GSE137340,14,43,4.84320548114286,6.19967237805233,4.274549700375,5.93976807,1.35646689690947,Up_in_Sepsis,0.867109634551495,1.15818527714491e-05,GSE95233
CD177,GSE236713,30,125,-4.59570063022222,0.997677143048,-4.8352926,1.18436154666667,5.59337777327022,Up_in_Sepsis,0.978933333333333,4.22217230068948e-16,GSE95233
CD177,GSE54514,18,35,8.04642282583333,8.34422796814286,7.585268259,7.933347225,0.297805142309523,Up_in_Sepsis,0.546031746031746,0.595788354333167,GSE95233
CD177,GSE57065,25,28,5.1301448,11.2849585714286,5.00765,11.48255,6.15481377142857,Up_in_Sepsis,0.998571428571429,4.42509124931643e-15,GSE95233
CD177,GSE65682,42,51,6.95467321429762,9.29277487376471,7.043244875,9.5986285285,2.33810165946709,Up_in_Sepsis,0.872082166199814,7.79851587115787e-10,GSE95233
RETN,GSE137340,14,43,5.20533511935714,7.98698026388372,4.6106590085,8.017298027,2.78164514452658,Up_in_Sepsis,0.853820598006645,2.74394577444583e-05,GSE95233
RETN,GSE236713,30,125,-3.35105348333333,0.713783831712,-3.412232375,0.611680735,4.06483731504533,Up_in_Sepsis,0.9864,1.47108884225019e-16,GSE95233
RETN,GSE54514,18,35,9.55170414166667,9.70309085842857,9.6156725885,9.064110756,0.151386716761905,Up_in_Sepsis,0.53015873015873,0.730730102071719,GSE95233
RETN,GSE57065,25,28,4.613864,9.30737357142857,4.54531,9.56555,4.69350957142857,Up_in_Sepsis,0.997142857142857,8.85018249863286e-15,GSE95233
RETN,GSE65682,42,51,7.31710567696429,9.74104034138235,7.314010839,10.03319172,2.42393466441807,Up_in_Sepsis,0.869747899159664,9.93971462224936e-10,GSE95233
DACH1,GSE137340,14,43,4.46732213919048,5.14534074217054,4.34262644933334,4.93249457133333,0.678018602980067,Up_in_Sepsis,0.895348837209303,1.47261484413906e-06,GSE95233
DACH1,GSE236713,30,125,-2.14178051166667,0.192125785648,-2.132796525,0.32250023,2.33390629731467,Up_in_Sepsis,0.9808,3.24868406725649e-16,GSE95233
DACH1,GSE54514,18,35,7.62045986561111,7.60723197565714,7.54754503566667,7.53868643466667,-0.013227889953968,Down_in_Sepsis,0.484126984126984,0.859761640454994,GSE95233
DACH1,GSE57065,25,28,3.41800226666667,6.180005,3.40577333333333,6.26129333333333,2.76200273333333,Up_in_Sepsis,1,2.21254562465821e-15,GSE95233
DACH1,GSE65682,42,51,4.38821517494048,5.67649628627451,4.4631872035,5.7262053915,1.28828111133403,Up_in_Sepsis,0.837068160597573,2.54774905292748e-08,GSE95233
GRB10,GSE137340,14,43,4.56440252525,5.22920618850581,4.38811246875,5.0267802825,0.664803663255814,Up_in_Sepsis,0.86046511627907,1.79643132928885e-05,GSE95233
GRB10,GSE236713,30,125,-3.89471878333333,0.417078135436,-3.96789635,0.6052891,4.31179691876933,Up_in_Sepsis,0.9992,2.32616920867582e-17,GSE95233
GRB10,GSE54514,18,35,7.34481861856945,7.42220233847143,7.335484862375,7.44299376025,0.0773837199019836,Up_in_Sepsis,0.604761904761905,0.220939150662259,GSE95233
GRB10,GSE57065,25,28,4.5430876,6.88285482142857,4.53553,7.0517825,2.33976722142857,Up_in_Sepsis,1,2.21254562465821e-15,GSE95233
GRB10,GSE65682,42,51,5.14375050635714,6.3680301916732,5.3072275765,6.40669285766667,1.22427968531606,Up_in_Sepsis,0.798319327731093,8.25601832102464e-07,GSE95233
TP53I3,GSE137340,14,43,4.59942489925,5.53219730161628,4.43879523875,5.3940422195,0.932772402366279,Up_in_Sepsis,0.875415282392027,6.53811501196993e-06,GSE95233
TP53I3,GSE236713,30,125,-1.42931272416667,0.220877632548,-1.445740925,0.222686527,1.65019035671467,Up_in_Sepsis,0.9624,4.12045780957839e-15,GSE95233
TP53I3,GSE54514,18,35,7.47757449413889,7.6071469375,7.44879531875,7.5213742255,0.129572443361112,Up_in_Sepsis,0.628571428571429,0.131496116104732,GSE95233
TP53I3,GSE57065,25,28,4.9611108,6.94046321428572,4.92601,7.14898,1.97935241428571,Up_in_Sepsis,1,2.21254562465821e-15,GSE95233
TP53I3,GSE65682,42,51,5.27538630388095,6.79615955807843,5.1149474575,6.764566771,1.52077325419748,Up_in_Sepsis,0.881419234360411,2.9123290933051e-10,GSE95233
CA4,GSE137340,14,43,6.91940812057143,9.65519712048837,6.459628585,9.669696759,2.73578899991694,Up_in_Sepsis,0.880398671096346,4.5786917253501e-06,GSE95233
CA4,GSE236713,30,125,-3.66853894,0.384889875952,-3.70356985,0.6014385,4.053428815952,Up_in_Sepsis,0.972533333333333,1.0292890169365e-15,GSE95233
CA4,GSE54514,18,35,10.6089483364444,10.6232313162,10.449402335,10.4002409,0.0142829797555546,Up_in_Sepsis,0.501587301587302,0.992507342069996,GSE95233
CA4,GSE57065,25,28,6.0628788,8.69593821428571,5.889615,8.6840025,2.63305941428571,Up_in_Sepsis,0.978571428571428,1.51338120726622e-12,GSE95233
CA4,GSE65682,42,51,7.10914031604762,8.45817187988235,7.137137786,8.552890722,1.34903156383473,Up_in_Sepsis,0.870681605975724,9.02204498104525e-10,GSE95233
MS4A4A,GSE137340,14,43,4.38027034123809,4.79825954171318,4.21162892683333,4.621282503,0.417989200475084,Up_in_Sepsis,0.87375415282392,7.34598051394299e-06,GSE95233
MS4A4A,GSE236713,30,125,-2.61123413333333,0.377198846528,-2.6311412,0.40470123,2.98843297986133,Up_in_Sepsis,0.988533333333334,1.08528994979761e-16,GSE95233
MS4A4A,GSE54514,18,35,7.69527950547222,7.83805843751429,7.73644423475,7.662946701,0.142778932042063,Up_in_Sepsis,0.53968253968254,0.648457933533109,GSE95233
MS4A4A,GSE57065,25,28,4.93951413333333,7.63538952380952,4.82179333333333,7.60882666666667,2.69587539047619,Up_in_Sepsis,0.988571428571429,1.482405568521e-13,GSE95233
MS4A4A,GSE65682,42,51,4.03805804831746,5.2213682564183,3.98802775533334,5.001020882,1.18331020810084,Up_in_Sepsis,0.833333333333334,3.62489033813588e-08,GSE95233
UBE2C,GSE137340,14,43,4.73512227735714,5.34429621340698,4.432073448625,5.27754126775,0.609173936049833,Up_in_Sepsis,0.808970099667774,0.000339521427323367,GSE95233
UBE2C,GSE236713,30,125,-2.38996792,0.167743539728,-2.4488444,0.12778091,2.557711459728,Up_in_Sepsis,0.988533333333334,1.08528994979761e-16,GSE95233
UBE2C,GSE54514,18,35,7.42056694291667,7.47562612125714,7.4238853455,7.447782755,0.0550591783404766,Up_in_Sepsis,0.585714285714286,0.318216803699425,GSE95233
UBE2C,GSE57065,25,28,5.756006,6.83034571428571,5.76903,6.838895,1.07433971428571,Up_in_Sepsis,0.964285714285714,2.05678241268228e-11,GSE95233
UBE2C,GSE65682,42,51,3.65675624389286,4.75314776211275,3.63832130775,4.57540764025,1.09639151821989,Up_in_Sepsis,0.948646125116714,1.2157504062892e-13,GSE95233
TCN1,GSE137340,14,43,5.92217254121429,8.4238244502093,5.549934306,8.175739311,2.50165190899502,Up_in_Sepsis,0.870431893687708,9.24335675110831e-06,GSE95233
TCN1,GSE236713,30,125,-2.116104969,0.395259804608,-2.239315,0.40213156,2.511364773608,Up_in_Sepsis,0.9296,3.00598095206023e-13,GSE95233
TCN1,GSE54514,18,35,9.37911383288889,9.8034695618,8.888700008,9.539639473,0.424355728911111,Up_in_Sepsis,0.623015873015873,0.148126164258606,GSE95233
TCN1,GSE57065,25,28,5.9357436,9.57655321428572,6.03304,9.47519,3.64080961428571,Up_in_Sepsis,0.992857142857143,4.20383668685061e-14,GSE95233
TCN1,GSE65682,42,51,6.60707318309524,8.85521654782353,6.528435852,9.067284058,2.24814336472829,Up_in_Sepsis,0.877217553688142,4.549776441538e-10,GSE95233
FAM20A,GSE137340,14,43,4.60387537064286,5.51444685655814,4.2362247565,5.166399941,0.910571485915282,Up_in_Sepsis,0.848837209302326,3.73425195502401e-05,GSE95233
FAM20A,GSE236713,30,125,-4.97264707,0.33737264728,-5.159307,0.533299085,5.31001971728,Up_in_Sepsis,0.996533333333333,3.42914793133614e-17,GSE95233
FAM20A,GSE54514,18,35,7.29186911072222,7.43903177805714,7.2659902575,7.255633831,0.14716266733492,Up_in_Sepsis,0.593650793650794,0.274780752688366,GSE95233
FAM20A,GSE57065,25,28,3.3005982,4.90246303571429,3.3136225,4.93922125,1.60186483571429,Up_in_Sepsis,0.992857142857143,4.20383668685061e-14,GSE95233
FAM20A,GSE65682,42,51,2.89132879747619,3.72394495086928,2.76738356083333,3.58584260066667,0.83261615339309,Up_in_Sepsis,0.788982259570495,1.79871376878615e-06,GSE95233
BCL9L,GSE137340,14,43,5.63381018871429,4.94135932369767,5.6595003125,4.822681264,-0.692450865016611,Down_in_Sepsis,0.131229235880399,1.0352095404657e-05,GSE95233
BCL9L,GSE236713,30,125,1.50684055983333,-0.206247490844,1.51030955,-0.1328442,-1.71308805067733,Down_in_Sepsis,0.008,6.60229162961706e-17,GSE95233
BCL9L,GSE54514,18,35,7.17467631238889,7.1977876664,7.173951626,7.176938057,0.0231113540111112,Up_in_Sepsis,0.517460317460317,0.845174025846265,GSE95233
BCL9L,GSE57065,25,28,6.5540542,5.30580339285714,6.534365,5.2188175,-1.24825080714286,Down_in_Sepsis,0,2.21254562465821e-15,GSE95233
BCL9L,GSE65682,42,51,3.83638749773214,3.41169320090686,3.733946900125,3.4224820565,-0.42469429682528,Down_in_Sepsis,0.19187675070028,3.55549239738882e-07,GSE95233
OLFM4,GSE137340,14,43,4.54263055035714,5.90532457310465,4.24708841475,5.5772952645,1.36269402274751,Up_in_Sepsis,0.910299003322259,4.22790671752083e-07,GSE95233
OLFM4,GSE236713,30,125,-3.89017209,0.38682899196,-4.09831955,0.4451604,4.27700108196,Up_in_Sepsis,0.912533333333333,2.48284480141307e-12,GSE95233
OLFM4,GSE54514,18,35,8.914224492,8.79847958418571,8.501371384,8.294371605,-0.115744907814287,Down_in_Sepsis,0.465079365079365,0.689143463767284,GSE95233
OLFM4,GSE57065,25,28,3.3893216,9.43543642857143,3.25378,9.84019,6.04611482857143,Up_in_Sepsis,0.978571428571428,1.51338120726622e-12,GSE95233
OLFM4,GSE65682,42,51,3.80761788369048,7.85954184731373,3.3217766645,8.3384783855,4.05192396362325,Up_in_Sepsis,0.926237161531279,1.86135962666096e-12,GSE95233
OPLAH,GSE137340,14,43,5.00333366364286,6.47719505460465,4.48531057275,6.338157613,1.47386139096179,Up_in_Sepsis,0.853820598006644,2.74394577444583e-05,GSE95233
OPLAH,GSE236713,30,125,-3.09092532666667,0.706351218624,-3.1303563,0.7545204,3.79727654529067,Up_in_Sepsis,0.9904,8.30812206318591e-17,GSE95233
OPLAH,GSE54514,18,35,8.57949029094445,8.66695086631429,8.194804192,8.740466118,0.0874605753698408,Up_in_Sepsis,0.523809523809524,0.787389209638866,GSE95233
OPLAH,GSE57065,25,28,4.6954972,6.71958035714286,4.84071,6.720495,2.02408315714286,Up_in_Sepsis,0.985714285714286,3.07543841827492e-13,GSE95233
OPLAH,GSE65682,42,51,4.89024176571429,6.07443696505882,4.907319866,6.10577548,1.18419519934454,Up_in_Sepsis,0.858543417366947,3.12116145752139e-09,GSE95233
IRAK3,GSE137340,14,43,6.47396456585714,9.10218682455814,5.964591442,9.217291858,2.628222258701,Up_in_Sepsis,0.875415282392027,6.53811501196993e-06,GSE95233
IRAK3,GSE236713,30,125,-2.2557758,0.510612487264,-2.2103551,0.74091697,2.766388287264,Up_in_Sepsis,0.9824,2.59297050143436e-16,GSE95233
IRAK3,GSE54514,18,35,9.97324305155556,10.1531717713714,10.1306290635,10.4770212165,0.179928719815873,Up_in_Sepsis,0.6,0.243028800589674,GSE95233
IRAK3,GSE57065,25,28,5.32564786666667,8.14573369047619,5.33925,8.23077,2.82008582380952,Up_in_Sepsis,1,2.21254562465821e-15,GSE95233
IRAK3,GSE65682,42,51,7.38685149740476,8.00597797543628,7.699551669,8.219756242,0.619126478031514,Up_in_Sepsis,0.710084033613446,0.000520192370241943,GSE95233
CCPG1,GSE137340,14,43,5.71398015628571,7.19531445209302,5.407865091,7.143221333,1.48133429580731,Up_in_Sepsis,0.87375415282392,7.34598051394299e-06,GSE95233
CCPG1,GSE236713,30,125,-1.38570976466667,0.199617117968,-1.3767164,0.23355675,1.58532688263467,Up_in_Sepsis,0.964266666666667,3.19836502929864e-15,GSE95233
CCPG1,GSE54514,18,35,8.52722313633333,8.60512421485714,8.48179435725,8.6312851905,0.0779010785238103,Up_in_Sepsis,0.546031746031746,0.595788354333167,GSE95233
CCPG1,GSE57065,25,28,6.45456624,7.88405864285714,6.497546,7.867906,1.42949240285714,Up_in_Sepsis,0.965714285714285,1.6235659793742e-11,GSE95233
CCPG1,GSE65682,42,51,5.43048237534354,6.29565831969188,5.4763874095,6.38689566442857,0.86517594434834,Up_in_Sepsis,0.839869281045752,1.95094747201154e-08,GSE95233
S100P,GSE137340,14,43,7.11713931071429,10.6221696755814,7.245426574,10.78611659,3.50503036486711,Up_in_Sepsis,0.893687707641196,1.67917460911234e-06,GSE95233
S100P,GSE236713,30,125,-2.98257649866667,0.092648548928,-3.066798,0.20399523,3.07522504759467,Up_in_Sepsis,0.974933333333333,7.3791217923107e-16,GSE95233
S100P,GSE54514,18,35,10.8642796408889,11.5575663426571,10.817378045,11.22842979,0.693286701768255,Up_in_Sepsis,0.665079365079365,0.0512864999292285,GSE95233
S100P,GSE57065,25,28,8.7936928,11.40341,9.09986,11.5109,2.6097172,Up_in_Sepsis,0.985714285714286,3.07543841827492e-13,GSE95233
S100P,GSE65682,42,51,11.3545093569762,11.7995175968627,11.48921505,11.85882878,0.445008239886555,Up_in_Sepsis,0.69514472455649,0.00126812382600049,GSE95233
S100A12,GSE137340,14,43,7.70278727485714,11.0668810956512,7.065018702,11.04278397,3.36409382079402,Up_in_Sepsis,0.898671096345515,1.12784882767697e-06,GSE95233
S100A12,GSE236713,30,125,-1.917598468,0.1769893729,-1.901658775,0.180045844,2.0945878409,Up_in_Sepsis,0.973066666666666,9.56049645464289e-16,GSE95233
S100A12,GSE54514,18,35,13.46449889,13.4374514174286,13.757225515,13.76200581,-0.0270474725714287,Down_in_Sepsis,0.479365079365079,0.814369036014009,GSE95233
S100A12,GSE57065,25,28,9.826516,13.2250428571429,9.69309,13.31705,3.39852685714286,Up_in_Sepsis,0.998571428571429,4.42509124931643e-15,GSE95233
S100A12,GSE65682,42,51,11.8939188911905,12.4614545039216,12.001801995,12.55250341,0.567535612731094,Up_in_Sepsis,0.842670401493931,1.49082875196827e-08,GSE95233
TNFAIP6,GSE137340,14,43,6.27006474171429,7.63948308497674,6.136230148,7.544343218,1.36941834326246,Up_in_Sepsis,0.868770764119601,1.0352095404657e-05,GSE95233
TNFAIP6,GSE236713,30,125,-3.05653364,0.290474225472,-2.97301435,0.47928786,3.347007865472,Up_in_Sepsis,0.992533333333333,6.11441610250757e-17,GSE95233
TNFAIP6,GSE54514,18,35,8.65480277255556,8.8839384697,8.66083169025,8.9170858845,0.229135697144445,Up_in_Sepsis,0.677777777777778,0.0353615208408517,GSE95233
TNFAIP6,GSE57065,25,28,7.4643938,9.61311178571429,7.312245,9.727425,2.14871798571429,Up_in_Sepsis,0.944285714285714,3.90036392897249e-10,GSE95233
TNFAIP6,GSE65682,42,51,8.96900833957143,9.3313451742549,9.087399385,9.419908274,0.362336834683473,Up_in_Sepsis,0.639122315592904,0.0216359913017819,GSE95233
S100A8,GSE137340,14,43,11.7670707607143,13.8612130895349,11.6478577,13.9794618,2.0941423288206,Up_in_Sepsis,0.900332225913621,8.24610608071691e-06,GSE95233
S100A8,GSE236713,30,125,-1.74534144333333,0.245866349664,-1.83901405,0.19146156,1.99120779299733,Up_in_Sepsis,0.993333333333333,5.44853176760137e-17,GSE95233
S100A8,GSE54514,18,35,14.4818180944444,14.455229432,14.509645465,14.56532383,-0.0265886624444445,Down_in_Sepsis,0.484126984126984,0.858264733607146,GSE95233
S100A8,GSE57065,25,28,9.4961188,10.2673585714286,9.421735,10.24313,0.771239771428572,Up_in_Sepsis,0.88,3.59733314920835e-07,GSE95233
S100A8,GSE65682,42,51,12.8216072683333,13.1201117496078,12.79987098,13.13078904,0.298504481274511,Up_in_Sepsis,0.812324929971989,2.45875764364347e-07,GSE95233
ANXA3,GSE137340,14,43,6.19006722014286,8.80938603476744,5.5669530855,8.970790383,2.61931881462459,Up_in_Sepsis,0.838870431893687,6.75807999629674e-05,GSE95233
ANXA3,GSE236713,30,125,-3.47895378333333,0.369189877872,-3.41165095,0.4734826,3.84814366120533,Up_in_Sepsis,0.9616,4.59160112920663e-15,GSE95233
ANXA3,GSE54514,18,35,8.97661760155556,8.53801453448572,8.844226837,8.419454575,-0.43860306706984,Down_in_Sepsis,0.343650793650794,0.0656808931938673,GSE95233
ANXA3,GSE57065,25,28,6.590432,11.05753,6.51191,11.3417,4.467098,Up_in_Sepsis,1,2.21254562465821e-15,GSE95233
ANXA3,GSE65682,42,51,9.45762392670238,10.1546832445588,9.64462058775,10.262729435,0.697059317856443,Up_in_Sepsis,0.7703081232493,7.96894550994041e-06,GSE95233
GPR84,GSE137340,14,43,4.92734887142857,6.88936857467442,4.435268492,6.63126722,1.96201970324585,Up_in_Sepsis,0.882059800664452,4.05663071297044e-06,GSE95233
GPR84,GSE236713,30,125,-2.36265875666667,0.811980091432,-2.3565483,0.67417645,3.17463884809867,Up_in_Sepsis,0.988533333333333,1.08528994979761e-16,GSE95233
GPR84,GSE54514,18,35,8.45748119894445,8.35290996034286,7.911521435,7.836024284,-0.104571238601588,Down_in_Sepsis,0.482539682539683,0.845174025846265,GSE95233
GPR84,GSE57065,25,28,4.3664652,9.12399035714286,4.35207,9.540155,4.75752515714286,Up_in_Sepsis,1,2.21254562465821e-15,GSE95233
GPR84,GSE65682,42,51,6.97553973764286,8.35375543845098,7.3542148065,8.581473795,1.37821570080812,Up_in_Sepsis,0.750233426704015,3.56415344787041e-05,GSE95233
BCL11B,GSE137340,14,43,5.98113905671429,5.59100855484884,5.9846407675,5.5688549385,-0.390130501865448,Down_in_Sepsis,0.302325581395349,0.0268571212063966,GSE95233
BCL11B,GSE236713,30,125,2.220160065,-0.349411487824,2.257028925,-0.28752565,-2.569571552824,Down_in_Sepsis,0.0064,5.24288184560356e-17,GSE95233
BCL11B,GSE54514,18,35,7.77644255422222,7.81485186991429,7.7203633785,7.658464909,0.0384093156920633,Up_in_Sepsis,0.507936507936508,0.933308660155946,GSE95233
BCL11B,GSE57065,25,28,7.25788853333333,5.18344464285714,7.28888,5.22762166666666,-2.07444389047619,Down_in_Sepsis,0,2.21254562465821e-15,GSE95233
BCL11B,GSE65682,42,51,4.41698534159524,3.30491277327451,4.329102721,3.129349473,-1.11207256832073,Down_in_Sepsis,0.222222222222222,4.44231456366313e-06,GSE95233
LILRA6,GSE137340,14,43,5.39125489983929,6.05395338214535,5.241444203375,5.9880023175,0.662698482306063,Up_in_Sepsis,0.799003322259136,0.0005535902217946,GSE95233
LILRA6,GSE236713,30,125,-1.7083050945,0.290166193844,-1.641738535,0.318514465,1.998471288344,Up_in_Sepsis,0.988,1.17117500268751e-16,GSE95233
LILRA6,GSE54514,18,35,7.24401503138889,7.3235259465,7.23241746425,7.340320587,0.0795109151111113,Up_in_Sepsis,0.704761904761905,0.0147864871531677,GSE95233
LILRA6,GSE57065,25,28,8.1589152,9.12026821428571,8.15807,9.15663,0.961353014285715,Up_in_Sepsis,0.958571428571428,5.09106748233855e-11,GSE95233
LILRA6,GSE65682,42,51,9.27720818061905,10.0587903968235,9.3610800905,10.24795401,0.78158221620448,Up_in_Sepsis,0.823996265172736,8.61185098001542e-08,GSE95233
ARG1,GSE137340,14,43,5.39318331628572,8.42492957209302,4.8148795855,8.18703108,3.03174625580731,Up_in_Sepsis,0.903654485049834,7.47687024826658e-07,GSE95233
ARG1,GSE236713,30,125,-5.70737630333333,0.607655357684,-5.273505225,1.0022521,6.31503166101733,Up_in_Sepsis,0.988533333333333,1.08528994979761e-16,GSE95233
ARG1,GSE54514,18,35,9.91732189377778,9.94933240062857,9.8969225885,10.34985065,0.0320105068507939,Up_in_Sepsis,0.519047619047619,0.830638269796872,GSE95233
ARG1,GSE57065,25,28,3.2255926,4.93748616071429,3.2431525,4.861785,1.71189356071429,Up_in_Sepsis,1,2.21254562465821e-15,GSE95233
ARG1,GSE65682,42,51,8.24808981338095,9.51827819741177,8.6403316835,9.643508982,1.27018838403081,Up_in_Sepsis,0.827731092436975,6.1091786074841e-08,GSE95233
RNASE2,GSE137340,14,43,7.73033038857143,10.6338123868837,7.4552856515,11.07030608,2.90348199831229,Up_in_Sepsis,0.888704318936877,2.46942812179279e-06,GSE95233
RNASE2,GSE236713,30,125,-1.96222776066667,0.158999471508,-2.013210425,0.282015202,2.12122723217467,Up_in_Sepsis,0.904266666666667,6.70227324101856e-12,GSE95233
RNASE2,GSE54514,18,35,10.78919024,11.2153499872857,10.87018156,11.41287899,0.426159747285714,Up_in_Sepsis,0.683333333333333,0.0307784193547815,GSE95233
RNASE2,GSE57065,25,28,7.5409372,10.5329417857143,7.54956,10.5821,2.99200458571429,Up_in_Sepsis,0.991428571428571,6.63763687397464e-14,GSE95233
RNASE2,GSE65682,42,51,7.79061320569048,8.92322719009804,7.7673856775,8.88832994,1.13261398440756,Up_in_Sepsis,0.781979458450047,3.17723921323732e-06,GSE95233
NELL2,GSE137340,14,43,6.49554174478571,5.89434837602326,6.6868329055,5.813746076,-0.601193368762458,Down_in_Sepsis,0.26578073089701,0.00811465598623881,GSE95233
NELL2,GSE236713,30,125,2.64676992,-0.69962685492,2.7429225,-0.860307,-3.34639677492,Down_in_Sepsis,0.00986666666666667,8.63190787799774e-17,GSE95233
NELL2,GSE54514,18,35,7.36743333611111,7.39712310508571,7.227577448,7.351003647,0.0296897689746025,Up_in_Sepsis,0.523809523809524,0.787389209638866,GSE95233
NELL2,GSE57065,25,28,8.1009788,5.30718821428572,7.99138,5.2103,-2.79379058571429,Down_in_Sepsis,0,2.21254562465821e-15,GSE95233
NELL2,GSE65682,42,51,3.29146798292857,2.63422352013726,2.94993907725,2.5864294925,-0.657244462791316,Down_in_Sepsis,0.23015873015873,8.26135619987797e-06,GSE95233
HP,GSE137340,14,43,5.363253116,8.42878847960465,4.5018803655,8.465870512,3.06553536360465,Up_in_Sepsis,0.86046511627907,1.79643132928885e-05,GSE95233
HP,GSE236713,30,125,-4.03911341,0.179046727752,-3.7438183,0.33035803,4.218160137752,Up_in_Sepsis,0.9768,5.68982032753381e-16,GSE95233
HP,GSE54514,18,35,9.57451147544444,9.60321500031429,9.4727401735,9.702293396,0.028703524869842,Up_in_Sepsis,0.519047619047619,0.830638269796872,GSE95233
HP,GSE57065,25,28,3.8130822,6.18478839285714,3.803155,6.46058,2.37170619285714,Up_in_Sepsis,1,2.21254562465821e-15,GSE95233
HP,GSE65682,42,51,8.14765722297619,9.4815146120719,8.22137304783334,9.74653601733333,1.33385738909571,Up_in_Sepsis,0.795985060690943,1.00520795442081e-06,GSE95233
ATP8B4,GSE137340,14,43,6.04242837178571,7.89603791934884,5.9098729925,7.817046546,1.85360954756312,Up_in_Sepsis,0.920265780730897,1.70597610653585e-07,GSE95233
ATP8B4,GSE236713,30,125,-1.21495305033333,0.14060301156,-1.2074945,0.19343376,1.35555606189333,Up_in_Sepsis,0.883466666666667,7.4854734183252e-11,GSE95233
ATP8B4,GSE54514,18,35,8.69092207477778,9.01163763294286,8.683256626,9.004590034,0.32071555816508,Up_in_Sepsis,0.601587301587302,0.235502725274607,GSE95233
ATP8B4,GSE57065,25,28,4.3510256,6.03643714285714,4.32045,6.0162,1.68541154285714,Up_in_Sepsis,0.922857142857142,5.32311262981583e-09,GSE95233
ATP8B4,GSE65682,42,51,4.50867756069048,6.29427198270588,4.5466065805,6.610898206,1.78559442201541,Up_in_Sepsis,0.896358543417367,5.7377441839172e-11,GSE95233
GLA,GSE137340,14,43,7.28061185971429,8.73848134283721,7.102133541,8.846975906,1.45786948312292,Up_in_Sepsis,0.893687707641196,1.16271413116417e-05,GSE95233
GLA,GSE236713,30,125,-1.39151691233333,0.253925604736,-1.44446515,0.17690945,1.64544251706933,Up_in_Sepsis,0.989866666666667,8.96813082580416e-17,GSE95233
GLA,GSE54514,18,35,8.96371936805556,8.97981698174286,8.9635100365,8.92196846,0.0160976136873021,Up_in_Sepsis,0.473015873015873,0.756639937970471,GSE95233
GLA,GSE57065,25,28,7.2877836,7.99893607142857,7.29184,8.00531,0.711152471428571,Up_in_Sepsis,0.927142857142857,3.26467523300631e-09,GSE95233
GLA,GSE65682,42,51,4.60705202494444,5.06507052371896,4.59547661416667,5.11553418,0.458018498774511,Up_in_Sepsis,0.824929971988796,7.90621994484101e-08,GSE95233
ATP6V1C1,GSE137340,14,43,5.04136580589286,5.73415236531395,4.906265868,5.689115671,0.692786559421096,Up_in_Sepsis,0.830564784053156,0.00010836477926158,GSE95233
ATP6V1C1,GSE236713,30,125,-1.074058834,0.236285986636,-1.054627425,0.22516934,1.310344820636,Up_in_Sepsis,0.9792,4.06725214686755e-16,GSE95233
ATP6V1C1,GSE54514,18,35,7.69440666833333,7.66646626334286,7.6981620785,7.6462945935,-0.0279404049904759,Down_in_Sepsis,0.465079365079365,0.689143463767284,GSE95233
ATP6V1C1,GSE57065,25,28,5.6078049,7.47761964285714,5.6252925,7.68454375,1.86981474285714,Up_in_Sepsis,0.951428571428571,1.46118725598053e-10,GSE95233
ATP6V1C1,GSE65682,42,51,6.24831028319048,7.10629631146079,6.445528915,7.39451124325,0.857986028270308,Up_in_Sepsis,0.794117647058824,1.17542255359386e-06,GSE95233
DDAH2,GSE137340,14,43,6.08321869521429,7.57824647653488,5.6365278395,7.619190009,1.4950277813206,Up_in_Sepsis,0.813953488372093,0.000263581497271942,GSE95233
DDAH2,GSE236713,30,125,-1.27922573033333,0.19872973652,-1.300472,0.27447033,1.47795546685333,Up_in_Sepsis,0.933866666666667,1.75042029032808e-13,GSE95233
DDAH2,GSE54514,18,35,7.81064618961111,7.82061367045714,7.7546439175,7.641768456,0.00996748084603194,Up_in_Sepsis,0.507936507936508,0.933308660155946,GSE95233
DDAH2,GSE57065,25,28,6.08238986666667,7.82757821428571,6.09504333333333,7.85892,1.74518834761905,Up_in_Sepsis,0.997142857142857,8.85018249863286e-15,GSE95233
DDAH2,GSE65682,42,51,5.84774054228571,7.14443262911765,5.902305836,7.239468677,1.29669208683193,Up_in_Sepsis,0.8874883286648,1.51621161941954e-10,GSE95233
NLRC4,GSE137340,14,43,5.55132285385714,7.22118646581395,5.1589393945,7.26193747,1.66986361195681,Up_in_Sepsis,0.805647840531561,0.000400631980255359,GSE95233
NLRC4,GSE236713,30,125,-1.78090573316667,0.349063856668,-1.6988298,0.45337687,2.12996958983467,Up_in_Sepsis,0.968266666666667,1.85237119125629e-15,GSE95233
NLRC4,GSE54514,18,35,8.24117922783333,8.49875315257143,8.0718331335,8.417428017,0.257573924738095,Up_in_Sepsis,0.626984126984127,0.136432076366508,GSE95233
NLRC4,GSE57065,25,28,5.35220746666667,7.07516642857143,5.33810333333333,7.13635333333334,1.72295896190476,Up_in_Sepsis,0.99,9.95645531096197e-14,GSE95233
NLRC4,GSE65682,42,51,4.29577335354762,5.00175797528431,4.4655792825,5.0621416185,0.705984621736694,Up_in_Sepsis,0.830999066293184,4.51012294675184e-08,GSE95233
RAB13,GSE137340,14,43,4.49018866769047,5.04186443144186,4.40273275783333,4.97189848733333,0.551675763751386,Up_in_Sepsis,0.898671096345515,1.12784882767697e-06,GSE95233
RAB13,GSE236713,30,125,-1.297242414,0.338783827568,-1.2061429,0.41705966,1.636026241568,Up_in_Sepsis,0.891733333333334,2.91117583120505e-11,GSE95233
RAB13,GSE54514,18,35,7.28551430166667,7.22612330574286,7.238955021,7.166293144,-0.0593909959238097,Down_in_Sepsis,0.336507936507937,0.0536371037869218,GSE95233
RAB13,GSE57065,25,28,5.0221508,7.06896321428572,4.96717,7.15586,2.04681241428571,Up_in_Sepsis,0.991428571428571,6.63763687397464e-14,GSE95233
RAB13,GSE65682,42,51,3.8686346161746,5.25104202801307,3.699742118,5.11878573966667,1.38240741183847,Up_in_Sepsis,0.931372549019608,1.00796795073921e-12,GSE95233
TLR5,GSE137340,14,43,7.45698871914286,9.88626998116279,7.152195425,10.11726915,2.42928126201993,Up_in_Sepsis,0.857142857142857,6.99054388330195e-05,GSE95233
TLR5,GSE236713,30,125,-1.76521059833333,0.342181207492,-1.726134175,0.4524085465,2.10739180582533,Up_in_Sepsis,0.986133333333333,1.52795650971528e-16,GSE95233
TLR5,GSE54514,18,35,8.65817268636111,8.86676242032857,8.6723899845,8.870217563,0.208589733967461,Up_in_Sepsis,0.663492063492063,0.0536371037869218,GSE95233
TLR5,GSE57065,25,28,6.7654072,9.0116675,6.80244,9.13032,2.2462603,Up_in_Sepsis,0.997142857142857,8.85018249863286e-15,GSE95233
TLR5,GSE65682,42,51,7.63102261552381,8.03037110862745,7.904869968,8.162158126,0.399348493103641,Up_in_Sepsis,0.637721755368814,0.0229937647958931,GSE95233
LIN7A,GSE137340,14,43,4.90124060207143,6.00237916232558,4.54409923,5.841986616,1.10113856025415,Up_in_Sepsis,0.812292358803987,0.0002869816641554,GSE95233
LIN7A,GSE236713,30,125,-1.77383954,-0.028028324416,-1.7013788,0.12625504,1.745811215584,Up_in_Sepsis,0.966933333333333,2.22338235075182e-15,GSE95233
LIN7A,GSE54514,18,35,8.19500676788889,8.09935812262857,8.2465963365,8.083361626,-0.0956486452603187,Down_in_Sepsis,0.447619047619048,0.545121751957247,GSE95233
LIN7A,GSE57065,25,28,4.8304398,6.605744375,4.836965,6.5766675,1.775304575,Up_in_Sepsis,0.981428571428571,8.25279517997514e-13,GSE95233
LIN7A,GSE65682,42,51,5.14147954,5.89860411596079,5.115247984,6.032136915,0.757124575960785,Up_in_Sepsis,0.806255835667601,4.18254822208525e-07,GSE95233
KCNE1,GSE137340,14,43,4.33918809985714,5.32449742881395,4.207419919,5.013995002,0.98530932895681,Up_in_Sepsis,0.89202657807309,1.9120745116751e-06,GSE95233
KCNE1,GSE236713,30,125,-2.26869852566667,0.694333473672,-2.36768555,0.6509087,2.96303199933867,Up_in_Sepsis,0.9896,9.31726147513612e-17,GSE95233
KCNE1,GSE54514,18,35,7.45810219972222,7.41774894165714,7.3216030595,7.376817226,-0.0403532580650792,Down_in_Sepsis,0.449206349206349,0.557589681355557,GSE95233
KCNE1,GSE57065,25,28,3.5885864,5.18116428571429,3.59016,5.135155,1.59257788571429,Up_in_Sepsis,0.965714285714285,1.6235659793742e-11,GSE95233
KCNE1,GSE65682,42,51,2.97889442228571,3.65664761473529,2.90057041175,3.6933045215,0.67775319244958,Up_in_Sepsis,0.8468720821662,9.91973627475115e-09,GSE95233
CD3E,GSE137340,14,43,8.07039240107143,5.88392111839535,8.276842362,5.779868265,-2.18647128267608,Down_in_Sepsis,0.053156146179402,1.01995612661308e-08,GSE95233
CD3E,GSE236713,30,125,1.97366016666667,-0.193724511728,2.02472565,-0.16553044,-2.16738467839467,Down_in_Sepsis,0.0306666666666667,1.60007772207837e-15,GSE95233
CD3E,GSE54514,18,35,7.93333676116667,8.04534809934286,7.8882203105,7.870785713,0.11201133817619,Up_in_Sepsis,0.531746031746032,0.716774420138131,GSE95233
CD3E,GSE57065,25,28,8.8292944,6.82665,8.76822,6.719105,-2.0026444,Down_in_Sepsis,0.0214285714285714,1.51338120726622e-12,GSE95233
CD3E,GSE65682,42,51,2.98063724442857,2.48459348256863,2.872306862,2.436319492,-0.496043761859944,Down_in_Sepsis,0.237161531279178,1.40872649154211e-05,GSE95233
CARD6,GSE137340,14,43,4.63616553407143,4.91750596602326,4.4106857275,4.89764085,0.281340431951827,Up_in_Sepsis,0.777408637873754,0.00148209884903873,GSE95233
CARD6,GSE236713,30,125,-1.64551811633333,0.174654875544,-1.6436938,0.15912545,1.82017299187733,Up_in_Sepsis,0.987733333333334,1.21659665288115e-16,GSE95233
CARD6,GSE54514,18,35,7.45402614283333,7.30953249248571,7.485522509,7.291709423,-0.144493650347619,Down_in_Sepsis,0.292063492063492,0.0132432221949124,GSE95233
CARD6,GSE57065,25,28,6.9144216,8.6368225,6.95104,8.737985,1.7224009,Up_in_Sepsis,0.997142857142857,8.85018249863286e-15,GSE95233
CARD6,GSE65682,42,51,5.12144521540476,5.65600112676471,5.13452269225,5.726991105,0.534555911359944,Up_in_Sepsis,0.805788982259571,4.35525530177079e-07,GSE95233
CEACAM8,GSE137340,14,43,4.96611848492857,7.51756623209302,4.3680396395,7.279083594,2.55144774716445,Up_in_Sepsis,0.897009966777409,1.28968008164182e-06,GSE95233
CEACAM8,GSE236713,30,125,-1.93864182233333,0.210178547416,-1.9187665,0.02228856,2.14882036974933,Up_in_Sepsis,0.896,1.77457962936484e-11,GSE95233
CEACAM8,GSE54514,18,35,9.22673980372222,9.37212539411429,9.1548433305,8.895970345,0.145385590392065,Up_in_Sepsis,0.501587301587302,0.992581476239973,GSE95233
CEACAM8,GSE57065,25,28,4.5561608,8.70830214285714,4.28708,9.018175,4.15214134285714,Up_in_Sepsis,0.96,4.0828104411818e-11,GSE95233
CEACAM8,GSE65682,42,51,4.82802678640476,7.49631847185294,4.5188486045,7.664534318,2.66829168544818,Up_in_Sepsis,0.899626517273576,3.98982728566895e-11,GSE95233
UBASH3A,GSE137340,14,43,5.39224559514286,5.19659726448837,5.43575279225,5.275701419,-0.195648330654485,Down_in_Sepsis,0.415282392026578,0.353216514656515,GSE95233
UBASH3A,GSE236713,30,125,1.94919551833333,-0.412213388264,1.963755725,-0.247521402,-2.36140890659733,Down_in_Sepsis,0.0032,3.29891631128051e-17,GSE95233
UBASH3A,GSE54514,18,35,7.32096642927778,7.31353842874286,7.2673709395,7.267463207,-0.00742800053492054,Down_in_Sepsis,0.43968253968254,0.484892703673966,GSE95233
UBASH3A,GSE57065,25,28,6.8672084,4.96445464285714,6.71541,4.86264,-1.90275375714286,Down_in_Sepsis,0.02,1.12397317732637e-12,GSE95233
UBASH3A,GSE65682,42,51,3.2372283442381,2.69926535778431,3.003216896,2.590155179,-0.537962986453782,Down_in_Sepsis,0.242296918767507,2.06654776808725e-05,GSE95233
ZDHHC19,GSE137340,14,43,5.59829461921429,8.41792485113954,4.6442862455,8.392798929,2.81963023192525,Up_in_Sepsis,0.858803986710963,1.99991144589167e-05,GSE95233
ZDHHC19,GSE236713,30,125,-1.820636658,0.638905728336,-1.889231,0.6277652,2.459542386336,Up_in_Sepsis,0.958133333333333,7.32485636027738e-15,GSE95233
ZDHHC19,GSE54514,18,35,9.80342743155555,10.2457725383143,9.2998418805,10.59918594,0.442345106758731,Up_in_Sepsis,0.565079365079365,0.450529192583409,GSE95233
ZDHHC19,GSE57065,25,28,4.665217,7.01162125,4.66739,7.0825325,2.34640425,Up_in_Sepsis,0.985714285714286,3.07543841827492e-13,GSE95233
ZDHHC19,GSE65682,42,51,5.2290239395119,8.29334250146079,4.58764488125,8.8220292475,3.06431856194888,Up_in_Sepsis,0.907563025210084,1.63148457744655e-11,GSE95233
ANKRD22,GSE137340,14,43,5.63655461485714,8.05516097733721,4.955305934,7.786172296,2.41860636248007,Up_in_Sepsis,0.872093023255814,8.24463721259666e-06,GSE95233
ANKRD22,GSE236713,30,125,-2.85101746333333,1.022537681272,-2.8997055,0.98461366,3.87355514460533,Up_in_Sepsis,0.958933333333333,6.57843625058159e-15,GSE95233
ANKRD22,GSE54514,18,35,8.52571954986111,8.87529359547143,8.69458103175,8.477663517,0.349574045610316,Up_in_Sepsis,0.571428571428571,0.406890737204955,GSE95233
ANKRD22,GSE57065,25,28,4.9164542,8.50486089285714,4.857295,8.6982375,3.58840669285714,Up_in_Sepsis,0.982857142857143,6.01812409907034e-13,GSE95233
ANKRD22,GSE65682,42,51,5.88699225960714,7.052159584,6.213737908,7.332923397,1.16516732439286,Up_in_Sepsis,0.793183940242764,1.27061238461506e-06,GSE95233
ABLIM1,GSE137340,14,43,5.85463673442857,5.65571428069186,5.78113520325,5.6068577235,-0.198922453736711,Down_in_Sepsis,0.363787375415282,0.131931166909804,GSE95233
ABLIM1,GSE236713,30,125,1.48281813655555,-0.203484871834667,1.46177024166667,-0.226563213333333,-1.68630300839022,Down_in_Sepsis,0.0146666666666667,1.71188481427709e-16,GSE95233
ABLIM1,GSE54514,18,35,7.47108970751852,7.58333965029524,7.44839056333334,7.573652585,0.112249942776719,Up_in_Sepsis,0.66031746031746,0.0586025873125773,GSE95233
ABLIM1,GSE57065,25,28,7.2038044,5.46805267857143,7.23139,5.4631175,-1.73575172142857,Down_in_Sepsis,0,2.21254562465821e-15,GSE95233
ABLIM1,GSE65682,42,51,4.32378784963691,3.80800783962745,4.2776805045,3.77866002775,-0.515780010009454,Down_in_Sepsis,0.227357609710551,6.64929120817864e-06,GSE95233
ST6GALNAC3,GSE137340,14,43,4.50137086075,5.26059257533721,4.31088362225,5.0850363435,0.759221714587209,Up_in_Sepsis,0.872093023255814,8.24463721259666e-06,GSE95233
ST6GALNAC3,GSE236713,30,125,-1.624927869,0.340497375576,-1.67360055,0.45912015,1.965425244576,Up_in_Sepsis,0.960266666666667,5.49734641168987e-15,GSE95233
ST6GALNAC3,GSE54514,18,35,7.56375496916667,7.61624943185714,7.528279543,7.5792064665,0.0524944626904764,Up_in_Sepsis,0.523809523809524,0.787389209638866,GSE95233
ST6GALNAC3,GSE57065,25,28,3.4878912,5.77572321428572,3.4873,5.914285,2.28783201428571,Up_in_Sepsis,0.968571428571428,9.97415567595923e-12,GSE95233
ST6GALNAC3,GSE65682,42,51,4.01725771820238,5.1214141005098,4.03934253175,5.2777308485,1.10415638230742,Up_in_Sepsis,0.799253034547153,7.62783761565202e-07,GSE95233
ZNF438,GSE137340,14,43,6.011259107,7.414814933,5.6935261025,7.54984771,1.403555826,Up_in_Sepsis,0.830564784053156,0.00010836477926158,GSE95233
ZNF438,GSE236713,30,125,-2.00385324666667,0.272921269688,-2.03095335,0.24590015,2.27677451635467,Up_in_Sepsis,0.990666666666667,7.99631971871393e-17,GSE95233
ZNF438,GSE54514,18,35,8.51915007172222,8.47946158811429,8.56369257,8.511802673,-0.0396884836079376,Down_in_Sepsis,0.496825396825397,0.977746942500812,GSE95233
ZNF438,GSE57065,25,28,5.388177,6.90787517857143,5.37315,6.9155975,1.51969817857143,Up_in_Sepsis,0.995714285714286,1.54878193726075e-14,GSE95233
ZNF438,GSE65682,42,51,5.28696320588095,5.90877666462745,5.259332643,5.956922869,0.621813458746499,Up_in_Sepsis,0.778244631185808,4.28090624201636e-06,GSE95233
FAR2,GSE137340,14,43,5.53235140267857,6.65190451623256,5.300557331,6.499828111,1.11955311355399,Up_in_Sepsis,0.833887043189369,8.99233343862789e-05,GSE95233
FAR2,GSE236713,30,125,-0.937197658333333,0.118778281848,-0.941751485,0.16465354,1.05597594018133,Up_in_Sepsis,0.915733333333333,1.68170253727743e-12,GSE95233
FAR2,GSE54514,18,35,8.4697593585,8.44888410555714,8.3577098845,8.557059765,-0.0208752529428562,Down_in_Sepsis,0.5,1,GSE95233
FAR2,GSE57065,25,28,4.88920426666667,6.22599797619048,4.87116666666667,6.14257,1.33679370952381,Up_in_Sepsis,0.964285714285714,2.05678241268228e-11,GSE95233
FAR2,GSE65682,42,51,4.70400959997619,6.57458614926471,4.50525561475,6.571572742,1.87057654928852,Up_in_Sepsis,0.907563025210084,1.63148457744655e-11,GSE95233
DRAM1,GSE137340,14,43,5.97951676114286,7.6284219607907,5.498105704,7.858016126,1.64890519964784,Up_in_Sepsis,0.807308970099668,0.000368932478636985,GSE95233
DRAM1,GSE236713,30,125,-1.44896454766667,0.021617724808,-1.43339515,0.07594013,1.47058227247467,Up_in_Sepsis,0.958133333333333,7.32485636027738e-15,GSE95233
DRAM1,GSE54514,18,35,8.34397490811111,8.52077736165714,8.4047923085,8.501205444,0.176802453546031,Up_in_Sepsis,0.6,0.243028800589674,GSE95233
DRAM1,GSE57065,25,28,6.452056,7.92729107142857,6.44573,7.85264,1.47523507142857,Up_in_Sepsis,0.99,9.95645531096197e-14,GSE95233
DRAM1,GSE65682,42,51,3.76705746264286,4.62289479691177,3.75472874725,4.677832185,0.855837334268907,Up_in_Sepsis,0.803454715219422,5.32722689167168e-07,GSE95233
WIPI1,GSE137340,14,43,5.84246341814286,6.68232948148837,5.6971568515,6.808783668,0.839866063345515,Up_in_Sepsis,0.757475083056478,0.0033868587230376,GSE95233
WIPI1,GSE236713,30,125,-1.41402153533333,0.271323764848,-1.33425285,0.20184422,1.68534530018133,Up_in_Sepsis,0.983466666666666,2.23022449395653e-16,GSE95233
WIPI1,GSE54514,18,35,8.49110942422222,8.37088155748572,8.436255932,8.354125023,-0.120227866736506,Down_in_Sepsis,0.420634920634921,0.35253243130273,GSE95233
WIPI1,GSE57065,25,28,6.3063356,7.62544607142857,6.401195,7.72776,1.31911047142857,Up_in_Sepsis,0.991428571428571,6.63763687397464e-14,GSE95233
WIPI1,GSE65682,42,51,6.14616818605952,7.20296578637255,6.127173298,7.2842650345,1.05679760031303,Up_in_Sepsis,0.918767507002801,4.48546841923949e-12,GSE95233
RNASE3,GSE137340,14,43,5.15318927107143,7.37279856172093,4.9310884735,7.276024219,2.2196092906495,Up_in_Sepsis,0.865448504983389,1.29444347247364e-05,GSE95233
RNASE3,GSE236713,30,125,-1.78121274366667,0.276659620512,-1.79301785,0.30596137,2.05787236417867,Up_in_Sepsis,0.8912,3.09587125029148e-11,GSE95233
RNASE3,GSE54514,18,35,8.39811846966667,9.07183991837143,8.519881725,8.999832153,0.673721448704763,Up_in_Sepsis,0.715873015873016,0.00997989337858457,GSE95233
RNASE3,GSE57065,25,28,5.1106688,7.58436,5.0263,7.60682,2.4736912,Up_in_Sepsis,0.988571428571428,1.482405568521e-13,GSE95233
RNASE3,GSE65682,42,51,4.73729515485714,6.62797567470588,4.577254686,6.48201561,1.89068051984874,Up_in_Sepsis,0.871615312791784,8.18719101155584e-10,GSE95233
PCOLCE2,GSE137340,14,43,4.27362411078571,5.12858838253488,4.27310016,4.909687741,0.854964271749169,Up_in_Sepsis,0.933554817275748,4.53258095428679e-08,GSE95233
PCOLCE2,GSE236713,30,125,-4.53269394333333,1.406010466584,-4.470698,1.711073,5.93870440991733,Up_in_Sepsis,0.977866666666666,4.90216050318513e-16,GSE95233
PCOLCE2,GSE54514,18,35,8.15473386944444,7.86995833265714,7.690903425,7.619874477,-0.284775536787302,Down_in_Sepsis,0.452380952380952,0.582925964615309,GSE95233
PCOLCE2,GSE57065,25,28,2.3919432,5.06888071428571,2.39644,4.839825,2.67693751428571,Up_in_Sepsis,1,2.21254562465821e-15,GSE95233
PCOLCE2,GSE65682,42,51,2.40414391857143,4.49943500747059,2.247909271,4.377631216,2.09529108889916,Up_in_Sepsis,0.916900093370682,5.5755279461992e-12,GSE95233
GGH,GSE137340,14,43,4.85909495139286,5.5194562487907,4.658099538,5.5243476895,0.660361297397841,Up_in_Sepsis,0.842192691029901,5.56405121878381e-05,GSE95233
GGH,GSE236713,30,125,-1.54462506533333,0.355790853512,-1.5635712,0.22100759,1.90041591884533,Up_in_Sepsis,0.941066666666666,6.94636528075572e-14,GSE95233
GGH,GSE54514,18,35,7.56195196841667,7.5521293572,7.52366983925,7.4486792085,-0.00982261121666639,Down_in_Sepsis,0.442857142857143,0.508552086621423,GSE95233
GGH,GSE57065,25,28,4.6510996,6.6113775,4.80268,6.64766,1.9602779,Up_in_Sepsis,0.995714285714286,1.54878193726075e-14,GSE95233
GGH,GSE65682,42,51,3.57187554521429,4.94650242615686,3.4726333095,4.799303782,1.37462688094258,Up_in_Sepsis,0.874883286647993,5.81758965299673e-10,GSE95233
FYN,GSE137340,14,43,7.937087380625,7.30378023042442,7.98737291725,7.39833398925,-0.633307150200581,Down_in_Sepsis,0.247508305647841,0.00411662639779107,GSE95233
FYN,GSE236713,30,125,0.931028999,-0.271037153888,0.932108405,-0.2211585,-1.202066152888,Down_in_Sepsis,0.0344,2.66735498895389e-15,GSE95233
FYN,GSE54514,18,35,7.95278616083333,7.91861346787143,7.906122326875,7.820687294,-0.0341726929619046,Down_in_Sepsis,0.449206349206349,0.557589681355557,GSE95233
FYN,GSE57065,25,28,8.72753693333333,7.15084654761905,8.74644666666667,7.25993166666667,-1.57669038571429,Down_in_Sepsis,0.0257142857142857,3.53343536257917e-12,GSE95233
FYN,GSE65682,42,51,6.33264712161905,5.24190183817647,6.3978901825,5.298733132,-1.09074528344258,Down_in_Sepsis,0.126517273576097,6.73738457061858e-10,GSE95233
LCN2,GSE137340,14,43,7.67010171992857,10.3960011772326,7.420531063,10.28086345,2.72589945730399,Up_in_Sepsis,0.878737541528239,5.16186693059591e-06,GSE95233
LCN2,GSE236713,30,125,-1.140262623,0.487558468592,-1.05668355,0.59043336,1.627821091592,Up_in_Sepsis,0.835466666666667,1.23116575698421e-08,GSE95233
LCN2,GSE54514,18,35,11.6796901492222,11.5009548997143,11.40419817,11.13822651,-0.178735249507936,Down_in_Sepsis,0.473015873015873,0.756639937970471,GSE95233
LCN2,GSE57065,25,28,6.4240184,10.9134264285714,6.11326,11.10395,4.48940802857143,Up_in_Sepsis,0.981428571428571,8.25279517997514e-13,GSE95233
LCN2,GSE65682,42,51,7.97513332819048,11.2084427045686,7.6710586825,11.51258298,3.23330937637815,Up_in_Sepsis,0.894024276377218,7.42481588396865e-11,GSE95233
IL1R2,GSE137340,14,43,5.95834191904762,7.19872886627132,5.75693874783333,7.06508131933333,1.2403869472237,Up_in_Sepsis,0.840531561461794,6.13456473478384e-05,GSE95233
IL1R2,GSE236713,30,125,-3.54273072333333,0.982190017752,-3.29390715,1.5063055,4.52492074108533,Up_in_Sepsis,0.9416,6.48292922957738e-14,GSE95233
IL1R2,GSE54514,18,35,7.64505672438889,7.53738310677143,7.5770671365,7.478478432,-0.10767361761746,Down_in_Sepsis,0.428571428571429,0.406890737204955,GSE95233
IL1R2,GSE57065,25,28,8.257506,11.7996123214286,8.33788,12.2743,3.54210632142857,Up_in_Sepsis,0.981428571428571,8.25279517997514e-13,GSE95233
IL1R2,GSE65682,42,51,10.4034073763571,11.7710380026078,10.723211395,12.09657028,1.3676306262507,Up_in_Sepsis,0.84873949579832,8.2643784539401e-09,GSE95233
MS4A3,GSE137340,14,43,4.80305512453572,6.35994706127907,4.63958050975,6.3151337955,1.55689193674336,Up_in_Sepsis,0.872093023255814,8.24463721259666e-06,GSE95233
MS4A3,GSE236713,30,125,-2.19028454666667,0.35532680432,-2.1594298,0.40859675,2.54561135098667,Up_in_Sepsis,0.9632,3.6969859547151e-15,GSE95233
MS4A3,GSE54514,18,35,7.61670916162963,7.84520725073333,7.42541472116667,7.57226769133333,0.228498089103703,Up_in_Sepsis,0.546031746031746,0.595788354333167,GSE95233
MS4A3,GSE57065,25,28,4.9791602,6.79209285714286,4.888895,6.705775,1.81293265714286,Up_in_Sepsis,0.807142857142857,7.0605878007226e-05,GSE95233
MS4A3,GSE65682,42,51,3.5804328037619,5.96367369545098,3.2493348135,5.926548245,2.38324089168908,Up_in_Sepsis,0.879084967320262,3.73363792428656e-10,GSE95233
UBE2J1,GSE137340,14,43,7.51051921157143,8.90058205346512,7.0956391145,8.877279489,1.39006284189369,Up_in_Sepsis,0.848837209302326,3.73425195502401e-05,GSE95233
UBE2J1,GSE236713,30,125,-0.985950385,0.126259820264,-0.911705255,0.04517293,1.112210205264,Up_in_Sepsis,0.965066666666667,2.86844175544285e-15,GSE95233
UBE2J1,GSE54514,18,35,9.72016090805556,9.72255412485714,9.6136245725,9.672478676,0.00239321680158611,Up_in_Sepsis,0.534920634920635,0.689143463767284,GSE95233
UBE2J1,GSE57065,25,28,6.41856846666667,7.87583732142857,6.40528,8.02547666666667,1.4572688547619,Up_in_Sepsis,0.97,7.7571849600517e-12,GSE95233
UBE2J1,GSE65682,42,51,7.21102242579762,7.98972013118137,7.056721576375,8.12342960675,0.778697705383753,Up_in_Sepsis,0.805322128851541,4.53483226434796e-07,GSE95233
GPR183,GSE137340,14,43,6.07481682480952,5.76299714488372,6.064974771,5.70024795566667,-0.311819679925803,Down_in_Sepsis,0.313953488372093,0.0377143793648217,GSE95233
GPR183,GSE236713,30,125,1.60711066233333,-0.432276675368,1.6063957,-0.3275633,-2.03938733770133,Down_in_Sepsis,0.00746666666666667,6.11441610250757e-17,GSE95233
GPR183,GSE54514,18,35,7.69109768330556,7.6143441268,7.60110473625,7.4851653575,-0.0767535565055555,Down_in_Sepsis,0.463492063492064,0.675476268134141,GSE95233
GPR183,GSE57065,25,28,7.730874,5.84445964285714,7.71563,5.765175,-1.88641435714286,Down_in_Sepsis,0.00714285714285714,4.20383668685061e-14,GSE95233
GPR183,GSE65682,42,51,4.16059465866667,3.35900663755882,4.050669064,3.1834406115,-0.801588021107843,Down_in_Sepsis,0.223155929038282,4.78279497877484e-06,GSE95233
SIGLEC9,GSE137340,14,43,5.78244769457143,7.11633562930233,5.451645955,7.266684748,1.3338879347309,Up_in_Sepsis,0.817275747508306,0.000221898960304589,GSE95233
SIGLEC9,GSE236713,30,125,-1.69944844766667,0.213711724072,-1.71993565,0.18686748,1.91316017173867,Up_in_Sepsis,0.981066666666667,3.12904008175581e-16,GSE95233
SIGLEC9,GSE54514,18,35,7.61595479644444,7.82706080851429,7.527886152,7.753226757,0.211106012069842,Up_in_Sepsis,0.617460317460318,0.169030570051923,GSE95233
SIGLEC9,GSE57065,25,28,6.3004972,7.55829571428571,6.30182,7.53513,1.25779851428571,Up_in_Sepsis,0.977142857142857,2.02447924656227e-12,GSE95233
SIGLEC9,GSE65682,42,51,5.24527663621429,5.74420808187255,5.48459273525,5.8425204415,0.498931445658264,Up_in_Sepsis,0.705882352941177,0.000672240321339517,GSE95233
RUNX3,GSE137340,14,43,6.75005573189286,6.64661106830233,6.6913849875,6.618483679,-0.103444663590532,Down_in_Sepsis,0.441860465116279,0.526668623776916,GSE95233
RUNX3,GSE236713,30,125,1.20032605016667,-0.32395530504,1.1770645225,-0.228241802,-1.52428135520667,Down_in_Sepsis,0.0322666666666667,1.9928233814751e-15,GSE95233
RUNX3,GSE54514,18,35,9.07273046177778,8.89221264974286,9.1125116345,8.793813705,-0.180517812034919,Down_in_Sepsis,0.395238095238095,0.220939150662259,GSE95233
RUNX3,GSE57065,25,28,7.24065813333333,5.81859297619048,7.18098666666667,5.68781333333333,-1.42206515714286,Down_in_Sepsis,0.0285714285714286,6.00484882532239e-12,GSE95233
RUNX3,GSE65682,42,51,4.88468445904762,3.95233455822549,4.919107128625,3.922218436,-0.932349900822129,Down_in_Sepsis,0.132586367880486,1.2650387453366e-09,GSE95233
BMX,GSE137340,14,43,4.55935966323214,5.1446709944593,4.41826334425,5.06878465175,0.585311331227159,Up_in_Sepsis,0.857142857142857,2.22434280928559e-05,GSE95233
BMX,GSE236713,30,125,-4.15024724333333,0.579676904416,-3.85938645,0.6586814,4.72992414774933,Up_in_Sepsis,0.98,3.63532984217555e-16,GSE95233
BMX,GSE54514,18,35,7.43563013605556,7.41986342155714,7.3555368185,7.3635334965,-0.0157667144984135,Down_in_Sepsis,0.515873015873016,0.859761640454994,GSE95233
BMX,GSE57065,25,28,4.324058,7.42156178571429,4.27012,7.611915,3.09750378571429,Up_in_Sepsis,0.995714285714286,6.66429193248588e-10,GSE95233
BMX,GSE65682,42,51,6.21105992733333,6.87670536266667,6.5937969595,7.111568492,0.665645435333333,Up_in_Sepsis,0.733893557422969,0.000111610576847226,GSE95233
NFE2,GSE137340,14,43,10.5144076772857,11.9746088921163,10.38796917,12.0910567,1.46020121483057,Up_in_Sepsis,0.863787375415283,1.44528445939708e-05,GSE95233
NFE2,GSE236713,30,125,-2.05305652666667,0.33666373884,-2.09813905,0.32316303,2.38972026550667,Up_in_Sepsis,0.992266666666667,6.35373712127056e-17,GSE95233
NFE2,GSE54514,18,35,12.5278267861111,12.6580457954286,12.5178175,12.65333939,0.130219009317461,Up_in_Sepsis,0.615873015873016,0.17328634223047,GSE95233
NFE2,GSE57065,25,28,9.6137636,10.5226053571429,9.66035,10.58755,0.908841757142858,Up_in_Sepsis,0.98,1.12397317732637e-12,GSE95233
NFE2,GSE65682,42,51,9.61698762809524,9.71341197111765,9.6353768725,9.70873652,0.0964243430224094,Up_in_Sepsis,0.550420168067227,0.40659568941603,GSE95233
IL10,GSE137340,14,43,7.400438013,8.20294413719767,7.331801702,8.130449696,0.802506124197675,Up_in_Sepsis,0.877076411960133,5.81267228909064e-06,GSE95233
IL10,GSE236713,30,125,-2.411726201,0.43064073832,-2.5504639,0.28694677,2.84236693932,Up_in_Sepsis,0.988533333333333,1.08528994979761e-16,GSE95233
IL10,GSE54514,18,35,9.3612702025,9.3583498206,9.42679667525,9.390916825,-0.00292038190000099,Down_in_Sepsis,0.480952380952381,0.830638269796872,GSE95233
IL10,GSE57065,25,28,3.4014536,4.66862392857143,3.38691,4.534755,1.26717032857143,Up_in_Sepsis,0.978571428571428,1.51338120726622e-12,GSE95233
IL10,GSE65682,42,51,2.49251243707143,2.88937529939216,2.436297435,2.831393929,0.396862862320728,Up_in_Sepsis,0.751167133520075,3.33206979580799e-05,GSE95233
PGLYRP1,GSE137340,14,43,8.2463728645,10.5949774515116,8.1962241905,10.6908238,2.34860458701163,Up_in_Sepsis,0.852159468438538,3.04347690174248e-05,GSE95233
PGLYRP1,GSE236713,30,125,-2.80997192133333,0.3060054606,-2.7665265,0.44724846,3.11597738193333,Up_in_Sepsis,0.9592,6.34667569621056e-15,GSE95233
PGLYRP1,GSE54514,18,35,11.1584299930556,11.3760248457429,11.03189945,11.35566902,0.2175948526873,Up_in_Sepsis,0.565873015873016,0.441273226408107,GSE95233
PGLYRP1,GSE57065,25,28,7.0209396,9.52004428571429,6.93452,9.452565,2.49910468571429,Up_in_Sepsis,0.995714285714286,1.54878193726075e-14,GSE95233
PGLYRP1,GSE65682,42,51,6.81504751561905,7.53306122233333,6.739540714,7.585683968,0.718013706714285,Up_in_Sepsis,0.757703081232493,2.06654776808725e-05,GSE95233
LTF,GSE137340,14,43,4.84707425421429,5.62357761074419,4.6748176725,5.392006576,0.7765033565299,Up_in_Sepsis,0.732558139534884,0.00860715367594649,GSE95233
LTF,GSE236713,30,125,-2.16325188033333,0.389110397376,-2.289994,0.3856845,2.55236227770933,Up_in_Sepsis,0.872,2.68695684553841e-10,GSE95233
LTF,GSE54514,18,35,7.51336063283333,7.52089240214286,7.294859648,7.301288128,0.00753176930952293,Up_in_Sepsis,0.50952380952381,0.918534356570284,GSE95233
LTF,GSE57065,25,28,7.6719428,11.6229810714286,7.31096,11.77995,3.95103827142857,Up_in_Sepsis,0.97,7.7571849600517e-12,GSE95233
LTF,GSE65682,42,51,4.99003408615476,7.67973502894118,4.84325347325,8.076573633,2.68970094278641,Up_in_Sepsis,0.904295051353875,2.36259014786027e-11,GSE95233
FCER1A,GSE137340,14,43,6.68894818178571,5.85049081730233,6.9267978015,5.521763067,-0.838457364483388,Down_in_Sepsis,0.308970099667774,0.0326831125398416,GSE95233
FCER1A,GSE236713,30,125,3.50311959333333,-1.006875617488,3.58525585,-1.3169296,-4.50999521082133,Down_in_Sepsis,0.0109333333333333,1.00562164223352e-16,GSE95233
FCER1A,GSE54514,18,35,7.64199142994444,7.4347460202,7.3834056855,7.246059418,-0.207245409744444,Down_in_Sepsis,0.5,1,GSE95233
FCER1A,GSE57065,25,28,5.0258532,3.15473625,4.957555,3.0277075,-1.87111695,Down_in_Sepsis,0.00142857142857143,4.42509124931643e-15,GSE95233
FCER1A,GSE65682,42,51,3.93125288285714,2.81104443721569,3.5521964815,2.565815738,-1.12020844564146,Down_in_Sepsis,0.202147525676937,8.58850803458066e-07,GSE95233
LILRA5,GSE137340,14,43,7.42001433247619,9.54247215132558,7.19596167783333,9.55634477233333,2.1224578188494,Up_in_Sepsis,0.87375415282392,7.34598051394299e-06,GSE95233
LILRA5,GSE236713,30,125,-1.44724332833333,0.156060930264,-1.32604715,0.2754941,1.60330425859733,Up_in_Sepsis,0.931466666666667,2.37420343089897e-13,GSE95233
LILRA5,GSE54514,18,35,10.7801393227778,10.8140689301333,10.5921104765,10.8437690753333,0.0339296073555584,Up_in_Sepsis,0.522222222222222,0.801741213878021,GSE95233
LILRA5,GSE57065,25,28,5.0902356,6.95282794642857,5.1211775,7.02134,1.86259234642857,Up_in_Sepsis,0.985714285714286,3.07543841827492e-13,GSE95233
LILRA5,GSE65682,42,51,9.04942252834921,9.72692568706536,9.13687494883333,9.84878112566667,0.677503158716151,Up_in_Sepsis,0.794584500466854,1.13043864028343e-06,GSE95233
ITGA7,GSE137340,14,43,4.67739951585714,5.16184941293023,4.405458892,4.949191961,0.484449897073089,Up_in_Sepsis,0.780730897009967,0.0012817795557046,GSE95233
ITGA7,GSE236713,30,125,-3.43841331666667,0.8832891642,-3.51296285,0.9036689,4.32170248086667,Up_in_Sepsis,0.997066666666667,3.17356635260133e-17,GSE95233
ITGA7,GSE54514,18,35,7.18798743344444,7.26124273028571,7.1751744745,7.210695267,0.0732552968412694,Up_in_Sepsis,0.666666666666667,0.0490209988229125,GSE95233
ITGA7,GSE57065,25,28,4.412276,5.64758660714286,4.368065,5.6483375,1.23531060714286,Up_in_Sepsis,0.96,1.01373468537276e-08,GSE95233
ITGA7,GSE65682,42,51,2.89574477252381,4.0769386615098,2.8248532005,3.873331545,1.18119388898599,Up_in_Sepsis,0.831932773109244,4.13339067652042e-08,GSE95233
CLEC4D,GSE137340,14,43,5.1546208625,6.58479816990698,4.582975165,6.382337398,1.43017730740698,Up_in_Sepsis,0.812292358803987,0.0002869816641554,GSE95233
CLEC4D,GSE236713,30,125,-1.81036647083333,0.238648247424,-1.777268525,0.261546255,2.04901471825733,Up_in_Sepsis,0.968,1.9213337153322e-15,GSE95233
CLEC4D,GSE54514,18,35,8.11288634933333,8.09458709437143,8.066710949,7.917171478,-0.0182992549619048,Down_in_Sepsis,0.479365079365079,0.816159107237985,GSE95233
CLEC4D,GSE57065,25,28,5.3772788,9.33756732142857,5.37215,9.7270175,3.96028852142857,Up_in_Sepsis,0.998571428571429,4.42509124931643e-15,GSE95233
CLEC4D,GSE65682,42,51,7.66937680728571,8.57762688411765,7.79903323025,8.699434631,0.908250076831933,Up_in_Sepsis,0.681605975723623,0.00270673854041277,GSE95233
TCF7,GSE137340,14,43,4.5362807182381,4.54528316596899,4.48022920183334,4.40029689666667,0.00900244773089653,Up_in_Sepsis,0.335548172757475,0.0674694949031739,GSE95233
TCF7,GSE236713,30,125,2.25886879666667,-0.4489542569,2.277126675,-0.396261585,-2.70782305356667,Down_in_Sepsis,0.00773333333333334,6.35373712127056e-17,GSE95233
TCF7,GSE54514,18,35,7.17996638352778,7.18485778397143,7.1887493135,7.1620082855,0.00489140044365044,Up_in_Sepsis,0.498412698412699,0.992581476239974,GSE95233
TCF7,GSE57065,25,28,8.2727108,6.57395589285714,8.276505,6.6254125,-1.69875490714286,Down_in_Sepsis,0.00571428571428571,2.65505474958986e-14,GSE95233
TCF7,GSE65682,42,51,4.17672209061905,3.51131071536078,4.1667805237,3.5651186398,-0.665411375258263,Down_in_Sepsis,0.245098039215686,2.53953936765205e-05,GSE95233
GADD45A,GSE137340,14,43,5.30691045196429,6.19020441647674,4.79919859475,5.967946497,0.883293964512459,Up_in_Sepsis,0.754152823920266,0.00385928762593356,GSE95233
GADD45A,GSE236713,30,125,-1.83901991666667,0.88889644512,-1.8438382,0.79994035,2.72791636178667,Up_in_Sepsis,0.972533333333333,1.0292890169365e-15,GSE95233
GADD45A,GSE54514,18,35,9.15976790619444,8.56680619378571,9.09830832475,8.408894539,-0.59296171240873,Down_in_Sepsis,0.29047619047619,0.0125252546921486,GSE95233
GADD45A,GSE57065,25,28,6.1883888,9.48613428571429,6.17952,9.860785,3.29774548571429,Up_in_Sepsis,1,2.21254562465821e-15,GSE95233
GADD45A,GSE65682,42,51,7.84114134335714,9.02282525972549,8.121916137,9.094566,1.18168391636835,Up_in_Sepsis,0.826330532212886,6.95166724757002e-08,GSE95233
MMP9,GSE137340,14,43,8.84626856864286,10.9993188026744,8.732213813,10.86574729,2.15305023403156,Up_in_Sepsis,0.820598006644518,0.000186294412620237,GSE95233
MMP9,GSE236713,30,125,-4.77118858666667,0.559798947816,-4.74752355,0.6349735,5.33098753448267,Up_in_Sepsis,0.991466666666667,7.12851805331957e-17,GSE95233
MMP9,GSE54514,18,35,12.1494886077778,12.3117602898286,12.141063215,12.31563473,0.162271682050793,Up_in_Sepsis,0.558730158730159,0.493002190492281,GSE95233
MMP9,GSE57065,25,28,8.8954708,11.9319703571429,8.90457,12.037,3.03649955714286,Up_in_Sepsis,0.978571428571428,1.51338120726622e-12,GSE95233
MMP9,GSE65682,42,51,11.6094327173333,11.8964784379412,11.776760255,12.17834074,0.287045720607843,Up_in_Sepsis,0.682539682539683,0.0025726946198045,GSE95233
MAFG,GSE137340,14,43,5.04420703228572,5.67367849393023,4.87875633875,5.61753403575,0.629471461644518,Up_in_Sepsis,0.81063122923588,0.000312251163096141,GSE95233
MAFG,GSE236713,30,125,-1.45022450483333,0.186943544492,-1.48757375,0.168280005,1.63716804932533,Up_in_Sepsis,0.9848,1.84645884066347e-16,GSE95233
MAFG,GSE54514,18,35,7.4532050027037,7.42861338567619,7.40565530466667,7.41964260766667,-0.0245916170275127,Down_in_Sepsis,0.484126984126984,0.859761640454994,GSE95233
MAFG,GSE57065,25,28,5.6658582,6.58839785714286,5.687745,6.5331525,0.922539657142857,Up_in_Sepsis,0.991428571428571,6.63763687397464e-14,GSE95233
MAFG,GSE65682,42,51,5.46733559666071,5.79223727292157,5.440028927625,5.782466508,0.324901676260855,Up_in_Sepsis,0.787581699346405,2.01757102494309e-06,GSE95233
ATP9A,GSE137340,14,43,4.80202090738095,5.52973604869767,4.648722985,5.46638302133333,0.727715141316722,Up_in_Sepsis,0.890365448504983,2.17438941765078e-06,GSE95233
ATP9A,GSE236713,30,125,-1.49502310066667,0.567868593624,-1.4536343775,0.4890709,2.06289169429067,Up_in_Sepsis,0.925333333333333,5.13556435775754e-13,GSE95233
ATP9A,GSE54514,18,35,8.16692366847222,8.30321235661429,8.1089799405,8.363950968,0.136288688142063,Up_in_Sepsis,0.585714285714286,0.318216803699425,GSE95233
ATP9A,GSE57065,25,28,4.342293,6.3298725,4.441015,6.44673,1.9875795,Up_in_Sepsis,0.997142857142857,8.85018249863286e-15,GSE95233
ATP9A,GSE65682,42,51,3.97486160304762,5.15235669245098,3.965898105,5.309104248,1.17749508940336,Up_in_Sepsis,0.773576097105509,6.18231329672613e-06,GSE95233
RAB31,GSE137340,14,43,6.93174213735714,7.75901473067442,6.8051828705,7.764173954,0.827272593317276,Up_in_Sepsis,0.880398671096345,4.5786917253501e-06,GSE95233
RAB31,GSE236713,30,125,-0.962364672,-0.02667884356,-0.8959365,-0.046078682,0.93568582844,Up_in_Sepsis,0.92,9.95838637189864e-13,GSE95233
RAB31,GSE54514,18,35,11.6838317444444,11.9574570522857,11.690245625,11.86922073,0.273625307841272,Up_in_Sepsis,0.630952380952381,0.123530872272355,GSE95233
RAB31,GSE57065,25,28,9.69014053333333,10.5050705952381,9.71907333333333,10.5944666666667,0.814930061904763,Up_in_Sepsis,0.964285714285714,2.05678241268228e-11,GSE95233
RAB31,GSE65682,42,51,9.21135854900595,9.71940333367647,9.314984492875,9.7143372425,0.508044784670519,Up_in_Sepsis,0.818860877684408,1.372467611671e-07,GSE95233
GALNT14,GSE137340,14,43,4.49403214107143,5.20731724539535,4.235813754,5.016652897,0.713285104323921,Up_in_Sepsis,0.870431893687708,9.24335675110831e-06,GSE95233
GALNT14,GSE236713,30,125,-4.18687559,0.424362516424,-4.33513645,0.5639994,4.611238106424,Up_in_Sepsis,0.9768,5.68982032753381e-16,GSE95233
GALNT14,GSE54514,18,35,7.54942462177778,7.48056413102857,7.4431469445,7.475632191,-0.0688604907492065,Down_in_Sepsis,0.415873015873016,0.327405769848281,GSE95233
GALNT14,GSE57065,25,28,5.0287766,5.91161678571429,5.04085,5.94476,0.882840185714286,Up_in_Sepsis,0.944285714285714,3.90036392897249e-10,GSE95233
GALNT14,GSE65682,42,51,3.64710281445238,4.85804955644118,3.64599905575,5.130848065,1.2109467419888,Up_in_Sepsis,0.791316526610645,1.48371788589805e-06,GSE95233
TMC8,GSE137340,14,43,5.40374133214286,5.15986757790698,5.407611208,5.136861137,-0.243873754235881,Down_in_Sepsis,0.355481727574751,0.109420434566108,GSE95233
TMC8,GSE236713,30,125,0.916570730833333,-0.22216652512,0.8884626625,-0.18730413,-1.13873725595333,Down_in_Sepsis,0.0274666666666667,1.0292890169365e-15,GSE95233
TMC8,GSE54514,18,35,7.14508612938889,7.13288952974286,7.166795969,7.089870453,-0.0121965996460318,Down_in_Sepsis,0.392063492063492,0.207020180060236,GSE95233
TMC8,GSE57065,25,28,6.89209213333333,5.89622964285714,6.98972666666667,5.92308333333333,-0.995862490476191,Down_in_Sepsis,0.0242857142857143,2.68160529708576e-12,GSE95233
TMC8,GSE65682,42,51,5.04912586479762,4.66326837764706,4.95679593625,4.6841515675,-0.38585748715056,Down_in_Sepsis,0.250700280112045,3.81153364064026e-05,GSE95233
LCK,GSE137340,14,43,5.55957894754762,5.57794719572093,5.54788497366667,5.554781942,0.018368248173311,Up_in_Sepsis,0.496677740863787,0.978074020365707,GSE95233
LCK,GSE236713,30,125,1.44738868666667,-0.407891716192,1.46847105,-0.286011457,-1.85528040285867,Down_in_Sepsis,0.0056,4.67077632717853e-17,GSE95233
LCK,GSE54514,18,35,7.27508580244444,7.31436660399048,7.2605885665,7.26734924333333,0.039280801546032,Up_in_Sepsis,0.515873015873016,0.859761640454994,GSE95233
LCK,GSE57065,25,28,9.0942556,6.9294725,9.065125,6.8193975,-2.1647831,Down_in_Sepsis,0.00857142857142857,6.63763687397464e-14,GSE95233
LCK,GSE65682,42,51,4.44206066173333,3.42731789850588,4.0753115459,3.2349531126,-1.01474276322745,Down_in_Sepsis,0.215686274509804,2.63215247427863e-06,GSE95233
CD74,GSE137340,14,43,9.98284820703571,8.27071462426744,10.13375478,8.325641849,-1.71213358276827,Down_in_Sepsis,0.0465116279069768,4.46986200896131e-09,GSE95233
CD74,GSE236713,30,125,1.279571065,-0.524007842672,1.30482745,-0.46420026,-1.803578907672,Down_in_Sepsis,0.0466666666666666,1.39059149341468e-14,GSE95233
CD74,GSE54514,18,35,8.98056897425926,9.11129872898096,8.9942328935,9.14352973466667,0.130729754721695,Up_in_Sepsis,0.574603174603175,0.38603295488447,GSE95233
CD74,GSE57065,25,28,7.48762533333333,6.45569214285714,7.47123,6.38603166666667,-1.03193319047619,Down_in_Sepsis,0.0385714285714286,3.26107099618374e-11,GSE95233
CD74,GSE65682,42,51,7.0118082882381,5.89471187256863,6.9309952324,5.904229519,-1.11709641566947,Down_in_Sepsis,0.133986928104575,1.46096046156619e-09,GSE95233
QSOX1,GSE137340,14,43,5.65234261132143,6.7387056442093,5.47204210475,6.7130073645,1.08636303288787,Up_in_Sepsis,0.852159468438538,3.04347690174248e-05,GSE95233
QSOX1,GSE236713,30,125,-1.16630387666667,0.287821223392,-1.24254076666667,0.28180472,1.45412510005867,Up_in_Sepsis,0.992266666666667,6.35373712127056e-17,GSE95233
QSOX1,GSE54514,18,35,8.22214319983333,8.28002521658572,8.18495321275,8.254836321,0.0578820167523819,Up_in_Sepsis,0.561904761904762,0.473286065359816,GSE95233
QSOX1,GSE57065,25,28,4.93165586666667,5.414135,4.90757666666667,5.41201,0.482479133333333,Up_in_Sepsis,0.927142857142857,3.26467523300631e-09,GSE95233
QSOX1,GSE65682,42,51,4.47961160067857,4.88680427353922,4.4767651725,4.8544474625,0.407192672860645,Up_in_Sepsis,0.762838468720822,1.40872649154211e-05,GSE95233
UPP1,GSE137340,14,43,6.36924055446429,7.75294618354651,6.110650695,7.8271669045,1.38370562908223,Up_in_Sepsis,0.897009966777409,1.28968008164182e-06,GSE95233
UPP1,GSE236713,30,125,-0.8235940235,0.238714968964,-0.774116155,0.20617473,1.062308992464,Up_in_Sepsis,0.908,4.29036556442579e-12,GSE95233
UPP1,GSE54514,18,35,10.8585038179444,10.9527827404,10.631633755,11.0500412,0.0942789224555547,Up_in_Sepsis,0.533333333333333,0.700209260766534,GSE95233
UPP1,GSE57065,25,28,7.2129604,9.45425107142857,7.22195,9.60008,2.24129067142857,Up_in_Sepsis,1,2.21254562465821e-15,GSE95233
UPP1,GSE65682,42,51,6.56647217418254,6.99437480713725,6.659621124,7.04593798366667,0.427902632954715,Up_in_Sepsis,0.704948646125117,0.000711219090907829,GSE95233
LY9,GSE137340,14,43,5.4104698412381,5.44835855427907,5.44586803066667,5.503299453,0.0378887130409744,Up_in_Sepsis,0.508305647840532,0.934286718242662,GSE95233
LY9,GSE236713,30,125,1.66639141516667,-0.29951097266,1.6793927,-0.26938856,-1.96590238782667,Down_in_Sepsis,0.0032,3.29891631128051e-17,GSE95233
LY9,GSE54514,18,35,7.40111618569445,7.4219030925,7.3937158585,7.371298075,0.0207869068055553,Up_in_Sepsis,0.495238095238095,0.962919951586959,GSE95233
LY9,GSE57065,25,28,7.12409986666667,5.62186238095238,7.15808,5.584375,-1.50223748571429,Down_in_Sepsis,0.00571428571428571,2.65505474958986e-14,GSE95233
LY9,GSE65682,42,51,3.32781337458333,2.83297544380392,3.1325616985,2.771464375,-0.494837930779412,Down_in_Sepsis,0.30812324929972,0.00152934116044883,GSE95233
C3AR1,GSE137340,14,43,5.66257417528571,7.64411645930233,5.2767078905,7.74853268,1.98154228401661,Up_in_Sepsis,0.875415282392027,6.53811501196993e-06,GSE95233
C3AR1,GSE236713,30,125,-1.55061417533333,0.196685696712,-1.5652845,0.17176986,1.74729987204533,Up_in_Sepsis,0.9488,2.53235015615329e-14,GSE95233
C3AR1,GSE54514,18,35,8.12928456727778,8.61633907051429,8.0673708915,8.529092789,0.487054503236507,Up_in_Sepsis,0.714285714285714,0.0105698275685497,GSE95233
C3AR1,GSE57065,25,28,7.5821536,9.34956321428571,7.51862,9.50142,1.76740961428571,Up_in_Sepsis,0.924285714285714,4.53013185284708e-09,GSE95233
C3AR1,GSE65682,42,51,8.07711712383333,8.71807918660784,8.3859891975,8.954679595,0.640962062774509,Up_in_Sepsis,0.69281045751634,0.00145005550227049,GSE95233
HLA-DPB1,GSE137340,14,43,5.47542032028571,5.54581998962791,5.198502823,5.381987185,0.0703996693421933,Up_in_Sepsis,0.518272425249169,0.847419434724282,GSE95233
HLA-DPB1,GSE236713,30,125,1.298608723,-0.4145296915696,1.301215987,-0.484441368,-1.7131384145696,Down_in_Sepsis,0.0226666666666666,5.28154041652889e-16,GSE95233
HLA-DPB1,GSE54514,18,35,7.25630855544444,7.21391203748572,7.217739582,7.189665318,-0.0423965179587293,Down_in_Sepsis,0.406349206349206,0.274780752688366,GSE95233
HLA-DPB1,GSE57065,25,28,7.2440554,5.97528267857143,7.33975,5.8453875,-1.26877272142857,Down_in_Sepsis,0.0242857142857143,2.68160529708576e-12,GSE95233
HLA-DPB1,GSE65682,42,51,6.13679909505714,4.98698482825098,6.0927838555,4.9630219698,-1.14981426680616,Down_in_Sepsis,0.134920634920635,1.60768834134193e-09,GSE95233
ADM,GSE137340,14,43,9.20151606264286,10.8318754218605,8.839707672,11.05994973,1.63035935921761,Up_in_Sepsis,0.815614617940199,0.000241926158971228,GSE95233
ADM,GSE236713,30,125,-3.35761926,0.356034619056,-3.51896,0.39667892,3.713653879056,Up_in_Sepsis,0.9984,2.6139489943517e-17,GSE95233
ADM,GSE54514,18,35,11.8478035933333,11.3326583317143,11.99541569,11.34145927,-0.515145261619047,Down_in_Sepsis,0.303968253968254,0.0208781113856751,GSE95233
ADM,GSE57065,25,28,8.4250244,10.0404775,8.44271,9.967445,1.6154531,Up_in_Sepsis,0.991428571428571,6.63763687397464e-14,GSE95233
ADM,GSE65682,42,51,7.66319903653175,7.81727407335294,7.77951472233334,7.806430994,0.154075036821195,Up_in_Sepsis,0.591503267973856,0.131232651951072,GSE95233
AMPD3,GSE137340,14,43,4.36509475144643,4.68890040339535,4.296762221125,4.53612638225,0.32380565194892,Up_in_Sepsis,0.875415282392027,6.53811501196993e-06,GSE95233
AMPD3,GSE236713,30,125,-1.6001981425,0.16324364402,-1.53098166,0.20307266,1.76344178652,Up_in_Sepsis,0.9784,4.54966383174459e-16,GSE95233
AMPD3,GSE54514,18,35,7.29428671475,7.31056830541429,7.2981749775,7.321006298,0.0162815906642857,Up_in_Sepsis,0.549206349206349,0.570192060596712,GSE95233
AMPD3,GSE57065,25,28,5.8322058,6.35802803571429,5.837835,6.4217775,0.525822235714286,Up_in_Sepsis,0.85,3.9780779302043e-06,GSE95233
AMPD3,GSE65682,42,51,4.17677488671088,4.84328482955182,4.07739916885715,4.95547766242857,0.666509942840937,Up_in_Sepsis,0.823529411764706,8.9871630261376e-08,GSE95233
EXOSC4,GSE137340,14,43,5.41720706707143,6.70501075486047,5.0448648645,6.791334525,1.28780368778904,Up_in_Sepsis,0.820598006644518,0.000186294412620237,GSE95233
EXOSC4,GSE236713,30,125,-0.829816718333333,0.410322953936,-0.869314675,0.37447357,1.24013967226933,Up_in_Sepsis,0.909066666666667,3.77423354829332e-12,GSE95233
EXOSC4,GSE54514,18,35,8.26254481744445,8.35448402668571,7.823877573,8.217424393,0.0919392092412696,Up_in_Sepsis,0.547619047619047,0.582925964615309,GSE95233
EXOSC4,GSE57065,25,28,5.5657018,7.15123071428571,5.53185,7.29126125,1.58552891428571,Up_in_Sepsis,0.99,9.95645531096197e-14,GSE95233
EXOSC4,GSE65682,42,51,6.44449672502381,7.90887844835294,6.372095987,8.019929043,1.46438172332913,Up_in_Sepsis,0.843604108309991,1.36234445477292e-08,GSE95233
PVRIG,GSE137340,14,43,7.72663051485714,7.38324885309302,7.6489804295,7.322446885,-0.34338166176412,Down_in_Sepsis,0.416943521594684,0.362893895450819,GSE95233
PVRIG,GSE236713,30,125,1.37001128666667,-0.375043419456,1.43152785,-0.31261754,-1.74505470612267,Down_in_Sepsis,0.0309333333333333,1.65978174307926e-15,GSE95233
PVRIG,GSE54514,18,35,7.74745244444445,7.67170674454286,7.7707879545,7.536135197,-0.0757456999015878,Down_in_Sepsis,0.417460317460318,0.33676180410244,GSE95233
PVRIG,GSE57065,25,28,7.7548532,5.75481821428571,7.86216,5.602875,-2.00003498571429,Down_in_Sepsis,0.0328571428571429,1.27509004349053e-11,GSE95233
PVRIG,GSE65682,42,51,6.17335114064286,4.89616109405882,6.1560935395,4.83282121,-1.27719004658403,Down_in_Sepsis,0.195611577964519,4.91565394238915e-07,GSE95233
BCL6,GSE137340,14,43,10.5691606481429,12.0325751632558,10.1670325,12.06754407,1.46341451511296,Up_in_Sepsis,0.830564784053156,0.00010836477926158,GSE95233
BCL6,GSE236713,30,125,-3.24843976333333,0.391965990184,-3.46802635,0.5918217,3.64040575351733,Up_in_Sepsis,0.985066666666666,1.77791698605755e-16,GSE95233
BCL6,GSE54514,18,35,12.0160900222222,12.1402279997143,11.93818569,12.1618042,0.124137977492063,Up_in_Sepsis,0.537301587301587,0.665733218591997,GSE95233
BCL6,GSE57065,25,28,8.2624333,9.81840196428571,8.197805,9.964295,1.55596866428571,Up_in_Sepsis,0.997142857142857,8.85018249863286e-15,GSE95233
BCL6,GSE65682,42,51,9.62679411285714,9.80325466081177,9.6651421179,9.9206306838,0.176460547954623,Up_in_Sepsis,0.594304388422035,0.119808285134035,GSE95233
MERTK,GSE137340,14,43,4.52140659260714,5.19461795568605,4.37054603375,5.0905564935,0.673211363078904,Up_in_Sepsis,0.867109634551495,1.15818527714491e-05,GSE95233
MERTK,GSE236713,30,125,-2.0128165215,0.710855985472,-2.11532115,0.736687302,2.723672506972,Up_in_Sepsis,0.970133333333334,1.43337123119402e-15,GSE95233
MERTK,GSE54514,18,35,7.54052025747222,7.5604057789,7.4285660985,7.5038194655,0.0198855214277778,Up_in_Sepsis,0.544444444444444,0.608776071190231,GSE95233
MERTK,GSE57065,25,28,3.48729946666667,4.69206702380952,3.49133666666667,4.63908666666667,1.20476755714286,Up_in_Sepsis,0.974285714285714,3.53343536257917e-12,GSE95233
MERTK,GSE65682,42,51,2.64790451404762,3.66078210762745,2.482494099,3.49556805,1.01287759357983,Up_in_Sepsis,0.786647992530346,2.17745168959178e-06,GSE95233
ALPL,GSE137340,14,43,10.3111428597857,12.3941668166279,9.779099904,12.47900949,2.08302395684219,Up_in_Sepsis,0.8421926910299,5.56405121878381e-05,GSE95233
ALPL,GSE236713,30,125,-3.05842141333333,0.286827409312,-3.30897325,0.47065985,3.34524882264533,Up_in_Sepsis,0.9656,2.66735498895389e-15,GSE95233
ALPL,GSE54514,18,35,12.9301314355556,12.7936352595429,13.025610445,13.00140953,-0.136496176012699,Down_in_Sepsis,0.498412698412698,0.992506284573576,GSE95233
ALPL,GSE57065,25,28,5.8954288,8.19505178571429,5.84984,8.4127325,2.29962298571429,Up_in_Sepsis,0.957142857142857,6.3278804865225e-11,GSE95233
ALPL,GSE65682,42,51,6.46301430922381,7.14190184189412,6.6677252105,7.4459562462,0.678887532670308,Up_in_Sepsis,0.685807656395892,0.00214994082693125,GSE95233
SIL1,GSE137340,14,43,5.05816054411905,6.16901492409302,4.8279720745,6.19413987866667,1.11085437997397,Up_in_Sepsis,0.878737541528239,5.16186693059591e-06,GSE95233
SIL1,GSE236713,30,125,-0.980736208333333,0.111873885272,-0.959227565,0.14208245,1.09261009360533,Up_in_Sepsis,0.943733333333333,4.91445456572024e-14,GSE95233
SIL1,GSE54514,18,35,8.04746549661111,8.17145788321429,7.952652812,8.106673479,0.123992386603176,Up_in_Sepsis,0.558730158730159,0.496648773453112,GSE95233
SIL1,GSE57065,25,28,5.582404,6.13154928571429,5.55071,6.089265,0.549145285714285,Up_in_Sepsis,0.918571428571429,8.55398016567736e-09,GSE95233
SIL1,GSE65682,42,51,3.01941567911905,3.77848905092157,3.014714552,3.522290904,0.759073371802521,Up_in_Sepsis,0.820261437908497,1.20948914956201e-07,GSE95233
SIGLEC5,GSE137340,14,43,5.64303503042857,6.67996813468605,5.3354653065,6.831768214,1.03693310425748,Up_in_Sepsis,0.802325581395349,0.000471533014356313,GSE95233
SIGLEC5,GSE236713,30,125,-1.94441204333333,0.125625905216,-1.81730605,0.19648027,2.07003794854933,Up_in_Sepsis,0.973333333333333,9.21380093416917e-16,GSE95233
SIGLEC5,GSE54514,18,35,8.09787909180556,8.26050394608572,8.06792688375,8.2851572035,0.162624854280159,Up_in_Sepsis,0.634920634920635,0.113099435153609,GSE95233
SIGLEC5,GSE57065,25,28,8.3267848,9.49934392857143,8.39725,9.5337,1.17255912857143,Up_in_Sepsis,0.958571428571428,5.09106748233855e-11,GSE95233
SIGLEC5,GSE65682,42,51,8.26945584485714,8.77752901276471,8.3570166165,8.845822242,0.508073167907563,Up_in_Sepsis,0.707749766573296,0.000600170513027404,GSE95233
COL17A1,GSE137340,14,43,4.45358845896429,5.72561517976744,4.30852907025,5.3935172645,1.27202672080316,Up_in_Sepsis,0.92358803986711,1.24122170380611e-07,GSE95233
COL17A1,GSE236713,30,125,-2.27305892333333,0.448300560368,-2.15012385,0.4743929,2.72135948370133,Up_in_Sepsis,0.949866666666667,2.20038679780032e-14,GSE95233
COL17A1,GSE54514,18,35,7.55877251105556,7.61633255821429,7.418541789,7.4756383895,0.0575600471587308,Up_in_Sepsis,0.557142857142857,0.508552086621423,GSE95233
COL17A1,GSE57065,25,28,4.0029588,5.41459428571429,4.00153,5.296285,1.41163548571429,Up_in_Sepsis,0.957142857142857,6.3278804865225e-11,GSE95233
COL17A1,GSE65682,42,51,2.8403861505,4.70186157785294,2.67673723275,4.463769466,1.86147542735294,Up_in_Sepsis,0.906629318394024,1.81407085393543e-11,GSE95233
SLC26A8,GSE137340,14,43,4.9899783315,6.21397293356395,4.63687399875,6.19378155925,1.22399460206395,Up_in_Sepsis,0.87375415282392,7.34598051394299e-06,GSE95233
SLC26A8,GSE236713,30,125,-3.313180685,0.2865534076,-3.40846845,0.6120777,3.5997340926,Up_in_Sepsis,0.944533333333334,4.42812327766133e-14,GSE95233
SLC26A8,GSE54514,18,35,7.48923361302778,7.67345543589286,7.460270703,7.65936887275,0.18422182286508,Up_in_Sepsis,0.788888888888889,0.000427528816453806,GSE95233
SLC26A8,GSE57065,25,28,4.1855804,6.50867357142857,4.14418,6.42574,2.32309317142857,Up_in_Sepsis,1,2.21254562465821e-15,GSE95233
SLC26A8,GSE65682,42,51,4.18775508078571,4.46535759517647,4.4242065175,4.493589345,0.277602514390757,Up_in_Sepsis,0.586367880485527,0.154348393835561,GSE95233
PASK,GSE137340,14,43,6.37031804482143,6.11265043167442,6.2935267225,6.1287754015,-0.25766761314701,Down_in_Sepsis,0.383720930232558,0.200000657368105,GSE95233
PASK,GSE236713,30,125,1.4095134,-0.389006534632,1.4518367875,-0.4585363735,-1.798519934632,Down_in_Sepsis,0.0370666666666666,3.83314988106933e-15,GSE95233
PASK,GSE54514,18,35,7.22100742658333,7.24563468522857,7.207277894,7.190819979,0.0246272586452383,Up_in_Sepsis,0.511111111111111,0.903787579790874,GSE95233
PASK,GSE57065,25,28,5.58749613333333,4.09512273809524,5.65261333333333,4.04669833333333,-1.4923733952381,Down_in_Sepsis,0.0128571428571429,2.14616925591847e-13,GSE95233
PASK,GSE65682,42,51,3.20281937969048,2.50297786292157,2.8986187065,2.470888917,-0.699841516768908,Down_in_Sepsis,0.256302521008403,5.67392658172337e-05,GSE95233
FLT3LG,GSE137340,14,43,7.07478383064286,6.49588967281395,7.0485604375,6.374846729,-0.578894157828904,Down_in_Sepsis,0.29734219269103,0.0230841553432246,GSE95233
FLT3LG,GSE236713,30,125,2.27837494666667,-0.439255397392,2.27617785,-0.4355023,-2.71763034405867,Down_in_Sepsis,0.00986666666666667,8.63190787799774e-17,GSE95233
FLT3LG,GSE54514,18,35,7.56449053033333,7.56465364177143,7.4955224995,7.470183372,0.000163111438095775,Up_in_Sepsis,0.495238095238095,0.962919951586959,GSE95233
FLT3LG,GSE57065,25,28,6.2827562,4.61189607142857,6.334485,4.567735,-1.67086012857143,Down_in_Sepsis,0.00857142857142857,6.63763687397464e-14,GSE95233
FLT3LG,GSE65682,42,51,3.22423766236508,2.72883120655556,3.03803668,2.73531118366667,-0.495406455809524,Down_in_Sepsis,0.239028944911298,1.62065236077654e-05,GSE95233
ADAM9,GSE137340,14,43,4.38508576242857,5.31710028906977,4.3539036125,5.179462722,0.932014526641196,Up_in_Sepsis,0.90531561461794,6.49938521848808e-07,GSE95233
ADAM9,GSE236713,30,125,-1.10282772336667,0.305596159048,-1.0708978,0.2735281,1.40842388241467,Up_in_Sepsis,0.887733333333333,4.60867152007077e-11,GSE95233
ADAM9,GSE54514,18,35,7.45855546,7.63298907965714,7.449800491,7.578174114,0.174433619657142,Up_in_Sepsis,0.677777777777778,0.0362469189319152,GSE95233
ADAM9,GSE57065,25,28,3.97467653333333,5.69312297619048,3.96054,5.79155666666667,1.71844644285714,Up_in_Sepsis,0.995714285714286,1.54878193726075e-14,GSE95233
ADAM9,GSE65682,42,51,4.65611229442262,5.35708477797059,4.650807002625,5.20849272175,0.700972483547969,Up_in_Sepsis,0.776377217553688,4.96227278767466e-06,GSE95233
CD5,GSE137340,14,43,6.67748646114286,5.6325115542093,6.694207113,5.621053953,-1.04497490693355,Down_in_Sepsis,0.162790697674419,7.43901516703796e-05,GSE95233
CD5,GSE236713,30,125,1.94074734366667,-0.494284701816,2.06500675,-0.3661964,-2.43503204548267,Down_in_Sepsis,0.0109333333333333,1.00562164223352e-16,GSE95233
CD5,GSE54514,18,35,7.52292580072222,7.55147906714286,7.479497194,7.411153793,0.0285532664206345,Up_in_Sepsis,0.522222222222222,0.801741213878021,GSE95233
CD5,GSE57065,25,28,6.6226518,5.58009517857143,6.622245,5.5289525,-1.04255662142857,Down_in_Sepsis,0.00428571428571428,1.54878193726075e-14,GSE95233
CD5,GSE65682,42,51,4.41897496688095,3.77141629735294,4.288979572,3.733617556,-0.647558669528011,Down_in_Sepsis,0.262838468720822,8.93248726288813e-05,GSE95233
ARL4C,GSE137340,14,43,5.44371209442857,5.49211003925581,5.401682495,5.507280072,0.0483979448272427,Up_in_Sepsis,0.559800664451827,0.514717406663095,GSE95233
ARL4C,GSE236713,30,125,1.55238298166667,-0.470261220152,1.5345936,-0.267776,-2.02264420181867,Down_in_Sepsis,0.0154666666666667,1.91760430413013e-16,GSE95233
ARL4C,GSE54514,18,35,7.22930818133333,7.21064371377143,7.2446675305,7.162569523,-0.0186644675619041,Down_in_Sepsis,0.401587301587302,0.250718918621702,GSE95233
ARL4C,GSE57065,25,28,7.6043253,6.10041982142857,7.6239275,6.0990325,-1.50390547857143,Down_in_Sepsis,0.0128571428571429,2.14616925591847e-13,GSE95233
ARL4C,GSE65682,42,51,5.20943803511111,4.1835309180915,5.01864338833334,4.13587023066667,-1.02590711701961,Down_in_Sepsis,0.178338001867414,1.06530956817405e-07,GSE95233
GCLM,GSE137340,14,43,5.78819415896429,7.03259159616279,5.5851764475,7.0851690405,1.2443974371985,Up_in_Sepsis,0.868770764119601,1.0352095404657e-05,GSE95233
GCLM,GSE236713,30,125,-1.04396553366667,0.183001533848,-1.10622265,0.14565897,1.22696706751467,Up_in_Sepsis,0.8688,3.81311386796998e-10,GSE95233
GCLM,GSE54514,18,35,8.05119805866667,7.95342745784286,8.06381905075,7.9280779365,-0.0977706008238099,Down_in_Sepsis,0.4,0.243028800589674,GSE95233
GCLM,GSE57065,25,28,4.8689996,6.51252952380952,5.04137666666667,6.65834833333333,1.64352992380952,Up_in_Sepsis,0.972857142857143,4.61758271866169e-12,GSE95233
GCLM,GSE65682,42,51,4.86525753780952,5.7799171554902,4.89675261675,5.773748018,0.914659617680672,Up_in_Sepsis,0.910364145658263,1.185113859869e-11,GSE95233
NMT2,GSE137340,14,43,6.39162576819048,6.78077687793798,6.41136928233334,6.77233469466667,0.389151109747508,Up_in_Sepsis,0.722591362126246,0.0121436159405964,GSE95233
NMT2,GSE236713,30,125,1.89452943,-0.336287058776,1.927006825,-0.33382845,-2.230816488776,Down_in_Sepsis,0.00373333333333333,3.56444855003682e-17,GSE95233
NMT2,GSE54514,18,35,7.27988437813889,7.2612199579,7.26405155675,7.2005257605,-0.0186644202388893,Down_in_Sepsis,0.461904761904762,0.661913156874205,GSE95233
NMT2,GSE57065,25,28,4.9547078,3.19415982142857,4.9397825,3.15989,-1.76054797857143,Down_in_Sepsis,0.00714285714285714,4.20383668685061e-14,GSE95233
NMT2,GSE65682,42,51,2.67730049928571,2.36512180907843,2.52563570825,2.37330062,-0.312178690207283,Down_in_Sepsis,0.293183940242764,0.000635255334763871,GSE95233
SLC2A14,GSE137340,14,43,4.72020105757143,5.18214667690698,4.418413291,5.077188916,0.461945619335548,Up_in_Sepsis,0.747508305647841,0.00498173058996871,GSE95233
SLC2A14,GSE236713,30,125,-2.21512982,0.380350056648,-2.31436635,0.4446516,2.595479876648,Up_in_Sepsis,0.992,6.60229162961706e-17,GSE95233
SLC2A14,GSE54514,18,35,7.967736562,7.8455112458,7.992604017,7.831945419,-0.1222253162,Down_in_Sepsis,0.399206349206349,0.236714120171785,GSE95233
SLC2A14,GSE57065,25,28,7.7052776,9.50053392857143,7.67191,9.48658,1.79525632857143,Up_in_Sepsis,0.982857142857143,6.01812409907034e-13,GSE95233
SLC2A14,GSE65682,42,51,9.41501099927381,9.72945564708824,9.567618374,9.771766149,0.314444647814426,Up_in_Sepsis,0.658263305322129,0.00896940777305106,GSE95233
NR1D2,GSE137340,14,43,4.75517422439286,5.02197684474419,4.75095900475,5.1013782635,0.266802620351329,Up_in_Sepsis,0.730897009966777,0.0091254474349773,GSE95233
NR1D2,GSE236713,30,125,1.3771848522,-0.376359357528,1.42153693333334,-0.407372563333333,-1.753544209728,Down_in_Sepsis,0.0162666666666667,2.14765424902856e-16,GSE95233
NR1D2,GSE54514,18,35,7.22795719561111,7.20052261342857,7.234516859,7.176362038,-0.0274345821825399,Down_in_Sepsis,0.409523809523809,0.29165367273141,GSE95233
NR1D2,GSE57065,25,28,6.7125234,4.73404482142857,6.765955,4.5568725,-1.97847857857143,Down_in_Sepsis,0.0328571428571429,1.27509004349053e-11,GSE95233
NR1D2,GSE65682,42,51,2.67993460388095,2.38682986096078,2.59752724525,2.3424930375,-0.293104742920168,Down_in_Sepsis,0.23062558356676,8.56400623491198e-06,GSE95233
LRG1,GSE137340,14,43,7.87875290635714,9.98168908925581,7.719882162,10.02217396,2.10293618289867,Up_in_Sepsis,0.837209302325582,7.43901516703796e-05,GSE95233
LRG1,GSE236713,30,125,-2.65232736133333,0.29905142176,-2.67979765,0.35753083,2.95137878309333,Up_in_Sepsis,0.976533333333333,5.90546839114587e-16,GSE95233
LRG1,GSE54514,18,35,10.3734534596111,10.7517133432857,10.34638739,10.96588039,0.378259883674604,Up_in_Sepsis,0.646825396825397,0.083998876917753,GSE95233
LRG1,GSE57065,25,28,7.8083352,9.46729642857143,7.68215,9.48017,1.65896122857143,Up_in_Sepsis,0.981428571428571,8.25279517997514e-13,GSE95233
LRG1,GSE65682,42,51,9.30556027992857,9.3420292345,9.318902384,9.4053062815,0.0364689545714292,Up_in_Sepsis,0.517740429505135,0.772198951957854,GSE95233
KLRB1,GSE137340,14,43,8.25073499914286,8.14459388127907,8.021210383,8.243464032,-0.106141117863787,Down_in_Sepsis,0.504983388704319,0.963464689999678,GSE95233
KLRB1,GSE236713,30,125,1.985355415,-0.451247087696,2.0609729,-0.38002348,-2.436602502696,Down_in_Sepsis,0.0250666666666667,7.3791217923107e-16,GSE95233
KLRB1,GSE54514,18,35,8.94385533883333,8.57228198742857,8.828835487,8.402605057,-0.371573351404763,Down_in_Sepsis,0.346031746031746,0.0698983158244375,GSE95233
KLRB1,GSE57065,25,28,8.4045496,6.42768142857143,8.35125,6.343745,-1.97686817142857,Down_in_Sepsis,0.0457142857142857,9.67568327119284e-11,GSE95233
KLRB1,GSE65682,42,51,4.77806926721429,3.48218287278431,4.501435413,3.294786803,-1.29588639442997,Down_in_Sepsis,0.178804855275444,1.11141518784715e-07,GSE95233
ID3,GSE137340,14,43,5.87851638178571,5.49977170341861,5.6947207315,5.464854079,-0.378744678367109,Down_in_Sepsis,0.315614617940199,0.0395278901132636,GSE95233
ID3,GSE236713,30,125,1.70620618133333,-0.184449419816,1.7709391,-0.095222235,-1.89065560114933,Down_in_Sepsis,0.0224,5.08836737152762e-16,GSE95233
ID3,GSE54514,18,35,7.40077771077778,7.3314387186,7.397304535,7.282131195,-0.0693389921777774,Down_in_Sepsis,0.36984126984127,0.126696950829082,GSE95233
ID3,GSE57065,25,28,5.5395304,4.19714357142857,5.49498,4.145295,-1.34238682857143,Down_in_Sepsis,0.00857142857142857,6.63763687397464e-14,GSE95233
ID3,GSE65682,42,51,3.47661416765873,3.00955569688889,3.304501117,3.01693230533333,-0.467058470769842,Down_in_Sepsis,0.248832866479925,3.33206979580799e-05,GSE95233
KLRK1,GSE137340,14,43,4.3346446165,4.62277292206977,4.2772545955,4.486210933,0.288128305569767,Up_in_Sepsis,0.789036544850498,0.000882837458545004,GSE95233
KLRK1,GSE236713,30,125,2.80717267666667,-0.424707229824,2.98719665,-0.27480245,-3.23187990649067,Down_in_Sepsis,0.0128,1.31271333426779e-16,GSE95233
KLRK1,GSE54514,18,35,7.18348781277778,7.21565678462857,7.162181854,7.185688972,0.0321689718507932,Up_in_Sepsis,0.612698412698413,0.187329444556183,GSE95233
KLRK1,GSE57065,25,28,7.992852,6.32736642857143,8.03981,6.17271,-1.66548557142857,Down_in_Sepsis,0.0985714285714286,5.01696910811419e-08,GSE95233
KLRK1,GSE65682,42,51,4.53547238501191,3.35462442711765,4.25834983825,3.1569445535,-1.18084795789426,Down_in_Sepsis,0.19187675070028,3.55549239738882e-07,GSE95233
KIF1B,GSE137340,14,43,5.5280883277381,6.98780796731783,5.38700894516667,6.79839942466667,1.45971963957973,Up_in_Sepsis,0.898671096345515,1.12784882767697e-06,GSE95233
KIF1B,GSE236713,30,125,-1.65837921791667,0.35785732652,-1.72017819125,0.32322859875,2.01623654443667,Up_in_Sepsis,0.9752,7.11052358786845e-16,GSE95233
KIF1B,GSE54514,18,35,8.26908577820371,8.51468252,8.1966413655,8.46628014266667,0.245596741796295,Up_in_Sepsis,0.706349206349206,0.013996501301365,GSE95233
KIF1B,GSE57065,25,28,5.2217212,6.61516098214286,5.234115,6.6660875,1.39343978214286,Up_in_Sepsis,1,2.21254562465821e-15,GSE95233
KIF1B,GSE65682,42,51,4.96487148781349,5.12895045621569,5.09920500116667,5.22113057833333,0.164078968402195,Up_in_Sepsis,0.570961718020541,0.242170395544248,GSE95233
NEDD4,GSE137340,14,43,4.38250902180952,4.96151792105426,4.29213641416666,4.801195909,0.57900889924474,Up_in_Sepsis,0.910299003322259,4.22790671752083e-07,GSE95233
NEDD4,GSE236713,30,125,-1.273502168,0.397297183056,-1.2119789,0.24166799,1.670799351056,Up_in_Sepsis,0.9384,9.79858691639425e-14,GSE95233
NEDD4,GSE54514,18,35,7.40197377744445,7.45255441668572,7.293729067,7.362484932,0.0505806392412698,Up_in_Sepsis,0.544444444444444,0.608776071190231,GSE95233
NEDD4,GSE57065,25,28,4.1790708,6.06599857142857,4.12133,6.318955,1.88692777142857,Up_in_Sepsis,0.96,4.0828104411818e-11,GSE95233
NEDD4,GSE65682,42,51,2.49075096504762,3.27117288477451,2.42147204125,3.09234915,0.780421919726891,Up_in_Sepsis,0.854808590102708,4.53660421333723e-09,GSE95233
HMGB3,GSE137340,14,43,4.30279909792857,4.58526838734219,4.260812913,4.44462123385714,0.282469289413622,Up_in_Sepsis,0.878737541528239,5.16186693059591e-06,GSE95233
HMGB3,GSE236713,30,125,-1.7758933225,0.29834280614,-1.73935605,0.1862275615,2.07423612864,Up_in_Sepsis,0.9824,2.59297050143436e-16,GSE95233
HMGB3,GSE54514,18,35,7.16323335955556,7.21915967117143,7.1877787115,7.200767517,0.055926311615873,Up_in_Sepsis,0.649206349206349,0.0789959304049665,GSE95233
HMGB3,GSE57065,25,28,4.2543436,4.91887392857143,4.248305,4.86261,0.664530328571428,Up_in_Sepsis,0.96,4.0828104411818e-11,GSE95233
HMGB3,GSE65682,42,51,2.49300907483333,3.26759644539216,2.439562411,3.000443047,0.774587370558824,Up_in_Sepsis,0.831465919701214,4.31777489377655e-08,GSE95233
CLEC5A,GSE137340,14,43,5.00189759664286,6.65123972739535,4.5703880135,6.615549986,1.64934213075249,Up_in_Sepsis,0.868770764119601,1.0352095404657e-05,GSE95233
CLEC5A,GSE236713,30,125,-1.184479399,0.52980254804,-1.26361885,0.49863696,1.71428194704,Up_in_Sepsis,0.867466666666666,4.40809401061898e-10,GSE95233
CLEC5A,GSE54514,18,35,7.70518324105556,7.86377726968571,7.4606108665,7.644664288,0.158594028630159,Up_in_Sepsis,0.611111111111111,0.193736415761008,GSE95233
CLEC5A,GSE57065,25,28,3.5716424,6.95783571428571,3.55891,7.221545,3.38619331428571,Up_in_Sepsis,0.991428571428571,6.63763687397464e-14,GSE95233
CLEC5A,GSE65682,42,51,3.1634017036746,3.78044791269281,3.082366928,3.75171799733333,0.617046209018208,Up_in_Sepsis,0.767973856209151,9.53684453297359e-06,GSE95233
C1QB,GSE137340,14,43,5.24179558428571,7.30330751497674,4.7074671475,7.573940806,2.06151193069103,Up_in_Sepsis,0.822259136212624,0.000170516069266715,GSE95233
C1QB,GSE236713,30,125,-2.90335931333333,0.918078826376,-2.9607172,0.94987965,3.82143813970933,Up_in_Sepsis,0.964266666666667,3.19836502929864e-15,GSE95233
C1QB,GSE54514,18,35,7.75509338911111,7.81141828808571,7.6126630305,7.725527287,0.0563248989746032,Up_in_Sepsis,0.536507936507936,0.675476268134141,GSE95233
C1QB,GSE57065,25,28,3.7006084,5.29139107142857,3.56857,5.20585,1.59078267142857,Up_in_Sepsis,0.924285714285714,4.53013185284708e-09,GSE95233
C1QB,GSE65682,42,51,3.23979102501191,4.37316366671569,3.03880017225,4.2690806275,1.13337264170378,Up_in_Sepsis,0.80718954248366,3.85674096862125e-07,GSE95233
RGL4,GSE137340,14,43,7.52430463942857,10.0497711047674,7.1372449255,9.648761062,2.52546646533887,Up_in_Sepsis,0.898671096345515,1.12784882767697e-06,GSE95233
RGL4,GSE236713,30,125,-1.41970987866667,0.573292126664,-1.40108015,0.5959959,1.99300200533067,Up_in_Sepsis,0.921066666666667,8.72868657060723e-13,GSE95233
RGL4,GSE54514,18,35,10.9173067937778,10.6848279407714,10.559741495,10.66281223,-0.232478853006349,Down_in_Sepsis,0.456349206349206,0.612082707933374,GSE95233
RGL4,GSE57065,25,28,6.0675284,9.26186857142857,6.07707,9.45003,3.19434017142857,Up_in_Sepsis,0.972857142857143,4.61758271866169e-12,GSE95233
RGL4,GSE65682,42,51,9.14372572985714,10.0997767789412,9.3165806795,10.17018272,0.956051049084033,Up_in_Sepsis,0.787114845938376,2.09604769434101e-06,GSE95233
OLAH,GSE137340,14,43,4.69426092571429,5.85085577318605,4.3346094625,4.996071678,1.15659484747176,Up_in_Sepsis,0.782392026578073,0.0011910207519427,GSE95233
OLAH,GSE236713,30,125,-3.06712965166667,1.43117601538,-3.100506725,1.32750345,4.49830566704667,Up_in_Sepsis,0.9728,9.92003678560482e-16,GSE95233
OLAH,GSE54514,18,35,8.14875949727778,8.42373714437143,7.7577610015,8.232910156,0.274977647093651,Up_in_Sepsis,0.555555555555555,0.520600333060429,GSE95233
OLAH,GSE57065,25,28,3.17378386666667,6.39807595238095,3.18472,6.61012833333333,3.22429208571429,Up_in_Sepsis,0.961428571428571,3.26107099618374e-11,GSE95233
OLAH,GSE65682,42,51,3.97283181542857,5.692985117,3.6834860235,5.98110319,1.72015330157143,Up_in_Sepsis,0.776844070961719,4.78279497877484e-06,GSE95233
MAN1C1,GSE137340,14,43,4.50016437664286,4.65308727555814,4.475744193,4.4708536245,0.152922898915282,Up_in_Sepsis,0.568106312292359,0.457093279438225,GSE95233
MAN1C1,GSE236713,30,125,1.54189632141667,-0.494039855968,1.513714325,-0.57853006,-2.03593617738467,Down_in_Sepsis,0.0181333333333333,2.7955634552206e-16,GSE95233
MAN1C1,GSE54514,18,35,7.13800485933333,7.10575205937143,7.1438844205,7.09834671,-0.0322527999619053,Down_in_Sepsis,0.363492063492063,0.108826486254413,GSE95233
MAN1C1,GSE57065,25,28,5.466745,3.92216089285714,5.361255,3.9103,-1.54458410714286,Down_in_Sepsis,0,2.21254562465821e-15,GSE95233
MAN1C1,GSE65682,42,51,2.81013794619048,2.53431460214706,2.748877117,2.520034175,-0.275823344043418,Down_in_Sepsis,0.213818860877684,2.26188717306207e-06,GSE95233
ASPH,GSE137340,14,43,4.36804507290476,4.67473838751938,4.27430636083334,4.490615922,0.306693314614618,Up_in_Sepsis,0.882059800664452,4.05663071297044e-06,GSE95233
ASPH,GSE236713,30,125,-2.10731399111111,0.597818993757333,-2.10208918333334,0.65746115,2.70513298486844,Up_in_Sepsis,0.974133333333333,8.2463406798514e-16,GSE95233
ASPH,GSE54514,18,35,7.32647545251852,7.33855308355238,7.324177424,7.37743202833333,0.0120776310338622,Up_in_Sepsis,0.515873015873016,0.859761640454994,GSE95233
ASPH,GSE57065,25,28,3.81561088888889,5.387855,3.79508,5.36804611111112,1.57224411111111,Up_in_Sepsis,0.988571428571428,1.482405568521e-13,GSE95233
ASPH,GSE65682,42,51,3.56930819823469,4.12538212961625,3.60207031828572,4.14444603557143,0.556073931381552,Up_in_Sepsis,0.726890756302521,0.000178209697391078,GSE95233
ZAP70,GSE137340,14,43,5.54474287121429,5.44022285481395,5.51946320883333,5.554335795,-0.104520016400333,Down_in_Sepsis,0.443521594684385,0.538756643962947,GSE95233
ZAP70,GSE236713,30,125,1.62651962333333,-0.428749837112,1.56673645,-0.22379994,-2.05526946044533,Down_in_Sepsis,0.00293333333333333,3.17356635260133e-17,GSE95233
ZAP70,GSE54514,18,35,7.35917117866667,7.44074737684286,7.35111236575,7.347866774,0.0815761981761902,Up_in_Sepsis,0.585714285714286,0.318216803699425,GSE95233
ZAP70,GSE57065,25,28,7.6736572,6.07503607142857,7.74203,6.04379,-1.59862112857143,Down_in_Sepsis,0.0442857142857143,7.83661534797693e-11,GSE95233
ZAP70,GSE65682,42,51,3.42073871492857,2.8909143200098,3.219381303,2.8555026345,-0.529824394918768,Down_in_Sepsis,0.165732959850607,3.32017774440668e-08,GSE95233
TRIB2,GSE137340,14,43,6.50527396892857,6.28440411755814,6.257338748,6.319690867,-0.220869851370431,Down_in_Sepsis,0.456810631229236,0.64006068634829,GSE95233
TRIB2,GSE236713,30,125,1.51976797778333,-0.4904209961,1.555561175,-0.35614288,-2.01018897388333,Down_in_Sepsis,0.0157333333333333,1.99145076149493e-16,GSE95233
TRIB2,GSE54514,18,35,7.37152046627778,7.45347833631429,7.330051422,7.416750431,0.0819578700365078,Up_in_Sepsis,0.563492063492063,0.461830916701879,GSE95233
TRIB2,GSE57065,25,28,6.9758544,5.08410125,6.984465,5.0714925,-1.89175315,Down_in_Sepsis,0.0114285714285714,1.482405568521e-13,GSE95233
TRIB2,GSE65682,42,51,3.61341414883333,3.01302365968627,3.50258498675,2.949073536,-0.600390489147059,Down_in_Sepsis,0.233893557422969,1.09991828891113e-05,GSE95233
GIMAP5,GSE137340,14,43,9.42316188285714,8.89274839090698,9.3972782775,8.952655259,-0.530413491950165,Down_in_Sepsis,0.345514950166113,0.0864562576455978,GSE95233
GIMAP5,GSE236713,30,125,1.173134448,-0.468587316616,1.2036898,-0.31616783,-1.641721764616,Down_in_Sepsis,0.0178666666666667,2.69238931579252e-16,GSE95233
GIMAP5,GSE54514,18,35,8.40176894933333,8.48733015051429,8.2569160465,8.488066673,0.0855612011809512,Up_in_Sepsis,0.552380952380952,0.541587732899303,GSE95233
GIMAP5,GSE57065,25,28,8.0881848,6.56433761904762,8.05250666666667,6.553465,-1.52384718095238,Down_in_Sepsis,0.00857142857142857,6.63763687397464e-14,GSE95233
GIMAP5,GSE65682,42,51,6.69048673095238,5.65463034145098,6.648465404,5.636483107,-1.0358563895014,Down_in_Sepsis,0.166666666666667,3.62489033813588e-08,GSE95233
TIMP1,GSE137340,14,43,9.81592886714286,11.6363049372791,9.65986537,11.6536414,1.82037607013621,Up_in_Sepsis,0.916943521594684,2.32597094559008e-07,GSE95233
TIMP1,GSE236713,30,125,-1.27196941466667,0.309522782376,-1.25564505,0.20902586,1.58149219704267,Up_in_Sepsis,0.945066666666667,4.13052690891091e-14,GSE95233
TIMP1,GSE54514,18,35,12.1652583033333,12.0709945945714,12.289051055,12.27932835,-0.094263708761904,Down_in_Sepsis,0.468253968253968,0.714152272707494,GSE95233
TIMP1,GSE57065,25,28,9.7542792,10.8691507142857,9.848,10.81385,1.11487151428571,Up_in_Sepsis,0.922857142857143,5.32311262981583e-09,GSE95233
TIMP1,GSE65682,42,51,8.60073302813095,9.26236238856863,8.53016123525,9.333708612,0.661629360437676,Up_in_Sepsis,0.818860877684408,1.372467611671e-07,GSE95233
CCNA1,GSE137340,14,43,4.41638132971429,5.23165278934884,4.1938818755,4.65509443,0.815271459634552,Up_in_Sepsis,0.8421926910299,5.56405121878381e-05,GSE95233
CCNA1,GSE236713,30,125,-1.16833600433333,0.875964409544,-1.1524136,0.7590089,2.04430041387733,Up_in_Sepsis,0.910933333333333,3.01354347333603e-12,GSE95233
CCNA1,GSE54514,18,35,7.43379786288889,7.588511031,7.301334858,7.414803505,0.154713168111112,Up_in_Sepsis,0.587301587301587,0.309195100119527,GSE95233
CCNA1,GSE57065,25,28,4.1191488,5.80875892857143,4.14221,5.47657,1.68961012857143,Up_in_Sepsis,0.962857142857143,2.59553727228655e-11,GSE95233
CCNA1,GSE65682,42,51,2.43403282983333,4.17467067219608,2.3462453935,4.318713639,1.74063784236275,Up_in_Sepsis,0.906162464985995,1.9127218523145e-11,GSE95233
ELANE,GSE137340,14,43,5.3029858485,8.02222263997675,4.7629406725,7.328105527,2.71923679147675,Up_in_Sepsis,0.906976744186047,5.64079846616375e-07,GSE95233
ELANE,GSE236713,30,125,-1.97987722466667,0.45597907676,-1.95628835,0.30448294,2.43585630142667,Up_in_Sepsis,0.9304,2.71721365865525e-13,GSE95233
ELANE,GSE54514,18,35,8.96081251527778,9.43427698894286,8.579442978,9.150415421,0.473464473665079,Up_in_Sepsis,0.536507936507936,0.675476268134141,GSE95233
ELANE,GSE57065,25,28,4.7841464,7.06830821428572,4.86238,6.71246,2.28416181428571,Up_in_Sepsis,0.892857142857143,1.13569309787656e-07,GSE95233
ELANE,GSE65682,42,51,3.5060406762381,5.28609273876471,3.296946499,4.817845175,1.78005206252661,Up_in_Sepsis,0.859010270774977,2.9778361613566e-09,GSE95233
GSTO1,GSE137340,14,43,9.03381711932143,10.684347756407,8.73774866,10.81451811,1.65053063708555,Up_in_Sepsis,0.855481727574751,2.47165216210598e-05,GSE95233
GSTO1,GSE236713,30,125,-0.584810701433333,0.08805488772,-0.4996829,0.09788275,0.672865589153333,Up_in_Sepsis,0.821066666666667,5.01489141257464e-08,GSE95233
GSTO1,GSE54514,18,35,11.0861301684167,11.1545495583143,11.01148176,11.149848465,0.0684193898976204,Up_in_Sepsis,0.56031746031746,0.484892703673966,GSE95233
GSTO1,GSE57065,25,28,8.5092466,9.87972053571429,8.537125,9.961315,1.37047393571429,Up_in_Sepsis,0.971428571428571,6.00484882532239e-12,GSE95233
GSTO1,GSE65682,42,51,8.66074945316667,9.4386096635098,8.67724544,9.499474827,0.777860210343137,Up_in_Sepsis,0.874416433239963,6.10967060983686e-10,GSE95233
DAAM2,GSE137340,14,43,4.6616061675,5.86026830818605,4.2913572145,5.103634501,1.19866214068605,Up_in_Sepsis,0.8421926910299,5.56405121878381e-05,GSE95233
DAAM2,GSE236713,30,125,-3.860767265,0.840618502808,-3.9052885,1.23507377,4.701385767808,Up_in_Sepsis,0.973066666666667,9.56049645464289e-16,GSE95233
DAAM2,GSE54514,18,35,7.53224754333333,7.97726798734286,7.322125435,7.845442772,0.445020444009525,Up_in_Sepsis,0.680952380952381,0.0321019256782342,GSE95233
DAAM2,GSE57065,25,28,4.522856,6.09557892857143,4.51324,5.94084,1.57272292857143,Up_in_Sepsis,0.844285714285715,6.04316161051609e-06,GSE95233
DAAM2,GSE65682,42,51,4.1136030847381,5.53823739721569,3.710214072,5.64839242,1.42463431247759,Up_in_Sepsis,0.750233426704015,3.56415344787041e-05,GSE95233
RSPH9,GSE137340,14,43,4.53381353435714,5.25932196581395,4.3535309685,5.02485914,0.72550843145681,Up_in_Sepsis,0.847176079734219,4.13098133247111e-05,GSE95233
RSPH9,GSE236713,30,125,-1.29625465266667,0.376393829532,-1.3254007,0.3498981,1.67264848219867,Up_in_Sepsis,0.977066666666667,5.48193613878975e-16,GSE95233
RSPH9,GSE54514,18,35,7.2138817575,7.22506825585714,7.194389343,7.22298193,0.0111864983571426,Up_in_Sepsis,0.550793650793651,0.557589681355557,GSE95233
RSPH9,GSE57065,25,28,3.5401948,4.46714035714286,3.50504,4.48348,0.926945557142857,Up_in_Sepsis,0.941428571428571,5.67619729823566e-10,GSE95233
RSPH9,GSE65682,42,51,2.40720124847619,2.68466593094118,2.345513618,2.630564711,0.277464682464986,Up_in_Sepsis,0.750233426704015,3.56415344787041e-05,GSE95233
RSAD1,GSE137340,14,43,5.18173348521429,5.12743308716279,5.2049339525,5.219712977,-0.0543003980514953,Down_in_Sepsis,0.471760797342193,0.762327881735052,GSE95233
RSAD1,GSE236713,30,125,0.928114844666667,-0.311901930008,0.94580865,-0.2358706,-1.24001677467467,Down_in_Sepsis,0.0048,4.16034114355925e-17,GSE95233
RSAD1,GSE54514,18,35,7.17367055694445,7.15730676645714,7.1820456985,7.110842228,-0.0163637904873015,Down_in_Sepsis,0.444444444444444,0.520600333060429,GSE95233
RSAD1,GSE57065,25,28,6.7140192,5.57801,6.66804,5.549575,-1.1360092,Down_in_Sepsis,0.0114285714285714,1.482405568521e-13,GSE95233
RSAD1,GSE65682,42,51,3.07335721382143,2.79999240065686,3.0805788385,2.784231679,-0.273364813164566,Down_in_Sepsis,0.242296918767507,2.06654776808725e-05,GSE95233
CORO2A,GSE137340,14,43,5.28316005760714,6.00858634530233,5.11605098575,6.025425844,0.725426287695183,Up_in_Sepsis,0.782392026578073,0.0011910207519427,GSE95233
CORO2A,GSE236713,30,125,-0.5199214198,0.213472372536,-0.46149505425,0.24115312,0.733393792336,Up_in_Sepsis,0.8448,4.80257529988398e-09,GSE95233
CORO2A,GSE54514,18,35,7.4504498375,7.5184669676381,7.44821921966667,7.52497132633333,0.0680171301380952,Up_in_Sepsis,0.619047619047619,0.163232997664367,GSE95233
CORO2A,GSE57065,25,28,4.6884328,5.78904857142857,4.67395,5.9757475,1.10061577142857,Up_in_Sepsis,0.955714285714286,7.83661534797693e-11,GSE95233
CORO2A,GSE65682,42,51,3.70629702822619,4.65990027285784,3.677145447625,4.6758834205,0.953603244631653,Up_in_Sepsis,0.876750700280112,4.77959681350515e-10,GSE95233
FAM89A,GSE137340,14,43,4.98117451046429,6.09689272881977,4.670856211875,5.74710286675,1.11571821835548,Up_in_Sepsis,0.850498338870432,3.37270343526275e-05,GSE95233
FAM89A,GSE236713,30,125,-1.033003063,0.323139701944,-1.00651525,0.31397653,1.356142764944,Up_in_Sepsis,0.915466666666666,1.73739002477137e-12,GSE95233
FAM89A,GSE54514,18,35,7.72336205735185,7.85158061075238,7.52853139233333,7.862529119,0.128218553400528,Up_in_Sepsis,0.592063492063492,0.283133764153369,GSE95233
FAM89A,GSE57065,25,28,5.1640688,6.74721535714286,5.20213,6.604545,1.58314655714286,Up_in_Sepsis,0.987142857142857,2.14616925591847e-13,GSE95233
FAM89A,GSE65682,42,51,2.66973946119048,3.93414871060784,2.528447047,3.42732562,1.26440924941737,Up_in_Sepsis,0.827731092436975,6.1091786074841e-08,GSE95233
DBP,GSE137340,14,43,5.56401348878571,4.98914987860465,5.6059754595,4.805092282,-0.574863610181063,Down_in_Sepsis,0.167774086378738,9.87519484005879e-05,GSE95233
DBP,GSE236713,30,125,1.58087170666667,-0.411626761408,1.6063473,-0.3738768,-1.99249846807467,Down_in_Sepsis,0.00506666666666667,4.32405402437177e-17,GSE95233
DBP,GSE54514,18,35,7.17297074527778,7.19010404862857,7.162877321,7.177419662,0.0171333033507937,Up_in_Sepsis,0.549206349206349,0.570192060596712,GSE95233
DBP,GSE57065,25,28,5.1971578,4.71631464285714,5.20084,4.735725,-0.480843157142857,Down_in_Sepsis,0.0571428571428571,4.71093001856602e-10,GSE95233
DBP,GSE65682,42,51,2.67581919690476,2.4518774845098,2.61425773,2.486312826,-0.223941712394958,Down_in_Sepsis,0.315592903828198,0.0023226470864992,GSE95233
P2RY10,GSE137340,14,43,5.22870422189286,5.07467455475581,5.20885770375,5.076721172,-0.154029667137044,Down_in_Sepsis,0.383720930232558,0.200000657368105,GSE95233
P2RY10,GSE236713,30,125,2.29180673666667,-0.252867437656,2.42090815,-0.22849774,-2.54467417432267,Down_in_Sepsis,0.0136,1.47108884225019e-16,GSE95233
P2RY10,GSE54514,18,35,7.23527383811111,7.2064361299619,7.22071623816667,7.18002065,-0.0288377081492071,Down_in_Sepsis,0.40952380952381,0.29165367273141,GSE95233
P2RY10,GSE57065,25,28,6.2908392,4.44726595238095,6.26264,4.31115333333333,-1.84357324761905,Down_in_Sepsis,0.0228571428571429,2.02447924656227e-12,GSE95233
P2RY10,GSE65682,42,51,2.86786147078571,2.52487895017647,2.537433278,2.372884737,-0.342982520609244,Down_in_Sepsis,0.359010270774977,0.0199345125634883,GSE95233
PRKCH,GSE137340,14,43,8.90525688528572,8.28652624374419,8.730410681,8.246701809,-0.618730641541529,Down_in_Sepsis,0.327242524916944,0.054341758859444,GSE95233
PRKCH,GSE236713,30,125,1.46145316146667,-0.430698047768,1.45801975,-0.34157968,-1.89215120923467,Down_in_Sepsis,0.0202666666666667,3.77402725193607e-16,GSE95233
PRKCH,GSE54514,18,35,8.50714723288889,8.33224923265714,8.57349062,8.322511673,-0.174898000231746,Down_in_Sepsis,0.39047619047619,0.200299536283,GSE95233
PRKCH,GSE57065,25,28,6.57589333333333,5.61210880952381,6.52890666666667,5.60573,-0.963784523809524,Down_in_Sepsis,0.00285714285714286,8.85018249863286e-15,GSE95233
PRKCH,GSE65682,42,51,4.98949451569048,3.90648814362092,4.99943868266667,3.91666646166667,-1.08300637206956,Down_in_Sepsis,0.140522875816993,2.84092725693963e-09,GSE95233
WFDC1,GSE137340,14,43,4.205615935,4.57591430988372,4.189742317,4.420395603,0.370298374883721,Up_in_Sepsis,0.926910299003322,8.95420161947516e-08,GSE95233
WFDC1,GSE236713,30,125,-2.77511509,1.664425650824,-2.84508705,1.708086,4.439540740824,Up_in_Sepsis,0.9832,2.31592243570331e-16,GSE95233
WFDC1,GSE54514,18,35,7.23051815566667,7.24043757574286,7.144080639,7.182022095,0.00991942007618984,Up_in_Sepsis,0.562698412698413,0.463874555664097,GSE95233
WFDC1,GSE57065,25,28,4.0801012,5.147345,4.04379,4.802795,1.0672438,Up_in_Sepsis,0.804285714285714,8.3868600171913e-05,GSE95233
WFDC1,GSE65682,42,51,2.70518473128571,4.58206792831373,2.461403191,4.466267602,1.87688319702801,Up_in_Sepsis,0.879084967320262,3.73363792428656e-10,GSE95233
TPST2,GSE137340,14,43,8.27969496325,9.79783269608139,7.9765398905,9.858399753,1.5181377328314,Up_in_Sepsis,0.818936877076412,0.000203389487077016,GSE95233
TPST2,GSE236713,30,125,-0.5442433062,0.234032943728,-0.440820935,0.16251373,0.778276249928,Up_in_Sepsis,0.881066666666666,9.81126041913943e-11,GSE95233
TPST2,GSE54514,18,35,10.6547624273333,10.3847428183571,10.470162869,10.44403124,-0.27001960897619,Down_in_Sepsis,0.341269841269841,0.0612219903360194,GSE95233
TPST2,GSE57065,25,28,6.5861648,7.43347857142857,6.58141,7.41739166666667,0.847313771428571,Up_in_Sepsis,0.96,4.0828104411818e-11,GSE95233
TPST2,GSE65682,42,51,7.29053642883333,8.31062247454902,7.257098495,8.309882325,1.02008604571569,Up_in_Sepsis,0.918300653594771,4.73658625634737e-12,GSE95233
HK3,GSE137340,14,43,8.75082910471429,10.4119840827674,8.390877427,10.41149064,1.66115497805316,Up_in_Sepsis,0.832225913621263,0.000216857743109656,GSE95233
HK3,GSE236713,30,125,-1.44986136,0.403689497512,-1.5138011,0.471241,1.853550857512,Up_in_Sepsis,0.909333333333333,3.65502650130104e-12,GSE95233
HK3,GSE54514,18,35,10.4937286905,10.6485877990286,10.47875452,10.64564991,0.154859108528573,Up_in_Sepsis,0.561904761904762,0.473286065359816,GSE95233
HK3,GSE57065,25,28,7.98032,10.4371428571429,7.97807,10.46565,2.45682285714286,Up_in_Sepsis,0.998571428571429,4.42509124931643e-15,GSE95233
HK3,GSE65682,42,51,8.83781198766667,9.71433418754902,8.7901525005,9.778881384,0.876522199882352,Up_in_Sepsis,0.824929971988796,7.90621994484101e-08,GSE95233
PNPLA1,GSE137340,14,43,4.38740219785714,5.14064118683721,4.319138534,4.946832154,0.753238988980066,Up_in_Sepsis,0.898671096345515,1.12784882767697e-06,GSE95233
PNPLA1,GSE236713,30,125,-1.87529928666667,0.350765931024,-1.6847677,0.43668938,2.22606521769067,Up_in_Sepsis,0.954666666666667,1.16453145345785e-14,GSE95233
PNPLA1,GSE54514,18,35,7.53483740488889,7.49948299954286,7.478311777,7.380781174,-0.0353544053460322,Down_in_Sepsis,0.377777777777778,0.152080729356349,GSE95233
PNPLA1,GSE57065,25,28,3.4547696,4.5522275,3.42356,4.456935,1.0974579,Up_in_Sepsis,0.971428571428571,6.00484882532239e-12,GSE95233
PNPLA1,GSE65682,42,51,2.64830895905952,3.18159627296078,2.64547650875,3.1381949635,0.533287313901261,Up_in_Sepsis,0.813258636788049,2.26382806629161e-07,GSE95233
ZNF331,GSE137340,14,43,4.54073064508929,4.82687522751163,4.56112953975,4.71500806175,0.286144582422342,Up_in_Sepsis,0.81063122923588,0.000312251163096141,GSE95233
ZNF331,GSE236713,30,125,0.953477680788889,-0.156995782525333,1.02763461333334,-0.13865257,-1.11047346331422,Down_in_Sepsis,0.0357333333333333,3.19836502929864e-15,GSE95233
ZNF331,GSE54514,18,35,7.16115809370371,7.13792643778095,7.157583952,7.130355358,-0.0232316559227517,Down_in_Sepsis,0.380952380952381,0.163232997664367,GSE95233
ZNF331,GSE57065,25,28,5.8558508,4.81075214285714,5.832445,4.8448525,-1.04509865714286,Down_in_Sepsis,0.01,9.95645531096197e-14,GSE95233
ZNF331,GSE65682,42,51,3.54891470767857,3.08650428648039,3.46059364725,3.091039797,-0.462410421198179,Down_in_Sepsis,0.166199813258637,3.46929065408589e-08,GSE95233
GATA3,GSE137340,14,43,4.66679660957143,4.78491348734884,4.682917991,4.677289185,0.118116877777409,Up_in_Sepsis,0.576411960132891,0.403199137058811,GSE95233
GATA3,GSE236713,30,125,1.81746118866667,-0.605813857712,1.86761665,-0.5380032,-2.42327504637867,Down_in_Sepsis,0.0101333333333333,8.96813082580416e-17,GSE95233
GATA3,GSE54514,18,35,7.16149449333333,7.17257690437143,7.1827664375,7.151836872,0.0110824110380952,Up_in_Sepsis,0.51984126984127,0.82168443829249,GSE95233
GATA3,GSE57065,25,28,5.6828504,3.91218511904762,5.53675666666667,3.81535166666666,-1.77066528095238,Down_in_Sepsis,0,2.21254562465821e-15,GSE95233
GATA3,GSE65682,42,51,3.41190837157937,2.97634525392157,3.36877569283334,2.940493242,-0.435563117657797,Down_in_Sepsis,0.140056022408964,2.71015528900733e-09,GSE95233
MYL6B,GSE137340,14,43,5.47812732592857,7.17314988711628,5.0353909105,7.309438938,1.69502256118771,Up_in_Sepsis,0.845514950166113,4.56594410621073e-05,GSE95233
MYL6B,GSE236713,30,125,-0.89573427,0.0304518082,-0.947350505,0.040035248,0.9261860782,Up_in_Sepsis,0.889866666666667,3.60924411389993e-11,GSE95233
MYL6B,GSE54514,18,35,8.07172004383333,8.13949262071429,7.997961998,8.052117348,0.0677725768809534,Up_in_Sepsis,0.538095238095238,0.661913156874205,GSE95233
MYL6B,GSE57065,25,28,4.80017,5.69649928571429,4.79594,5.678525,0.896329285714286,Up_in_Sepsis,0.944285714285714,3.90036392897249e-10,GSE95233
MYL6B,GSE65682,42,51,2.6915533075119,3.30073593103922,2.7060278555,3.200169321,0.609182623527311,Up_in_Sepsis,0.881886087768441,2.77067867780162e-10,GSE95233
CKAP4,GSE137340,14,43,8.68354932635714,10.3548927002558,8.334189442,10.3958996,1.67134337389867,Up_in_Sepsis,0.822259136212625,0.000170516069266715,GSE95233
CKAP4,GSE236713,30,125,-1.15503529533333,0.23056830784,-1.2337575,0.27721238,1.38560360317333,Up_in_Sepsis,0.947466666666667,3.01722266171569e-14,GSE95233
CKAP4,GSE54514,18,35,10.4983355739444,10.6561353135714,10.36950207,10.58610821,0.157799739626984,Up_in_Sepsis,0.552380952380952,0.541587732899303,GSE95233
CKAP4,GSE57065,25,28,6.1655068,7.71438559523809,6.20847333333333,7.77612,1.5488787952381,Up_in_Sepsis,0.992857142857143,4.20383668685061e-14,GSE95233
CKAP4,GSE65682,42,51,9.18399883615476,9.88531417870588,9.217519391,10.0192294835,0.701315342551121,Up_in_Sepsis,0.834733893557423,3.17728969892815e-08,GSE95233
HSD3B7,GSE137340,14,43,4.78039885457143,5.40030164386047,4.3406956385,5.263668491,0.619902789289037,Up_in_Sepsis,0.805647840531561,0.000400631980255359,GSE95233
HSD3B7,GSE236713,30,125,-2.46591938666667,0.374089013392,-2.168045,0.31106544,2.84000840005867,Up_in_Sepsis,0.986666666666667,1.41630902208344e-16,GSE95233
HSD3B7,GSE54514,18,35,7.30327428716667,7.38004193988571,7.2366938595,7.271981716,0.076767652719048,Up_in_Sepsis,0.561904761904762,0.473286065359816,GSE95233
HSD3B7,GSE57065,25,28,5.4004896,6.04741321428571,5.35806,6.043105,0.646923614285714,Up_in_Sepsis,0.942857142857143,4.71093001856602e-10,GSE95233
HSD3B7,GSE65682,42,51,3.50623039269048,3.97003224464706,3.4753213165,3.894823538,0.463801851956583,Up_in_Sepsis,0.780112044817927,3.68970970257475e-06,GSE95233
USP11,GSE137340,14,43,5.49829490878572,5.63761052409302,5.420901539,5.602518765,0.139315615307309,Up_in_Sepsis,0.556478405315615,0.538756643962947,GSE95233
USP11,GSE236713,30,125,1.22974691616667,-0.065262743532,1.26205195,-0.06613338,-1.29500965969867,Down_in_Sepsis,0.0336,2.39148221399339e-15,GSE95233
USP11,GSE54514,18,35,7.242617819,7.21510011128571,7.2462449075,7.209900379,-0.0275177077142859,Down_in_Sepsis,0.361904761904762,0.104679689649896,GSE95233
USP11,GSE57065,25,28,7.5039568,6.1083,7.46289,5.999585,-1.3956568,Down_in_Sepsis,0.00285714285714286,8.85018249863286e-15,GSE95233
USP11,GSE65682,42,51,4.47281165547619,3.88011481696078,4.4219169945,3.874351241,-0.592696838515407,Down_in_Sepsis,0.256769374416433,5.86302607729117e-05,GSE95233
AIG1,GSE137340,14,43,4.890745989,5.53068375737209,4.715566998,5.550354313,0.639937768372093,Up_in_Sepsis,0.784053156146179,0.00110606663595566,GSE95233
AIG1,GSE236713,30,125,-0.314412177841667,0.24551400282,-0.334457755625,0.1811163425,0.559926180661667,Up_in_Sepsis,0.828,2.56884941235005e-08,GSE95233
AIG1,GSE54514,18,35,7.63796395727778,7.56909096577143,7.505123377,7.529231071,-0.0688729915063497,Down_in_Sepsis,0.447619047619048,0.545121751957247,GSE95233
AIG1,GSE57065,25,28,2.97883633333333,3.66742023809524,2.956205,3.60808333333334,0.688583904761905,Up_in_Sepsis,0.945714285714286,3.22170980952107e-10,GSE95233
AIG1,GSE65682,42,51,3.42310153502381,4.72144683901961,3.309192477,4.804051067,1.2983453039958,Up_in_Sepsis,0.929038281979459,1.33324965116795e-12,GSE95233
HLA-DPA1,GSE137340,14,43,10.6967885564286,10.2423249065349,10.672699315,10.36299526,-0.454463649893688,Down_in_Sepsis,0.358803986710964,0.11803996685988,GSE95233
HLA-DPA1,GSE236713,30,125,1.48327634383333,-0.438564005648,1.58055065,-0.39964175,-1.92184034948133,Down_in_Sepsis,0.0330666666666667,2.22338235075182e-15,GSE95233
HLA-DPA1,GSE54514,18,35,9.34623000361111,9.5561307226,9.4723677635,9.466587067,0.209900718988889,Up_in_Sepsis,0.555555555555555,0.520600333060429,GSE95233
HLA-DPA1,GSE57065,25,28,9.6452656,7.53064154761905,9.67798,7.445925,-2.11462405238095,Down_in_Sepsis,0.0142857142857143,3.07543841827492e-13,GSE95233
HLA-DPA1,GSE65682,42,51,8.99584355726786,7.73614581129902,8.90278210675,7.6643193495,-1.25969774596884,Down_in_Sepsis,0.148926237161531,6.56947070631456e-09,GSE95233
CYP19A1,GSE137340,14,43,4.29139055296429,4.61029230009884,4.270936294375,4.40875429725,0.318901747134552,Up_in_Sepsis,0.863787375415283,1.44528445939708e-05,GSE95233
CYP19A1,GSE236713,30,125,-1.39247230001667,0.831775081002,-1.36507903375,0.827028446,2.22424738101867,Up_in_Sepsis,0.962933333333333,3.83314988106933e-15,GSE95233
CYP19A1,GSE54514,18,35,7.1846496882037,7.19157070886667,7.14215000466666,7.13390382133333,0.00692102066296307,Up_in_Sepsis,0.515873015873016,0.859761640454994,GSE95233
CYP19A1,GSE57065,25,28,3.04873645714286,3.55226857142857,3.06712857142857,3.51874214285715,0.503532114285714,Up_in_Sepsis,0.935714285714286,1.17043442289857e-09,GSE95233
CYP19A1,GSE65682,42,51,2.31934063948413,3.38809583831373,2.2569039425,2.92016020933333,1.0687551988296,Up_in_Sepsis,0.879551820728292,3.55307577044625e-10,GSE95233
ANKS1A,GSE137340,14,43,6.100923982,7.28556765618605,5.8797756445,7.288437028,1.18464367418605,Up_in_Sepsis,0.81063122923588,0.000312251163096141,GSE95233
ANKS1A,GSE236713,30,125,-1.14569345556667,0.428403218384,-1.105058675,0.403834225,1.57409667395067,Up_in_Sepsis,0.9768,5.68982032753381e-16,GSE95233
ANKS1A,GSE54514,18,35,8.36291376744445,8.47786478311429,8.35987854,8.536522865,0.11495101566984,Up_in_Sepsis,0.582539682539683,0.33676180410244,GSE95233
ANKS1A,GSE57065,25,28,6.3056256,7.08700357142857,6.28889,7.19754,0.781377971428571,Up_in_Sepsis,0.861428571428572,1.66261724813358e-06,GSE95233
ANKS1A,GSE65682,42,51,4.55654991301191,5.25225121583333,4.6455979815,5.2903660715,0.695701302821429,Up_in_Sepsis,0.774509803921569,5.74681376280225e-06,GSE95233
FOLR3,GSE137340,14,43,7.78031582228571,10.7634321393256,7.3107785305,10.78795637,2.98311631703987,Up_in_Sepsis,0.878737541528239,5.16186693059591e-06,GSE95233
FOLR3,GSE236713,30,125,-2.26840002066667,0.044576648888,-2.07689285,0.041836023,2.31297666955467,Up_in_Sepsis,0.925066666666667,5.30947248900134e-13,GSE95233
FOLR3,GSE54514,18,35,10.4749008286111,10.7396825792857,10.102611065,10.88411808,0.264781750674604,Up_in_Sepsis,0.632539682539683,0.119026798460476,GSE95233
FOLR3,GSE57065,25,28,6.9460684,8.61963642857143,6.53303,8.35897,1.67356802857143,Up_in_Sepsis,0.812857142857143,4.97002976572696e-05,GSE95233
FOLR3,GSE65682,42,51,6.71477786129762,7.82762550630392,6.4158650115,7.5001161015,1.1128476450063,Up_in_Sepsis,0.765172735760971,1.18083502950546e-05,GSE95233
TBC1D4,GSE137340,14,43,5.43786769642857,5.46914916665116,5.3740103205,5.546613936,0.0312814702225914,Up_in_Sepsis,0.504983388704319,0.963464689999678,GSE95233
TBC1D4,GSE236713,30,125,1.79231042666667,-0.538257457464,1.70606735,-0.3567071,-2.33056788413067,Down_in_Sepsis,0.00746666666666667,6.11441610250757e-17,GSE95233
TBC1D4,GSE54514,18,35,7.20126271233333,7.22801118582857,7.144759655,7.178913593,0.0267484734952381,Up_in_Sepsis,0.53015873015873,0.730730102071719,GSE95233
TBC1D4,GSE57065,25,28,6.7830892,4.71320446428571,6.674195,4.62975,-2.06988473571429,Down_in_Sepsis,0.0128571428571429,2.14616925591847e-13,GSE95233
TBC1D4,GSE65682,42,51,2.83027375319048,2.45488948801961,2.624195817,2.383416346,-0.375384265170868,Down_in_Sepsis,0.273109243697479,0.000178209697391078,GSE95233
SLC22A4,GSE137340,14,43,6.62915107667857,7.86978081701163,6.25423268075,7.9834974245,1.24062974033306,Up_in_Sepsis,0.787375415282392,0.000952278968464737,GSE95233
SLC22A4,GSE236713,30,125,-2.23118588233333,0.17182621576,-2.15473455,0.41756248,2.40301209809333,Up_in_Sepsis,0.965066666666667,2.86844175544285e-15,GSE95233
SLC22A4,GSE54514,18,35,9.06959864822222,8.95887375554286,9.07957077025,8.9105238915,-0.110724892679364,Down_in_Sepsis,0.442857142857143,0.508552086621423,GSE95233
SLC22A4,GSE57065,25,28,7.590702,9.29907107142857,7.60221,9.32645,1.70836907142857,Up_in_Sepsis,0.997142857142857,8.85018249863286e-15,GSE95233
SLC22A4,GSE65682,42,51,8.18572281233333,8.43599748539216,8.211869128,8.514700148,0.250274673058824,Up_in_Sepsis,0.627450980392157,0.0354047671078647,GSE95233
TGFBR3,GSE137340,14,43,7.74993682371429,7.33905411639535,7.6953400345,7.107790151,-0.410882707318938,Down_in_Sepsis,0.367109634551495,0.141856475742545,GSE95233
TGFBR3,GSE236713,30,125,2.03996323133333,-0.24559642176,2.0683601,-0.25213146,-2.28555965309333,Down_in_Sepsis,0.0290666666666667,1.28379968378171e-15,GSE95233
TGFBR3,GSE54514,18,35,7.99519769338889,8.07080417354286,7.899880409,7.807504654,0.0756064801539687,Up_in_Sepsis,0.476190476190476,0.787389209638866,GSE95233
TGFBR3,GSE57065,25,28,7.4680158,5.20848892857143,7.432295,4.9249625,-2.25952687142857,Down_in_Sepsis,0.0714285714285714,2.76433237799173e-09,GSE95233
TGFBR3,GSE65682,42,51,4.26547564505952,3.30484652430392,4.14797694425,3.12881557,-0.960629120755602,Down_in_Sepsis,0.174136321195145,7.25672640549993e-08,GSE95233
ZBTB8OS,GSE137340,14,43,4.43118600717857,4.83144525065504,4.32716044233333,4.68700454,0.400259243476468,Up_in_Sepsis,0.882059800664452,4.05663071297044e-06,GSE95233
ZBTB8OS,GSE236713,30,125,-0.569892523055556,0.2087835916,-0.646200421,0.131982966666667,0.778676114655556,Up_in_Sepsis,0.934666666666667,1.58073643665628e-13,GSE95233
ZBTB8OS,GSE54514,18,35,7.24049439702778,7.24007785661429,7.1937617065,7.2229328155,-0.00041654041349215,Down_in_Sepsis,0.544444444444445,0.608776071190231,GSE95233
ZBTB8OS,GSE57065,25,28,4.7366192,5.76419928571429,4.80386,5.816665,1.02758008571429,Up_in_Sepsis,0.872857142857143,6.59704088772431e-07,GSE95233
ZBTB8OS,GSE65682,42,51,3.46137587542857,4.06068646721569,3.391314426,4.094507529,0.599310591787115,Up_in_Sepsis,0.785714285714286,2.34946181807094e-06,GSE95233
GNLY,GSE137340,14,43,9.14800889792857,8.15947509471318,9.1590614045,8.0730805,-0.98853380321539,Down_in_Sepsis,0.26578073089701,0.00811465598623881,GSE95233
GNLY,GSE236713,30,125,1.77677881166667,-0.167758878104,1.832153725,-0.32503754,-1.94453768977067,Down_in_Sepsis,0.112,4.47029686534949e-11,GSE95233
GNLY,GSE54514,18,35,8.15735403692593,8.0888684272381,8.23682268466667,8.02759917566667,-0.0684856096878299,Down_in_Sepsis,0.444444444444444,0.520600333060429,GSE95233
GNLY,GSE57065,25,28,10.3966178,7.96240732142857,10.441,7.895085,-2.43421047857143,Down_in_Sepsis,0.0842857142857143,1.16465658125434e-08,GSE95233
GNLY,GSE65682,42,51,6.51919426080357,5.05028397886765,6.423854145125,4.983618095,-1.46891028193592,Down_in_Sepsis,0.180672268907563,1.31591298422381e-07,GSE95233
OSCAR,GSE137340,14,43,8.09392213135714,9.17151098431395,7.85375902225,9.3020855255,1.07758885295681,Up_in_Sepsis,0.790697674418605,0.000817983541866246,GSE95233
OSCAR,GSE236713,30,125,-1.22318913483333,0.310133562124,-1.262642025,0.24224699,1.53332269695733,Up_in_Sepsis,0.988266666666667,1.12742635392446e-16,GSE95233
OSCAR,GSE54514,18,35,9.98900307555556,9.9531713485,9.91548228425,9.9920511245,-0.0358317270555553,Down_in_Sepsis,0.503174603174603,0.977746942500812,GSE95233
OSCAR,GSE57065,25,28,6.0381104,7.49921428571429,6.05774,7.58367,1.46110388571429,Up_in_Sepsis,0.991428571428571,6.63763687397464e-14,GSE95233
OSCAR,GSE65682,42,51,6.41322966732143,6.92777905773529,6.49339115825,6.975326572,0.514549390413865,Up_in_Sepsis,0.774976657329599,5.54023063653005e-06,GSE95233
PPARG,GSE137340,14,43,4.310288496125,4.72054263266861,4.24559562175,4.584669031,0.410254136543605,Up_in_Sepsis,0.878737541528239,5.16186693059591e-06,GSE95233
PPARG,GSE236713,30,125,-3.63981122666667,0.469375403976,-3.552862425,0.58926998,4.10918663064267,Up_in_Sepsis,0.998933333333333,2.41844026700985e-17,GSE95233
PPARG,GSE54514,18,35,7.27792481140741,7.2546535628381,7.2700215975,7.232601325,-0.0232712485693112,Down_in_Sepsis,0.43968253968254,0.484892703673966,GSE95233
PPARG,GSE57065,25,28,3.5232922,4.10734035714286,3.509365,4.091145,0.584048157142857,Up_in_Sepsis,0.921428571428571,6.24469762121784e-09,GSE95233
PPARG,GSE65682,42,51,2.43400705611905,2.55545664392157,2.404317799,2.525757896,0.121449587802521,Up_in_Sepsis,0.578431372549019,0.195976822516782,GSE95233
FGR,GSE137340,14,43,8.83286420947619,9.61833111382946,8.67644394016666,9.70615659033333,0.785466904353267,Up_in_Sepsis,0.837209302325581,7.43901516703796e-05,GSE95233
FGR,GSE236713,30,125,-1.164638191,0.17570071224,-1.26392625,0.1711483,1.34033890324,Up_in_Sepsis,0.970666666666667,1.33186391197432e-15,GSE95233
FGR,GSE54514,18,35,10.4301105248148,10.4706169993333,10.4184277058333,10.5300847706667,0.04050647451853,Up_in_Sepsis,0.536507936507937,0.675476268134141,GSE95233
FGR,GSE57065,25,28,9.3432332,10.0395935714286,9.3517,10.0292,0.696360371428572,Up_in_Sepsis,0.895714285714286,8.68886623964816e-08,GSE95233
FGR,GSE65682,42,51,6.60237850259524,6.88985161743137,6.640507996,6.9662462355,0.287473114836135,Up_in_Sepsis,0.69467787114846,0.00130273081746015,GSE95233
TXK,GSE137340,14,43,5.92258920042857,5.20780488837209,6.0439414605,5.09016541,-0.714784312056478,Down_in_Sepsis,0.20265780730897,0.000599272533308424,GSE95233
TXK,GSE236713,30,125,0.9197324194,-0.181656198816,0.9146905,-0.12425113,-1.101388618216,Down_in_Sepsis,0.160533333333333,8.24898242914014e-09,GSE95233
TXK,GSE54514,18,35,7.31790725388889,7.27959833142857,7.296327114,7.2380867,-0.0383089224603168,Down_in_Sepsis,0.420634920634921,0.355973719982299,GSE95233
TXK,GSE57065,25,28,7.1846312,4.9532025,7.16389,4.92176,-2.2314287,Down_in_Sepsis,0.00142857142857143,4.42509124931643e-15,GSE95233
TXK,GSE65682,42,51,4.06082893503571,3.25638884056863,4.06964975675,3.195788096,-0.804440094467087,Down_in_Sepsis,0.199813258636788,7.04582975307511e-07,GSE95233
CD27,GSE137340,14,43,7.84403436214286,7.37142041341861,7.8740610205,7.235576987,-0.472613948724252,Down_in_Sepsis,0.348837209302326,0.0936456948900907,GSE95233
CD27,GSE236713,30,125,1.60952607,-0.448547118312,1.60144545,-0.43886185,-2.058073188312,Down_in_Sepsis,0.0162666666666667,2.14765424902856e-16,GSE95233
CD27,GSE54514,18,35,7.76306345722222,7.73695680074286,7.7280151845,7.715987682,-0.0261066564793655,Down_in_Sepsis,0.474603174603175,0.773107646476209,GSE95233
CD27,GSE57065,25,28,9.0522132,7.25395678571429,8.96291,7.32635,-1.79825641428572,Down_in_Sepsis,0.00285714285714286,8.85018249863286e-15,GSE95233
CD27,GSE65682,42,51,5.837026783,5.19841813684314,5.746443044,5.111161601,-0.638608646156863,Down_in_Sepsis,0.320261437908497,0.00299415182946891,GSE95233
LRRN3,GSE137340,14,43,5.18794373435714,5.04664157151163,5.157799576,5.058574261,-0.141302162845514,Down_in_Sepsis,0.426910299003322,0.424295910299058,GSE95233
LRRN3,GSE236713,30,125,2.73643413333333,-0.536506406688,2.80533335,-0.52143,-3.27294054002133,Down_in_Sepsis,0.0298666666666667,1.43337123119402e-15,GSE95233
LRRN3,GSE54514,18,35,7.14300832469445,7.29636901445714,7.144153714,7.1911492345,0.153360689762698,Up_in_Sepsis,0.723809523809524,0.00744048933966743,GSE95233
LRRN3,GSE57065,25,28,6.366913,3.50497696428571,6.164365,3.423575,-2.86193603571429,Down_in_Sepsis,0.00428571428571428,1.54878193726075e-14,GSE95233
LRRN3,GSE65682,42,51,2.62054089432143,2.24246115762745,2.32871035625,2.1667402065,-0.378079736693977,Down_in_Sepsis,0.374416433239963,0.0381891843186247,GSE95233
SIRPD,GSE137340,14,43,5.21444842664286,6.26854771444186,5.045672866,6.351271597,1.054099287799,Up_in_Sepsis,0.79734219269103,0.000599272533308424,GSE95233
SIRPD,GSE236713,30,125,-1.233942053,0.1833675574,-1.2067642,0.248096585,1.4173096104,Up_in_Sepsis,0.961066666666667,4.93476029279883e-15,GSE95233
SIRPD,GSE54514,18,35,7.505291144,7.5210190228,7.4709227085,7.515074253,0.0157278787999999,Up_in_Sepsis,0.528571428571429,0.744773717603001,GSE95233
SIRPD,GSE57065,25,28,5.3223752,6.07250392857143,5.29905,6.12296,0.750128728571429,Up_in_Sepsis,0.958571428571428,5.09106748233855e-11,GSE95233
SIRPD,GSE65682,42,51,4.08133907366667,4.50172045705882,4.019137582,4.502483854,0.420381383392157,Up_in_Sepsis,0.69140989729225,0.00157046393819263,GSE95233
B3GNT8,GSE137340,14,43,5.53627490378571,7.13366808383721,5.290472529,7.12382998,1.5973931800515,Up_in_Sepsis,0.817275747508306,0.000221898960304589,GSE95233
B3GNT8,GSE236713,30,125,-1.48152378766667,0.244423010832,-1.5312574,0.09051871,1.72594679849867,Up_in_Sepsis,0.961866666666667,4.42894244091179e-15,GSE95233
B3GNT8,GSE54514,18,35,7.8590367105,8.17957913531429,7.7530851365,8.139367104,0.320542424814287,Up_in_Sepsis,0.621428571428571,0.153464514434381,GSE95233
B3GNT8,GSE57065,25,28,5.8839196,6.4798325,5.90451,6.50016,0.5959129,Up_in_Sepsis,0.89,1.47797229085288e-07,GSE95233
B3GNT8,GSE65682,42,51,5.93687098897619,6.56438767360784,6.024093405,6.660648121,0.627516684631653,Up_in_Sepsis,0.781512605042017,3.29854853270912e-06,GSE95233
PLBD1,GSE137340,14,43,10.258135156,12.034041004,9.921839318,12.14475792,1.775905848,Up_in_Sepsis,0.862126245847176,1.61210294818759e-05,GSE95233
PLBD1,GSE236713,30,125,-1.512165991,-0.054785747584,-1.53065705,-0.098792076,1.457380243416,Up_in_Sepsis,0.949333333333333,2.36063549223725e-14,GSE95233
PLBD1,GSE54514,18,35,12.2836093916667,12.2705257695714,12.39730406,12.44756794,-0.0130836220952393,Down_in_Sepsis,0.525396825396825,0.770927794053364,GSE95233
PLBD1,GSE57065,25,28,6.7267004,7.79688660714286,6.710275,7.8310725,1.07018620714286,Up_in_Sepsis,0.998571428571429,4.42509124931643e-15,GSE95233
PLBD1,GSE65682,42,51,10.8770541978571,11.189726593902,10.905307265,11.31271528,0.312672396044817,Up_in_Sepsis,0.736227824463119,9.52211705749336e-05,GSE95233
CD247,GSE137340,14,43,10.3408201655714,9.89281029886046,10.376613525,10.07084645,-0.448009866710965,Down_in_Sepsis,0.40531561461794,0.2985473132378,GSE95233
CD247,GSE236713,30,125,0.765497108333333,-0.185380890592,0.75289249,-0.161884785,-0.950877998925333,Down_in_Sepsis,0.1048,1.94792934863068e-11,GSE95233
CD247,GSE54514,18,35,9.74945513422222,9.38249128234286,9.946455479,9.3137831685,-0.366963851879365,Down_in_Sepsis,0.376190476190476,0.146722427447959,GSE95233
CD247,GSE57065,25,28,10.1853216,7.73724607142857,10.2214,7.655605,-2.44807552857143,Down_in_Sepsis,0.0114285714285714,1.482405568521e-13,GSE95233
CD247,GSE65682,42,51,4.92602738795238,3.9358988694902,4.778689274,3.911796267,-0.990128518462185,Down_in_Sepsis,0.136321195144725,1.85505783163801e-09,GSE95233
EXOC6,GSE137340,14,43,4.88543899878571,5.63656971111628,4.7585954085,5.61375517666667,0.751130712330565,Up_in_Sepsis,0.830564784053156,0.00010836477926158,GSE95233
EXOC6,GSE236713,30,125,-0.931458507833333,0.184415845396,-0.99509085,0.1650509,1.11587435322933,Up_in_Sepsis,0.8672,4.53752399627033e-10,GSE95233
EXOC6,GSE54514,18,35,7.57355576968519,7.62558890755238,7.541206757,7.603348732,0.0520331378671957,Up_in_Sepsis,0.568253968253968,0.42839311053673,GSE95233
EXOC6,GSE57065,25,28,5.1117156,6.48529416666667,5.09888,6.53959166666667,1.37357856666667,Up_in_Sepsis,0.987142857142857,2.14616925591847e-13,GSE95233
EXOC6,GSE65682,42,51,5.36268628829762,6.01722990917647,5.42427552425,5.956479046,0.654543620878852,Up_in_Sepsis,0.754435107376284,2.62776482435079e-05,GSE95233
CNIH4,GSE137340,14,43,6.7512102525,9.03706861781395,6.2617334665,9.164049359,2.28585836531395,Up_in_Sepsis,0.883720930232558,3.58984112855028e-06,GSE95233
CNIH4,GSE236713,30,125,-0.939929663633333,0.183516375232,-0.94743395,0.15975022,1.12344603886533,Up_in_Sepsis,0.946933333333333,3.23578325446997e-14,GSE95233
CNIH4,GSE54514,18,35,10.3210467763889,10.1514122015429,10.27687979,10.05037594,-0.169634574846031,Down_in_Sepsis,0.402380952380952,0.251928972885693,GSE95233
CNIH4,GSE57065,25,28,6.33976486666667,7.8545294047619,6.28157,7.79011416666667,1.51476453809524,Up_in_Sepsis,1,2.21254562465821e-15,GSE95233
CNIH4,GSE65682,42,51,6.64538319521429,7.04820688133333,6.69730519825,7.0190952715,0.402823686119048,Up_in_Sepsis,0.664799253034547,0.00650261354751696,GSE95233
SLC16A3,GSE137340,14,43,9.30256015592857,11.046711550186,9.0822159315,11.09168374,1.74415139425748,Up_in_Sepsis,0.863787375415282,1.44528445939708e-05,GSE95233
SLC16A3,GSE236713,30,125,-1.62737424,0.136620356008,-1.7475455,0.15175962,1.763994596008,Up_in_Sepsis,0.990133333333333,8.63190787799774e-17,GSE95233
SLC16A3,GSE54514,18,35,11.6097177383333,11.7760471339429,11.48762321,11.74905682,0.166329395609523,Up_in_Sepsis,0.61984126984127,0.158897501424405,GSE95233
SLC16A3,GSE57065,25,28,7.382192,7.73034392857143,7.40606666666667,7.75982166666667,0.34815192857143,Up_in_Sepsis,0.678571428571429,0.025669617409735,GSE95233
SLC16A3,GSE65682,42,51,7.52502979024603,7.68556502271242,7.53267558033334,7.687652717,0.160535232466386,Up_in_Sepsis,0.626984126984127,0.0360841095898539,GSE95233
MTF1,GSE137340,14,43,7.76451157764286,8.93228578253488,7.506201039,9.068975369,1.16777420489203,Up_in_Sepsis,0.794019933554817,0.000700977779606083,GSE95233
MTF1,GSE236713,30,125,-1.30024173766667,0.203970547088,-1.2425673,0.17809558,1.50421228475467,Up_in_Sepsis,0.9752,7.11052358786845e-16,GSE95233
MTF1,GSE54514,18,35,9.30062760277778,9.70296508265714,9.288960457,9.710276604,0.402337479879364,Up_in_Sepsis,0.706349206349206,0.0150067897101463,GSE95233
MTF1,GSE57065,25,28,6.8181232,7.78650416666667,6.78093333333333,7.82162666666667,0.968380966666668,Up_in_Sepsis,0.994285714285714,2.65505474958986e-14,GSE95233
MTF1,GSE65682,42,51,6.07646413678095,6.65641912182353,6.1187502983,6.7281799964,0.579954985042577,Up_in_Sepsis,0.77357609710551,6.18231329672613e-06,GSE95233
NUSAP1,GSE137340,14,43,4.84754210932143,5.72190968913954,4.479372356,5.435684919,0.874367579818106,Up_in_Sepsis,0.872093023255814,8.24463721259666e-06,GSE95233
NUSAP1,GSE236713,30,125,-1.144938931,0.184010742184,-1.1821208,0.10547876,1.328949673184,Up_in_Sepsis,0.886933333333334,5.04942079900385e-11,GSE95233
NUSAP1,GSE54514,18,35,7.41447153355556,7.58718887741429,7.41761934775,7.5285303595,0.17271734385873,Up_in_Sepsis,0.665079365079365,0.0512864999292285,GSE95233
NUSAP1,GSE57065,25,28,4.676514,6.08080857142857,4.639135,6.17497,1.40429457142857,Up_in_Sepsis,0.964285714285714,2.05678241268228e-11,GSE95233
NUSAP1,GSE65682,42,51,2.31635408975397,3.1385205360719,2.289734528,2.781785024,0.822166446317927,Up_in_Sepsis,0.88655462184874,1.67745462605401e-10,GSE95233
ELL2,GSE137340,14,43,4.74750812492857,5.46895382641861,4.361217991,5.283276694,0.721445701490033,Up_in_Sepsis,0.832225913621263,9.87519484005879e-05,GSE95233
ELL2,GSE236713,30,125,-1.14776451966667,0.11433177912,-1.1742456,0.026556492,1.26209629878667,Up_in_Sepsis,0.9552,1.0846021960622e-14,GSE95233
ELL2,GSE54514,18,35,7.5344904265,7.5643885612,7.509443283,7.529659271,0.0298981347000007,Up_in_Sepsis,0.485714285714286,0.87439633186128,GSE95233
ELL2,GSE57065,25,28,4.3275304,5.303368125,4.28318,5.33216,0.975837725,Up_in_Sepsis,0.935714285714285,1.17043442289857e-09,GSE95233
ELL2,GSE65682,42,51,2.65065515554762,3.12153890973726,2.5992014937,3.0186471712,0.470883754189636,Up_in_Sepsis,0.869747899159664,9.93971462224936e-10,GSE95233
DHRS9,GSE137340,14,43,6.47891907254762,7.54693531428682,6.03463694933333,7.612591659,1.0680162417392,Up_in_Sepsis,0.820598006644518,0.000186294412620237,GSE95233
DHRS9,GSE236713,30,125,-1.05189128033333,0.673714650624,-1.11708335,0.6834445,1.72560593095733,Up_in_Sepsis,0.8552,1.63445601352276e-09,GSE95233
DHRS9,GSE54514,18,35,7.15118503561111,7.0925009728,7.112692833,7.069767475,-0.0586840628111114,Down_in_Sepsis,0.380952380952381,0.163232997664367,GSE95233
DHRS9,GSE57065,25,28,6.52625813333333,9.33120166666667,6.46862,9.38303666666667,2.80494353333333,Up_in_Sepsis,0.971428571428571,6.00484882532239e-12,GSE95233
DHRS9,GSE65682,42,51,8.15645838390476,9.50818690492157,8.3326282765,9.750075598,1.35172852101681,Up_in_Sepsis,0.776844070961718,4.78279497877484e-06,GSE95233
TNFRSF25,GSE137340,14,43,6.18019690946429,5.81296683565116,6.12706963725,5.915617081,-0.367230073813123,Down_in_Sepsis,0.332225913621263,0.0619421081092126,GSE95233
TNFRSF25,GSE236713,30,125,1.62109185766667,-0.444809486876,1.56461085,-0.49960864,-2.06590134454267,Down_in_Sepsis,0.0157333333333333,1.99145076149493e-16,GSE95233
TNFRSF25,GSE54514,18,35,7.07549866027778,7.13480898991429,7.0658040045,7.114365578,0.0593103296365083,Up_in_Sepsis,0.695238095238095,0.0203799907117107,GSE95233
TNFRSF25,GSE57065,25,28,5.63446846666667,4.93078523809524,5.61572166666667,4.93792833333334,-0.703683228571427,Down_in_Sepsis,0.0171428571428571,6.01812409907034e-13,GSE95233
TNFRSF25,GSE65682,42,51,3.67147418067857,3.15122739492157,3.46610433275,3.0961701355,-0.520246785757003,Down_in_Sepsis,0.23062558356676,8.56400623491198e-06,GSE95233
UBE2F,GSE137340,14,43,7.30355571535714,9.0745201692093,6.8495421605,9.025839757,1.77096445385216,Up_in_Sepsis,0.867109634551495,1.15818527714491e-05,GSE95233
UBE2F,GSE236713,30,125,-0.368793487933333,0.162755596656,-0.364049915,0.116556644,0.531549084589333,Up_in_Sepsis,0.747733333333333,2.60762698214956e-05,GSE95233
UBE2F,GSE54514,18,35,10.6508857411111,10.6333123067714,10.72046232,10.72938728,-0.0175734343396829,Down_in_Sepsis,0.496031746031746,0.970035370665407,GSE95233
UBE2F,GSE57065,25,28,6.912098,8.19325544642857,6.8712025,8.26774375,1.28115744642857,Up_in_Sepsis,0.974285714285714,3.53343536257917e-12,GSE95233
UBE2F,GSE65682,42,51,5.75524809940212,6.45038157776471,5.78872423144444,6.49638270266667,0.695133478362591,Up_in_Sepsis,0.859943977591037,2.71015528900733e-09,GSE95233
STOM,GSE137340,14,43,8.23320589035714,9.38235874089535,7.85615944175,9.3587265825,1.14915285053821,Up_in_Sepsis,0.823920265780731,0.000155963210178198,GSE95233
STOM,GSE236713,30,125,-0.536013684233333,0.383011969864,-0.51854515,0.32296205,0.919025654097333,Up_in_Sepsis,0.8112,1.26943453077288e-07,GSE95233
STOM,GSE54514,18,35,9.72495530691667,10.0369861195143,9.7291828385,10.042113304,0.312030812597619,Up_in_Sepsis,0.663492063492063,0.0536371037869218,GSE95233
STOM,GSE57065,25,28,6.282628,8.006145,6.28381333333333,8.06557833333334,1.723517,Up_in_Sepsis,0.998571428571429,4.42509124931643e-15,GSE95233
STOM,GSE65682,42,51,7.13952911081429,8.53513391934118,7.084577163,8.744077645,1.39560480852689,Up_in_Sepsis,0.874883286647993,5.81758965299673e-10,GSE95233
CMTM4,GSE137340,14,43,4.40293041566071,4.8392845702907,4.310838303125,4.77322446675,0.436354154629983,Up_in_Sepsis,0.878737541528239,5.16186693059591e-06,GSE95233
CMTM4,GSE236713,30,125,-1.0398128522,0.263297993632,-1.0905502,0.2537036,1.303110845832,Up_in_Sepsis,0.916266666666666,1.57552988621293e-12,GSE95233
CMTM4,GSE54514,18,35,7.24278647811111,7.21287143341905,7.24228183416667,7.18002812066667,-0.0299150446920633,Down_in_Sepsis,0.426984126984127,0.396380670853483,GSE95233
CMTM4,GSE57065,25,28,4.41995826666667,5.51398988095238,4.47589666666667,5.50371,1.09403161428571,Up_in_Sepsis,0.968571428571428,9.97415567595923e-12,GSE95233
CMTM4,GSE65682,42,51,2.84113232057143,3.5327281930098,2.7848991055,3.4363588565,0.691595872438375,Up_in_Sepsis,0.836134453781513,2.78350647402994e-08,GSE95233
CCNB2,GSE137340,14,43,5.0676788925,5.90522847588372,4.4406852475,5.651949738,0.837549583383721,Up_in_Sepsis,0.780730897009967,0.0012817795557046,GSE95233
CCNB2,GSE236713,30,125,-1.70556342,0.45367152204,-1.71816275,0.56692505,2.15923494204,Up_in_Sepsis,0.919466666666667,1.06354654378727e-12,GSE95233
CCNB2,GSE54514,18,35,7.373208152,7.54851213188571,7.358486414,7.522895813,0.175303979885714,Up_in_Sepsis,0.633333333333333,0.117500725327251,GSE95233
CCNB2,GSE57065,25,28,3.758802,4.32267333333333,3.77216333333333,4.28142333333333,0.563871333333333,Up_in_Sepsis,0.94,6.82419872104583e-10,GSE95233
CCNB2,GSE65682,42,51,2.92892780109524,4.47459772860784,2.9761381265,4.180596535,1.5456699275126,Up_in_Sepsis,0.927637721755369,1.57574257046212e-12,GSE95233
ZDHHC3,GSE137340,14,43,5.34467040828571,6.13299005906977,5.1801497425,6.163031381,0.788319650784053,Up_in_Sepsis,0.803986710963455,0.000434777002978728,GSE95233
ZDHHC3,GSE236713,30,125,-0.6022909975,0.11556518736,-0.615189315,0.159786225,0.71785618486,Up_in_Sepsis,0.922399999999999,7.39949169071023e-13,GSE95233
ZDHHC3,GSE54514,18,35,7.70002966455556,7.90285861162857,7.620201349,7.928459167,0.202828947073016,Up_in_Sepsis,0.674603174603174,0.0388930382204774,GSE95233
ZDHHC3,GSE57065,25,28,5.4064839,6.24556366071429,5.400405,6.32849125,0.839079760714286,Up_in_Sepsis,0.997142857142857,8.85018249863286e-15,GSE95233
ZDHHC3,GSE65682,42,51,5.70252456302381,6.13801785792647,5.7555070775,6.161720429,0.435493294902662,Up_in_Sepsis,0.80765639589169,3.70316141537795e-07,GSE95233
IL32,GSE137340,14,43,8.21837775607143,7.7491988105,8.19337151725,7.8379052595,-0.469178945571428,Down_in_Sepsis,0.357142857142857,0.11366743416625,GSE95233
IL32,GSE236713,30,125,1.50014129416667,-0.383202292228,1.455793275,-0.135368705,-1.88334358639467,Down_in_Sepsis,0.0309333333333333,1.65978174307926e-15,GSE95233
IL32,GSE54514,18,35,7.90502346894444,7.79345735145714,7.80849671375,7.7366080285,-0.111566117487302,Down_in_Sepsis,0.411111111111111,0.300340734781541,GSE95233
IL32,GSE57065,25,28,9.3022728,7.73789142857143,9.37078,7.536935,-1.56438137142857,Down_in_Sepsis,0.0957142857142857,3.7851498194051e-08,GSE95233
IL32,GSE65682,42,51,4.99667749218452,4.11170733196078,4.6852517365,4.05999186275,-0.884970160223739,Down_in_Sepsis,0.186274509803921,2.17204927187551e-07,GSE95233
CEACAM1,GSE137340,14,43,6.29628782309524,8.10092838565892,5.98170451766667,7.780456437,1.80464056256368,Up_in_Sepsis,0.865448504983389,1.29444347247364e-05,GSE95233
CEACAM1,GSE236713,30,125,-2.2297633795,0.75392329112,-2.24272845,0.64667261,2.98368667062,Up_in_Sepsis,0.931733333333333,2.29532700678025e-13,GSE95233
CEACAM1,GSE54514,18,35,9.36693746983333,9.57006856835238,9.13677549416667,9.362805367,0.20313109851905,Up_in_Sepsis,0.552380952380952,0.545121751957247,GSE95233
CEACAM1,GSE57065,25,28,5.76820184,8.52635057142857,5.674526,8.945779,2.75814873142857,Up_in_Sepsis,0.99,9.95645531096197e-14,GSE95233
CEACAM1,GSE65682,42,51,6.17503790852116,6.89064320154248,6.409779824,7.01586341133333,0.715605293021319,Up_in_Sepsis,0.649859943977591,0.013351321075262,GSE95233
PLEKHA1,GSE137340,14,43,6.57338838682143,6.49949036945349,6.429584573,6.358614804,-0.0738980173679407,Down_in_Sepsis,0.435215946843854,0.479707999120335,GSE95233
PLEKHA1,GSE236713,30,125,1.183555254,-0.458963047876,1.2275623,-0.37898171,-1.642518301876,Down_in_Sepsis,0.032,1.9213337153322e-15,GSE95233
PLEKHA1,GSE54514,18,35,7.84305142036111,7.84067649837143,7.741616726,7.691126585,-0.00237492198968248,Down_in_Sepsis,0.480952380952381,0.830638269796872,GSE95233
PLEKHA1,GSE57065,25,28,7.285634,5.3584,7.262745,5.2593125,-1.927234,Down_in_Sepsis,0.0142857142857143,3.07543841827492e-13,GSE95233
PLEKHA1,GSE65682,42,51,3.36878960083333,2.89621589328431,3.223601132375,2.87778412425,-0.47257370754902,Down_in_Sepsis,0.204014939309057,1.00520795442081e-06,GSE95233
GPR18,GSE137340,14,43,6.22290100142857,6.02136594590698,5.9769855995,5.97232083,-0.201535055521594,Down_in_Sepsis,0.431893687707641,0.457093279438225,GSE95233
GPR18,GSE236713,30,125,1.452647803,-0.467062276768,1.51501465,-0.32153368,-1.919710079768,Down_in_Sepsis,0.0317333333333333,1.85237119125629e-15,GSE95233
GPR18,GSE54514,18,35,7.3599136405,7.39623147411429,7.372168779,7.32977581,0.0363178336142855,Up_in_Sepsis,0.485714285714286,0.87439633186128,GSE95233
GPR18,GSE57065,25,28,7.6384188,5.60695571428571,7.71208,5.52495,-2.03146308571429,Down_in_Sepsis,0.0185714285714286,8.25279517997514e-13,GSE95233
GPR18,GSE65682,42,51,4.44304290482143,3.61450696640196,4.16050167325,3.5952993825,-0.828535938419468,Down_in_Sepsis,0.273576097105509,0.000183773623049862,GSE95233
VSIG4,GSE137340,14,43,4.63008178992857,6.01494695560465,4.4139989185,5.867212438,1.38486516567608,Up_in_Sepsis,0.89202657807309,1.9120745116751e-06,GSE95233
VSIG4,GSE236713,30,125,-3.33360905333333,1.017398512016,-3.275336,1.4247501,4.35100756534933,Up_in_Sepsis,0.9528,1.49264834572507e-14,GSE95233
VSIG4,GSE54514,18,35,7.55802530722222,7.6912268094,7.5016069415,7.581792355,0.133201502177777,Up_in_Sepsis,0.593650793650794,0.271889047022957,GSE95233
VSIG4,GSE57065,25,28,4.5915864,6.30070142857143,4.628,5.942995,1.70911502857143,Up_in_Sepsis,0.908571428571429,2.45735450533502e-08,GSE95233
VSIG4,GSE65682,42,51,2.85815244730159,3.84623663199346,2.44407194716667,3.64410957033333,0.988084184691877,Up_in_Sepsis,0.753968253968254,2.71890025629624e-05,GSE95233
CDC20,GSE137340,14,43,5.20260497228571,6.6762787815814,4.526809443,6.390373869,1.47367380929568,Up_in_Sepsis,0.803986710963455,0.000434777002978728,GSE95233
CDC20,GSE236713,30,125,-1.9221575251,0.161695734608,-1.78365495,0.25609207,2.083853259708,Up_in_Sepsis,0.92,9.95838637189864e-13,GSE95233
CDC20,GSE54514,18,35,7.51751671894444,7.71507531571429,7.4473917485,7.643301487,0.197558596769841,Up_in_Sepsis,0.592063492063492,0.283133764153369,GSE95233
CDC20,GSE57065,25,28,4.6006504,5.62248214285714,4.56132,5.509425,1.02183174285714,Up_in_Sepsis,0.902857142857142,4.36042562085367e-08,GSE95233
CDC20,GSE65682,42,51,2.43415611540476,3.29013629558824,2.474548692,3.082701499,0.855980180183473,Up_in_Sepsis,0.88608776844071,1.76424246483822e-10,GSE95233
SKAP1,GSE137340,14,43,6.75342548582143,6.59792653456977,6.66308332925,6.410583889,-0.155498951251661,Down_in_Sepsis,0.435215946843854,0.479707999120335,GSE95233
SKAP1,GSE236713,30,125,1.14631333166667,-0.470640086344,1.1121488,-0.34739232,-1.61695341801067,Down_in_Sepsis,0.0498666666666667,2.12432482875358e-14,GSE95233
SKAP1,GSE54514,18,35,7.87423566980556,7.76671812877143,7.8986992835,7.6331207755,-0.107517541034127,Down_in_Sepsis,0.396825396825397,0.228139828404204,GSE95233
SKAP1,GSE57065,25,28,6.925204,5.476405,6.90893,5.463855,-1.448799,Down_in_Sepsis,0.0428571428571429,6.3278804865225e-11,GSE95233
SKAP1,GSE65682,42,51,4.8155777434881,3.96331850976471,4.62935674475,3.8508469025,-0.85225923372339,Down_in_Sepsis,0.196545284780579,5.32722689167168e-07,GSE95233
MCTP1,GSE137340,14,43,4.58472268861905,5.14239252375194,4.493196245,5.119668143,0.557669835132892,Up_in_Sepsis,0.863787375415283,1.44528445939708e-05,GSE95233
MCTP1,GSE236713,30,125,-1.16406979591667,0.10902400144,-1.14267647,0.21543135,1.27309379735667,Up_in_Sepsis,0.9224,7.39949169071023e-13,GSE95233
MCTP1,GSE54514,18,35,7.42282923063889,7.45341083661429,7.438111067,7.458173752,0.0305816059753967,Up_in_Sepsis,0.549206349206349,0.570192060596712,GSE95233
MCTP1,GSE57065,25,28,5.85247213333333,7.03977011904762,5.94491,7.022915,1.18729798571429,Up_in_Sepsis,0.987142857142857,2.14616925591847e-13,GSE95233
MCTP1,GSE65682,42,51,5.19963975995238,5.60998496197059,5.255462713125,5.622212291,0.410345202018207,Up_in_Sepsis,0.69421101774043,0.00133820759393894,GSE95233
IL18RAP,GSE137340,14,43,8.63602282771429,10.7498260946512,8.494994314,10.73374129,2.11380326693688,Up_in_Sepsis,0.830564784053156,0.00010836477926158,GSE95233
IL18RAP,GSE236713,30,125,-2.13119036,0.485935977076,-2.00284575,0.6597452,2.617126337076,Up_in_Sepsis,0.922933333333333,6.92535137086423e-13,GSE95233
IL18RAP,GSE54514,18,35,11.4061150026667,11.5249247690571,11.54227924,11.75607681,0.118809766390477,Up_in_Sepsis,0.545238095238095,0.598968556656899,GSE95233
IL18RAP,GSE57065,25,28,9.1602816,11.3402642857143,9.23783,11.36945,2.17998268571429,Up_in_Sepsis,1,2.21254562465821e-15,GSE95233
IL18RAP,GSE65682,42,51,7.26682408366667,7.60633486853922,7.370170294,7.638264965,0.339510784872549,Up_in_Sepsis,0.619047619047619,0.0494445145222802,GSE95233
SLC36A1,GSE137340,14,43,5.36834375578571,6.26609923083721,5.2172862155,6.216704166,0.897755475051495,Up_in_Sepsis,0.770764119601329,0.00196863175131151,GSE95233
SLC36A1,GSE236713,30,125,-2.38962104666667,0.370897736592,-2.46955705,0.3440714,2.76051878325867,Up_in_Sepsis,0.9944,4.67077632717853e-17,GSE95233
SLC36A1,GSE54514,18,35,8.17284764194445,8.09716792782857,8.210329056,8.023094177,-0.0756797141158732,Down_in_Sepsis,0.412698412698413,0.309195100119527,GSE95233
SLC36A1,GSE57065,25,28,5.67726013333333,6.36936452380952,5.66955333333333,6.33311333333334,0.69210439047619,Up_in_Sepsis,0.985714285714286,3.07543841827492e-13,GSE95233
SLC36A1,GSE65682,42,51,3.68333410316667,3.9258257334,3.6923092594,3.9088342818,0.242491630233333,Up_in_Sepsis,0.725023342670402,0.00020146121540794,GSE95233
KLF12,GSE137340,14,43,5.05962446178571,4.88697669132558,4.996358988,4.756022428,-0.172647770460133,Down_in_Sepsis,0.393687707641196,0.242138750369348,GSE95233
KLF12,GSE236713,30,125,1.55249611083333,-0.422833857576,1.5583819,-0.27787006,-1.97532996840933,Down_in_Sepsis,0.0112,1.04470720762514e-16,GSE95233
KLF12,GSE54514,18,35,7.2009787295,7.20960675651429,7.1858873365,7.1805956365,0.00862802701428578,Up_in_Sepsis,0.541269841269841,0.635114297097459,GSE95233
KLF12,GSE57065,25,28,5.27347465,4.10049745535714,5.22938875,4.039625625,-1.17297719464286,Down_in_Sepsis,0.00428571428571428,1.54878193726075e-14,GSE95233
KLF12,GSE65682,42,51,3.05842709021429,2.75880389871373,2.9905599379,2.7386565728,-0.29962319150056,Down_in_Sepsis,0.257236227824463,6.05808351607603e-05,GSE95233
EIF4G3,GSE137340,14,43,6.81440131257143,8.17403629774419,6.4340414965,8.172374826,1.35963498517276,Up_in_Sepsis,0.858803986710963,1.99991144589167e-05,GSE95233
EIF4G3,GSE236713,30,125,-0.990645624866666,0.311425086328,-1.05614781666667,0.390278096666667,1.30207071119467,Up_in_Sepsis,0.9184,1.21279262641199e-12,GSE95233
EIF4G3,GSE54514,18,35,8.36292166183333,8.58126881462857,8.305440426,8.570972443,0.218347152795237,Up_in_Sepsis,0.708730158730159,0.0138787061167146,GSE95233
EIF4G3,GSE57065,25,28,4.31478,5.09531321428571,4.3624,5.0703075,0.780533214285715,Up_in_Sepsis,1,2.21254562465821e-15,GSE95233
EIF4G3,GSE65682,42,51,4.12609285612857,4.40012387159216,4.116067153,4.459375022,0.274031015463585,Up_in_Sepsis,0.681139122315593,0.00277612651080502,GSE95233
FGD4,GSE137340,14,43,4.37305626192857,4.97252042539535,4.271322009,4.688483829,0.599464163466777,Up_in_Sepsis,0.847176079734219,4.13098133247111e-05,GSE95233
FGD4,GSE236713,30,125,-1.48731373511111,0.265071638282667,-1.459107625,0.44960681,1.75238537339378,Up_in_Sepsis,0.9536,1.34216974006198e-14,GSE95233
FGD4,GSE54514,18,35,7.26143052838889,7.35503440594286,7.272166729,7.323793411,0.093603877553968,Up_in_Sepsis,0.634920634920635,0.113099435153609,GSE95233
FGD4,GSE57065,25,28,5.12866506666667,6.80232880952381,5.18355333333333,6.82797,1.67366374285714,Up_in_Sepsis,1,2.21254562465821e-15,GSE95233
FGD4,GSE65682,42,51,4.98027886968571,5.02361538538039,5.0128656349,5.0915596574,0.0433365156946781,Up_in_Sepsis,0.507002801120448,0.910871049431307,GSE95233
LILRB3,GSE137340,14,43,11.8985558657143,13.0289695974419,11.8624151225,13.189878895,1.13041373172758,Up_in_Sepsis,0.875415282392027,6.53811501196993e-06,GSE95233
LILRB3,GSE236713,30,125,-1.459986804,0.203519264252,-1.448245995,0.29297376,1.663506068252,Up_in_Sepsis,0.982933333333333,2.4048647245251e-16,GSE95233
LILRB3,GSE54514,18,35,13.1803430452778,13.0914659094143,13.16352987,13.1163497,-0.088877135863493,Down_in_Sepsis,0.455555555555556,0.608776071190231,GSE95233
LILRB3,GSE57065,25,28,9.2699034,9.95134660714286,9.296835,10.02601,0.681443207142857,Up_in_Sepsis,0.904285714285714,3.7851498194051e-08,GSE95233
LILRB3,GSE65682,42,51,5.470849822,5.48744601859608,5.4723189952,5.5126531744,0.0165961965960788,Up_in_Sepsis,0.512605042016807,0.837900406763883,GSE95233
CLEC1B,GSE137340,14,43,5.26101284464286,6.05740315195349,4.8242684735,6.080306439,0.796390307310632,Up_in_Sepsis,0.744186046511628,0.00660843094286776,GSE95233
CLEC1B,GSE236713,30,125,-1.52439417677778,0.850107896173334,-1.45814623333334,0.859176333333333,2.37450207295111,Up_in_Sepsis,0.9384,9.79858691639425e-14,GSE95233
CLEC1B,GSE54514,18,35,9.42180479894444,8.6523664608,9.036893845,8.260569572,-0.769438338144445,Down_in_Sepsis,0.251587301587302,0.00339041483698135,GSE95233
CLEC1B,GSE57065,25,28,4.6602,6.98041035714286,4.69655,6.731905,2.32021035714286,Up_in_Sepsis,0.972857142857143,4.61758271866169e-12,GSE95233
CLEC1B,GSE65682,42,51,5.00461825640476,6.86330397045098,4.727702655,6.840634903,1.85868571404622,Up_in_Sepsis,0.871148459383754,8.59473712909179e-10,GSE95233
MMRN1,GSE137340,14,43,4.79150938364286,5.68611809553488,4.457162281,5.5339569,0.894608711892026,Up_in_Sepsis,0.835548172757475,8.18207367405696e-05,GSE95233
MMRN1,GSE236713,30,125,-1.62706900333333,0.700206854584,-1.51144935,0.75361323,2.32727585791733,Up_in_Sepsis,0.905866666666667,5.53867279883634e-12,GSE95233
MMRN1,GSE54514,18,35,7.71853465516667,7.75307098108571,7.6590321065,7.511325359,0.0345363259190474,Up_in_Sepsis,0.498412698412698,0.992581476239974,GSE95233
MMRN1,GSE57065,25,28,2.3555588,4.25259285714286,2.32058,3.727375,1.89703405714286,Up_in_Sepsis,0.93,2.33646588000407e-09,GSE95233
MMRN1,GSE65682,42,51,2.63386702813095,3.83016993318627,2.556575640625,3.7041276515,1.19630290505532,Up_in_Sepsis,0.894957983193278,6.69859822517747e-11,GSE95233
HLA-DRB1,GSE137340,14,43,8.14223886030952,7.43658830400775,8.491853129,7.42264241033333,-0.705650556301771,Down_in_Sepsis,0.290697674418605,0.0187588436756909,GSE95233
HLA-DRB1,GSE236713,30,125,0.7768310798,-0.461721187136,0.9588511,-0.3633566,-1.238552266936,Down_in_Sepsis,0.114666666666667,6.05811589133145e-11,GSE95233
HLA-DRB1,GSE54514,18,35,8.07767777966667,7.84696529931429,8.050330162,7.225830078,-0.230712480352381,Down_in_Sepsis,0.49047619047619,0.918534356570284,GSE95233
HLA-DRB1,GSE57065,25,28,8.39361106666667,6.85011928571429,8.27477,6.797975,-1.54349178095238,Down_in_Sepsis,0.01,9.95645531096197e-14,GSE95233
HLA-DRB1,GSE65682,42,51,8.70409771288095,7.31744396111765,8.7031124085,7.310401546,-1.3866537517633,Down_in_Sepsis,0.139122315592904,2.46596291598238e-09,GSE95233
PYHIN1,GSE137340,14,43,6.78898905942857,6.37240256026357,6.53029079366667,6.15445283466667,-0.416586499165003,Down_in_Sepsis,0.29734219269103,0.0230841553432246,GSE95233
PYHIN1,GSE236713,30,125,1.4972959105,-0.205208716624,1.4432535,-0.12966108,-1.702504627124,Down_in_Sepsis,0.0285333333333333,1.19273989918378e-15,GSE95233
PYHIN1,GSE54514,18,35,7.46591795814815,7.38868513106667,7.48539789516667,7.331729889,-0.0772328270814819,Down_in_Sepsis,0.358730158730159,0.0967556702455424,GSE95233
PYHIN1,GSE57065,25,28,5.7434964,4.47202839285714,5.770905,4.28341,-1.27146800714286,Down_in_Sepsis,0.115714285714286,2.47186955689829e-07,GSE95233
PYHIN1,GSE65682,42,51,3.43482365276984,2.87020069726797,3.283139674,2.837312938,-0.564622955501868,Down_in_Sepsis,0.183006535947712,1.62312054686357e-07,GSE95233
HLA-DMB,GSE137340,14,43,9.82182282428571,10.1748542256279,9.878310596,10.23693209,0.353031401342193,Up_in_Sepsis,0.616279069767442,0.200000657368105,GSE95233
HLA-DMB,GSE236713,30,125,1.248833275,-0.682809527256,1.19099855,-0.75847864,-1.931642802256,Down_in_Sepsis,0.0386666666666667,4.76013747757254e-15,GSE95233
HLA-DMB,GSE54514,18,35,9.45346535483333,9.45272918411429,9.572611809,9.393052101,-0.000736170719047635,Down_in_Sepsis,0.473015873015873,0.758901012021438,GSE95233
HLA-DMB,GSE57065,25,28,7.8704488,5.72401035714286,7.84029,5.66622,-2.14643844285714,Down_in_Sepsis,0.0214285714285714,1.51338120726622e-12,GSE95233
HLA-DMB,GSE65682,42,51,4.56454977827619,3.60009992926667,4.6382516544,3.5857985826,-0.964449849009524,Down_in_Sepsis,0.128851540616246,8.59473712909179e-10,GSE95233
KLHL3,GSE137340,14,43,5.29017538878571,5.06659191274419,5.377336212,5.07718279,-0.223583476041529,Down_in_Sepsis,0.353820598006645,0.105296879795389,GSE95233
KLHL3,GSE236713,30,125,1.92621867,-0.353077924384,1.95270895,-0.25498104,-2.279296594384,Down_in_Sepsis,0.0106666666666667,9.67978792008901e-17,GSE95233
KLHL3,GSE54514,18,35,7.2225904995,7.17732527591429,7.186978102,7.170975208,-0.0452652235857141,Down_in_Sepsis,0.395238095238095,0.220939150662259,GSE95233
KLHL3,GSE57065,25,28,3.984977,3.26788875,4.00904,3.2836725,-0.71708825,Down_in_Sepsis,0.00285714285714286,8.85018249863286e-15,GSE95233
KLHL3,GSE65682,42,51,2.82930008716667,2.5056128994902,2.713147557,2.43801738,-0.32368718767647,Down_in_Sepsis,0.23015873015873,8.26135619987797e-06,GSE95233
SORT1,GSE137340,14,43,6.21958410678571,7.78477742302326,5.784902287,7.510779683,1.56519331623754,Up_in_Sepsis,0.82890365448505,0.000118823654645357,GSE95233
SORT1,GSE236713,30,125,-0.706404423733333,0.227203096272,-0.771602615,0.19755125,0.933607520005333,Up_in_Sepsis,0.8504,2.6981277217036e-09,GSE95233
SORT1,GSE54514,18,35,8.71298405866667,9.14312447157143,8.58379364,9.232644081,0.430140412904763,Up_in_Sepsis,0.66984126984127,0.0447364418045057,GSE95233
SORT1,GSE57065,25,28,5.36535746666667,7.15377690476191,5.34744666666667,7.267145,1.78841943809524,Up_in_Sepsis,0.997142857142857,8.85018249863286e-15,GSE95233
SORT1,GSE65682,42,51,5.31315710940476,6.39276388773203,5.30154617333333,6.49105467533333,1.07960677832726,Up_in_Sepsis,0.792717086834734,1.32094619341197e-06,GSE95233
EMILIN2,GSE137340,14,43,7.33949255485714,9.39673616383721,7.018746708,9.464265431,2.05724360898007,Up_in_Sepsis,0.888704318936877,2.46942812179279e-06,GSE95233
EMILIN2,GSE236713,30,125,-1.01244754666667,-0.00343507148799997,-1.04604815,0.024497986,1.00901247517867,Up_in_Sepsis,0.872266666666667,2.60937083671852e-10,GSE95233
EMILIN2,GSE54514,18,35,9.57334582027778,9.68221378285714,9.5208711625,9.629037857,0.108867962579366,Up_in_Sepsis,0.552380952380952,0.545121751957247,GSE95233
EMILIN2,GSE57065,25,28,5.0957344,6.15864404761905,5.13196333333333,6.18028166666667,1.06290964761905,Up_in_Sepsis,0.962857142857143,2.59553727228655e-11,GSE95233
EMILIN2,GSE65682,42,51,6.80862898614286,7.6547813354902,6.7851443455,7.898482727,0.84615234934734,Up_in_Sepsis,0.790382819794585,1.60276759432169e-06,GSE95233
NCR3,GSE137340,14,43,5.812918324,5.48806191181395,5.7066608505,5.497941656,-0.324856412186047,Down_in_Sepsis,0.387043189368771,0.213421759301115,GSE95233
NCR3,GSE236713,30,125,1.876070091,-0.290340701348,1.912268275,-0.361694155,-2.166410792348,Down_in_Sepsis,0.02,3.63532984217555e-16,GSE95233
NCR3,GSE54514,18,35,7.433417903,7.42677395685714,7.404913902,7.350765228,-0.00664394614285691,Down_in_Sepsis,0.403174603174603,0.255836951670749,GSE95233
NCR3,GSE57065,25,28,6.17462586666667,5.26006166666667,6.26659333333333,5.21585666666667,-0.9145642,Down_in_Sepsis,0.03,7.7571849600517e-12,GSE95233
NCR3,GSE65682,42,51,2.79659240180952,2.43470624386275,2.7840260215,2.331542547,-0.361886157946779,Down_in_Sepsis,0.223155929038282,4.78279497877484e-06,GSE95233
HGF,GSE137340,14,43,4.2601195235,4.58234537560465,4.23308502416667,4.38070884,0.322225852104651,Up_in_Sepsis,0.926910299003322,8.95420161947516e-08,GSE95233
HGF,GSE236713,30,125,-1.31327028293333,0.462119447124,-1.1955155,0.39933395,1.77538973005733,Up_in_Sepsis,0.917866666666666,1.29493828107797e-12,GSE95233
HGF,GSE54514,18,35,7.20112337008333,7.1720018046,7.1685459615,7.141106367,-0.0291215654833339,Down_in_Sepsis,0.433333333333333,0.439382697129536,GSE95233
HGF,GSE57065,25,28,3.54136744,5.47937307142857,3.51847,5.711298,1.93800563142857,Up_in_Sepsis,0.997142857142857,8.85018249863286e-15,GSE95233
HGF,GSE65682,42,51,3.05749881820833,3.76559557133824,2.837288876875,3.721770785,0.708096753129902,Up_in_Sepsis,0.749299719887955,3.81153364064026e-05,GSE95233
PTTG1,GSE137340,14,43,5.91052162582143,7.02168949525581,5.38054528575,6.862863384,1.11116786943439,Up_in_Sepsis,0.833887043189369,8.99233343862789e-05,GSE95233
PTTG1,GSE236713,30,125,-0.4442613771,0.396894104656,-0.40500355,0.20004773,0.841155481756,Up_in_Sepsis,0.747733333333333,2.60762698214956e-05,GSE95233
PTTG1,GSE54514,18,35,7.70527521763889,7.95569070407143,7.600925922,7.9216144085,0.25041548643254,Up_in_Sepsis,0.706349206349206,0.013996501301365,GSE95233
PTTG1,GSE57065,25,28,6.5564756,7.72704464285714,6.57914,7.665165,1.17056904285714,Up_in_Sepsis,0.985714285714286,3.07543841827492e-13,GSE95233
PTTG1,GSE65682,42,51,3.41601351421429,4.7669913462549,3.4054646495,4.593524123,1.35097783204062,Up_in_Sepsis,0.937441643323996,4.83797096293662e-13,GSE95233
STK3,GSE137340,14,43,5.36812052107143,6.51732132472093,5.1294200755,6.521989887,1.1492008036495,Up_in_Sepsis,0.837209302325582,7.43901516703796e-05,GSE95233
STK3,GSE236713,30,125,-1.4170050985,0.209736251668,-1.425205575,0.234654785,1.626741350168,Up_in_Sepsis,0.988800000000001,1.04470720762514e-16,GSE95233
STK3,GSE54514,18,35,8.34080921277778,8.19166631691429,8.350311279,8.048762321,-0.149142895863491,Down_in_Sepsis,0.382539682539682,0.169030570051923,GSE95233
STK3,GSE57065,25,28,3.52924573333333,4.23196178571429,3.54186333333333,4.27900166666667,0.702716052380952,Up_in_Sepsis,0.965714285714285,1.6235659793742e-11,GSE95233
STK3,GSE65682,42,51,3.91778082073016,4.2451933451634,3.841459823,4.18967632633333,0.327412524433239,Up_in_Sepsis,0.6531279178338,0.0114617009111308,GSE95233
BPI,GSE137340,14,43,4.84446739003571,6.49851855245349,4.46660934425,6.208227746,1.65405116241777,Up_in_Sepsis,0.875415282392027,6.53811501196993e-06,GSE95233
BPI,GSE236713,30,125,-0.633550104466667,-0.050161200852,-0.4393005325,-0.1286159745,0.583388903614667,Up_in_Sepsis,0.649066666666667,0.0114222929938134,GSE95233
BPI,GSE54514,18,35,8.55465899622222,8.88823001042857,8.1360206605,8.371845245,0.333571014206349,Up_in_Sepsis,0.577777777777778,0.365828622459723,GSE95233
BPI,GSE57065,25,28,5.3260556,8.65512785714286,5.35883,8.68383,3.32907225714286,Up_in_Sepsis,0.994285714285714,2.65505474958986e-14,GSE95233
BPI,GSE65682,42,51,4.83502321428571,6.97909554484314,4.7705400085,7.032659697,2.14407233055742,Up_in_Sepsis,0.872549019607843,7.42785999895666e-10,GSE95233
ADAMTS2,GSE137340,14,43,4.28641004367857,4.66397738448837,4.23566255225,4.46860468,0.377567340809801,Up_in_Sepsis,0.900332225913621,9.84903435988751e-07,GSE95233
ADAMTS2,GSE236713,30,125,-3.25835493333333,0.441657347512,-3.246380675,0.374192,3.70001228084533,Up_in_Sepsis,0.9984,2.6139489943517e-17,GSE95233
ADAMTS2,GSE54514,18,35,7.13658316938889,7.18138935914286,7.145100832,7.167894363,0.0448061897539684,Up_in_Sepsis,0.592063492063492,0.283133764153369,GSE95233
ADAMTS2,GSE57065,25,28,3.9322204,4.6065730952381,3.93152666666667,4.53181,0.674352695238095,Up_in_Sepsis,0.937142857142857,9.7986344315551e-10,GSE95233
ADAMTS2,GSE65682,42,51,3.4131515837381,3.51347989931373,3.4014069235,3.419625738,0.10032831557563,Up_in_Sepsis,0.565359477124183,0.281507445326184,GSE95233
MAP4K1,GSE137340,14,43,7.68430585614286,7.17009072667442,7.4857924635,7.035443936,-0.514215129468439,Down_in_Sepsis,0.28405315614618,0.0151439987160872,GSE95233
MAP4K1,GSE236713,30,125,1.20138306833333,-0.36286659736,1.1815617,-0.26575732,-1.56424966569333,Down_in_Sepsis,0.0186666666666667,3.01374142962597e-16,GSE95233
MAP4K1,GSE54514,18,35,7.54903664861111,7.58918662068571,7.5773682595,7.5489444735,0.0401499720746026,Up_in_Sepsis,0.533333333333333,0.702910846357363,GSE95233
MAP4K1,GSE57065,25,28,6.5844388,5.4021680952381,6.57529333333333,5.34939666666667,-1.1822707047619,Down_in_Sepsis,0.0214285714285714,1.51338120726622e-12,GSE95233
MAP4K1,GSE65682,42,51,3.09531360835714,2.78613836959477,2.951168527,2.79809332266667,-0.309175238762371,Down_in_Sepsis,0.264705882352941,0.000101483657502929,GSE95233
ASAP1,GSE137340,14,43,8.4004158675,9.71628294721706,8.34355480066667,9.78714225166667,1.31586707971706,Up_in_Sepsis,0.903654485049834,7.47687024826658e-07,GSE95233
ASAP1,GSE236713,30,125,-1.61195794533333,0.195069292888,-1.59342455,0.14571881,1.80702723822133,Up_in_Sepsis,0.9648,2.974510303906e-15,GSE95233
ASAP1,GSE54514,18,35,9.89913508633333,10.2114696227286,9.85586667025,10.1248168945,0.312334536395239,Up_in_Sepsis,0.758730158730159,0.00178494027499339,GSE95233
ASAP1,GSE57065,25,28,7.99507128,8.3540005,7.984708,8.395192,0.358929219999999,Up_in_Sepsis,0.828571428571429,1.80173240305178e-05,GSE95233
ASAP1,GSE65682,42,51,7.24625852153571,7.48411016998039,7.3532761835,7.4686396555,0.237851648444678,Up_in_Sepsis,0.639122315592904,0.0216359913017819,GSE95233
KLRF1,GSE137340,14,43,5.95922678375,5.59529415854651,5.80683890725,5.513115767,-0.363932625203488,Down_in_Sepsis,0.352159468438538,0.101294663733976,GSE95233
KLRF1,GSE236713,30,125,1.7801234765,-0.302001508312,1.7993622,-0.2195095925,-2.082124984812,Down_in_Sepsis,0.052,2.81319751669028e-14,GSE95233
KLRF1,GSE54514,18,35,7.67264817816667,7.55483685215714,7.65868830675,7.478268385,-0.117811326009524,Down_in_Sepsis,0.353968253968254,0.0857597614090956,GSE95233
KLRF1,GSE57065,25,28,7.9585768,5.76628357142857,8.04237,5.35671,-2.19229322857143,Down_in_Sepsis,0.108571428571429,1.29627503509389e-07,GSE95233
KLRF1,GSE65682,42,51,3.49926157905556,2.6817996475817,3.29856738866667,2.476504295,-0.817461931473856,Down_in_Sepsis,0.199346405228758,6.77111143044872e-07,GSE95233
CACNA1E,GSE137340,14,43,4.82979547135714,6.44748469846512,4.4814771975,6.251980795,1.61768922710797,Up_in_Sepsis,0.887043189368771,2.80092257029665e-06,GSE95233
CACNA1E,GSE236713,30,125,-3.91463297333333,0.409063265832,-3.71008965,0.6338866,4.32369623916533,Up_in_Sepsis,0.9632,3.6969859547151e-15,GSE95233
CACNA1E,GSE54514,18,35,7.39858977,7.65266011105714,7.360971689,7.501854897,0.254070341057143,Up_in_Sepsis,0.625396825396826,0.141506854350495,GSE95233
CACNA1E,GSE57065,25,28,3.08668213333333,3.55150755952381,3.08653833333333,3.5370275,0.464825426190476,Up_in_Sepsis,0.97,7.7571849600517e-12,GSE95233
CACNA1E,GSE65682,42,51,2.69073155032143,3.12848961527451,2.64151243275,3.0583520415,0.437758064953081,Up_in_Sepsis,0.774509803921569,5.74681376280225e-06,GSE95233
SMPDL3A,GSE137340,14,43,5.29939157914286,6.6831912217907,4.747642469,6.715797357,1.38379964264784,Up_in_Sepsis,0.805647840531562,0.000400631980255359,GSE95233
SMPDL3A,GSE236713,30,125,-1.20063452233333,0.311127671024,-1.1526017,0.24967122,1.51176219335733,Up_in_Sepsis,0.845333333333334,4.54768652152315e-09,GSE95233
SMPDL3A,GSE54514,18,35,8.08815202433333,7.91349780904286,7.66974496825,7.7591075895,-0.174654215290476,Down_in_Sepsis,0.474603174603175,0.773107646476209,GSE95233
SMPDL3A,GSE57065,25,28,3.6330384,5.28516160714286,3.65656,5.6871975,1.65212320714286,Up_in_Sepsis,0.937142857142857,9.7986344315551e-10,GSE95233
SMPDL3A,GSE65682,42,51,5.57082502838095,7.5624378732549,5.6595786905,7.80132781,1.99161284487395,Up_in_Sepsis,0.8874883286648,1.51621161941954e-10,GSE95233
CD2,GSE137340,14,43,9.56113330642857,8.85449397169768,9.600393138,8.671266105,-0.706639334730896,Down_in_Sepsis,0.289867109634552,0.0194959726563581,GSE95233
CD2,GSE236713,30,125,0.708043955666666,-0.0776268521413334,0.666660063333334,-0.134848751666667,-0.785670807808,Down_in_Sepsis,0.138666666666667,8.53324050885315e-10,GSE95233
CD2,GSE54514,18,35,8.75932876266667,8.56340471002857,8.981865883,8.418735504,-0.195924052638095,Down_in_Sepsis,0.423809523809524,0.375848631836723,GSE95233
CD2,GSE57065,25,28,9.3945184,7.3731425,9.43029,7.160235,-2.0213759,Down_in_Sepsis,0.0342857142857143,1.6235659793742e-11,GSE95233
CD2,GSE65682,42,51,6.20772458516667,4.81238850996078,6.070118461,4.667293134,-1.39533607520588,Down_in_Sepsis,0.19140989729225,3.41351490852647e-07,GSE95233
FKBP5,GSE137340,14,43,8.98427448996429,10.6316965455233,8.68653668175,10.569545925,1.64742205555897,Up_in_Sepsis,0.870431893687708,9.24335675110831e-06,GSE95233
FKBP5,GSE236713,30,125,-1.57748909416667,0.426975397316,-1.629614575,0.63807976,2.00446449148267,Up_in_Sepsis,0.9152,1.79488537873991e-12,GSE95233
FKBP5,GSE54514,18,35,10.5303719307222,10.7150913784,10.63995886,10.90611935,0.184719447677779,Up_in_Sepsis,0.538888888888889,0.652163958851931,GSE95233
FKBP5,GSE57065,25,28,7.68961813333333,9.52760333333333,7.62078333333333,9.56023333333334,1.8379852,Up_in_Sepsis,0.944285714285714,3.90036392897249e-10,GSE95233
FKBP5,GSE65682,42,51,6.06332153619048,6.48986142538889,6.35335386716667,6.526923938,0.426539889198412,Up_in_Sepsis,0.621848739495798,0.0443192845349304,GSE95233
GNAQ,GSE137340,14,43,4.89663924628571,5.33040220825581,4.7870511525,5.248171445,0.4337629619701,Up_in_Sepsis,0.712624584717608,0.0168688224440177,GSE95233
GNAQ,GSE236713,30,125,-1.23460720166667,0.324490817824,-1.2489655,0.28020716,1.55909801949067,Up_in_Sepsis,0.9656,2.66735498895389e-15,GSE95233
GNAQ,GSE54514,18,35,7.6014662055,7.70797726768571,7.556985855,7.743002415,0.106511062185714,Up_in_Sepsis,0.603174603174603,0.228139828404204,GSE95233
GNAQ,GSE57065,25,28,7.27001296,7.97060278571429,7.315366,7.922742,0.700589825714286,Up_in_Sepsis,0.951428571428571,1.46118725598053e-10,GSE95233
GNAQ,GSE65682,42,51,6.06936961479932,6.44789964690756,6.14781391392857,6.44804611628571,0.378530032108242,Up_in_Sepsis,0.711484593837535,0.000477095055252169,GSE95233
TPM4,GSE137340,14,43,5.16834903492857,5.32376218782326,5.1101540884,5.1732171902,0.155413152894685,Up_in_Sepsis,0.564784053156146,0.479707999120335,GSE95233
TPM4,GSE236713,30,125,-1.09557540116667,0.372219910856,-1.1112829375,0.42109692,1.46779531202267,Up_in_Sepsis,0.945333333333333,3.98919422636361e-14,GSE95233
TPM4,GSE54514,18,35,7.63406798577778,7.59495704517143,7.59523677825,7.6252088545,-0.0391109406063492,Down_in_Sepsis,0.450793650793651,0.570192060596712,GSE95233
TPM4,GSE57065,25,28,5.45133666666667,6.19114255952381,5.461515,6.150445,0.739805892857143,Up_in_Sepsis,0.932857142857143,1.66003315635981e-09,GSE95233
TPM4,GSE65682,42,51,5.96366973140476,6.58753758071373,5.942742007,6.6002271202,0.623867849308963,Up_in_Sepsis,0.777777777777778,4.44231456366313e-06,GSE95233
SRPK1,GSE137340,14,43,7.28468028178572,9.29764261211628,6.8626926065,9.272162039,2.01296233033056,Up_in_Sepsis,0.878737541528239,5.16186693059591e-06,GSE95233
SRPK1,GSE236713,30,125,-1.88451007,0.11872681884,-2.01168365,0.08205795,2.00323688884,Up_in_Sepsis,0.965866666666667,2.57208337503296e-15,GSE95233
SRPK1,GSE54514,18,35,9.80264393516667,9.93408775291429,9.8482875825,9.988170624,0.131443817747618,Up_in_Sepsis,0.626190476190476,0.137868603395991,GSE95233
SRPK1,GSE57065,25,28,7.3552492,8.49494428571429,7.27256,8.4468475,1.13969508571429,Up_in_Sepsis,0.994285714285714,2.65505474958986e-14,GSE95233
SRPK1,GSE65682,42,51,7.30623438856349,7.26195895171242,7.3301232785,7.30271059666667,-0.0442754368510743,Down_in_Sepsis,0.505135387488329,0.935394286414627,GSE95233
KLRG1,GSE137340,14,43,4.26463553657143,4.45042813016279,4.2335670075,4.295713273,0.185792593591362,Up_in_Sepsis,0.762458471760797,0.00277398677921297,GSE95233
KLRG1,GSE236713,30,125,2.2033672975,-0.3638078811,2.27022255,-0.3035959,-2.5671751786,Down_in_Sepsis,0.0218666666666666,4.72267228015068e-16,GSE95233
KLRG1,GSE54514,18,35,7.9997029305,7.83932613642857,7.949187756,7.660594463,-0.160376794071428,Down_in_Sepsis,0.385714285714286,0.181077171557747,GSE95233
KLRG1,GSE57065,25,28,7.2647048,6.0016425,7.17239,5.934195,-1.2630623,Down_in_Sepsis,0.111428571428571,1.68336329944811e-07,GSE95233
KLRG1,GSE65682,42,51,3.65390333425,3.00715019243137,3.4510624315,2.794043851,-0.646753141818627,Down_in_Sepsis,0.258169934640523,6.46677990852284e-05,GSE95233
TSPO,GSE137340,14,43,9.49792795573809,11.1286073497752,9.1370081325,11.2951774906667,1.63067939403711,Up_in_Sepsis,0.862126245847176,1.61210294818759e-05,GSE95233
TSPO,GSE236713,30,125,-0.846677832533333,0.000317008679999967,-0.84117175,0.001459122,0.846994841213333,Up_in_Sepsis,0.877333333333334,1.4897284264812e-10,GSE95233
TSPO,GSE54514,18,35,12.0371245810278,12.0085690904143,12.01227951175,12.035803795,-0.0285554906134919,Down_in_Sepsis,0.492063492063492,0.933308660155946,GSE95233
TSPO,GSE57065,25,28,9.8155904,11.3768821428571,9.77179,11.43895,1.56129174285714,Up_in_Sepsis,0.981428571428571,8.25279517997514e-13,GSE95233
TSPO,GSE65682,42,51,9.99027076420635,10.5461345918693,10.0103408118333,10.5624629066667,0.555863827662934,Up_in_Sepsis,0.80905695611578,3.27701771838717e-07,GSE95233
OXNAD1,GSE137340,14,43,4.67370512764286,4.84939694466279,4.69470303375,4.850240153,0.175691817019934,Up_in_Sepsis,0.63953488372093,0.122540086310893,GSE95233
OXNAD1,GSE236713,30,125,1.71146616233333,-0.469834204224,1.73813105,-0.36164308,-2.18130036655733,Down_in_Sepsis,0.00613333333333334,5.04489186905776e-17,GSE95233
OXNAD1,GSE54514,18,35,7.17020501038889,7.14740787225714,7.179548502,7.129337311,-0.0227971381317458,Down_in_Sepsis,0.412698412698413,0.309195100119527,GSE95233
OXNAD1,GSE57065,25,28,6.789068,5.42670642857143,6.7082,5.41191,-1.36236157142857,Down_in_Sepsis,0.0114285714285714,1.482405568521e-13,GSE95233
OXNAD1,GSE65682,42,51,3.69733484242063,3.36351694094118,3.59445659266667,3.33543044833333,-0.333817901479458,Down_in_Sepsis,0.297385620915033,0.000818040315248112,GSE95233
ITGAM,GSE137340,14,43,8.28098930371429,9.90805056344186,7.990106598,9.90494104,1.62706125972757,Up_in_Sepsis,0.867109634551495,1.15818527714491e-05,GSE95233
ITGAM,GSE236713,30,125,-1.14417423066667,0.122462905848,-1.05519555,0.10728216,1.26663713651467,Up_in_Sepsis,0.918133333333333,1.25320518707278e-12,GSE95233
ITGAM,GSE54514,18,35,10.4662495726667,10.6690413064286,10.43363619,10.81633568,0.202791733761904,Up_in_Sepsis,0.598412698412698,0.250718918621702,GSE95233
ITGAM,GSE57065,25,28,6.639916,7.62875732142857,6.6686,7.626775,0.988841321428571,Up_in_Sepsis,0.997142857142857,8.85018249863286e-15,GSE95233
ITGAM,GSE65682,42,51,8.20292604039683,8.60428952526144,8.2261655985,8.637922122,0.401363484864612,Up_in_Sepsis,0.743230625583567,5.86302607729117e-05,GSE95233
TBC1D7,GSE137340,14,43,5.61671633878571,6.73491253013954,5.276996927,6.71756793,1.11819619135382,Up_in_Sepsis,0.845514950166113,4.56594410621073e-05,GSE95233
TBC1D7,GSE236713,30,125,-0.4575469658,0.116603444696,-0.406740195,0.11324405,0.574150410496,Up_in_Sepsis,0.905333333333333,5.90263795177242e-12,GSE95233
TBC1D7,GSE54514,18,35,7.87161596622222,7.94773457391429,7.856547356,7.876677513,0.076118607692063,Up_in_Sepsis,0.546031746031746,0.595788354333167,GSE95233
TBC1D7,GSE57065,25,28,4.0395452,4.46838464285714,4.06462,4.5111375,0.428839442857143,Up_in_Sepsis,0.892857142857143,1.13569309787656e-07,GSE95233
TBC1D7,GSE65682,42,51,4.03437470842857,4.68178867282353,3.9720966605,4.687471572,0.647413964394958,Up_in_Sepsis,0.799253034547152,7.62783761565202e-07,GSE95233
GSN,GSE137340,14,43,4.22377401442857,4.52488996448837,4.187802175,4.308931746,0.301115950059801,Up_in_Sepsis,0.792358803986711,0.000757448462939206,GSE95233
GSN,GSE236713,30,125,-1.55273077816667,0.249167161436,-1.578709475,0.13222444,1.80189793960267,Up_in_Sepsis,0.987466666666667,1.26375431476583e-16,GSE95233
GSN,GSE54514,18,35,7.77994834038889,7.93659954071429,7.761471033,7.916757107,0.156651200325397,Up_in_Sepsis,0.604761904761905,0.220939150662259,GSE95233
GSN,GSE57065,25,28,4.90147146666667,5.13990839285714,4.885595,5.123565,0.238436926190478,Up_in_Sepsis,0.815714285714286,4.15531635671201e-05,GSE95233
GSN,GSE65682,42,51,7.02865115857143,7.56613318905882,7.1103088395,7.550005003,0.537482030487395,Up_in_Sepsis,0.76937441643324,8.56400623491198e-06,GSE95233
STAT4,GSE137340,14,43,7.85706948621429,7.53867792509302,7.577214019,7.360061222,-0.318391561121262,Down_in_Sepsis,0.377076411960133,0.174985876084044,GSE95233
STAT4,GSE236713,30,125,1.756422655,-0.270951191372,1.74187625,-0.186457515,-2.027373846372,Down_in_Sepsis,0.0192,3.24868406725649e-16,GSE95233
STAT4,GSE54514,18,35,7.96285049127778,8.03548515865714,7.8583993915,7.947469711,0.0726346673793641,Up_in_Sepsis,0.549206349206349,0.570192060596712,GSE95233
STAT4,GSE57065,25,28,7.9695324,6.48809821428571,7.98157,6.34789,-1.48143418571429,Down_in_Sepsis,0.0428571428571429,6.3278804865225e-11,GSE95233
STAT4,GSE65682,42,51,4.98455541134524,4.23852325806863,4.85715758825,4.011113863,-0.746032153276611,Down_in_Sepsis,0.26937441643324,0.000139069668039901,GSE95233
MPO,GSE137340,14,43,4.86977819714286,6.546457698,4.4605027055,5.734356103,1.67667950085714,Up_in_Sepsis,0.870431893687708,9.24335675110831e-06,GSE95233
MPO,GSE236713,30,125,-1.57629387966667,0.584259629792,-1.5246446,0.16214395,2.16055350945867,Up_in_Sepsis,0.939466666666667,8.54095201033925e-14,GSE95233
MPO,GSE54514,18,35,7.91268552677778,8.58842936951429,7.608141899,8.005535126,0.675743842736508,Up_in_Sepsis,0.650793650793651,0.0757771396566388,GSE95233
MPO,GSE57065,25,28,4.327619,5.80637107142857,4.34454,5.04745,1.47875207142857,Up_in_Sepsis,0.897142857142857,7.58728424529789e-08,GSE95233
MPO,GSE65682,42,51,3.52584413935714,4.93375340480392,3.37495188425,4.4294089485,1.40790926544678,Up_in_Sepsis,0.841269841269842,1.70588611090761e-08,GSE95233
CETP,GSE137340,14,43,4.43835936121429,5.22365999160465,4.318565139,5.071342347,0.785300630390366,Up_in_Sepsis,0.928571428571429,7.57955725087636e-08,GSE95233
CETP,GSE236713,30,125,-1.45113489566667,0.683051820976,-1.35259105,0.64427686,2.13418671664267,Up_in_Sepsis,0.945066666666666,4.13052690891091e-14,GSE95233
CETP,GSE54514,18,35,7.64709230272222,7.57935279444286,7.625354767,7.4323196415,-0.0677395082793648,Down_in_Sepsis,0.334920634920635,0.0512864999292285,GSE95233
CETP,GSE57065,25,28,3.500106,4.594975,3.4954,4.31298,1.094869,Up_in_Sepsis,0.888571428571429,1.68336329944811e-07,GSE95233
CETP,GSE65682,42,51,2.65092988459524,3.38332166164706,2.5289796355,3.277155082,0.732391777051821,Up_in_Sepsis,0.84733893557423,9.47797294486998e-09,GSE95233
NAIP,GSE137340,14,43,4.82506354455953,5.55448692027907,4.76230410616667,5.54298314833333,0.729423375719544,Up_in_Sepsis,0.887043189368771,2.80092257029665e-06,GSE95233
NAIP,GSE236713,30,125,-1.44798230833333,0.306962246765333,-1.48199296666667,0.407299595666667,1.75494455509867,Up_in_Sepsis,0.9248,5.48915910333226e-13,GSE95233
NAIP,GSE54514,18,35,7.47314039868519,7.50406985057143,7.43612806016667,7.47848510733333,0.0309294518862435,Up_in_Sepsis,0.538095238095238,0.661913156874205,GSE95233
NAIP,GSE57065,25,28,6.11830173333333,8.31776678571429,6.23411333333333,8.28508166666667,2.19946505238095,Up_in_Sepsis,0.995714285714286,1.54878193726075e-14,GSE95233
NAIP,GSE65682,42,51,7.46500607678571,7.82737946069608,7.43487649475,7.863333681,0.362373383910364,Up_in_Sepsis,0.621848739495798,0.0443192845349304,GSE95233
MEN1,GSE137340,14,43,4.58777932642857,4.73749554895349,4.5816041815,4.61960827475,0.149716222524916,Up_in_Sepsis,0.602990033222591,0.257449737936608,GSE95233
MEN1,GSE236713,30,125,0.763143711883333,-0.141657544676,0.7332383375,-0.15708649,-0.904801256559333,Down_in_Sepsis,0.0717333333333333,3.55561831152515e-13,GSE95233
MEN1,GSE54514,18,35,7.17790065872222,7.15948155264762,7.1888920465,7.15767002133333,-0.0184191060746031,Down_in_Sepsis,0.376190476190476,0.146722427447959,GSE95233
MEN1,GSE57065,25,28,6.6538928,5.61158428571429,6.69605,5.58325,-1.04230851428571,Down_in_Sepsis,0.00714285714285714,4.20383668685061e-14,GSE95233
MEN1,GSE65682,42,51,3.01643658514286,2.64068330876471,2.9687561925,2.614839293,-0.375753276378151,Down_in_Sepsis,0.203548085901027,9.66515632862645e-07,GSE95233
EPHX2,GSE137340,14,43,5.43788152971429,5.13566059890698,5.4975403105,5.155130116,-0.302220930807309,Down_in_Sepsis,0.365448504983389,0.136826079481739,GSE95233
EPHX2,GSE236713,30,125,1.58566066,-0.204346971464,1.5675025,-0.1949563,-1.790007631464,Down_in_Sepsis,0.0274666666666667,1.0292890169365e-15,GSE95233
EPHX2,GSE54514,18,35,7.32003508672222,7.1843408448,7.3228383065,7.171639442,-0.135694241922222,Down_in_Sepsis,0.2,0.00023988281015398,GSE95233
EPHX2,GSE57065,25,28,4.5944412,3.54083214285714,4.51049,3.504535,-1.05360905714286,Down_in_Sepsis,0.00142857142857143,4.42509124931643e-15,GSE95233
EPHX2,GSE65682,42,51,2.53026451654762,2.17223946598039,2.261567005,2.098151418,-0.358025050567227,Down_in_Sepsis,0.355275443510738,0.016878759275338,GSE95233
CEP55,GSE137340,14,43,4.61597219692857,5.21411076995349,4.288316736,5.114318375,0.598138573024917,Up_in_Sepsis,0.837209302325582,7.43901516703796e-05,GSE95233
CEP55,GSE236713,30,125,-1.44958016966667,0.663381611184,-1.48125865,0.59621751,2.11296178085067,Up_in_Sepsis,0.894133333333333,2.20506409235788e-11,GSE95233
CEP55,GSE54514,18,35,7.31195847194444,7.45416235234286,7.2863919735,7.323082924,0.142203880398413,Up_in_Sepsis,0.590476190476191,0.29165367273141,GSE95233
CEP55,GSE57065,25,28,2.2961324,4.13868892857143,2.18227,4.03488,1.84255652857143,Up_in_Sepsis,0.992857142857143,4.20383668685061e-14,GSE95233
CEP55,GSE65682,42,51,2.00371197339286,2.94133015806863,1.98208703625,2.646532761,0.93761818467577,Up_in_Sepsis,0.915032679738562,6.92401244723124e-12,GSE95233
AQP9,GSE137340,14,43,11.2093767921429,12.632747962093,10.929711265,12.75550199,1.42337116995017,Up_in_Sepsis,0.835548172757475,8.18207367405696e-05,GSE95233
AQP9,GSE236713,30,125,-2.63173465333333,0.158606047856,-2.72709225,0.19639158,2.79034070118933,Up_in_Sepsis,0.990933333333333,7.69606348967632e-17,GSE95233
AQP9,GSE54514,18,35,12.9532710177778,13.0090685434286,12.93002844,13.11397552,0.0557975256507923,Up_in_Sepsis,0.549206349206349,0.566683777277514,GSE95233
AQP9,GSE57065,25,28,11.091456,11.6964678571429,11.0754,11.6917,0.605011857142856,Up_in_Sepsis,0.852857142857143,3.21334708179919e-06,GSE95233
AQP9,GSE65682,42,51,8.04365835147619,7.92644409985621,8.12637520716666,8.05450929033333,-0.117214251619981,Down_in_Sepsis,0.443043884220355,0.348255062790102,GSE95233
CD40LG,GSE137340,14,43,5.52968138642857,4.95405682141861,5.6434468545,4.765482407,-0.575624565009966,Down_in_Sepsis,0.22093023255814,0.00137868549658167,GSE95233
CD40LG,GSE236713,30,125,2.01247037333333,-0.496911676152,2.06293465,-0.48420095,-2.50938204948533,Down_in_Sepsis,0.0125333333333333,1.26375431476583e-16,GSE95233
CD40LG,GSE54514,18,35,7.1898295615,7.2195152964,7.129025221,7.19689703,0.0296857349000002,Up_in_Sepsis,0.598412698412699,0.250718918621702,GSE95233
CD40LG,GSE57065,25,28,6.1035448,5.61247071428571,6.09243,5.56584,-0.491074085714286,Down_in_Sepsis,0.102857142857143,7.58728424529789e-08,GSE95233
CD40LG,GSE65682,42,51,2.70231174914286,2.46449742847059,2.714213027,2.436825467,-0.237814320672269,Down_in_Sepsis,0.26844070961718,0.000130635719861379,GSE95233
C1QC,GSE137340,14,43,4.46944869214286,5.68642115337209,4.3032057655,5.51964435,1.21697246122924,Up_in_Sepsis,0.921926910299003,1.45663126011981e-07,GSE95233
C1QC,GSE236713,30,125,-2.84385887,0.909057512,-3.0900035,0.9447994,3.752916382,Up_in_Sepsis,0.976,6.36120793677694e-16,GSE95233
C1QC,GSE54514,18,35,7.41241778277778,7.41547611785714,7.270591259,7.293241024,0.00305833507936448,Up_in_Sepsis,0.506349206349206,0.948105521087026,GSE95233
C1QC,GSE57065,25,28,4.2818384,5.43648571428571,4.26959,5.18298,1.15464731428571,Up_in_Sepsis,0.887142857142857,1.91529852765876e-07,GSE95233
C1QC,GSE65682,42,51,2.22234210771429,2.45050899568627,2.225640558,2.328364488,0.228166887971989,Up_in_Sepsis,0.683006535947713,0.00250797442783743,GSE95233
TARP,GSE137340,14,43,7.10796534371429,6.15085815127907,7.088790671,6.303269551,-0.957107192435216,Down_in_Sepsis,0.224252491694352,0.00159239590439453,GSE95233
TARP,GSE236713,30,125,2.0316118565,-0.224488382,2.072985275,-0.3735243045,-2.2561002385,Down_in_Sepsis,0.0504,2.27912616137746e-14,GSE95233
TARP,GSE54514,18,35,7.26613648738889,7.16088468008571,7.2430894375,7.132469177,-0.105251807303175,Down_in_Sepsis,0.252380952380952,0.0028821830918808,GSE95233
TARP,GSE57065,25,28,8.466887,6.63202321428572,8.621685,6.3118975,-1.83486378571429,Down_in_Sepsis,0.08,7.3143926292801e-09,GSE95233
TARP,GSE65682,42,51,6.22646801688095,5.56563107082353,5.936322968,5.401331171,-0.660836946057423,Down_in_Sepsis,0.361811391223156,0.0225331709810997,GSE95233
SPCS3,GSE137340,14,43,5.37612024475,6.86666479,4.95073896075,6.899263216,1.49054454525,Up_in_Sepsis,0.858803986710963,1.99991144589167e-05,GSE95233
SPCS3,GSE236713,30,125,-0.508777813666667,0.072483249096,-0.56681825,0.05027151,0.581261062762667,Up_in_Sepsis,0.866933333333333,4.67066063141121e-10,GSE95233
SPCS3,GSE54514,18,35,7.69315886488889,7.67275875642857,7.725640774,7.68324852,-0.0204001084603176,Down_in_Sepsis,0.478571428571429,0.80710644389313,GSE95233
SPCS3,GSE57065,25,28,6.58602986666667,7.45033154761905,6.61190666666667,7.626985,0.864301680952381,Up_in_Sepsis,0.905714285714286,3.28170209911543e-08,GSE95233
SPCS3,GSE65682,42,51,5.41366666926984,5.91821066907843,5.39306827633333,5.923679074,0.504543999808591,Up_in_Sepsis,0.781045751633987,3.42429295403965e-06,GSE95233
BACH2,GSE137340,14,43,4.60354495119643,4.73413959451163,4.59973057875,4.636813636,0.1305946433152,Up_in_Sepsis,0.56312292358804,0.49123487062771,GSE95233
BACH2,GSE236713,30,125,2.07433841333333,-0.344494265336,2.050342325,-0.3784858,-2.41883267866933,Down_in_Sepsis,0.024,6.36120793677694e-16,GSE95233
BACH2,GSE54514,18,35,7.16996871987037,7.23128238859048,7.17851034816667,7.20007387766667,0.0613136687201052,Up_in_Sepsis,0.644444444444444,0.0893094144791169,GSE95233
BACH2,GSE57065,25,28,6.4475452,4.56257428571429,6.365085,4.336395,-1.88497091428571,Down_in_Sepsis,0.0328571428571429,1.27509004349053e-11,GSE95233
BACH2,GSE65682,42,51,2.84344966409524,2.58526325947059,2.676387867,2.476367827,-0.25818640462465,Down_in_Sepsis,0.336601307189542,0.00697285486814061,GSE95233
GSR,GSE137340,14,43,5.06909384978571,5.91483409243023,4.86397793375,5.8952778595,0.845740242644518,Up_in_Sepsis,0.895348837209302,1.47261484413906e-06,GSE95233
GSR,GSE236713,30,125,-0.419421736166667,-0.03727039466,-0.379866599,0.05957389,0.382151341506667,Up_in_Sepsis,0.765066666666667,6.8059374930732e-06,GSE95233
GSR,GSE54514,18,35,7.71439990738889,7.70364262718571,7.6778616905,7.6295170785,-0.0107572802031743,Down_in_Sepsis,0.441269841269841,0.496648773453112,GSE95233
GSR,GSE57065,25,28,6.3745098,7.36836785714286,6.41036,7.3609525,0.993858057142857,Up_in_Sepsis,0.981428571428571,8.25279517997514e-13,GSE95233
GSR,GSE65682,42,51,6.28374000703571,7.05024103068628,6.281296745,7.1603994575,0.766501023650561,Up_in_Sepsis,0.880952380952381,3.06104293530879e-10,GSE95233
TP53,GSE137340,14,43,5.16969410078572,5.00969971925581,5.2459890345,5.018548144,-0.159994381529901,Down_in_Sepsis,0.362126245847176,0.127169822973794,GSE95233
TP53,GSE236713,30,125,1.01808966133333,-0.32744601876,1.0070018625,-0.367823955,-1.34553568009333,Down_in_Sepsis,0.0176,2.59297050143436e-16,GSE95233
TP53,GSE54514,18,35,7.12623776333333,7.1686722892,7.1269099715,7.175934792,0.0424345258666667,Up_in_Sepsis,0.666666666666667,0.0490209988229125,GSE95233
TP53,GSE57065,25,28,5.2080878,4.20476821428571,5.235205,4.24871,-1.00331958571429,Down_in_Sepsis,0.0371428571428571,2.59553727228655e-11,GSE95233
TP53,GSE65682,42,51,2.47697870042857,2.33623595177451,2.495268214,2.311044089,-0.140742748654062,Down_in_Sepsis,0.291316526610644,0.000566896165186858,GSE95233
LBH,GSE137340,14,43,5.57862206505357,5.5337914325407,5.47435262,5.51667521625,-0.0448306325128742,Down_in_Sepsis,0.446843853820598,0.563332937029135,GSE95233
LBH,GSE236713,30,125,1.09658640849167,-0.108171849482,1.04611248,-0.16066739675,-1.20475825797367,Down_in_Sepsis,0.0770666666666667,6.92535137086423e-13,GSE95233
LBH,GSE54514,18,35,7.55686577162963,7.55328455426667,7.59424002966667,7.539172649,-0.00358121736296102,Down_in_Sepsis,0.474603174603175,0.773107646476209,GSE95233
LBH,GSE57065,25,28,8.764602,6.65086107142857,8.77607,6.537715,-2.11374092857143,Down_in_Sepsis,0,2.21254562465821e-15,GSE95233
LBH,GSE65682,42,51,3.89112339257937,3.51522087839216,3.7918112435,3.460948696,-0.375902514187208,Down_in_Sepsis,0.309523809523809,0.00165577991334264,GSE95233
ATP11B,GSE137340,14,43,5.2846282495,6.44507444991861,4.958368882,6.3306674895,1.1604462004186,Up_in_Sepsis,0.867109634551495,1.15818527714491e-05,GSE95233
ATP11B,GSE236713,30,125,-0.692571196933333,0.330172582608,-0.64014244,0.32793975,1.02274377954133,Up_in_Sepsis,0.824,3.78497075509226e-08,GSE95233
ATP11B,GSE54514,18,35,8.65592421441667,8.45945029935714,8.665524125,8.423412323,-0.196473915059524,Down_in_Sepsis,0.377777777777778,0.152080729356349,GSE95233
ATP11B,GSE57065,25,28,5.2186784,7.03875482142857,5.22068666666667,7.28706166666667,1.82007642142857,Up_in_Sepsis,0.995714285714286,1.54878193726075e-14,GSE95233
ATP11B,GSE65682,42,51,5.28349894106845,6.11965036229412,5.2728987829375,6.2433836155,0.836151421225665,Up_in_Sepsis,0.800653594771242,6.77111143044872e-07,GSE95233
CLSTN1,GSE137340,14,43,5.50522324709524,5.55865818596899,5.4683266045,5.49370808766667,0.0534349388737549,Up_in_Sepsis,0.504983388704319,0.963464689999678,GSE95233
CLSTN1,GSE236713,30,125,1.195378201,-0.330004069544,1.25340155,-0.3149109,-1.525382270544,Down_in_Sepsis,0.0165333333333333,2.23022449395653e-16,GSE95233
CLSTN1,GSE54514,18,35,7.52156594058333,7.66402695521429,7.501963377,7.658690691,0.142461014630952,Up_in_Sepsis,0.7,0.0173911833216328,GSE95233
CLSTN1,GSE57065,25,28,6.8295196,5.83529642857143,6.8077,5.84866,-0.994223171428572,Down_in_Sepsis,0.03,7.7571849600517e-12,GSE95233
CLSTN1,GSE65682,42,51,3.9589420792381,3.56879915301961,3.8724967795,3.564182624,-0.390142926218487,Down_in_Sepsis,0.204014939309057,1.00520795442081e-06,GSE95233
NDST2,GSE137340,14,43,5.20678947217857,5.99129690981395,5.106917747,6.02337956,0.784507437635382,Up_in_Sepsis,0.868770764119601,1.0352095404657e-05,GSE95233
NDST2,GSE236713,30,125,-0.844546086166667,0.153230272956,-0.848564375,0.10800743,0.997776359122667,Up_in_Sepsis,0.927733333333333,3.80211632577724e-13,GSE95233
NDST2,GSE54514,18,35,8.43623047411111,8.558761515,8.266138077,8.473205566,0.122531040888889,Up_in_Sepsis,0.577777777777778,0.365828622459723,GSE95233
NDST2,GSE57065,25,28,5.291112,6.29394214285714,5.271295,6.398975,1.00283014285714,Up_in_Sepsis,0.981428571428571,8.25279517997514e-13,GSE95233
NDST2,GSE65682,42,51,5.04624420984524,5.44335230143137,5.096814666,5.445633335,0.397108091586134,Up_in_Sepsis,0.662464985994398,0.00730309246733773,GSE95233
SAMD3,GSE137340,14,43,6.330297702875,5.77530154137791,6.238959253375,5.560544291,-0.554996161497093,Down_in_Sepsis,0.275747508305648,0.0114791320682579,GSE95233
SAMD3,GSE236713,30,125,1.55614683733333,-0.429304447852,1.51232905,-0.3463490635,-1.98545128518533,Down_in_Sepsis,0.0293333333333333,1.33186391197432e-15,GSE95233
SAMD3,GSE54514,18,35,7.37058223612963,7.31262510389524,7.3550186155,7.29780340166667,-0.0579571322343924,Down_in_Sepsis,0.411111111111111,0.300340734781541,GSE95233
SAMD3,GSE57065,25,28,5.1742838,4.09672785714286,5.12301,4.11197,-1.07755594285714,Down_in_Sepsis,0.0771428571428572,5.32311262981583e-09,GSE95233
SAMD3,GSE65682,42,51,3.35650238542064,2.73522683843137,3.15999322266666,2.61955043433333,-0.621275546989263,Down_in_Sepsis,0.183473389355742,1.69238897793953e-07,GSE95233
RCAN3,GSE137340,14,43,4.42932593971429,4.66435588518605,4.364500706,4.535849962,0.235029945471761,Up_in_Sepsis,0.719269102990033,0.0135726503386928,GSE95233
RCAN3,GSE236713,30,125,1.58249357666667,-0.322811407856,1.579923375,-0.33525325,-1.90530498452267,Down_in_Sepsis,0.0104,9.31726147513612e-17,GSE95233
RCAN3,GSE54514,18,35,7.18511764211111,7.16941578734286,7.195699215,7.169031143,-0.0157018547682535,Down_in_Sepsis,0.438095238095238,0.473286065359816,GSE95233
RCAN3,GSE57065,25,28,5.98347133333333,4.41583083333333,5.94485333333333,4.34362833333334,-1.5676405,Down_in_Sepsis,0,2.21254562465821e-15,GSE95233
RCAN3,GSE65682,42,51,2.69091071388095,2.62882946119608,2.6158717795,2.58265251,-0.062081252684874,Down_in_Sepsis,0.458450046685341,0.494468171923456,GSE95233
BAZ1A,GSE137340,14,43,7.02536312053571,8.44793026040698,6.62429578625,8.4639753055,1.42256713987126,Up_in_Sepsis,0.848837209302326,3.73425195502401e-05,GSE95233
BAZ1A,GSE236713,30,125,-1.10758373866667,0.330047585472,-1.08332845,0.21280956,1.43763132413867,Up_in_Sepsis,0.955466666666666,1.04668728554346e-14,GSE95233
BAZ1A,GSE54514,18,35,9.00212816402778,8.99772211498572,9.0386412145,8.980738164,-0.00440604904206232,Down_in_Sepsis,0.503174603174603,0.977746942500812,GSE95233
BAZ1A,GSE57065,25,28,8.4024268,9.64944214285714,8.36847,9.71966,1.24701534285714,Up_in_Sepsis,0.938571428571428,8.18582142391674e-10,GSE95233
BAZ1A,GSE65682,42,51,8.40711531929167,8.76998904987255,8.45247456125,8.7790546115,0.362873730580883,Up_in_Sepsis,0.666199813258636,0.00606109341560624,GSE95233
MBOAT2,GSE137340,14,43,5.25210661667857,6.11768587436047,5.0634674695,6.0258867145,0.865579257681893,Up_in_Sepsis,0.800664451827243,0.000511075771431277,GSE95233
MBOAT2,GSE236713,30,125,-2.22391400733333,0.160730654336,-2.1164951,0.51386666,2.38464466166933,Up_in_Sepsis,0.910933333333333,3.01354347333603e-12,GSE95233
MBOAT2,GSE54514,18,35,8.00047442644445,8.08352207462857,7.9885799885,8.050322533,0.0830476481841274,Up_in_Sepsis,0.598412698412698,0.250718918621702,GSE95233
MBOAT2,GSE57065,25,28,6.4195554,7.41471589285714,6.383385,7.4468725,0.995160492857143,Up_in_Sepsis,0.992857142857143,4.20383668685061e-14,GSE95233
MBOAT2,GSE65682,42,51,5.86010217576191,6.42362696176471,5.90341027683334,6.54037096366667,0.5635247860028,Up_in_Sepsis,0.817460317460318,1.55659726353475e-07,GSE95233
NRN1,GSE137340,14,43,4.35292960728571,4.65710980930233,4.296520501,4.506415581,0.304180202016611,Up_in_Sepsis,0.767441860465116,0.00226161516289298,GSE95233
NRN1,GSE236713,30,125,-1.46420854216667,0.499733937752,-1.5129442,0.49257278,1.96394247991867,Up_in_Sepsis,0.9,1.11052356465533e-11,GSE95233
NRN1,GSE54514,18,35,7.08065077994444,7.12355827611429,7.0750558375,7.108066082,0.0429074961698408,Up_in_Sepsis,0.603174603174603,0.228139828404204,GSE95233
NRN1,GSE57065,25,28,3.4403728,4.77747714285714,3.35418,4.603055,1.33710434285714,Up_in_Sepsis,0.927142857142857,3.26467523300631e-09,GSE95233
NRN1,GSE65682,42,51,3.1052502257381,4.05346001629412,3.074268028,3.779108282,0.948209790556022,Up_in_Sepsis,0.844070961718021,1.30220306423079e-08,GSE95233
CDK5RAP2,GSE137340,14,43,5.60830444940476,7.02519647022481,5.3105203395,6.95299426066667,1.41689202082005,Up_in_Sepsis,0.87375415282392,7.34598051394299e-06,GSE95233
CDK5RAP2,GSE236713,30,125,-0.791296477333333,0.425802082072,-0.7820822,0.3672675,1.21709855940533,Up_in_Sepsis,0.908,4.29036556442579e-12,GSE95233
CDK5RAP2,GSE54514,18,35,8.52106659488889,8.23422440579048,8.62943132666667,8.21826394366667,-0.286842189098413,Down_in_Sepsis,0.317460317460317,0.0305690600321864,GSE95233
CDK5RAP2,GSE57065,25,28,5.5069176,6.74047726190476,5.51953,6.78708833333334,1.23355966190476,Up_in_Sepsis,0.995714285714286,1.54878193726075e-14,GSE95233
CDK5RAP2,GSE65682,42,51,5.10440442710952,6.2762897959451,5.0014233092,6.3855947708,1.17188536883557,Up_in_Sepsis,0.767507002801121,9.88395829280705e-06,GSE95233
FGFBP2,GSE137340,14,43,8.82698706192857,7.64860136590698,8.8254792715,7.341597524,-1.17838569602159,Down_in_Sepsis,0.292358803986711,0.0197696198688842,GSE95233
FGFBP2,GSE236713,30,125,1.554705039,-0.632313492712,1.6569903,-0.5379405,-2.187018531712,Down_in_Sepsis,0.106133333333333,2.27437142377527e-11,GSE95233
FGFBP2,GSE54514,18,35,8.11455218005556,7.82419850482857,8.0140652655,7.588447094,-0.290353675226984,Down_in_Sepsis,0.33968253968254,0.0586025873125773,GSE95233
FGFBP2,GSE57065,25,28,7.712494,5.72687035714286,7.70483,5.420895,-1.98562364285714,Down_in_Sepsis,0.151428571428571,4.42126076200337e-06,GSE95233
FGFBP2,GSE65682,42,51,5.72802640064286,4.17341366347059,5.865941656,3.9159778725,-1.55461273717227,Down_in_Sepsis,0.127450980392157,7.42785999895666e-10,GSE95233
ITK,GSE137340,14,43,8.193609923,7.80989801837209,8.042587739,7.913215491,-0.383711904627908,Down_in_Sepsis,0.408637873754153,0.316121575352695,GSE95233
ITK,GSE236713,30,125,1.79931535,-0.533339213304,1.85751465,-0.23608994,-2.332654563304,Down_in_Sepsis,0.0216,4.54966383174459e-16,GSE95233
ITK,GSE54514,18,35,8.3396094375,8.3541228568,8.4084177015,8.293104172,0.0145134193000001,Up_in_Sepsis,0.477777777777778,0.79984215655489,GSE95233
ITK,GSE57065,25,28,9.6871116,7.36801821428571,9.68134,7.4163,-2.31909338571429,Down_in_Sepsis,0.00285714285714286,8.85018249863286e-15,GSE95233
ITK,GSE65682,42,51,4.92136354961905,3.92150194729412,4.9430049355,3.819000933,-0.99986160232493,Down_in_Sepsis,0.23109243697479,8.87723549779105e-06,GSE95233
DEFA4,GSE137340,14,43,5.90282915764286,8.68017630353488,5.5452434395,8.583821566,2.77734714589203,Up_in_Sepsis,0.807308970099668,0.000368932478636985,GSE95233
DEFA4,GSE236713,30,125,-2.31981297666667,0.040097830608,-2.41527345,0.06669688,2.35991080727467,Up_in_Sepsis,0.9512,1.84510379993884e-14,GSE95233
DEFA4,GSE54514,18,35,9.10003015705555,9.51244167625714,8.80538559,9.127599716,0.412411519201589,Up_in_Sepsis,0.546031746031746,0.592459606235408,GSE95233
DEFA4,GSE57065,25,28,6.209522,8.53964821428571,5.96342,8.55533,2.33012621428571,Up_in_Sepsis,0.765714285714286,0.000697422755086245,GSE95233
DEFA4,GSE65682,42,51,5.3059191057381,7.60266781441177,4.9676635775,7.5007717,2.29674870867367,Up_in_Sepsis,0.784313725490196,2.63215247427863e-06,GSE95233
SIDT1,GSE137340,14,43,5.19826414907143,5.06925116255814,5.1256360285,5.125943739,-0.129012986513289,Down_in_Sepsis,0.431893687707641,0.457093279438225,GSE95233
SIDT1,GSE236713,30,125,1.56979033,-0.298718882272,1.57144405,-0.19781971,-1.868509212272,Down_in_Sepsis,0.0149333333333333,1.77791698605755e-16,GSE95233
SIDT1,GSE54514,18,35,7.21231280427778,7.23488567902857,7.2446279525,7.237391949,0.0225728747507938,Up_in_Sepsis,0.528571428571429,0.744773717603001,GSE95233
SIDT1,GSE57065,25,28,6.4559348,4.85432571428571,6.48708,4.78906,-1.60160908571429,Down_in_Sepsis,0.0142857142857143,3.07543841827492e-13,GSE95233
SIDT1,GSE65682,42,51,3.44466366047619,3.07977148256863,3.257517761,2.98105362,-0.364892177907563,Down_in_Sepsis,0.316526610644258,0.00244474684663438,GSE95233
SLC22A15,GSE137340,14,43,5.19843856157143,6.28167985009302,4.8939751685,6.282553722,1.08324128852159,Up_in_Sepsis,0.803986710963455,0.000434777002978728,GSE95233
SLC22A15,GSE236713,30,125,-1.6412228766,0.17472447664,-1.662424925,0.27860021,1.81594735324,Up_in_Sepsis,0.962666666666667,3.97424855205802e-15,GSE95233
SLC22A15,GSE54514,18,35,7.77363846038889,7.99127152308572,7.744202852,7.912961483,0.217633062696826,Up_in_Sepsis,0.623809523809524,0.146722427447959,GSE95233
SLC22A15,GSE57065,25,28,6.30075,7.51593071428571,6.24373,7.54928,1.21518071428571,Up_in_Sepsis,0.968571428571428,9.97415567595923e-12,GSE95233
SLC22A15,GSE65682,42,51,3.78211947952381,3.90564864782353,3.835081754,3.87926299466667,0.12352916829972,Up_in_Sepsis,0.558823529411765,0.332615420903934,GSE95233
RASGRP1,GSE137340,14,43,5.76315659492857,5.74034018081395,5.649684841,5.684216414,-0.0228164141146179,Down_in_Sepsis,0.476744186046512,0.804590920857132,GSE95233
RASGRP1,GSE236713,30,125,1.20997883566667,-0.440873478976,1.24826525,-0.39428043,-1.65085231464267,Down_in_Sepsis,0.0517333333333334,2.71633609541585e-14,GSE95233
RASGRP1,GSE54514,18,35,7.58946365777778,7.50196955548571,7.474839449,7.396328449,-0.0874941022920632,Down_in_Sepsis,0.396825396825397,0.228139828404204,GSE95233
RASGRP1,GSE57065,25,28,8.6735592,6.59675214285714,8.74139,6.466325,-2.07680705714286,Down_in_Sepsis,0.04,4.0828104411818e-11,GSE95233
RASGRP1,GSE65682,42,51,4.0937187339,3.49476184095294,4.0467968729,3.4622469572,-0.598956892947059,Down_in_Sepsis,0.225023342670401,5.54023063653005e-06,GSE95233
ARHGEF9,GSE137340,14,43,4.48642430721429,4.72865547913954,4.4300563135,4.616161585,0.242231171925249,Up_in_Sepsis,0.732558139534884,0.00860715367594649,GSE95233
ARHGEF9,GSE236713,30,125,0.932643189616667,-0.164976697296,0.976572265,-0.101801752,-1.09761988691267,Down_in_Sepsis,0.0290666666666667,1.28379968378171e-15,GSE95233
ARHGEF9,GSE54514,18,35,7.08697014372222,7.1023269926,7.0605049135,7.088788033,0.0153568488777776,Up_in_Sepsis,0.612698412698413,0.187329444556183,GSE95233
ARHGEF9,GSE57065,25,28,4.170995,3.40330339285714,4.184425,3.4319725,-0.767691607142857,Down_in_Sepsis,0.0114285714285714,1.482405568521e-13,GSE95233
ARHGEF9,GSE65682,42,51,3.13619706992857,2.73069413031373,3.0840761835,2.702918147,-0.405502939614846,Down_in_Sepsis,0.234360410830999,1.13969133024811e-05,GSE95233
IL1R1,GSE137340,14,43,4.33088103014286,4.8965065692093,4.2525747,4.66580794,0.565625539066446,Up_in_Sepsis,0.820598006644518,0.000186294412620237,GSE95233
IL1R1,GSE236713,30,125,-2.66152682,0.584737665396,-2.554641375,0.81595932,3.246264485396,Up_in_Sepsis,0.954933333333333,1.12386782366496e-14,GSE95233
IL1R1,GSE54514,18,35,7.29579459294445,7.37789568211429,7.249023676,7.331950188,0.0821010891698411,Up_in_Sepsis,0.546031746031746,0.595788354333167,GSE95233
IL1R1,GSE57065,25,28,4.4503266,5.61383821428571,4.37195,5.5209375,1.16351161428571,Up_in_Sepsis,0.967142857142857,1.27509004349053e-11,GSE95233
IL1R1,GSE65682,42,51,6.81979721247619,7.397391214,6.9725608125,7.36697304,0.577594001523809,Up_in_Sepsis,0.711484593837535,0.000477095055252169,GSE95233
DYRK2,GSE137340,14,43,6.85232160559524,7.01527731642636,6.73589147816667,6.91390101966667,0.162955710831119,Up_in_Sepsis,0.573089700996678,0.424295910299058,GSE95233
DYRK2,GSE236713,30,125,1.35593036266667,-0.430184983368,1.3771887,-0.3400731,-1.78611534603467,Down_in_Sepsis,0.00986666666666667,8.63190787799774e-17,GSE95233
DYRK2,GSE54514,18,35,7.79651194154167,7.85631804811429,7.7922880055,7.71498012525,0.0598061065726192,Up_in_Sepsis,0.573015873015873,0.396380670853483,GSE95233
DYRK2,GSE57065,25,28,7.0158203,5.34956892857143,7.063395,5.34507625,-1.66625137142857,Down_in_Sepsis,0.01,9.95645531096197e-14,GSE95233
DYRK2,GSE65682,42,51,3.3386985775,2.84668979696569,3.048677431125,2.7980315135,-0.492008780534314,Down_in_Sepsis,0.295051353874883,0.000711219090907829,GSE95233
MKNK1,GSE137340,14,43,6.46608333292857,7.18252987925581,6.32867992275,7.2093653015,0.716446546327243,Up_in_Sepsis,0.81063122923588,0.000312251163096141,GSE95233
MKNK1,GSE236713,30,125,-1.62343389,0.510883557568,-1.64516165,0.65301347,2.134317447568,Up_in_Sepsis,0.951466666666667,1.78114324046603e-14,GSE95233
MKNK1,GSE54514,18,35,8.37736335036111,8.43010051591429,8.283297062,8.408137798,0.0527371655531734,Up_in_Sepsis,0.561904761904762,0.473286065359816,GSE95233
MKNK1,GSE57065,25,28,6.9918668,8.68497130952381,7.06774333333333,8.86729833333333,1.69310450952381,Up_in_Sepsis,1,2.21254562465821e-15,GSE95233
MKNK1,GSE65682,42,51,5.40454258902381,5.69559095493627,5.515866989125,5.6949900815,0.291048365912465,Up_in_Sepsis,0.612044817927171,0.0644666844060643,GSE95233
FEM1C,GSE137340,14,43,6.63242736,8.29958290223256,6.4240635395,8.227627676,1.66715554223256,Up_in_Sepsis,0.867109634551495,4.35406099715591e-05,GSE95233
FEM1C,GSE236713,30,125,-0.938265116666667,0.24833075108,-0.98257757,0.20626926,1.18659586774667,Up_in_Sepsis,0.918133333333333,1.25320518707278e-12,GSE95233
FEM1C,GSE54514,18,35,9.06441566661111,9.21357198437143,9.041049957,9.192925453,0.149156317760317,Up_in_Sepsis,0.582539682539682,0.33676180410244,GSE95233
FEM1C,GSE57065,25,28,5.7980048,7.0101825,5.83439,6.926435,1.2121777,Up_in_Sepsis,0.95,1.7876704883551e-10,GSE95233
FEM1C,GSE65682,42,51,4.95319744820238,5.32793151965686,5.10553184825,5.280712109,0.374734071454482,Up_in_Sepsis,0.638655462184874,0.0220806177715745,GSE95233
DDX24,GSE137340,14,43,8.22030239414286,7.70547660251163,8.361723108,7.736638603,-0.514825791631229,Down_in_Sepsis,0.269102990033223,0.0091254474349773,GSE95233
DDX24,GSE236713,30,125,1.54151412266667,-0.480346133584,1.54734185,-0.20377183,-2.02186025625067,Down_in_Sepsis,0.0301333333333333,1.48694508222996e-15,GSE95233
DDX24,GSE54514,18,35,7.83455446016667,7.85656765534286,7.85738492,7.769836903,0.022013195176191,Up_in_Sepsis,0.495238095238095,0.962549921097313,GSE95233
DDX24,GSE57065,25,28,7.6376762,6.39314964285714,7.663385,6.370375,-1.24452655714286,Down_in_Sepsis,0,2.21254562465821e-15,GSE95233
DDX24,GSE65682,42,51,4.12204973032381,3.65627379955686,3.9895664527,3.6741840082,-0.465775930766947,Down_in_Sepsis,0.271241830065359,0.000157499220487827,GSE95233
PFKFB3,GSE137340,14,43,7.74358018535714,9.06909692376744,7.2162996415,9.111500084,1.3255167384103,Up_in_Sepsis,0.774086378737542,0.00170997202021529,GSE95233
PFKFB3,GSE236713,30,125,-2.14768644883333,0.67124669534,-2.232824525,0.642308595,2.81893314417333,Up_in_Sepsis,0.968533333333334,1.78584783999178e-15,GSE95233
PFKFB3,GSE54514,18,35,9.5116083225,9.38904431198571,9.43218255075,9.371786596,-0.122564010514285,Down_in_Sepsis,0.461904761904762,0.661913156874205,GSE95233
PFKFB3,GSE57065,25,28,7.1088256,9.87498214285714,7.09434,10.1057,2.76615654285714,Up_in_Sepsis,0.991428571428571,6.63763687397464e-14,GSE95233
PFKFB3,GSE65682,42,51,5.58105688251191,5.44305152133824,5.56745053175,5.43893133475,-0.138005361173669,Down_in_Sepsis,0.417366946778711,0.173015249339883,GSE95233
FGF13,GSE137340,14,43,4.30185742744643,4.60361055773256,4.25523978225,4.39199137925,0.30175313028613,Up_in_Sepsis,0.827242524916944,0.000130195088864173,GSE95233
FGF13,GSE236713,30,125,-2.22697956933333,0.704872419504,-2.3833241,0.6453433,2.93185198883733,Up_in_Sepsis,0.9384,9.79858691639425e-14,GSE95233
FGF13,GSE54514,18,35,7.44594842861111,7.25893823075714,7.28998279575,7.2224493025,-0.187010197853969,Down_in_Sepsis,0.336507936507936,0.0536371037869218,GSE95233
FGF13,GSE57065,25,28,2.9004768,4.12180071428571,2.856415,4.0138875,1.22132391428571,Up_in_Sepsis,0.921428571428571,6.24469762121784e-09,GSE95233
FGF13,GSE65682,42,51,2.80877961715873,3.75684415039869,2.6509292725,3.767244189,0.948064533239963,Up_in_Sepsis,0.817927170868348,1.49271414358995e-07,GSE95233
CEACAM4,GSE137340,14,43,5.1281244895,6.34823634165116,4.862252826,6.175179978,1.22011185215116,Up_in_Sepsis,0.820598006644518,0.000186294412620237,GSE95233
CEACAM4,GSE236713,30,125,-2.19357991333333,0.152652336016,-2.1577318,0.19596028,2.34623224934933,Up_in_Sepsis,0.968533333333333,1.78584783999178e-15,GSE95233
CEACAM4,GSE54514,18,35,7.71812224383333,7.82083865568572,7.6622262,7.721954346,0.102716411852382,Up_in_Sepsis,0.603174603174603,0.225728116842966,GSE95233
CEACAM4,GSE57065,25,28,7.4268008,8.10821142857143,7.32428,8.088115,0.681410628571428,Up_in_Sepsis,0.892857142857143,1.13569309787656e-07,GSE95233
CEACAM4,GSE65682,42,51,7.21374951991071,7.52334147327451,7.156277366625,7.57698902725,0.309591953363795,Up_in_Sepsis,0.643790849673202,0.0176014046390807,GSE95233
C1orf122,GSE137340,14,43,5.56088789928571,6.87881397269767,5.296312564,6.848643173,1.31792607341196,Up_in_Sepsis,0.838870431893688,6.75807999629674e-05,GSE95233
C1orf122,GSE236713,30,125,-0.475567137666667,0.101346666544,-0.4683926,0.034481764,0.576913804210667,Up_in_Sepsis,0.811733333333333,1.20812075245234e-07,GSE95233
C1orf122,GSE54514,18,35,7.88321259288889,8.00930262971429,7.777810574,7.97199297,0.126090036825397,Up_in_Sepsis,0.673015873015873,0.0415697490247223,GSE95233
C1orf122,GSE57065,25,28,6.6150276,7.1914675,6.66819,7.11316,0.5764399,Up_in_Sepsis,0.81,5.93060810210767e-05,GSE95233
C1orf122,GSE65682,42,51,4.67717149730952,5.38174227831373,4.6305299405,5.403628802,0.704570781004202,Up_in_Sepsis,0.873482726423903,6.73738457061858e-10,GSE95233
ZBTB4,GSE137340,14,43,6.52450132060714,6.45946898355814,6.501577827,6.538945105,-0.0650323370490042,Down_in_Sepsis,0.51328903654485,0.890692821059384,GSE95233
ZBTB4,GSE236713,30,125,0.937390389333333,-0.272839610176,0.9208231,-0.21354294,-1.21022999950933,Down_in_Sepsis,0.0546666666666667,3.98919422636361e-14,GSE95233
ZBTB4,GSE54514,18,35,7.99907712136111,7.92733907022857,7.97531640525,7.853297472,-0.0717380511325398,Down_in_Sepsis,0.388888888888889,0.193736415761008,GSE95233
ZBTB4,GSE57065,25,28,7.6965768,6.55985446428571,7.70421,6.5192575,-1.13672233571429,Down_in_Sepsis,0.00857142857142857,6.63763687397464e-14,GSE95233
ZBTB4,GSE65682,42,51,4.68232307653571,4.32625691963726,4.633139319625,4.30365187675,-0.356066156898459,Down_in_Sepsis,0.162931839402428,2.54774905292748e-08,GSE95233
PDGFC,GSE137340,14,43,4.55291631171429,5.11840138551163,4.313469426,4.877442192,0.565485073797341,Up_in_Sepsis,0.830564784053156,0.00010836477926158,GSE95233
PDGFC,GSE236713,30,125,-0.658623697933333,0.298032218976,-0.63494515,0.37303758,0.956655916909333,Up_in_Sepsis,0.799733333333333,3.60996238332741e-07,GSE95233
PDGFC,GSE54514,18,35,7.72665953633333,7.52740244182857,7.5128457545,7.501349926,-0.199257094504762,Down_in_Sepsis,0.399206349206349,0.236714120171785,GSE95233
PDGFC,GSE57065,25,28,3.9940232,5.70568928571429,3.92067,5.8773525,1.71166608571429,Up_in_Sepsis,0.93,2.33646588000407e-09,GSE95233
PDGFC,GSE65682,42,51,2.92138781271429,4.15396739868628,2.7791706445,4.2395434385,1.23257958597199,Up_in_Sepsis,0.920634920634921,3.60514881788073e-12,GSE95233
FCRL3,GSE137340,14,43,4.81071894975,4.8890602155814,4.7684874915,4.749129275,0.0783412658313951,Up_in_Sepsis,0.501661129568106,0.992690542203752,GSE95233
FCRL3,GSE236713,30,125,1.273647143,-0.192225734172,1.2623353,-0.15301692,-1.465872877172,Down_in_Sepsis,0.068,2.21902628234289e-13,GSE95233
FCRL3,GSE54514,18,35,7.14384541247222,7.1706733159,7.13995945475,7.1457457545,0.0268279034277779,Up_in_Sepsis,0.596825396825397,0.258573851662861,GSE95233
FCRL3,GSE57065,25,28,6.0559974,4.6981625,6.067315,4.6763,-1.3578349,Down_in_Sepsis,0.0285714285714286,6.00484882532239e-12,GSE95233
FCRL3,GSE65682,42,51,4.44443419128571,3.44874680003922,4.20127511525,3.293936597,-0.995687391246499,Down_in_Sepsis,0.239495798319328,1.67819968292486e-05,GSE95233
BCL2A1,GSE137340,14,43,4.60990932578571,5.01017809439535,4.283226649,4.858933987,0.400268768609635,Up_in_Sepsis,0.803986710963455,0.000434777002978728,GSE95233
BCL2A1,GSE236713,30,125,-1.45969010116667,0.24871872618,-1.519434565,0.23144495,1.70840882734667,Up_in_Sepsis,0.971466666666667,1.19273989918378e-15,GSE95233
BCL2A1,GSE54514,18,35,8.15509226577778,7.88597145082857,8.0920963285,7.862134457,-0.269120814949207,Down_in_Sepsis,0.33968253968254,0.0586025873125773,GSE95233
BCL2A1,GSE57065,25,28,7.1701396,9.93450321428571,7.36959,10.1972,2.76436361428571,Up_in_Sepsis,0.968571428571428,9.97415567595923e-12,GSE95233
BCL2A1,GSE65682,42,51,8.2640164355,8.65264045066667,8.2646633865,8.844380911,0.388624015166666,Up_in_Sepsis,0.602707749766573,0.0901629673682237,GSE95233
PRC1,GSE137340,14,43,4.85607821392857,5.65607559646512,4.568226003,5.466283851,0.799997382536545,Up_in_Sepsis,0.832225913621262,9.87519484005879e-05,GSE95233
PRC1,GSE236713,30,125,-0.5137314324,0.384120199368,-0.5026269,0.24439979,0.897851631768,Up_in_Sepsis,0.802933333333334,2.70670428857012e-07,GSE95233
PRC1,GSE54514,18,35,7.42188379494445,7.64184190208571,7.4082901475,7.595322132,0.219958107141269,Up_in_Sepsis,0.738095238095238,0.00426476607955336,GSE95233
PRC1,GSE57065,25,28,3.4226412,4.86212214285714,3.43029,4.9282,1.43948094285714,Up_in_Sepsis,0.952857142857143,1.19072567882231e-10,GSE95233
PRC1,GSE65682,42,51,2.300329922,3.49643569376471,2.2444801765,3.069646877,1.19610577176471,Up_in_Sepsis,0.868347338935575,1.14891446461262e-09,GSE95233
SPOCK2,GSE137340,14,43,9.61108025607143,8.96696637739535,9.724686562,8.87144506,-0.64411387867608,Down_in_Sepsis,0.274086378737542,0.0108462939219553,GSE95233
SPOCK2,GSE236713,30,125,0.95195917505,-0.0801791475679999,1.01618135,-0.14886856,-1.032138322618,Down_in_Sepsis,0.0914666666666667,4.0241950348672e-12,GSE95233
SPOCK2,GSE54514,18,35,8.98992053705556,9.01634499688571,8.985435963,8.900390625,0.0264244598301584,Up_in_Sepsis,0.487301587301587,0.887976812215392,GSE95233
SPOCK2,GSE57065,25,28,7.5892044,5.98640571428572,7.630205,5.9310075,-1.60279868571429,Down_in_Sepsis,0,2.21254562465821e-15,GSE95233
SPOCK2,GSE65682,42,51,3.67304098487143,3.23943820356863,3.5566672705,3.2292105954,-0.433602781302801,Down_in_Sepsis,0.23015873015873,8.26135619987797e-06,GSE95233
FLOT1,GSE137340,14,43,9.24425606878571,10.1690713976977,8.939208067,10.23693209,0.92481532891196,Up_in_Sepsis,0.792358803986711,0.000757448462939206,GSE95233
FLOT1,GSE236713,30,125,-1.165068242,0.223471958176,-1.1975839,0.32332516,1.388540200176,Up_in_Sepsis,0.939733333333333,8.25220638541581e-14,GSE95233
FLOT1,GSE54514,18,35,10.6643228525556,10.5952044625143,10.58430719,10.71742725,-0.06911839004127,Down_in_Sepsis,0.461111111111111,0.6521574088568,GSE95233
FLOT1,GSE57065,25,28,7.1668851,8.46203419642857,7.1148075,8.527155,1.29514909642857,Up_in_Sepsis,1,2.21254562465821e-15,GSE95233
FLOT1,GSE65682,42,51,8.68636359471429,9.08375224970588,8.83385315383334,9.1793227455,0.397388654991596,Up_in_Sepsis,0.722689075630252,0.000234538753894669,GSE95233
ZDHHC20,GSE137340,14,43,4.48646148357143,4.78128549688372,4.3296851225,4.651275156,0.294824013312293,Up_in_Sepsis,0.79734219269103,0.000599272533308424,GSE95233
ZDHHC20,GSE236713,30,125,-1.11654541284445,0.367440331629334,-1.16088580166667,0.421545366666667,1.48398574447378,Up_in_Sepsis,0.922933333333333,6.92535137086423e-13,GSE95233
ZDHHC20,GSE54514,18,35,7.30557690727778,7.27663435265714,7.278277874,7.260931015,-0.0289425546206346,Down_in_Sepsis,0.444444444444444,0.520600333060429,GSE95233
ZDHHC20,GSE57065,25,28,5.839208,7.49510875,5.82111,7.482605,1.65590075,Up_in_Sepsis,0.968571428571429,9.97415567595923e-12,GSE95233
ZDHHC20,GSE65682,42,51,2.29026644545238,2.56450359323529,2.2490377625,2.585127424,0.274237147782913,Up_in_Sepsis,0.708683473389356,0.000566896165186858,GSE95233
INSL3,GSE137340,14,43,4.92023163478571,6.08768948295349,4.5736762395,6.012297176,1.16745784816777,Up_in_Sepsis,0.795681063122924,0.000648328917443537,GSE95233
INSL3,GSE236713,30,125,-2.10549017333333,0.400544361816,-2.16817665,0.39924955,2.50603453514933,Up_in_Sepsis,0.981866666666667,2.7955634552206e-16,GSE95233
INSL3,GSE54514,18,35,7.3456300365,7.50080815722857,7.3200809955,7.376749039,0.155178120728571,Up_in_Sepsis,0.650793650793651,0.0757771396566388,GSE95233
INSL3,GSE57065,25,28,4.36113253333333,4.98151595238095,4.31655,4.89761333333333,0.620383419047617,Up_in_Sepsis,0.962857142857143,2.59553727228655e-11,GSE95233
INSL3,GSE65682,42,51,3.56456789559524,3.77139849315686,3.526384156,3.733516289,0.206830597561625,Up_in_Sepsis,0.660130718954249,0.0081908950514014,GSE95233
CDKN2C,GSE137340,14,43,4.37033699330952,4.84394033653489,4.337922999,4.82422608966667,0.473603343225363,Up_in_Sepsis,0.898671096345515,1.12784882767697e-06,GSE95233
CDKN2C,GSE236713,30,125,-0.225529608233333,0.12325720588,-0.137661455,-0.001860857,0.348786814113333,Up_in_Sepsis,0.6328,0.0242445689739167,GSE95233
CDKN2C,GSE54514,18,35,7.31038986308333,7.37011184018571,7.325689077,7.353254795,0.0597219771023809,Up_in_Sepsis,0.607936507936508,0.207020180060236,GSE95233
CDKN2C,GSE57065,25,28,4.6948524,5.79972964285714,4.631995,5.8362625,1.10487724285714,Up_in_Sepsis,0.985714285714286,3.07543841827492e-13,GSE95233
CDKN2C,GSE65682,42,51,3.5691123172381,5.01055947697059,3.6242987895,4.916949358,1.44144715973249,Up_in_Sepsis,0.944911297852475,1.93380526974436e-13,GSE95233
SAR1B,GSE137340,14,43,4.96288918397619,5.7967823898062,4.74066407516667,5.83919571933333,0.833893205830011,Up_in_Sepsis,0.850498338870432,3.37270343526275e-05,GSE95233
SAR1B,GSE236713,30,125,-0.3761259553,-0.072661887632,-0.356144675,-0.10803676,0.303464067668,Up_in_Sepsis,0.656266666666667,0.00800656553790933,GSE95233
SAR1B,GSE54514,18,35,7.71429450427778,7.75418118522857,7.70739698433334,7.743089676,0.0398866809507927,Up_in_Sepsis,0.541269841269841,0.635114297097459,GSE95233
SAR1B,GSE57065,25,28,5.04451552,5.87262435714286,5.020746,5.992578,0.828108837142858,Up_in_Sepsis,0.935714285714285,1.17043442289857e-09,GSE95233
SAR1B,GSE65682,42,51,3.97035117780159,5.24703485094771,3.98297982466667,5.36727524666667,1.27668367314613,Up_in_Sepsis,0.893090569561158,8.22784431790555e-11,GSE95233
RORA,GSE137340,14,43,5.01258896726786,4.95378745143895,5.03151788675,4.9451376725,-0.0588015158289039,Down_in_Sepsis,0.431893687707641,0.457093279438225,GSE95233
RORA,GSE236713,30,125,1.62773954,-0.457789509928,1.6519983,-0.25106025,-2.085529049928,Down_in_Sepsis,0.0333333333333333,2.30592428929965e-15,GSE95233
RORA,GSE54514,18,35,7.28849949835556,7.30800459995429,7.2765829563,7.2860398292,0.01950510159873,Up_in_Sepsis,0.525396825396825,0.773107646476209,GSE95233
RORA,GSE57065,25,28,5.08820155,4.00360566964286,5.17232,3.985955,-1.08459588035714,Down_in_Sepsis,0.0485714285714286,1.46118725598053e-10,GSE95233
RORA,GSE65682,42,51,3.96613137085714,3.06236520933333,3.68559131816667,2.948146407,-0.90376616152381,Down_in_Sepsis,0.211951447245565,1.94192092211731e-06,GSE95233
BCAT1,GSE137340,14,43,4.53451645028571,5.4256431425814,4.29870975025,5.403977858,0.891126692295681,Up_in_Sepsis,0.86046511627907,1.79643132928885e-05,GSE95233
BCAT1,GSE236713,30,125,-1.54366727233333,0.1310685437,-1.5463093,0.24420059,1.67473581603333,Up_in_Sepsis,0.937066666666667,1.16288760693196e-13,GSE95233
BCAT1,GSE54514,18,35,7.58317123516667,7.63776818674286,7.547645807,7.4075284,0.0545969515761904,Up_in_Sepsis,0.477777777777778,0.801741213878021,GSE95233
BCAT1,GSE57065,25,28,4.1209571,5.40298526785714,4.0433675,5.268695,1.28202816785714,Up_in_Sepsis,0.921428571428571,6.24469762121784e-09,GSE95233
BCAT1,GSE65682,42,51,3.0621259449127,3.28251599217647,2.97880991333333,3.22281410266667,0.220390047263772,Up_in_Sepsis,0.65219421101774,0.0119757511669635,GSE95233
PDSS1,GSE137340,14,43,4.87477783396429,5.80203496423256,4.5902921985,5.5433477345,0.927257130268273,Up_in_Sepsis,0.875415282392027,6.53811501196993e-06,GSE95233
PDSS1,GSE236713,30,125,-1.00155676716667,0.597587169616,-0.9401100725,0.451724645,1.59914393678267,Up_in_Sepsis,0.967733333333333,1.9928233814751e-15,GSE95233
PDSS1,GSE54514,18,35,7.65794539447222,7.60928865158572,7.529928446,7.550133705,-0.0486567428865072,Down_in_Sepsis,0.504761904761905,0.962919951586959,GSE95233
PDSS1,GSE57065,25,28,5.0150866,6.05405285714286,5.02871,6.20813,1.03896625714286,Up_in_Sepsis,0.94,6.82419872104583e-10,GSE95233
PDSS1,GSE65682,42,51,3.94996409061905,4.58803409526471,4.0685394095,4.555912455,0.638070004645658,Up_in_Sepsis,0.704481792717087,0.000731486509059689,GSE95233
SAMSN1,GSE137340,14,43,6.19271278664286,7.64745421406977,5.560114094,7.533327854,1.45474142742691,Up_in_Sepsis,0.818936877076412,0.000203389487077016,GSE95233
SAMSN1,GSE236713,30,125,-1.322184437,0.389682398088,-1.27199865,0.454906,1.711866835088,Up_in_Sepsis,0.921066666666666,8.72868657060723e-13,GSE95233
SAMSN1,GSE54514,18,35,8.54743970766667,8.24368333817143,8.6319236755,8.245950222,-0.30375636949524,Down_in_Sepsis,0.373015873015873,0.136432076366508,GSE95233
SAMSN1,GSE57065,25,28,5.69177106666667,9.00282095238096,5.69520333333333,9.19751166666667,3.31104988571429,Up_in_Sepsis,1,2.21254562465821e-15,GSE95233
SAMSN1,GSE65682,42,51,8.64918178359524,9.36890865386274,8.93843928875,9.3145396715,0.719726870267506,Up_in_Sepsis,0.663865546218487,0.00681281918159801,GSE95233
ALPK1,GSE137340,14,43,7.32568674392857,8.57379728693023,7.1554875005,8.670872905,1.24811054300166,Up_in_Sepsis,0.803986710963455,0.000434777002978728,GSE95233
ALPK1,GSE236713,30,125,-1.49015832866667,0.254189000736,-1.4646386925,0.38052297,1.74434732940267,Up_in_Sepsis,0.942666666666667,5.64538320617075e-14,GSE95233
ALPK1,GSE54514,18,35,8.81848875677778,8.99711997168572,8.7281513215,8.940351486,0.178631214907936,Up_in_Sepsis,0.631746031746032,0.121266207088268,GSE95233
ALPK1,GSE57065,25,28,6.2663083,7.26581892857143,6.2367675,7.26486125,0.999510628571429,Up_in_Sepsis,0.97,7.7571849600517e-12,GSE95233
ALPK1,GSE65682,42,51,4.75784752815873,4.94042254913726,4.78590101,5.00586369933333,0.182575020978526,Up_in_Sepsis,0.61297852474323,0.0622685627068021,GSE95233
HLA-DRA,GSE137340,14,43,11.7956561907143,11.8814242381977,11.672261195,11.890478775,0.0857680474833877,Up_in_Sepsis,0.548172757475083,0.601156915200568,GSE95233
HLA-DRA,GSE236713,30,125,1.50770212866667,-0.63892096888,1.6101177,-0.59573317,-2.14662309754667,Down_in_Sepsis,0.0298666666666666,1.43337123119402e-15,GSE95233
HLA-DRA,GSE54514,18,35,10.5237225559444,10.8152167050714,10.685018065,10.80700302,0.291494149126983,Up_in_Sepsis,0.563492063492063,0.461830916701879,GSE95233
HLA-DRA,GSE57065,25,28,10.9109424,9.55477178571429,11.04445,9.457255,-1.35617061428571,Down_in_Sepsis,0.0785714285714286,6.24469762121784e-09,GSE95233
HLA-DRA,GSE65682,42,51,10.3096743050595,9.14570403047059,10.3818455925,9.036172214,-1.16397027458894,Down_in_Sepsis,0.134920634920635,1.60768834134193e-09,GSE95233
TSEN54,GSE137340,14,43,6.42324827178571,5.87021958697674,6.4437740375,5.85201709,-0.55302868480897,Down_in_Sepsis,0.269102990033223,0.0091254474349773,GSE95233
TSEN54,GSE236713,30,125,0.935930648333333,-0.233806446496,0.8792305,-0.23895669,-1.16973709482933,Down_in_Sepsis,0.0613333333333333,9.46808836066134e-14,GSE95233
TSEN54,GSE54514,18,35,7.255215009,7.29880080902857,7.2327387335,7.24778223,0.0435858000285716,Up_in_Sepsis,0.541269841269841,0.635114297097459,GSE95233
TSEN54,GSE57065,25,28,6.55861253333333,5.84650238095238,6.55367,5.752225,-0.712110152380953,Down_in_Sepsis,0.07,2.33646588000407e-09,GSE95233
TSEN54,GSE65682,42,51,3.95500163419048,3.360699128,3.8425869405,3.34273128,-0.594302506190477,Down_in_Sepsis,0.214285714285714,2.34946181807094e-06,GSE95233
LRRFIP2,GSE137340,14,43,5.37656180802381,6.09231502132558,5.19962469066667,6.09576837933333,0.71575321330177,Up_in_Sepsis,0.8421926910299,5.56405121878381e-05,GSE95233
LRRFIP2,GSE236713,30,125,-1.03697575722222,0.255424726496,-1.046161825,0.26696261,1.29240048371822,Up_in_Sepsis,0.981333333333333,3.01374142962597e-16,GSE95233
LRRFIP2,GSE54514,18,35,8.31542498544444,8.11037235264286,8.33424282075,8.1604743005,-0.205052632801587,Down_in_Sepsis,0.277777777777778,0.00789741814562656,GSE95233
LRRFIP2,GSE57065,25,28,3.97187616,4.67061221428571,3.961218,4.594909,0.698736054285714,Up_in_Sepsis,0.964285714285714,2.05678241268228e-11,GSE95233
LRRFIP2,GSE65682,42,51,5.27144606995238,5.55168428623529,5.21822501975,5.6206396515,0.280238216282913,Up_in_Sepsis,0.658263305322129,0.00896940777305106,GSE95233
NDUFAF1,GSE137340,14,43,5.392302765,6.79047954474419,5.091140203,6.971118247,1.39817677974419,Up_in_Sepsis,0.812292358803987,0.0002869816641554,GSE95233
NDUFAF1,GSE236713,30,125,-0.445369071133333,-0.00185189846400002,-0.46258211,-0.007460356,0.443517172669333,Up_in_Sepsis,0.738666666666667,5.09366329603788e-05,GSE95233
NDUFAF1,GSE54514,18,35,7.36864235666667,7.49095548914286,7.3494980335,7.459527969,0.122313132476191,Up_in_Sepsis,0.609523809523809,0.200299536283,GSE95233
NDUFAF1,GSE57065,25,28,5.4185392,6.67227071428571,5.43146,6.788555,1.25373151428571,Up_in_Sepsis,0.985714285714286,3.07543841827492e-13,GSE95233
NDUFAF1,GSE65682,42,51,5.82976296954762,6.43335832106863,5.821339374,6.5530313075,0.603595351521009,Up_in_Sepsis,0.814659197012139,1.99915688810139e-07,GSE95233
DHRS3,GSE137340,14,43,5.55084936521429,5.27163243813954,5.640370776,5.215096222,-0.279216927074751,Down_in_Sepsis,0.333887043189369,0.0646582863878954,GSE95233
DHRS3,GSE236713,30,125,1.35386949666667,-0.12059901532,1.40391085,-0.07216358,-1.47446851198667,Down_in_Sepsis,0.0530666666666666,3.23578325446997e-14,GSE95233
DHRS3,GSE54514,18,35,7.38676108255556,7.34972561417143,7.352461338,7.312664509,-0.0370354683841265,Down_in_Sepsis,0.374603174603175,0.141506854350495,GSE95233
DHRS3,GSE57065,25,28,6.698046,5.55574607142857,6.66131,5.540585,-1.14229992857143,Down_in_Sepsis,0.00285714285714286,8.85018249863286e-15,GSE95233
DHRS3,GSE65682,42,51,3.51551300792857,3.03277314835294,3.4364774545,2.84796973,-0.48273985957563,Down_in_Sepsis,0.271708683473389,0.000162453278229787,GSE95233
CLEC2D,GSE137340,14,43,5.10812314608929,5.10759094686047,5.051989424,5.106395474375,-0.000532199228820751,Down_in_Sepsis,0.493355481727575,0.948867329475225,GSE95233
CLEC2D,GSE236713,30,125,1.04120925358333,-0.198422718188,1.1047092675,-0.22315204,-1.23963197177133,Down_in_Sepsis,0.0429333333333333,8.45106671254997e-15,GSE95233
CLEC2D,GSE54514,18,35,8.45484662955556,8.39492305122857,8.49691168533333,8.377343497,-0.059923578326984,Down_in_Sepsis,0.422222222222222,0.365828622459723,GSE95233
CLEC2D,GSE57065,25,28,5.7009537,4.68411241071429,5.75946,4.62121375,-1.01684128928571,Down_in_Sepsis,0.101428571428571,6.61776843551978e-08,GSE95233
CLEC2D,GSE65682,42,51,3.16864387478571,2.93176400130882,3.016411025125,2.8802499715,-0.236879873476891,Down_in_Sepsis,0.343604108309991,0.00981334239464975,GSE95233
CDC25B,GSE137340,14,43,8.99977323285714,8.09544132341861,8.94229677,7.993413291,-0.904331909438538,Down_in_Sepsis,0.249169435215947,0.00438898494776219,GSE95233
CDC25B,GSE236713,30,125,1.71788823,-0.459540968904,1.72541835,-0.21615744,-2.177429198904,Down_in_Sepsis,0.00373333333333333,3.56444855003682e-17,GSE95233
CDC25B,GSE54514,18,35,8.61353985466667,8.84845126011429,8.577946186,8.79829216,0.234911405447619,Up_in_Sepsis,0.615873015873016,0.174978076951376,GSE95233
CDC25B,GSE57065,25,28,9.02872,7.22083678571429,9.04352,7.2035,-1.80788321428571,Down_in_Sepsis,0.00142857142857143,4.42509124931643e-15,GSE95233
CDC25B,GSE65682,42,51,3.55868608170476,3.37394224260784,3.51874942,3.349326644,-0.184743839096919,Down_in_Sepsis,0.368814192343604,0.030352604154893,GSE95233
YIPF1,GSE137340,14,43,7.72299529221429,9.0579410965,7.35664632575,9.0819028485,1.33494580428571,Up_in_Sepsis,0.86046511627907,1.79643132928885e-05,GSE95233
YIPF1,GSE236713,30,125,-0.921013183666667,0.151742949984,-0.933890835,0.16913533,1.07275613365067,Up_in_Sepsis,0.9568,8.75825730165772e-15,GSE95233
YIPF1,GSE54514,18,35,9.39998727377778,9.38890248031429,9.39851570125,9.3943080905,-0.0110847934634926,Down_in_Sepsis,0.50952380952381,0.918534356570284,GSE95233
YIPF1,GSE57065,25,28,6.268358,7.12745535714286,6.24274,7.099035,0.859097357142857,Up_in_Sepsis,0.972857142857143,4.61758271866169e-12,GSE95233
YIPF1,GSE65682,42,51,7.66575859009524,7.75471376789216,7.7277537765,7.8651088705,0.0889551777969189,Up_in_Sepsis,0.584033613445378,0.165826638185137,GSE95233
MYBPC3,GSE137340,14,43,5.45723711421429,7.39288964832558,5.2243982135,7.458965874,1.9356525341113,Up_in_Sepsis,0.90531561461794,6.49938521848808e-07,GSE95233
MYBPC3,GSE236713,30,125,-2.47217642666667,0.366789393008,-2.43882705,0.53848505,2.83896581967467,Up_in_Sepsis,0.975466666666667,6.85156372711254e-16,GSE95233
MYBPC3,GSE54514,18,35,7.94224450327778,8.23613843917143,7.8944909575,8.156253815,0.29389393589365,Up_in_Sepsis,0.719047619047619,0.00888550581107009,GSE95233
MYBPC3,GSE57065,25,28,6.0707148,6.311155,6.10733,6.318915,0.2404402,Up_in_Sepsis,0.782857142857143,0.0002847006475311,GSE95233
MYBPC3,GSE65682,42,51,4.08925327602381,3.98131247152941,4.0041115795,3.923519485,-0.107940804494397,Down_in_Sepsis,0.420168067226891,0.188087134543294,GSE95233
SLAMF1,GSE137340,14,43,6.05587506378571,5.45351070497674,6.0478892755,5.504083016,-0.60236435880897,Down_in_Sepsis,0.237541528239203,0.00277398677921297,GSE95233
SLAMF1,GSE236713,30,125,1.24835383216667,-0.24991290946,1.22009635,-0.26221765,-1.49826674162667,Down_in_Sepsis,0.04,5.69855268720033e-15,GSE95233
SLAMF1,GSE54514,18,35,7.30525000894444,7.30734570365714,7.2904958725,7.270337105,0.00209569471269866,Up_in_Sepsis,0.485714285714286,0.87439633186128,GSE95233
SLAMF1,GSE57065,25,28,5.4480728,4.6042305952381,5.43055666666667,4.593765,-0.843842204761905,Down_in_Sepsis,0.00857142857142857,6.63763687397464e-14,GSE95233
SLAMF1,GSE65682,42,51,2.9360201824881,2.76453521634314,2.79960409125,2.7206958015,-0.171484966144958,Down_in_Sepsis,0.381886087768441,0.0512597893186892,GSE95233
TTC3,GSE137340,14,43,6.18149239071429,6.16350391634884,6.1393921695,6.1686691925,-0.017988474365449,Down_in_Sepsis,0.453488372093023,0.614009054792775,GSE95233
TTC3,GSE236713,30,125,1.1542030185,-0.353639129396,1.194192675,-0.23060298,-1.507842147896,Down_in_Sepsis,0.0114666666666667,1.08528994979761e-16,GSE95233
TTC3,GSE54514,18,35,8.14962307622222,8.3438826152,8.016328812,8.284819603,0.194259538977779,Up_in_Sepsis,0.63015873015873,0.126696950829082,GSE95233
TTC3,GSE57065,25,28,6.91167445714286,5.53648964285714,6.91953714285714,5.52788,-1.37518481428572,Down_in_Sepsis,0.01,9.95645531096197e-14,GSE95233
TTC3,GSE65682,42,51,4.11215339126191,3.69043854791667,3.99753431025,3.65191710275,-0.421714843345238,Down_in_Sepsis,0.282913165266106,0.000335869767187596,GSE95233
SCPEP1,GSE137340,14,43,8.12590898642857,8.917539731,7.9055583125,9.065013474,0.791630744571428,Up_in_Sepsis,0.810631229235881,0.000312251163096141,GSE95233
SCPEP1,GSE236713,30,125,-1.12716903,0.179563105924,-1.095904225,0.135390872,1.306732135924,Up_in_Sepsis,0.936,1.33315134703302e-13,GSE95233
SCPEP1,GSE54514,18,35,9.69039445577778,9.69556497814286,9.8113656045,9.691429138,0.00517052236507887,Up_in_Sepsis,0.504761904761905,0.962919951586959,GSE95233
SCPEP1,GSE57065,25,28,6.1329368,6.91997928571429,6.110645,6.903305,0.787042485714286,Up_in_Sepsis,0.961428571428571,3.26107099618374e-11,GSE95233
SCPEP1,GSE65682,42,51,6.783089732,7.77190746080392,6.796857719,7.820611227,0.988817728803922,Up_in_Sepsis,0.889355742296919,1.23786686298747e-10,GSE95233
GYG1,GSE137340,14,43,8.64510243842857,10.7053474037209,8.2397971255,10.56442595,2.06024496529236,Up_in_Sepsis,0.86046511627907,1.79643132928885e-05,GSE95233
GYG1,GSE236713,30,125,-0.540964846288889,0.193892827072,-0.516372281666667,0.43476844,0.734857673360889,Up_in_Sepsis,0.7672,5.73578659057616e-06,GSE95233
GYG1,GSE54514,18,35,11.5812225331111,11.5434056412286,11.25081396,11.80257702,-0.0378168918825406,Down_in_Sepsis,0.486507936507937,0.880565269607831,GSE95233
GYG1,GSE57065,25,28,8.3100668,11.4462498214286,8.36431,11.561225,3.13618302142857,Up_in_Sepsis,1,2.21254562465821e-15,GSE95233
GYG1,GSE65682,42,51,9.04155303196032,9.79200190234641,9.14071960683333,9.930642191,0.750448870386089,Up_in_Sepsis,0.7703081232493,7.96894550994041e-06,GSE95233
ZNF266,GSE137340,14,43,5.37913477367857,5.50949183915116,5.341271884,5.465785973,0.130357065472591,Up_in_Sepsis,0.578073089700997,0.392885191284656,GSE95233
ZNF266,GSE236713,30,125,0.792981873183333,-0.132729152988,0.77352714,-0.067276475,-0.925711026171333,Down_in_Sepsis,0.0989333333333333,9.7928946655289e-12,GSE95233
ZNF266,GSE54514,18,35,7.39460883316667,7.42297150746667,7.40435202916667,7.41360680266667,0.0283626743000003,Up_in_Sepsis,0.555555555555555,0.520600333060429,GSE95233
ZNF266,GSE57065,25,28,8.1181472,6.78378535714286,8.1121,6.790865,-1.33436184285714,Down_in_Sepsis,0.00428571428571428,1.54878193726075e-14,GSE95233
ZNF266,GSE65682,42,51,5.90925047728571,5.08830415888235,5.8370315865,5.17337275,-0.820946318403362,Down_in_Sepsis,0.23109243697479,8.87723549779105e-06,GSE95233
FBXO30,GSE137340,14,43,5.78085122692857,6.84026546437209,5.609534453,6.878514554,1.05941423744352,Up_in_Sepsis,0.835548172757475,8.18207367405696e-05,GSE95233
FBXO30,GSE236713,30,125,-0.858864862,0.24163586772,-0.837116,0.17695165,1.10050072972,Up_in_Sepsis,0.8488,3.18419537976975e-09,GSE95233
FBXO30,GSE54514,18,35,8.07124393525,8.13047505788572,7.975256443,8.135940552,0.0592311226357154,Up_in_Sepsis,0.557142857142857,0.508552086621423,GSE95233
FBXO30,GSE57065,25,28,4.7766292,5.70766428571429,4.751895,5.74248,0.931035085714285,Up_in_Sepsis,0.928571428571428,2.76433237799173e-09,GSE95233
FBXO30,GSE65682,42,51,5.51255607814286,6.51641343668628,5.598263473,6.499298281,1.00385735854342,Up_in_Sepsis,0.805322128851541,4.53483226434796e-07,GSE95233
SLC1A3,GSE137340,14,43,4.48188100335714,5.26234474588372,4.2988367575,4.874028354,0.780463742526578,Up_in_Sepsis,0.830564784053156,0.00010836477926158,GSE95233
SLC1A3,GSE236713,30,125,-2.476037202,0.847582395524,-2.51835965,0.82272325,3.323619597524,Up_in_Sepsis,0.9904,8.30812206318591e-17,GSE95233
SLC1A3,GSE54514,18,35,7.44207655061111,7.41151992254286,7.22416544,7.191098213,-0.0305566280682541,Down_in_Sepsis,0.428571428571429,0.406890737204955,GSE95233
SLC1A3,GSE57065,25,28,3.5528916,4.95759785714286,3.561565,4.60857,1.40470625714286,Up_in_Sepsis,0.945714285714286,3.22170980952107e-10,GSE95233
SLC1A3,GSE65682,42,51,2.61505117280159,2.69630968712418,2.4794716965,2.567343465,0.0812585143225957,Up_in_Sepsis,0.594304388422035,0.119808285134035,GSE95233
HMGN3,GSE137340,14,43,4.304859432,4.64052022045349,4.29613704875,4.472333396,0.335660788453489,Up_in_Sepsis,0.928571428571429,7.57955725087636e-08,GSE95233
HMGN3,GSE236713,30,125,1.16113619766667,-0.2952496986,1.17591355,-0.24154401,-1.45638589626667,Down_in_Sepsis,0.032,1.9213337153322e-15,GSE95233
HMGN3,GSE54514,18,35,7.16714183483333,7.15611050474286,7.156966925,7.143279076,-0.0110313300904759,Down_in_Sepsis,0.411111111111111,0.300340734781541,GSE95233
HMGN3,GSE57065,25,28,8.0597532,6.95251607142857,8.04422,6.96679,-1.10723712857143,Down_in_Sepsis,0.09,2.12226336420772e-08,GSE95233
HMGN3,GSE65682,42,51,4.35855524967857,3.7569734415098,4.2773614045,3.7769206565,-0.601581808168767,Down_in_Sepsis,0.164332399626517,2.90919121368197e-08,GSE95233
MAN1A1,GSE137340,14,43,5.13464665171429,5.65894574311628,4.8625548995,5.577880882,0.524299091401993,Up_in_Sepsis,0.744186046511628,0.00564374679021193,GSE95233
MAN1A1,GSE236713,30,125,-0.807728851166667,0.04536863128,-0.801960705,0.08826518,0.853097482446667,Up_in_Sepsis,0.881333333333333,9.52145944207486e-11,GSE95233
MAN1A1,GSE54514,18,35,7.79152949661111,7.75925510954286,7.749751568,7.825304985,-0.032274387068254,Down_in_Sepsis,0.502380952380952,0.985015344860853,GSE95233
MAN1A1,GSE57065,25,28,6.1761716,7.2944425,6.21096,7.2677225,1.1182709,Up_in_Sepsis,0.937142857142857,9.7986344315551e-10,GSE95233
MAN1A1,GSE65682,42,51,4.80973082888095,5.65856288477941,4.6331179925,5.779392985,0.848832055898459,Up_in_Sepsis,0.795518207282913,1.04538904539685e-06,GSE95233
TMLHE,GSE137340,14,43,4.94872299423214,5.71235371681977,4.7940575935,5.6541957485,0.763630722587624,Up_in_Sepsis,0.86046511627907,1.79643132928885e-05,GSE95233
TMLHE,GSE236713,30,125,-0.478137620525,0.192036591252,-0.45230883625,0.30758213375,0.670174211777,Up_in_Sepsis,0.860533333333333,9.29375953277126e-10,GSE95233
TMLHE,GSE54514,18,35,7.47209261083333,7.54804008574286,7.445637385,7.50146563866667,0.0759474749095244,Up_in_Sepsis,0.617460317460318,0.169030570051923,GSE95233
TMLHE,GSE57065,25,28,4.39150066666667,5.07716226190476,4.37217333333333,5.07749,0.685661595238094,Up_in_Sepsis,0.982857142857143,6.01812409907034e-13,GSE95233
TMLHE,GSE65682,42,51,2.87905271447619,3.29596448245098,2.94594981625,3.3508227645,0.41691176797479,Up_in_Sepsis,0.755368814192344,2.45413606004188e-05,GSE95233
IL10RA,GSE137340,14,43,8.78619870478572,8.47306020704651,8.813101141,8.59339905,-0.313138497739203,Down_in_Sepsis,0.397009966777409,0.254225408141612,GSE95233
IL10RA,GSE236713,30,125,0.3507747326,-0.345637790848,0.37360502,-0.29613256,-0.696412523448,Down_in_Sepsis,0.0981333333333334,8.90957148892352e-12,GSE95233
IL10RA,GSE54514,18,35,8.18289650822222,8.22869561051429,8.1030931475,8.195302963,0.0457991022920634,Up_in_Sepsis,0.551587301587301,0.547832861955622,GSE95233
IL10RA,GSE57065,25,28,9.5633076,8.15643571428571,9.50184,8.03177,-1.40687188571429,Down_in_Sepsis,0.0157142857142857,4.31446396808352e-13,GSE95233
IL10RA,GSE65682,42,51,6.5694488607381,5.79053137105882,6.612341386,5.801123444,-0.778917489679272,Down_in_Sepsis,0.11577964519141,2.15742140837208e-10,GSE95233
SBK1,GSE137340,14,43,5.29313249842857,5.27125216347287,5.25604142733333,5.20230538433333,-0.0218803349557026,Down_in_Sepsis,0.476744186046512,0.804590920857132,GSE95233
SBK1,GSE236713,30,125,1.57695919,-0.503621287408,1.5470889,-0.47542453,-2.080580477408,Down_in_Sepsis,0.0386666666666667,4.76013747757254e-15,GSE95233
SBK1,GSE54514,18,35,7.68092624355556,7.64618398131429,7.6743888855,7.506723881,-0.0347422622412701,Down_in_Sepsis,0.442857142857143,0.508552086621423,GSE95233
SBK1,GSE57065,25,28,6.2346208,5.198925,6.221995,5.11704,-1.0356958,Down_in_Sepsis,0.02,1.12397317732637e-12,GSE95233
SBK1,GSE65682,42,51,4.15991376559524,3.52257684,3.961265052,3.502584684,-0.637336925595238,Down_in_Sepsis,0.207282913165266,1.32094619341197e-06,GSE95233
CD3G,GSE137340,14,43,7.149762827,7.10332487439535,6.938175635,6.807411888,-0.0464379526046512,Down_in_Sepsis,0.460132890365448,0.666553111249036,GSE95233
CD3G,GSE236713,30,125,1.223825094,-0.484905625528,1.18619205,-0.34002852,-1.708730719528,Down_in_Sepsis,0.0672,2.00476526653066e-13,GSE95233
CD3G,GSE54514,18,35,7.444454723,7.29931347717143,7.439926863,7.228958607,-0.145141245828571,Down_in_Sepsis,0.314285714285714,0.0276873816875773,GSE95233
CD3G,GSE57065,25,28,8.0465556,6.2357425,8.06283,6.105385,-1.8108131,Down_in_Sepsis,0.0485714285714286,1.46118725598053e-10,GSE95233
CD3G,GSE65682,42,51,5.10648394111905,4.06275310296078,4.948626137,3.922238456,-1.04373083815826,Down_in_Sepsis,0.236694677871148,1.36003111070665e-05,GSE95233
ACER3,GSE137340,14,43,6.06819525235714,7.34387312363953,5.83769596725,7.331703519,1.27567787128239,Up_in_Sepsis,0.885382059800665,3.17289010265243e-06,GSE95233
ACER3,GSE236713,30,125,-0.6687739604,0.257773583936,-0.49246311,0.3676746,0.926547544336,Up_in_Sepsis,0.759733333333333,1.03807429853664e-05,GSE95233
ACER3,GSE54514,18,35,9.38691801488889,9.6129014698,9.215175152,9.575764656,0.225983454911113,Up_in_Sepsis,0.578571428571429,0.357417247786138,GSE95233
ACER3,GSE57065,25,28,4.72952086666667,6.54030005952381,4.71003333333333,6.67165,1.81077919285714,Up_in_Sepsis,0.992857142857143,4.20383668685061e-14,GSE95233
ACER3,GSE65682,42,51,3.43824333679365,4.41551928049346,3.39502614958333,4.43610782766667,0.977275943699814,Up_in_Sepsis,0.875816993464053,5.27372854023542e-10,GSE95233
