gene_symbol,dataset,n_control,n_sepsis,mean_control,mean_sepsis,median_control,median_sepsis,dataset_logFC,dataset_direction,auc,wilcox_p,heldout_dataset
TDRD9,GSE137340,14,43,4.93534616642857,6.7997167887093,4.36161464675,6.3466674295,1.86437062228073,Up_in_Sepsis,0.87375415282392,7.34598051394299e-06,GSE54514
TDRD9,GSE236713,30,125,-3.39393928333333,0.728508634968,-3.5223222,0.61764884,4.12244791830133,Up_in_Sepsis,0.991466666666667,7.12851805331957e-17,GSE54514
TDRD9,GSE57065,25,28,3.3303612,6.89073321428572,3.19424,7.142525,3.56037201428571,Up_in_Sepsis,0.99,9.95645531096197e-14,GSE54514
TDRD9,GSE65682,42,51,3.34773631371429,5.63320040717647,3.2782247165,5.797888853,2.28546409346219,Up_in_Sepsis,0.927637721755369,1.57574257046212e-12,GSE54514
TDRD9,GSE95233,22,51,4.25339464136364,7.46258520078431,4.28958474,7.5901051,3.20919055942068,Up_in_Sepsis,0.993761140819965,2.84841857067922e-11,GSE54514
CD177,GSE137340,14,43,4.84320548114286,6.19967237805233,4.274549700375,5.93976807,1.35646689690947,Up_in_Sepsis,0.867109634551495,1.15818527714491e-05,GSE54514
CD177,GSE236713,30,125,-4.59570063022222,0.997677143048,-4.8352926,1.18436154666667,5.59337777327022,Up_in_Sepsis,0.978933333333333,4.22217230068948e-16,GSE54514
CD177,GSE57065,25,28,5.1301448,11.2849585714286,5.00765,11.48255,6.15481377142857,Up_in_Sepsis,0.998571428571429,4.42509124931643e-15,GSE54514
CD177,GSE65682,42,51,6.95467321429762,9.29277487376471,7.043244875,9.5986285285,2.33810165946709,Up_in_Sepsis,0.872082166199814,7.79851587115787e-10,GSE54514
CD177,GSE95233,22,51,5.19170742772727,11.2084004954902,5.25854487,11.39021861,6.01669306776292,Up_in_Sepsis,1,1.60188706567253e-11,GSE54514
VNN1,GSE137340,14,43,5.84198521592857,8.33127632462791,5.2407587655,8.28171284,2.48929110869934,Up_in_Sepsis,0.833887043189369,8.99233343862789e-05,GSE54514
VNN1,GSE236713,30,125,-2.51087958666667,0.174100949376,-2.3667963,0.22361732,2.68498053604267,Up_in_Sepsis,0.966933333333334,2.22338235075182e-15,GSE54514
VNN1,GSE57065,25,28,5.4584908,9.17175178571429,5.309355,9.329995,3.71326098571429,Up_in_Sepsis,0.995714285714286,1.54878193726075e-14,GSE54514
VNN1,GSE65682,42,51,5.20893270661429,6.76910780665098,5.2367840215,6.7483131382,1.56017510003669,Up_in_Sepsis,0.878618113912232,3.9231473659526e-10,GSE54514
VNN1,GSE95233,22,51,6.12347101727273,9.81471244029412,6.2628003225,9.948698,3.69124142302139,Up_in_Sepsis,1,1.60188706567253e-11,GSE54514
DACH1,GSE137340,14,43,4.46732213919048,5.14534074217054,4.34262644933334,4.93249457133333,0.678018602980067,Up_in_Sepsis,0.895348837209303,1.47261484413906e-06,GSE54514
DACH1,GSE236713,30,125,-2.14178051166667,0.192125785648,-2.132796525,0.32250023,2.33390629731467,Up_in_Sepsis,0.9808,3.24868406725649e-16,GSE54514
DACH1,GSE57065,25,28,3.41800226666667,6.180005,3.40577333333333,6.26129333333333,2.76200273333333,Up_in_Sepsis,1,2.21254562465821e-15,GSE54514
DACH1,GSE65682,42,51,4.38821517494048,5.67649628627451,4.4631872035,5.7262053915,1.28828111133403,Up_in_Sepsis,0.837068160597573,2.54774905292748e-08,GSE54514
DACH1,GSE95233,22,51,3.1235810880303,5.35821073751634,3.08244476666667,5.30643560333333,2.23462964948604,Up_in_Sepsis,0.997326203208556,2.05178515500888e-11,GSE54514
S100A12,GSE137340,14,43,7.70278727485714,11.0668810956512,7.065018702,11.04278397,3.36409382079402,Up_in_Sepsis,0.898671096345515,1.12784882767697e-06,GSE54514
S100A12,GSE236713,30,125,-1.917598468,0.1769893729,-1.901658775,0.180045844,2.0945878409,Up_in_Sepsis,0.973066666666666,9.56049645464289e-16,GSE54514
S100A12,GSE57065,25,28,9.826516,13.2250428571429,9.69309,13.31705,3.39852685714286,Up_in_Sepsis,0.998571428571429,4.42509124931643e-15,GSE54514
S100A12,GSE65682,42,51,11.8939188911905,12.4614545039216,12.001801995,12.55250341,0.567535612731094,Up_in_Sepsis,0.842670401493931,1.49082875196827e-08,GSE54514
S100A12,GSE95233,22,51,9.08179684272727,12.5885895996078,8.865218125,12.6154914,3.50679275688057,Up_in_Sepsis,1,1.60188706567253e-11,GSE54514
TP53I3,GSE137340,14,43,4.59942489925,5.53219730161628,4.43879523875,5.3940422195,0.932772402366279,Up_in_Sepsis,0.875415282392027,6.53811501196993e-06,GSE54514
TP53I3,GSE236713,30,125,-1.42931272416667,0.220877632548,-1.445740925,0.222686527,1.65019035671467,Up_in_Sepsis,0.9624,4.12045780957839e-15,GSE54514
TP53I3,GSE57065,25,28,4.9611108,6.94046321428572,4.92601,7.14898,1.97935241428571,Up_in_Sepsis,1,2.21254562465821e-15,GSE54514
TP53I3,GSE65682,42,51,5.27538630388095,6.79615955807843,5.1149474575,6.764566771,1.52077325419748,Up_in_Sepsis,0.881419234360411,2.9123290933051e-10,GSE54514
TP53I3,GSE95233,22,51,5.83148782727273,8.2367748072549,5.86947041,8.24667048,2.40528697998217,Up_in_Sepsis,1,1.60188706567253e-11,GSE54514
RETN,GSE137340,14,43,5.20533511935714,7.98698026388372,4.6106590085,8.017298027,2.78164514452658,Up_in_Sepsis,0.853820598006645,2.74394577444583e-05,GSE54514
RETN,GSE236713,30,125,-3.35105348333333,0.713783831712,-3.412232375,0.611680735,4.06483731504533,Up_in_Sepsis,0.9864,1.47108884225019e-16,GSE54514
RETN,GSE57065,25,28,4.613864,9.30737357142857,4.54531,9.56555,4.69350957142857,Up_in_Sepsis,0.997142857142857,8.85018249863286e-15,GSE54514
RETN,GSE65682,42,51,7.31710567696429,9.74104034138235,7.314010839,10.03319172,2.42393466441807,Up_in_Sepsis,0.869747899159664,9.93971462224936e-10,GSE54514
RETN,GSE95233,22,51,5.149751095,7.83679717882353,5.05946805,8.05463729,2.68704608382353,Up_in_Sepsis,0.986631016042781,5.45249501386452e-11,GSE54514
MS4A4A,GSE137340,14,43,4.38027034123809,4.79825954171318,4.21162892683333,4.621282503,0.417989200475084,Up_in_Sepsis,0.87375415282392,7.34598051394299e-06,GSE54514
MS4A4A,GSE236713,30,125,-2.61123413333333,0.377198846528,-2.6311412,0.40470123,2.98843297986133,Up_in_Sepsis,0.988533333333334,1.08528994979761e-16,GSE54514
MS4A4A,GSE57065,25,28,4.93951413333333,7.63538952380952,4.82179333333333,7.60882666666667,2.69587539047619,Up_in_Sepsis,0.988571428571429,1.482405568521e-13,GSE54514
MS4A4A,GSE65682,42,51,4.03805804831746,5.2213682564183,3.98802775533334,5.001020882,1.18331020810084,Up_in_Sepsis,0.833333333333334,3.62489033813588e-08,GSE54514
MS4A4A,GSE95233,22,51,4.23226711469697,7.65297900960784,4.15824913166667,7.34865074333333,3.42071189491088,Up_in_Sepsis,1,1.60188706567253e-11,GSE54514
ANXA3,GSE137340,14,43,6.19006722014286,8.80938603476744,5.5669530855,8.970790383,2.61931881462459,Up_in_Sepsis,0.838870431893687,6.75807999629674e-05,GSE54514
ANXA3,GSE236713,30,125,-3.47895378333333,0.369189877872,-3.41165095,0.4734826,3.84814366120533,Up_in_Sepsis,0.9616,4.59160112920663e-15,GSE54514
ANXA3,GSE57065,25,28,6.590432,11.05753,6.51191,11.3417,4.467098,Up_in_Sepsis,1,2.21254562465821e-15,GSE54514
ANXA3,GSE65682,42,51,9.45762392670238,10.1546832445588,9.64462058775,10.262729435,0.697059317856443,Up_in_Sepsis,0.7703081232493,7.96894550994041e-06,GSE54514
ANXA3,GSE95233,22,51,6.21233055909091,10.3470795898039,6.197868215,10.51778229,4.13474903071301,Up_in_Sepsis,1,1.60188706567253e-11,GSE54514
S100A8,GSE137340,14,43,11.7670707607143,13.8612130895349,11.6478577,13.9794618,2.0941423288206,Up_in_Sepsis,0.900332225913621,8.24610608071691e-06,GSE54514
S100A8,GSE236713,30,125,-1.74534144333333,0.245866349664,-1.83901405,0.19146156,1.99120779299733,Up_in_Sepsis,0.993333333333333,5.44853176760137e-17,GSE54514
S100A8,GSE57065,25,28,9.4961188,10.2673585714286,9.421735,10.24313,0.771239771428572,Up_in_Sepsis,0.88,3.59733314920835e-07,GSE54514
S100A8,GSE65682,42,51,12.8216072683333,13.1201117496078,12.79987098,13.13078904,0.298504481274511,Up_in_Sepsis,0.812324929971989,2.45875764364347e-07,GSE54514
S100A8,GSE95233,22,51,10.7613722531818,13.0814998472549,10.6646902575,13.108627835,2.32012759407308,Up_in_Sepsis,1,1.60188706567253e-11,GSE54514
GPR84,GSE137340,14,43,4.92734887142857,6.88936857467442,4.435268492,6.63126722,1.96201970324585,Up_in_Sepsis,0.882059800664452,4.05663071297044e-06,GSE54514
GPR84,GSE236713,30,125,-2.36265875666667,0.811980091432,-2.3565483,0.67417645,3.17463884809867,Up_in_Sepsis,0.988533333333333,1.08528994979761e-16,GSE54514
GPR84,GSE57065,25,28,4.3664652,9.12399035714286,4.35207,9.540155,4.75752515714286,Up_in_Sepsis,1,2.21254562465821e-15,GSE54514
GPR84,GSE65682,42,51,6.97553973764286,8.35375543845098,7.3542148065,8.581473795,1.37821570080812,Up_in_Sepsis,0.750233426704015,3.56415344787041e-05,GSE54514
GPR84,GSE95233,22,51,4.22026272045455,8.65059058882353,4.09957837,8.75996829,4.43032786836898,Up_in_Sepsis,1,1.60188706567253e-11,GSE54514
GRB10,GSE137340,14,43,4.56440252525,5.22920618850581,4.38811246875,5.0267802825,0.664803663255814,Up_in_Sepsis,0.86046511627907,1.79643132928885e-05,GSE54514
GRB10,GSE236713,30,125,-3.89471878333333,0.417078135436,-3.96789635,0.6052891,4.31179691876933,Up_in_Sepsis,0.9992,2.32616920867582e-17,GSE54514
GRB10,GSE57065,25,28,4.5430876,6.88285482142857,4.53553,7.0517825,2.33976722142857,Up_in_Sepsis,1,2.21254562465821e-15,GSE54514
GRB10,GSE65682,42,51,5.14375050635714,6.3680301916732,5.3072275765,6.40669285766667,1.22427968531606,Up_in_Sepsis,0.798319327731093,8.25601832102464e-07,GSE54514
GRB10,GSE95233,22,51,5.38171027272727,7.47753324985294,5.3005039125,7.5704178725,2.09582297712567,Up_in_Sepsis,0.994652406417112,2.62469054871502e-11,GSE54514
TCN1,GSE137340,14,43,5.92217254121429,8.4238244502093,5.549934306,8.175739311,2.50165190899502,Up_in_Sepsis,0.870431893687708,9.24335675110831e-06,GSE54514
TCN1,GSE236713,30,125,-2.116104969,0.395259804608,-2.239315,0.40213156,2.511364773608,Up_in_Sepsis,0.9296,3.00598095206023e-13,GSE54514
TCN1,GSE57065,25,28,5.9357436,9.57655321428572,6.03304,9.47519,3.64080961428571,Up_in_Sepsis,0.992857142857143,4.20383668685061e-14,GSE54514
TCN1,GSE65682,42,51,6.60707318309524,8.85521654782353,6.528435852,9.067284058,2.24814336472829,Up_in_Sepsis,0.877217553688142,4.549776441538e-10,GSE54514
TCN1,GSE95233,22,51,5.01863434545455,8.36151990235294,5.04874131,8.31396416,3.3428855568984,Up_in_Sepsis,1,1.60188706567253e-11,GSE54514
CA4,GSE137340,14,43,6.91940812057143,9.65519712048837,6.459628585,9.669696759,2.73578899991694,Up_in_Sepsis,0.880398671096346,4.5786917253501e-06,GSE54514
CA4,GSE236713,30,125,-3.66853894,0.384889875952,-3.70356985,0.6014385,4.053428815952,Up_in_Sepsis,0.972533333333333,1.0292890169365e-15,GSE54514
CA4,GSE57065,25,28,6.0628788,8.69593821428571,5.889615,8.6840025,2.63305941428571,Up_in_Sepsis,0.978571428571428,1.51338120726622e-12,GSE54514
CA4,GSE65682,42,51,7.10914031604762,8.45817187988235,7.137137786,8.552890722,1.34903156383473,Up_in_Sepsis,0.870681605975724,9.02204498104525e-10,GSE54514
CA4,GSE95233,22,51,5.33730089909091,7.46785604637255,5.2940546725,7.43619414,2.13055514728164,Up_in_Sepsis,1,1.60188706567253e-11,GSE54514
BCL9L,GSE137340,14,43,5.63381018871429,4.94135932369767,5.6595003125,4.822681264,-0.692450865016611,Down_in_Sepsis,0.131229235880399,1.0352095404657e-05,GSE54514
BCL9L,GSE236713,30,125,1.50684055983333,-0.206247490844,1.51030955,-0.1328442,-1.71308805067733,Down_in_Sepsis,0.008,6.60229162961706e-17,GSE54514
BCL9L,GSE57065,25,28,6.5540542,5.30580339285714,6.534365,5.2188175,-1.24825080714286,Down_in_Sepsis,0,2.21254562465821e-15,GSE54514
BCL9L,GSE65682,42,51,3.83638749773214,3.41169320090686,3.733946900125,3.4224820565,-0.42469429682528,Down_in_Sepsis,0.19187675070028,3.55549239738882e-07,GSE54514
BCL9L,GSE95233,22,51,6.39400990977273,5.13587235127451,6.3346484625,5.107778375,-1.25813755849822,Down_in_Sepsis,0.0017825311942959,1.88955739655682e-11,GSE54514
IRAK3,GSE137340,14,43,6.47396456585714,9.10218682455814,5.964591442,9.217291858,2.628222258701,Up_in_Sepsis,0.875415282392027,6.53811501196993e-06,GSE54514
IRAK3,GSE236713,30,125,-2.2557758,0.510612487264,-2.2103551,0.74091697,2.766388287264,Up_in_Sepsis,0.9824,2.59297050143436e-16,GSE54514
IRAK3,GSE57065,25,28,5.32564786666667,8.14573369047619,5.33925,8.23077,2.82008582380952,Up_in_Sepsis,1,2.21254562465821e-15,GSE54514
IRAK3,GSE65682,42,51,7.38685149740476,8.00597797543628,7.699551669,8.219756242,0.619126478031514,Up_in_Sepsis,0.710084033613446,0.000520192370241943,GSE54514
IRAK3,GSE95233,22,51,6.60189167469697,9.13780613104575,6.68542414,9.22017156666667,2.53591445634878,Up_in_Sepsis,0.99554367201426,2.41819260539641e-11,GSE54514
OLFM4,GSE137340,14,43,4.54263055035714,5.90532457310465,4.24708841475,5.5772952645,1.36269402274751,Up_in_Sepsis,0.910299003322259,4.22790671752083e-07,GSE54514
OLFM4,GSE236713,30,125,-3.89017209,0.38682899196,-4.09831955,0.4451604,4.27700108196,Up_in_Sepsis,0.912533333333333,2.48284480141307e-12,GSE54514
OLFM4,GSE57065,25,28,3.3893216,9.43543642857143,3.25378,9.84019,6.04611482857143,Up_in_Sepsis,0.978571428571428,1.51338120726622e-12,GSE54514
OLFM4,GSE65682,42,51,3.80761788369048,7.85954184731373,3.3217766645,8.3384783855,4.05192396362325,Up_in_Sepsis,0.926237161531279,1.86135962666096e-12,GSE54514
OLFM4,GSE95233,22,51,5.17500045409091,10.0501089431373,4.84326208,10.55058836,4.87510848904635,Up_in_Sepsis,0.985739750445633,5.9097281654302e-11,GSE54514
GADD45A,GSE137340,14,43,5.30691045196429,6.19020441647674,4.79919859475,5.967946497,0.883293964512459,Up_in_Sepsis,0.754152823920266,0.00385928762593356,GSE54514
GADD45A,GSE236713,30,125,-1.83901991666667,0.88889644512,-1.8438382,0.79994035,2.72791636178667,Up_in_Sepsis,0.972533333333333,1.0292890169365e-15,GSE54514
GADD45A,GSE57065,25,28,6.1883888,9.48613428571429,6.17952,9.860785,3.29774548571429,Up_in_Sepsis,1,2.21254562465821e-15,GSE54514
GADD45A,GSE65682,42,51,7.84114134335714,9.02282525972549,8.121916137,9.094566,1.18168391636835,Up_in_Sepsis,0.826330532212886,6.95166724757002e-08,GSE54514
GADD45A,GSE95233,22,51,6.19195034590909,9.49780938431373,6.143981605,9.57783296,3.30585903840464,Up_in_Sepsis,1,1.60188706567253e-11,GSE54514
S100P,GSE137340,14,43,7.11713931071429,10.6221696755814,7.245426574,10.78611659,3.50503036486711,Up_in_Sepsis,0.893687707641196,1.67917460911234e-06,GSE54514
S100P,GSE236713,30,125,-2.98257649866667,0.092648548928,-3.066798,0.20399523,3.07522504759467,Up_in_Sepsis,0.974933333333333,7.3791217923107e-16,GSE54514
S100P,GSE57065,25,28,8.7936928,11.40341,9.09986,11.5109,2.6097172,Up_in_Sepsis,0.985714285714286,3.07543841827492e-13,GSE54514
S100P,GSE65682,42,51,11.3545093569762,11.7995175968627,11.48921505,11.85882878,0.445008239886555,Up_in_Sepsis,0.69514472455649,0.00126812382600049,GSE54514
S100P,GSE95233,22,51,8.66531628136364,11.8757753331373,8.813103335,11.93590325,3.21045905177362,Up_in_Sepsis,0.998217468805704,1.88955739655682e-11,GSE54514
ABLIM1,GSE137340,14,43,5.85463673442857,5.65571428069186,5.78113520325,5.6068577235,-0.198922453736711,Down_in_Sepsis,0.363787375415282,0.131931166909804,GSE54514
ABLIM1,GSE236713,30,125,1.48281813655555,-0.203484871834667,1.46177024166667,-0.226563213333333,-1.68630300839022,Down_in_Sepsis,0.0146666666666667,1.71188481427709e-16,GSE54514
ABLIM1,GSE57065,25,28,7.2038044,5.46805267857143,7.23139,5.4631175,-1.73575172142857,Down_in_Sepsis,0,2.21254562465821e-15,GSE54514
ABLIM1,GSE65682,42,51,4.32378784963691,3.80800783962745,4.2776805045,3.77866002775,-0.515780010009454,Down_in_Sepsis,0.227357609710551,6.64929120817864e-06,GSE54514
ABLIM1,GSE95233,22,51,8.23902331090909,6.14861887078431,8.206853725,6.06508925,-2.09040444012478,Down_in_Sepsis,0.00267379679144385,2.05178515500888e-11,GSE54514
BCL11B,GSE137340,14,43,5.98113905671429,5.59100855484884,5.9846407675,5.5688549385,-0.390130501865448,Down_in_Sepsis,0.302325581395349,0.0268571212063966,GSE54514
BCL11B,GSE236713,30,125,2.220160065,-0.349411487824,2.257028925,-0.28752565,-2.569571552824,Down_in_Sepsis,0.0064,5.24288184560356e-17,GSE54514
BCL11B,GSE57065,25,28,7.25788853333333,5.18344464285714,7.28888,5.22762166666666,-2.07444389047619,Down_in_Sepsis,0,2.21254562465821e-15,GSE54514
BCL11B,GSE65682,42,51,4.41698534159524,3.30491277327451,4.329102721,3.129349473,-1.11207256832073,Down_in_Sepsis,0.222222222222222,4.44231456366313e-06,GSE54514
BCL11B,GSE95233,22,51,7.20962040227273,5.29110927601307,7.15841215166667,5.19352229,-1.91851112625966,Down_in_Sepsis,0,1.60188706567253e-11,GSE54514
ARG1,GSE137340,14,43,5.39318331628572,8.42492957209302,4.8148795855,8.18703108,3.03174625580731,Up_in_Sepsis,0.903654485049834,7.47687024826658e-07,GSE54514
ARG1,GSE236713,30,125,-5.70737630333333,0.607655357684,-5.273505225,1.0022521,6.31503166101733,Up_in_Sepsis,0.988533333333333,1.08528994979761e-16,GSE54514
ARG1,GSE57065,25,28,3.2255926,4.93748616071429,3.2431525,4.861785,1.71189356071429,Up_in_Sepsis,1,2.21254562465821e-15,GSE54514
ARG1,GSE65682,42,51,8.24808981338095,9.51827819741177,8.6403316835,9.643508982,1.27018838403081,Up_in_Sepsis,0.827731092436975,6.1091786074841e-08,GSE54514
ARG1,GSE95233,22,51,4.60294954704546,8.15285476784314,4.57397270125,8.3056969125,3.54990522079768,Up_in_Sepsis,1,1.60188706567253e-11,GSE54514
ATP6V1C1,GSE137340,14,43,5.04136580589286,5.73415236531395,4.906265868,5.689115671,0.692786559421096,Up_in_Sepsis,0.830564784053156,0.00010836477926158,GSE54514
ATP6V1C1,GSE236713,30,125,-1.074058834,0.236285986636,-1.054627425,0.22516934,1.310344820636,Up_in_Sepsis,0.9792,4.06725214686755e-16,GSE54514
ATP6V1C1,GSE57065,25,28,5.6078049,7.47761964285714,5.6252925,7.68454375,1.86981474285714,Up_in_Sepsis,0.951428571428571,1.46118725598053e-10,GSE54514
ATP6V1C1,GSE65682,42,51,6.24831028319048,7.10629631146079,6.445528915,7.39451124325,0.857986028270308,Up_in_Sepsis,0.794117647058824,1.17542255359386e-06,GSE54514
ATP6V1C1,GSE95233,22,51,5.22768845727273,7.05554861,5.23748087375,7.145759595,1.82786015272727,Up_in_Sepsis,0.994652406417112,2.62469054871502e-11,GSE54514
CARD6,GSE137340,14,43,4.63616553407143,4.91750596602326,4.4106857275,4.89764085,0.281340431951827,Up_in_Sepsis,0.777408637873754,0.00148209884903873,GSE54514
CARD6,GSE236713,30,125,-1.64551811633333,0.174654875544,-1.6436938,0.15912545,1.82017299187733,Up_in_Sepsis,0.987733333333334,1.21659665288115e-16,GSE54514
CARD6,GSE57065,25,28,6.9144216,8.6368225,6.95104,8.737985,1.7224009,Up_in_Sepsis,0.997142857142857,8.85018249863286e-15,GSE54514
CARD6,GSE65682,42,51,5.12144521540476,5.65600112676471,5.13452269225,5.726991105,0.534555911359944,Up_in_Sepsis,0.805788982259571,4.35525530177079e-07,GSE54514
CARD6,GSE95233,22,51,7.62536779272727,9.29978000666667,7.537637815,9.40990241,1.67441221393939,Up_in_Sepsis,0.99108734402852,3.63757408976493e-11,GSE54514
UPP1,GSE137340,14,43,6.36924055446429,7.75294618354651,6.110650695,7.8271669045,1.38370562908223,Up_in_Sepsis,0.897009966777409,1.28968008164182e-06,GSE54514
UPP1,GSE236713,30,125,-0.8235940235,0.238714968964,-0.774116155,0.20617473,1.062308992464,Up_in_Sepsis,0.908,4.29036556442579e-12,GSE54514
UPP1,GSE57065,25,28,7.2129604,9.45425107142857,7.22195,9.60008,2.24129067142857,Up_in_Sepsis,1,2.21254562465821e-15,GSE54514
UPP1,GSE65682,42,51,6.56647217418254,6.99437480713725,6.659621124,7.04593798366667,0.427902632954715,Up_in_Sepsis,0.704948646125117,0.000711219090907829,GSE54514
UPP1,GSE95233,22,51,7.75446764272727,9.99851484803922,7.77230046,10.03599566,2.24404720531194,Up_in_Sepsis,1,1.60188706567253e-11,GSE54514
LCN2,GSE137340,14,43,7.67010171992857,10.3960011772326,7.420531063,10.28086345,2.72589945730399,Up_in_Sepsis,0.878737541528239,5.16186693059591e-06,GSE54514
LCN2,GSE236713,30,125,-1.140262623,0.487558468592,-1.05668355,0.59043336,1.627821091592,Up_in_Sepsis,0.835466666666667,1.23116575698421e-08,GSE54514
LCN2,GSE57065,25,28,6.4240184,10.9134264285714,6.11326,11.10395,4.48940802857143,Up_in_Sepsis,0.981428571428571,8.25279517997514e-13,GSE54514
LCN2,GSE65682,42,51,7.97513332819048,11.2084427045686,7.6710586825,11.51258298,3.23330937637815,Up_in_Sepsis,0.894024276377218,7.42481588396865e-11,GSE54514
LCN2,GSE95233,22,51,6.95965178954546,10.8096351239216,7.05040658,11.45825895,3.84998333437611,Up_in_Sepsis,0.993761140819965,2.84841857067922e-11,GSE54514
CD3E,GSE137340,14,43,8.07039240107143,5.88392111839535,8.276842362,5.779868265,-2.18647128267608,Down_in_Sepsis,0.053156146179402,1.01995612661308e-08,GSE54514
CD3E,GSE236713,30,125,1.97366016666667,-0.193724511728,2.02472565,-0.16553044,-2.16738467839467,Down_in_Sepsis,0.0306666666666667,1.60007772207837e-15,GSE54514
CD3E,GSE57065,25,28,8.8292944,6.82665,8.76822,6.719105,-2.0026444,Down_in_Sepsis,0.0214285714285714,1.51338120726622e-12,GSE54514
CD3E,GSE65682,42,51,2.98063724442857,2.48459348256863,2.872306862,2.436319492,-0.496043761859944,Down_in_Sepsis,0.237161531279178,1.40872649154211e-05,GSE54514
CD3E,GSE95233,22,51,6.84893544818182,4.84148069254902,6.812105725,4.83025782,-2.0074547556328,Down_in_Sepsis,0.0071301247771836,3.08970483898191e-11,GSE54514
LIN7A,GSE137340,14,43,4.90124060207143,6.00237916232558,4.54409923,5.841986616,1.10113856025415,Up_in_Sepsis,0.812292358803987,0.0002869816641554,GSE54514
LIN7A,GSE236713,30,125,-1.77383954,-0.028028324416,-1.7013788,0.12625504,1.745811215584,Up_in_Sepsis,0.966933333333333,2.22338235075182e-15,GSE54514
LIN7A,GSE57065,25,28,4.8304398,6.605744375,4.836965,6.5766675,1.775304575,Up_in_Sepsis,0.981428571428571,8.25279517997514e-13,GSE54514
LIN7A,GSE65682,42,51,5.14147954,5.89860411596079,5.115247984,6.032136915,0.757124575960785,Up_in_Sepsis,0.806255835667601,4.18254822208525e-07,GSE54514
LIN7A,GSE95233,22,51,5.87961799,7.64378624156863,6.002409555,7.769969035,1.76416825156863,Up_in_Sepsis,0.980392156862745,9.55234536735608e-11,GSE54514
DDAH2,GSE137340,14,43,6.08321869521429,7.57824647653488,5.6365278395,7.619190009,1.4950277813206,Up_in_Sepsis,0.813953488372093,0.000263581497271942,GSE54514
DDAH2,GSE236713,30,125,-1.27922573033333,0.19872973652,-1.300472,0.27447033,1.47795546685333,Up_in_Sepsis,0.933866666666667,1.75042029032808e-13,GSE54514
DDAH2,GSE57065,25,28,6.08238986666667,7.82757821428571,6.09504333333333,7.85892,1.74518834761905,Up_in_Sepsis,0.997142857142857,8.85018249863286e-15,GSE54514
DDAH2,GSE65682,42,51,5.84774054228571,7.14443262911765,5.902305836,7.239468677,1.29669208683193,Up_in_Sepsis,0.8874883286648,1.51621161941954e-10,GSE54514
DDAH2,GSE95233,22,51,6.09254895863636,7.90755793954248,6.056235065,8.00775867,1.81500898090612,Up_in_Sepsis,0.998217468805704,1.88955739655682e-11,GSE54514
CCPG1,GSE137340,14,43,5.71398015628571,7.19531445209302,5.407865091,7.143221333,1.48133429580731,Up_in_Sepsis,0.87375415282392,7.34598051394299e-06,GSE54514
CCPG1,GSE236713,30,125,-1.38570976466667,0.199617117968,-1.3767164,0.23355675,1.58532688263467,Up_in_Sepsis,0.964266666666667,3.19836502929864e-15,GSE54514
CCPG1,GSE57065,25,28,6.45456624,7.88405864285714,6.497546,7.867906,1.42949240285714,Up_in_Sepsis,0.965714285714285,1.6235659793742e-11,GSE54514
CCPG1,GSE65682,42,51,5.43048237534354,6.29565831969188,5.4763874095,6.38689566442857,0.86517594434834,Up_in_Sepsis,0.839869281045752,1.95094747201154e-08,GSE54514
CCPG1,GSE95233,22,51,6.15918117136364,7.5556615647451,6.122413141,7.582680408,1.39648039338146,Up_in_Sepsis,0.968805704099822,2.6568328672965e-10,GSE54514
NLRC4,GSE137340,14,43,5.55132285385714,7.22118646581395,5.1589393945,7.26193747,1.66986361195681,Up_in_Sepsis,0.805647840531561,0.000400631980255359,GSE54514
NLRC4,GSE236713,30,125,-1.78090573316667,0.349063856668,-1.6988298,0.45337687,2.12996958983467,Up_in_Sepsis,0.968266666666667,1.85237119125629e-15,GSE54514
NLRC4,GSE57065,25,28,5.35220746666667,7.07516642857143,5.33810333333333,7.13635333333334,1.72295896190476,Up_in_Sepsis,0.99,9.95645531096197e-14,GSE54514
NLRC4,GSE65682,42,51,4.29577335354762,5.00175797528431,4.4655792825,5.0621416185,0.705984621736694,Up_in_Sepsis,0.830999066293184,4.51012294675184e-08,GSE54514
NLRC4,GSE95233,22,51,5.92346704727273,8.06012161640523,6.00441967333333,8.09675851666667,2.1366545691325,Up_in_Sepsis,0.998217468805704,1.88955739655682e-11,GSE54514
ANKRD22,GSE137340,14,43,5.63655461485714,8.05516097733721,4.955305934,7.786172296,2.41860636248007,Up_in_Sepsis,0.872093023255814,8.24463721259666e-06,GSE54514
ANKRD22,GSE236713,30,125,-2.85101746333333,1.022537681272,-2.8997055,0.98461366,3.87355514460533,Up_in_Sepsis,0.958933333333333,6.57843625058159e-15,GSE54514
ANKRD22,GSE57065,25,28,4.9164542,8.50486089285714,4.857295,8.6982375,3.58840669285714,Up_in_Sepsis,0.982857142857143,6.01812409907034e-13,GSE54514
ANKRD22,GSE65682,42,51,5.88699225960714,7.052159584,6.213737908,7.332923397,1.16516732439286,Up_in_Sepsis,0.793183940242764,1.27061238461506e-06,GSE54514
ANKRD22,GSE95233,22,51,4.29564052431818,8.56352469696078,4.1869591325,8.686646645,4.2678841726426,Up_in_Sepsis,1,1.60188706567253e-11,GSE54514
TNFAIP6,GSE137340,14,43,6.27006474171429,7.63948308497674,6.136230148,7.544343218,1.36941834326246,Up_in_Sepsis,0.868770764119601,1.0352095404657e-05,GSE54514
TNFAIP6,GSE236713,30,125,-3.05653364,0.290474225472,-2.97301435,0.47928786,3.347007865472,Up_in_Sepsis,0.992533333333333,6.11441610250757e-17,GSE54514
TNFAIP6,GSE57065,25,28,7.4643938,9.61311178571429,7.312245,9.727425,2.14871798571429,Up_in_Sepsis,0.944285714285714,3.90036392897249e-10,GSE54514
TNFAIP6,GSE65682,42,51,8.96900833957143,9.3313451742549,9.087399385,9.419908274,0.362336834683473,Up_in_Sepsis,0.639122315592904,0.0216359913017819,GSE54514
TNFAIP6,GSE95233,22,51,7.05627400295455,9.5566334022549,7.1440883625,9.421209355,2.50035939930036,Up_in_Sepsis,0.991978609625668,3.35328660937072e-11,GSE54514
LILRA5,GSE137340,14,43,7.42001433247619,9.54247215132558,7.19596167783333,9.55634477233333,2.1224578188494,Up_in_Sepsis,0.87375415282392,7.34598051394299e-06,GSE54514
LILRA5,GSE236713,30,125,-1.44724332833333,0.156060930264,-1.32604715,0.2754941,1.60330425859733,Up_in_Sepsis,0.931466666666667,2.37420343089897e-13,GSE54514
LILRA5,GSE57065,25,28,5.0902356,6.95282794642857,5.1211775,7.02134,1.86259234642857,Up_in_Sepsis,0.985714285714286,3.07543841827492e-13,GSE54514
LILRA5,GSE65682,42,51,9.04942252834921,9.72692568706536,9.13687494883333,9.84878112566667,0.677503158716151,Up_in_Sepsis,0.794584500466854,1.13043864028343e-06,GSE54514
LILRA5,GSE95233,22,51,7.11645134261364,9.51360269279412,7.08574943625,9.654418455,2.39715135018048,Up_in_Sepsis,1,1.60188706567253e-11,GSE54514
NELL2,GSE137340,14,43,6.49554174478571,5.89434837602326,6.6868329055,5.813746076,-0.601193368762458,Down_in_Sepsis,0.26578073089701,0.00811465598623881,GSE54514
NELL2,GSE236713,30,125,2.64676992,-0.69962685492,2.7429225,-0.860307,-3.34639677492,Down_in_Sepsis,0.00986666666666667,8.63190787799774e-17,GSE54514
NELL2,GSE57065,25,28,8.1009788,5.30718821428572,7.99138,5.2103,-2.79379058571429,Down_in_Sepsis,0,2.21254562465821e-15,GSE54514
NELL2,GSE65682,42,51,3.29146798292857,2.63422352013726,2.94993907725,2.5864294925,-0.657244462791316,Down_in_Sepsis,0.23015873015873,8.26135619987797e-06,GSE54514
NELL2,GSE95233,22,51,6.40110207,4.16448993078431,6.443161585,4.09752712,-2.23661213921569,Down_in_Sepsis,0.00802139037433155,3.35212501057368e-11,GSE54514
HP,GSE137340,14,43,5.363253116,8.42878847960465,4.5018803655,8.465870512,3.06553536360465,Up_in_Sepsis,0.86046511627907,1.79643132928885e-05,GSE54514
HP,GSE236713,30,125,-4.03911341,0.179046727752,-3.7438183,0.33035803,4.218160137752,Up_in_Sepsis,0.9768,5.68982032753381e-16,GSE54514
HP,GSE57065,25,28,3.8130822,6.18478839285714,3.803155,6.46058,2.37170619285714,Up_in_Sepsis,1,2.21254562465821e-15,GSE54514
HP,GSE65682,42,51,8.14765722297619,9.4815146120719,8.22137304783334,9.74653601733333,1.33385738909571,Up_in_Sepsis,0.795985060690943,1.00520795442081e-06,GSE54514
HP,GSE95233,22,51,5.79297588340909,7.87475571607843,5.740234965,7.936269885,2.08177983266934,Up_in_Sepsis,1,1.60188706567253e-11,GSE54514
WIPI1,GSE137340,14,43,5.84246341814286,6.68232948148837,5.6971568515,6.808783668,0.839866063345515,Up_in_Sepsis,0.757475083056478,0.0033868587230376,GSE54514
WIPI1,GSE236713,30,125,-1.41402153533333,0.271323764848,-1.33425285,0.20184422,1.68534530018133,Up_in_Sepsis,0.983466666666666,2.23022449395653e-16,GSE54514
WIPI1,GSE57065,25,28,6.3063356,7.62544607142857,6.401195,7.72776,1.31911047142857,Up_in_Sepsis,0.991428571428571,6.63763687397464e-14,GSE54514
WIPI1,GSE65682,42,51,6.14616818605952,7.20296578637255,6.127173298,7.2842650345,1.05679760031303,Up_in_Sepsis,0.918767507002801,4.48546841923949e-12,GSE54514
WIPI1,GSE95233,22,51,7.17243139181818,8.66540228686275,7.1766740375,8.5907914,1.49297089504456,Up_in_Sepsis,0.992869875222816,3.09077930949446e-11,GSE54514
ZDHHC19,GSE137340,14,43,5.59829461921429,8.41792485113954,4.6442862455,8.392798929,2.81963023192525,Up_in_Sepsis,0.858803986710963,1.99991144589167e-05,GSE54514
ZDHHC19,GSE236713,30,125,-1.820636658,0.638905728336,-1.889231,0.6277652,2.459542386336,Up_in_Sepsis,0.958133333333333,7.32485636027738e-15,GSE54514
ZDHHC19,GSE57065,25,28,4.665217,7.01162125,4.66739,7.0825325,2.34640425,Up_in_Sepsis,0.985714285714286,3.07543841827492e-13,GSE54514
ZDHHC19,GSE65682,42,51,5.2290239395119,8.29334250146079,4.58764488125,8.8220292475,3.06431856194888,Up_in_Sepsis,0.907563025210084,1.63148457744655e-11,GSE54514
ZDHHC19,GSE95233,22,51,4.34424839045455,7.00703930686275,4.121067835,7.13194825,2.6627909164082,Up_in_Sepsis,0.978609625668449,1.11977955795568e-10,GSE54514
UBE2J1,GSE137340,14,43,7.51051921157143,8.90058205346512,7.0956391145,8.877279489,1.39006284189369,Up_in_Sepsis,0.848837209302326,3.73425195502401e-05,GSE54514
UBE2J1,GSE236713,30,125,-0.985950385,0.126259820264,-0.911705255,0.04517293,1.112210205264,Up_in_Sepsis,0.965066666666667,2.86844175544285e-15,GSE54514
UBE2J1,GSE57065,25,28,6.41856846666667,7.87583732142857,6.40528,8.02547666666667,1.4572688547619,Up_in_Sepsis,0.97,7.7571849600517e-12,GSE54514
UBE2J1,GSE65682,42,51,7.21102242579762,7.98972013118137,7.056721576375,8.12342960675,0.778697705383753,Up_in_Sepsis,0.805322128851541,4.53483226434796e-07,GSE54514
UBE2J1,GSE95233,22,51,6.98358755787879,8.72503335183007,6.9664858275,8.78516449666667,1.74144579395128,Up_in_Sepsis,0.991978609625668,3.35328660937072e-11,GSE54514
CLEC4D,GSE137340,14,43,5.1546208625,6.58479816990698,4.582975165,6.382337398,1.43017730740698,Up_in_Sepsis,0.812292358803987,0.0002869816641554,GSE54514
CLEC4D,GSE236713,30,125,-1.81036647083333,0.238648247424,-1.777268525,0.261546255,2.04901471825733,Up_in_Sepsis,0.968,1.9213337153322e-15,GSE54514
CLEC4D,GSE57065,25,28,5.3772788,9.33756732142857,5.37215,9.7270175,3.96028852142857,Up_in_Sepsis,0.998571428571429,4.42509124931643e-15,GSE54514
CLEC4D,GSE65682,42,51,7.66937680728571,8.57762688411765,7.79903323025,8.699434631,0.908250076831933,Up_in_Sepsis,0.681605975723623,0.00270673854041277,GSE54514
CLEC4D,GSE95233,22,51,6.31477353318182,9.76741677529412,6.231621425,9.89875776,3.4526432421123,Up_in_Sepsis,1,1.60188706567253e-11,GSE54514
RNASE2,GSE137340,14,43,7.73033038857143,10.6338123868837,7.4552856515,11.07030608,2.90348199831229,Up_in_Sepsis,0.888704318936877,2.46942812179279e-06,GSE54514
RNASE2,GSE236713,30,125,-1.96222776066667,0.158999471508,-2.013210425,0.282015202,2.12122723217467,Up_in_Sepsis,0.904266666666667,6.70227324101856e-12,GSE54514
RNASE2,GSE57065,25,28,7.5409372,10.5329417857143,7.54956,10.5821,2.99200458571429,Up_in_Sepsis,0.991428571428571,6.63763687397464e-14,GSE54514
RNASE2,GSE65682,42,51,7.79061320569048,8.92322719009804,7.7673856775,8.88832994,1.13261398440756,Up_in_Sepsis,0.781979458450047,3.17723921323732e-06,GSE54514
RNASE2,GSE95233,22,51,6.77813487681818,9.51050022568627,6.78675501,9.64329331,2.73236534886809,Up_in_Sepsis,0.988413547237077,4.63944869067713e-11,GSE54514
ZNF438,GSE137340,14,43,6.011259107,7.414814933,5.6935261025,7.54984771,1.403555826,Up_in_Sepsis,0.830564784053156,0.00010836477926158,GSE54514
ZNF438,GSE236713,30,125,-2.00385324666667,0.272921269688,-2.03095335,0.24590015,2.27677451635467,Up_in_Sepsis,0.990666666666667,7.99631971871393e-17,GSE54514
ZNF438,GSE57065,25,28,5.388177,6.90787517857143,5.37315,6.9155975,1.51969817857143,Up_in_Sepsis,0.995714285714286,1.54878193726075e-14,GSE54514
ZNF438,GSE65682,42,51,5.28696320588095,5.90877666462745,5.259332643,5.956922869,0.621813458746499,Up_in_Sepsis,0.778244631185808,4.28090624201636e-06,GSE54514
ZNF438,GSE95233,22,51,5.79770358931818,7.50971257441177,5.784056845,7.64675054,1.71200898509358,Up_in_Sepsis,0.993761140819964,2.84841857067922e-11,GSE54514
ST6GALNAC3,GSE137340,14,43,4.50137086075,5.26059257533721,4.31088362225,5.0850363435,0.759221714587209,Up_in_Sepsis,0.872093023255814,8.24463721259666e-06,GSE54514
ST6GALNAC3,GSE236713,30,125,-1.624927869,0.340497375576,-1.67360055,0.45912015,1.965425244576,Up_in_Sepsis,0.960266666666667,5.49734641168987e-15,GSE54514
ST6GALNAC3,GSE57065,25,28,3.4878912,5.77572321428572,3.4873,5.914285,2.28783201428571,Up_in_Sepsis,0.968571428571428,9.97415567595923e-12,GSE54514
ST6GALNAC3,GSE65682,42,51,4.01725771820238,5.1214141005098,4.03934253175,5.2777308485,1.10415638230742,Up_in_Sepsis,0.799253034547153,7.62783761565202e-07,GSE54514
ST6GALNAC3,GSE95233,22,51,3.91260054272727,6.32286726823529,3.902799155,6.39476853,2.41026672550802,Up_in_Sepsis,0.988413547237077,4.63786430560109e-11,GSE54514
TLR5,GSE137340,14,43,7.45698871914286,9.88626998116279,7.152195425,10.11726915,2.42928126201993,Up_in_Sepsis,0.857142857142857,6.99054388330195e-05,GSE54514
TLR5,GSE236713,30,125,-1.76521059833333,0.342181207492,-1.726134175,0.4524085465,2.10739180582533,Up_in_Sepsis,0.986133333333333,1.52795650971528e-16,GSE54514
TLR5,GSE57065,25,28,6.7654072,9.0116675,6.80244,9.13032,2.2462603,Up_in_Sepsis,0.997142857142857,8.85018249863286e-15,GSE54514
TLR5,GSE65682,42,51,7.63102261552381,8.03037110862745,7.904869968,8.162158126,0.399348493103641,Up_in_Sepsis,0.637721755368814,0.0229937647958931,GSE54514
TLR5,GSE95233,22,51,7.09033071954546,9.28910596784314,7.022787335,9.43570202,2.19877524829768,Up_in_Sepsis,0.989304812834225,4.27867888939574e-11,GSE54514
KCNE1,GSE137340,14,43,4.33918809985714,5.32449742881395,4.207419919,5.013995002,0.98530932895681,Up_in_Sepsis,0.89202657807309,1.9120745116751e-06,GSE54514
KCNE1,GSE236713,30,125,-2.26869852566667,0.694333473672,-2.36768555,0.6509087,2.96303199933867,Up_in_Sepsis,0.9896,9.31726147513612e-17,GSE54514
KCNE1,GSE57065,25,28,3.5885864,5.18116428571429,3.59016,5.135155,1.59257788571429,Up_in_Sepsis,0.965714285714285,1.6235659793742e-11,GSE54514
KCNE1,GSE65682,42,51,2.97889442228571,3.65664761473529,2.90057041175,3.6933045215,0.67775319244958,Up_in_Sepsis,0.8468720821662,9.91973627475115e-09,GSE54514
KCNE1,GSE95233,22,51,4.11064333181818,6.18825438313726,4.1158276275,6.23025916,2.07761105131907,Up_in_Sepsis,0.992869875222817,3.09077930949446e-11,GSE54514
PCOLCE2,GSE137340,14,43,4.27362411078571,5.12858838253488,4.27310016,4.909687741,0.854964271749169,Up_in_Sepsis,0.933554817275748,4.53258095428679e-08,GSE54514
PCOLCE2,GSE236713,30,125,-4.53269394333333,1.406010466584,-4.470698,1.711073,5.93870440991733,Up_in_Sepsis,0.977866666666666,4.90216050318513e-16,GSE54514
PCOLCE2,GSE57065,25,28,2.3919432,5.06888071428571,2.39644,4.839825,2.67693751428571,Up_in_Sepsis,1,2.21254562465821e-15,GSE54514
PCOLCE2,GSE65682,42,51,2.40414391857143,4.49943500747059,2.247909271,4.377631216,2.09529108889916,Up_in_Sepsis,0.916900093370682,5.5755279461992e-12,GSE54514
PCOLCE2,GSE95233,22,51,3.24523768,7.33323879882353,3.24782485,7.3415958,4.08800111882353,Up_in_Sepsis,0.994652406417112,2.62469054871502e-11,GSE54514
FYN,GSE137340,14,43,7.937087380625,7.30378023042442,7.98737291725,7.39833398925,-0.633307150200581,Down_in_Sepsis,0.247508305647841,0.00411662639779107,GSE54514
FYN,GSE236713,30,125,0.931028999,-0.271037153888,0.932108405,-0.2211585,-1.202066152888,Down_in_Sepsis,0.0344,2.66735498895389e-15,GSE54514
FYN,GSE57065,25,28,8.72753693333333,7.15084654761905,8.74644666666667,7.25993166666667,-1.57669038571429,Down_in_Sepsis,0.0257142857142857,3.53343536257917e-12,GSE54514
FYN,GSE65682,42,51,6.33264712161905,5.24190183817647,6.3978901825,5.298733132,-1.09074528344258,Down_in_Sepsis,0.126517273576097,6.73738457061858e-10,GSE54514
FYN,GSE95233,22,51,8.34728094136364,6.62451437052288,8.37729033333333,6.69098861666667,-1.72276657084076,Down_in_Sepsis,0.00089126559714795,1.73990990394731e-11,GSE54514
RGL4,GSE137340,14,43,7.52430463942857,10.0497711047674,7.1372449255,9.648761062,2.52546646533887,Up_in_Sepsis,0.898671096345515,1.12784882767697e-06,GSE54514
RGL4,GSE236713,30,125,-1.41970987866667,0.573292126664,-1.40108015,0.5959959,1.99300200533067,Up_in_Sepsis,0.921066666666667,8.72868657060723e-13,GSE54514
RGL4,GSE57065,25,28,6.0675284,9.26186857142857,6.07707,9.45003,3.19434017142857,Up_in_Sepsis,0.972857142857143,4.61758271866169e-12,GSE54514
RGL4,GSE65682,42,51,9.14372572985714,10.0997767789412,9.3165806795,10.17018272,0.956051049084033,Up_in_Sepsis,0.787114845938376,2.09604769434101e-06,GSE54514
RGL4,GSE95233,22,51,7.35167300318182,10.6067878770588,7.298682655,10.65299108,3.255114873877,Up_in_Sepsis,1,1.60188706567253e-11,GSE54514
IL1R2,GSE137340,14,43,5.95834191904762,7.19872886627132,5.75693874783333,7.06508131933333,1.2403869472237,Up_in_Sepsis,0.840531561461794,6.13456473478384e-05,GSE54514
IL1R2,GSE236713,30,125,-3.54273072333333,0.982190017752,-3.29390715,1.5063055,4.52492074108533,Up_in_Sepsis,0.9416,6.48292922957738e-14,GSE54514
IL1R2,GSE57065,25,28,8.257506,11.7996123214286,8.33788,12.2743,3.54210632142857,Up_in_Sepsis,0.981428571428571,8.25279517997514e-13,GSE54514
IL1R2,GSE65682,42,51,10.4034073763571,11.7710380026078,10.723211395,12.09657028,1.3676306262507,Up_in_Sepsis,0.84873949579832,8.2643784539401e-09,GSE54514
IL1R2,GSE95233,22,51,8.20996723727273,11.8301803792157,8.359223745,11.96681247,3.62021314194296,Up_in_Sepsis,1,1.60188706567253e-11,GSE54514
DRAM1,GSE137340,14,43,5.97951676114286,7.6284219607907,5.498105704,7.858016126,1.64890519964784,Up_in_Sepsis,0.807308970099668,0.000368932478636985,GSE54514
DRAM1,GSE236713,30,125,-1.44896454766667,0.021617724808,-1.43339515,0.07594013,1.47058227247467,Up_in_Sepsis,0.958133333333333,7.32485636027738e-15,GSE54514
DRAM1,GSE57065,25,28,6.452056,7.92729107142857,6.44573,7.85264,1.47523507142857,Up_in_Sepsis,0.99,9.95645531096197e-14,GSE54514
DRAM1,GSE65682,42,51,3.76705746264286,4.62289479691177,3.75472874725,4.677832185,0.855837334268907,Up_in_Sepsis,0.803454715219422,5.32722689167168e-07,GSE54514
DRAM1,GSE95233,22,51,6.05118779727273,8.04099513019608,6.121587845,8.0836456,1.98980733292335,Up_in_Sepsis,0.990196078431373,3.94540435484238e-11,GSE54514
UBE2C,GSE137340,14,43,4.73512227735714,5.34429621340698,4.432073448625,5.27754126775,0.609173936049833,Up_in_Sepsis,0.808970099667774,0.000339521427323367,GSE54514
UBE2C,GSE236713,30,125,-2.38996792,0.167743539728,-2.4488444,0.12778091,2.557711459728,Up_in_Sepsis,0.988533333333334,1.08528994979761e-16,GSE54514
UBE2C,GSE57065,25,28,5.756006,6.83034571428571,5.76903,6.838895,1.07433971428571,Up_in_Sepsis,0.964285714285714,2.05678241268228e-11,GSE54514
UBE2C,GSE65682,42,51,3.65675624389286,4.75314776211275,3.63832130775,4.57540764025,1.09639151821989,Up_in_Sepsis,0.948646125116714,1.2157504062892e-13,GSE54514
UBE2C,GSE95233,22,51,4.68462515954546,5.61843182960784,4.718211675,5.50469678,0.933806670062388,Up_in_Sepsis,0.934046345811052,4.95356158238257e-09,GSE54514
CEACAM8,GSE137340,14,43,4.96611848492857,7.51756623209302,4.3680396395,7.279083594,2.55144774716445,Up_in_Sepsis,0.897009966777409,1.28968008164182e-06,GSE54514
CEACAM8,GSE236713,30,125,-1.93864182233333,0.210178547416,-1.9187665,0.02228856,2.14882036974933,Up_in_Sepsis,0.896,1.77457962936484e-11,GSE54514
CEACAM8,GSE57065,25,28,4.5561608,8.70830214285714,4.28708,9.018175,4.15214134285714,Up_in_Sepsis,0.96,4.0828104411818e-11,GSE54514
CEACAM8,GSE65682,42,51,4.82802678640476,7.49631847185294,4.5188486045,7.664534318,2.66829168544818,Up_in_Sepsis,0.899626517273576,3.98982728566895e-11,GSE54514
CEACAM8,GSE95233,22,51,5.84433342045455,8.78263657431373,5.983083845,8.66735162,2.93830315385918,Up_in_Sepsis,0.966131907308378,3.35282320392347e-10,GSE54514
ATP8B4,GSE137340,14,43,6.04242837178571,7.89603791934884,5.9098729925,7.817046546,1.85360954756312,Up_in_Sepsis,0.920265780730897,1.70597610653585e-07,GSE54514
ATP8B4,GSE236713,30,125,-1.21495305033333,0.14060301156,-1.2074945,0.19343376,1.35555606189333,Up_in_Sepsis,0.883466666666667,7.4854734183252e-11,GSE54514
ATP8B4,GSE57065,25,28,4.3510256,6.03643714285714,4.32045,6.0162,1.68541154285714,Up_in_Sepsis,0.922857142857142,5.32311262981583e-09,GSE54514
ATP8B4,GSE65682,42,51,4.50867756069048,6.29427198270588,4.5466065805,6.610898206,1.78559442201541,Up_in_Sepsis,0.896358543417367,5.7377441839172e-11,GSE54514
ATP8B4,GSE95233,22,51,5.35180145318182,7.19843281803922,5.327122285,7.17104536,1.8466313648574,Up_in_Sepsis,0.983065953654189,7.51822548100406e-11,GSE54514
GLA,GSE137340,14,43,7.28061185971429,8.73848134283721,7.102133541,8.846975906,1.45786948312292,Up_in_Sepsis,0.893687707641196,1.16271413116417e-05,GSE54514
GLA,GSE236713,30,125,-1.39151691233333,0.253925604736,-1.44446515,0.17690945,1.64544251706933,Up_in_Sepsis,0.989866666666667,8.96813082580416e-17,GSE54514
GLA,GSE57065,25,28,7.2877836,7.99893607142857,7.29184,8.00531,0.711152471428571,Up_in_Sepsis,0.927142857142857,3.26467523300631e-09,GSE54514
GLA,GSE65682,42,51,4.60705202494444,5.06507052371896,4.59547661416667,5.11553418,0.458018498774511,Up_in_Sepsis,0.824929971988796,7.90621994484101e-08,GSE54514
GLA,GSE95233,22,51,8.20225829318182,9.1204415627451,8.246516965,9.10326591,0.918183269563279,Up_in_Sepsis,0.975935828877006,1.41972918224125e-10,GSE54514
RUNX3,GSE137340,14,43,6.75005573189286,6.64661106830233,6.6913849875,6.618483679,-0.103444663590532,Down_in_Sepsis,0.441860465116279,0.526668623776916,GSE54514
RUNX3,GSE236713,30,125,1.20032605016667,-0.32395530504,1.1770645225,-0.228241802,-1.52428135520667,Down_in_Sepsis,0.0322666666666667,1.9928233814751e-15,GSE54514
RUNX3,GSE57065,25,28,7.24065813333333,5.81859297619048,7.18098666666667,5.68781333333333,-1.42206515714286,Down_in_Sepsis,0.0285714285714286,6.00484882532239e-12,GSE54514
RUNX3,GSE65682,42,51,4.88468445904762,3.95233455822549,4.919107128625,3.922218436,-0.932349900822129,Down_in_Sepsis,0.132586367880486,1.2650387453366e-09,GSE54514
RUNX3,GSE95233,22,51,7.08631171469697,5.73464685627451,7.11205732166667,5.74685884,-1.35166485842246,Down_in_Sepsis,0.00267379679144385,2.05178515500888e-11,GSE54514
LILRA6,GSE137340,14,43,5.39125489983929,6.05395338214535,5.241444203375,5.9880023175,0.662698482306063,Up_in_Sepsis,0.799003322259136,0.0005535902217946,GSE54514
LILRA6,GSE236713,30,125,-1.7083050945,0.290166193844,-1.641738535,0.318514465,1.998471288344,Up_in_Sepsis,0.988,1.17117500268751e-16,GSE54514
LILRA6,GSE57065,25,28,8.1589152,9.12026821428571,8.15807,9.15663,0.961353014285715,Up_in_Sepsis,0.958571428571428,5.09106748233855e-11,GSE54514
LILRA6,GSE65682,42,51,9.27720818061905,10.0587903968235,9.3610800905,10.24795401,0.78158221620448,Up_in_Sepsis,0.823996265172736,8.61185098001542e-08,GSE54514
LILRA6,GSE95233,22,51,6.70944997318182,7.7721306145098,6.72318676,7.8056858,1.06268064132799,Up_in_Sepsis,0.989304812834224,4.27867888939574e-11,GSE54514
MAFG,GSE137340,14,43,5.04420703228572,5.67367849393023,4.87875633875,5.61753403575,0.629471461644518,Up_in_Sepsis,0.81063122923588,0.000312251163096141,GSE54514
MAFG,GSE236713,30,125,-1.45022450483333,0.186943544492,-1.48757375,0.168280005,1.63716804932533,Up_in_Sepsis,0.9848,1.84645884066347e-16,GSE54514
MAFG,GSE57065,25,28,5.6658582,6.58839785714286,5.687745,6.5331525,0.922539657142857,Up_in_Sepsis,0.991428571428571,6.63763687397464e-14,GSE54514
MAFG,GSE65682,42,51,5.46733559666071,5.79223727292157,5.440028927625,5.782466508,0.324901676260855,Up_in_Sepsis,0.787581699346405,2.01757102494309e-06,GSE54514
MAFG,GSE95233,22,51,4.93541762977273,6.35596386666667,4.99381957,6.332195785,1.42054623689394,Up_in_Sepsis,1,1.60188706567253e-11,GSE54514
GSTO1,GSE137340,14,43,9.03381711932143,10.684347756407,8.73774866,10.81451811,1.65053063708555,Up_in_Sepsis,0.855481727574751,2.47165216210598e-05,GSE54514
GSTO1,GSE236713,30,125,-0.584810701433333,0.08805488772,-0.4996829,0.09788275,0.672865589153333,Up_in_Sepsis,0.821066666666667,5.01489141257464e-08,GSE54514
GSTO1,GSE57065,25,28,8.5092466,9.87972053571429,8.537125,9.961315,1.37047393571429,Up_in_Sepsis,0.971428571428571,6.00484882532239e-12,GSE54514
GSTO1,GSE65682,42,51,8.66074945316667,9.4386096635098,8.67724544,9.499474827,0.777860210343137,Up_in_Sepsis,0.874416433239963,6.10967060983686e-10,GSE54514
GSTO1,GSE95233,22,51,8.08289759954545,9.82062042313725,8.051531915,9.82222832,1.7377228235918,Up_in_Sepsis,0.999108734402852,1.73990990394731e-11,GSE54514
GGH,GSE137340,14,43,4.85909495139286,5.5194562487907,4.658099538,5.5243476895,0.660361297397841,Up_in_Sepsis,0.842192691029901,5.56405121878381e-05,GSE54514
GGH,GSE236713,30,125,-1.54462506533333,0.355790853512,-1.5635712,0.22100759,1.90041591884533,Up_in_Sepsis,0.941066666666666,6.94636528075572e-14,GSE54514
GGH,GSE57065,25,28,4.6510996,6.6113775,4.80268,6.64766,1.9602779,Up_in_Sepsis,0.995714285714286,1.54878193726075e-14,GSE54514
GGH,GSE65682,42,51,3.57187554521429,4.94650242615686,3.4726333095,4.799303782,1.37462688094258,Up_in_Sepsis,0.874883286647993,5.81758965299673e-10,GSE54514
GGH,GSE95233,22,51,3.51179450545455,5.32588166960784,3.475873655,5.24314625,1.8140871641533,Up_in_Sepsis,0.991978609625668,3.35212501057368e-11,GSE54514
OPLAH,GSE137340,14,43,5.00333366364286,6.47719505460465,4.48531057275,6.338157613,1.47386139096179,Up_in_Sepsis,0.853820598006644,2.74394577444583e-05,GSE54514
OPLAH,GSE236713,30,125,-3.09092532666667,0.706351218624,-3.1303563,0.7545204,3.79727654529067,Up_in_Sepsis,0.9904,8.30812206318591e-17,GSE54514
OPLAH,GSE57065,25,28,4.6954972,6.71958035714286,4.84071,6.720495,2.02408315714286,Up_in_Sepsis,0.985714285714286,3.07543841827492e-13,GSE54514
OPLAH,GSE65682,42,51,4.89024176571429,6.07443696505882,4.907319866,6.10577548,1.18419519934454,Up_in_Sepsis,0.858543417366947,3.12116145752139e-09,GSE54514
OPLAH,GSE95233,22,51,4.61101719818182,5.55561560803922,4.59744795,5.51785171,0.944598409857398,Up_in_Sepsis,0.959001782531194,6.19679960010317e-10,GSE54514
LCK,GSE137340,14,43,5.55957894754762,5.57794719572093,5.54788497366667,5.554781942,0.018368248173311,Up_in_Sepsis,0.496677740863787,0.978074020365707,GSE54514
LCK,GSE236713,30,125,1.44738868666667,-0.407891716192,1.46847105,-0.286011457,-1.85528040285867,Down_in_Sepsis,0.0056,4.67077632717853e-17,GSE54514
LCK,GSE57065,25,28,9.0942556,6.9294725,9.065125,6.8193975,-2.1647831,Down_in_Sepsis,0.00857142857142857,6.63763687397464e-14,GSE54514
LCK,GSE65682,42,51,4.44206066173333,3.42731789850588,4.0753115459,3.2349531126,-1.01474276322745,Down_in_Sepsis,0.215686274509804,2.63215247427863e-06,GSE54514
LCK,GSE95233,22,51,8.08672564590909,5.99105659990196,8.0503183375,5.86693816,-2.09566904600713,Down_in_Sepsis,0.0035650623885918,2.22762533627504e-11,GSE54514
FAR2,GSE137340,14,43,5.53235140267857,6.65190451623256,5.300557331,6.499828111,1.11955311355399,Up_in_Sepsis,0.833887043189369,8.99233343862789e-05,GSE54514
FAR2,GSE236713,30,125,-0.937197658333333,0.118778281848,-0.941751485,0.16465354,1.05597594018133,Up_in_Sepsis,0.915733333333333,1.68170253727743e-12,GSE54514
FAR2,GSE57065,25,28,4.88920426666667,6.22599797619048,4.87116666666667,6.14257,1.33679370952381,Up_in_Sepsis,0.964285714285714,2.05678241268228e-11,GSE54514
FAR2,GSE65682,42,51,4.70400959997619,6.57458614926471,4.50525561475,6.571572742,1.87057654928852,Up_in_Sepsis,0.907563025210084,1.63148457744655e-11,GSE54514
FAR2,GSE95233,22,51,6.09846564242424,7.22991293071895,6.031509935,7.20502767333333,1.13144728829471,Up_in_Sepsis,0.975044563279857,1.53617362330698e-10,GSE54514
GPR183,GSE137340,14,43,6.07481682480952,5.76299714488372,6.064974771,5.70024795566667,-0.311819679925803,Down_in_Sepsis,0.313953488372093,0.0377143793648217,GSE54514
GPR183,GSE236713,30,125,1.60711066233333,-0.432276675368,1.6063957,-0.3275633,-2.03938733770133,Down_in_Sepsis,0.00746666666666667,6.11441610250757e-17,GSE54514
GPR183,GSE57065,25,28,7.730874,5.84445964285714,7.71563,5.765175,-1.88641435714286,Down_in_Sepsis,0.00714285714285714,4.20383668685061e-14,GSE54514
GPR183,GSE65682,42,51,4.16059465866667,3.35900663755882,4.050669064,3.1834406115,-0.801588021107843,Down_in_Sepsis,0.223155929038282,4.78279497877484e-06,GSE54514
GPR183,GSE95233,22,51,5.92948687681818,4.40194825372549,5.938862105,4.41436089,-1.52753862309269,Down_in_Sepsis,0.00445632798573975,2.41819260539641e-11,GSE54514
FAM20A,GSE137340,14,43,4.60387537064286,5.51444685655814,4.2362247565,5.166399941,0.910571485915282,Up_in_Sepsis,0.848837209302326,3.73425195502401e-05,GSE54514
FAM20A,GSE236713,30,125,-4.97264707,0.33737264728,-5.159307,0.533299085,5.31001971728,Up_in_Sepsis,0.996533333333333,3.42914793133614e-17,GSE54514
FAM20A,GSE57065,25,28,3.3005982,4.90246303571429,3.3136225,4.93922125,1.60186483571429,Up_in_Sepsis,0.992857142857143,4.20383668685061e-14,GSE54514
FAM20A,GSE65682,42,51,2.89132879747619,3.72394495086928,2.76738356083333,3.58584260066667,0.83261615339309,Up_in_Sepsis,0.788982259570495,1.79871376878615e-06,GSE54514
FAM20A,GSE95233,22,51,5.09433562613636,6.14140299980392,5.10718502,6.0436982575,1.04706737366756,Up_in_Sepsis,0.970588235294118,2.27348975174705e-10,GSE54514
SPOCK2,GSE137340,14,43,9.61108025607143,8.96696637739535,9.724686562,8.87144506,-0.64411387867608,Down_in_Sepsis,0.274086378737542,0.0108462939219553,GSE54514
SPOCK2,GSE236713,30,125,0.95195917505,-0.0801791475679999,1.01618135,-0.14886856,-1.032138322618,Down_in_Sepsis,0.0914666666666667,4.0241950348672e-12,GSE54514
SPOCK2,GSE57065,25,28,7.5892044,5.98640571428572,7.630205,5.9310075,-1.60279868571429,Down_in_Sepsis,0,2.21254562465821e-15,GSE54514
SPOCK2,GSE65682,42,51,3.67304098487143,3.23943820356863,3.5566672705,3.2292105954,-0.433602781302801,Down_in_Sepsis,0.23015873015873,8.26135619987797e-06,GSE54514
SPOCK2,GSE95233,22,51,8.18261071454545,6.30450530284314,8.1931786275,6.243209625,-1.87810541170232,Down_in_Sepsis,0.00089126559714795,1.73990990394731e-11,GSE54514
BMX,GSE137340,14,43,4.55935966323214,5.1446709944593,4.41826334425,5.06878465175,0.585311331227159,Up_in_Sepsis,0.857142857142857,2.22434280928559e-05,GSE54514
BMX,GSE236713,30,125,-4.15024724333333,0.579676904416,-3.85938645,0.6586814,4.72992414774933,Up_in_Sepsis,0.98,3.63532984217555e-16,GSE54514
BMX,GSE57065,25,28,4.324058,7.42156178571429,4.27012,7.611915,3.09750378571429,Up_in_Sepsis,0.995714285714286,6.66429193248588e-10,GSE54514
BMX,GSE65682,42,51,6.21105992733333,6.87670536266667,6.5937969595,7.111568492,0.665645435333333,Up_in_Sepsis,0.733893557422969,0.000111610576847226,GSE54514
BMX,GSE95233,22,51,4.86836926318182,7.48246598980392,4.848059235,7.50116214,2.6140967266221,Up_in_Sepsis,1,1.60188706567253e-11,GSE54514
HLA-DPB1,GSE137340,14,43,5.47542032028571,5.54581998962791,5.198502823,5.381987185,0.0703996693421933,Up_in_Sepsis,0.518272425249169,0.847419434724282,GSE54514
HLA-DPB1,GSE236713,30,125,1.298608723,-0.4145296915696,1.301215987,-0.484441368,-1.7131384145696,Down_in_Sepsis,0.0226666666666666,5.28154041652889e-16,GSE54514
HLA-DPB1,GSE57065,25,28,7.2440554,5.97528267857143,7.33975,5.8453875,-1.26877272142857,Down_in_Sepsis,0.0242857142857143,2.68160529708576e-12,GSE54514
HLA-DPB1,GSE65682,42,51,6.13679909505714,4.98698482825098,6.0927838555,4.9630219698,-1.14981426680616,Down_in_Sepsis,0.134920634920635,1.60768834134193e-09,GSE54514
HLA-DPB1,GSE95233,22,51,7.6833010575,5.71928535362745,7.7125187,5.64996396,-1.96401570387255,Down_in_Sepsis,0.0053475935828877,2.62469054871502e-11,GSE54514
MMP9,GSE137340,14,43,8.84626856864286,10.9993188026744,8.732213813,10.86574729,2.15305023403156,Up_in_Sepsis,0.820598006644518,0.000186294412620237,GSE54514
MMP9,GSE236713,30,125,-4.77118858666667,0.559798947816,-4.74752355,0.6349735,5.33098753448267,Up_in_Sepsis,0.991466666666667,7.12851805331957e-17,GSE54514
MMP9,GSE57065,25,28,8.8954708,11.9319703571429,8.90457,12.037,3.03649955714286,Up_in_Sepsis,0.978571428571428,1.51338120726622e-12,GSE54514
MMP9,GSE65682,42,51,11.6094327173333,11.8964784379412,11.776760255,12.17834074,0.287045720607843,Up_in_Sepsis,0.682539682539683,0.0025726946198045,GSE54514
MMP9,GSE95233,22,51,6.91074298590909,10.1395984860784,6.96883545,10.22683266,3.22885550016934,Up_in_Sepsis,0.980392156862745,9.55234536735608e-11,GSE54514
TCF7,GSE137340,14,43,4.5362807182381,4.54528316596899,4.48022920183334,4.40029689666667,0.00900244773089653,Up_in_Sepsis,0.335548172757475,0.0674694949031739,GSE54514
TCF7,GSE236713,30,125,2.25886879666667,-0.4489542569,2.277126675,-0.396261585,-2.70782305356667,Down_in_Sepsis,0.00773333333333334,6.35373712127056e-17,GSE54514
TCF7,GSE57065,25,28,8.2727108,6.57395589285714,8.276505,6.6254125,-1.69875490714286,Down_in_Sepsis,0.00571428571428571,2.65505474958986e-14,GSE54514
TCF7,GSE65682,42,51,4.17672209061905,3.51131071536078,4.1667805237,3.5651186398,-0.665411375258263,Down_in_Sepsis,0.245098039215686,2.53953936765205e-05,GSE54514
TCF7,GSE95233,22,51,8.28797413318182,6.58290461960784,8.1649394425,6.55440711,-1.70506951357397,Down_in_Sepsis,0.0035650623885918,2.22762533627504e-11,GSE54514
CD74,GSE137340,14,43,9.98284820703571,8.27071462426744,10.13375478,8.325641849,-1.71213358276827,Down_in_Sepsis,0.0465116279069768,4.46986200896131e-09,GSE54514
CD74,GSE236713,30,125,1.279571065,-0.524007842672,1.30482745,-0.46420026,-1.803578907672,Down_in_Sepsis,0.0466666666666666,1.39059149341468e-14,GSE54514
CD74,GSE57065,25,28,7.48762533333333,6.45569214285714,7.47123,6.38603166666667,-1.03193319047619,Down_in_Sepsis,0.0385714285714286,3.26107099618374e-11,GSE54514
CD74,GSE65682,42,51,7.0118082882381,5.89471187256863,6.9309952324,5.904229519,-1.11709641566947,Down_in_Sepsis,0.133986928104575,1.46096046156619e-09,GSE54514
CD74,GSE95233,22,51,9.35839677333333,7.69299227346405,9.43190852,7.61843798666667,-1.66540449986928,Down_in_Sepsis,0.0311942959001783,2.6568328672965e-10,GSE54514
UBASH3A,GSE137340,14,43,5.39224559514286,5.19659726448837,5.43575279225,5.275701419,-0.195648330654485,Down_in_Sepsis,0.415282392026578,0.353216514656515,GSE54514
UBASH3A,GSE236713,30,125,1.94919551833333,-0.412213388264,1.963755725,-0.247521402,-2.36140890659733,Down_in_Sepsis,0.0032,3.29891631128051e-17,GSE54514
UBASH3A,GSE57065,25,28,6.8672084,4.96445464285714,6.71541,4.86264,-1.90275375714286,Down_in_Sepsis,0.02,1.12397317732637e-12,GSE54514
UBASH3A,GSE65682,42,51,3.2372283442381,2.69926535778431,3.003216896,2.590155179,-0.537962986453782,Down_in_Sepsis,0.242296918767507,2.06654776808725e-05,GSE54514
UBASH3A,GSE95233,22,51,5.84160664636364,4.77803255313726,5.90643271,4.69278598,-1.06357409322638,Down_in_Sepsis,0.0347593582887701,3.62218000785115e-10,GSE54514
CLEC5A,GSE137340,14,43,5.00189759664286,6.65123972739535,4.5703880135,6.615549986,1.64934213075249,Up_in_Sepsis,0.868770764119601,1.0352095404657e-05,GSE54514
CLEC5A,GSE236713,30,125,-1.184479399,0.52980254804,-1.26361885,0.49863696,1.71428194704,Up_in_Sepsis,0.867466666666666,4.40809401061898e-10,GSE54514
CLEC5A,GSE57065,25,28,3.5716424,6.95783571428571,3.55891,7.221545,3.38619331428571,Up_in_Sepsis,0.991428571428571,6.63763687397464e-14,GSE54514
CLEC5A,GSE65682,42,51,3.1634017036746,3.78044791269281,3.082366928,3.75171799733333,0.617046209018208,Up_in_Sepsis,0.767973856209151,9.53684453297359e-06,GSE54514
CLEC5A,GSE95233,22,51,5.15997257045455,8.30271400215686,5.32874975,8.43299202,3.14274143170232,Up_in_Sepsis,0.996434937611408,2.22762533627504e-11,GSE54514
LTF,GSE137340,14,43,4.84707425421429,5.62357761074419,4.6748176725,5.392006576,0.7765033565299,Up_in_Sepsis,0.732558139534884,0.00860715367594649,GSE54514
LTF,GSE236713,30,125,-2.16325188033333,0.389110397376,-2.289994,0.3856845,2.55236227770933,Up_in_Sepsis,0.872,2.68695684553841e-10,GSE54514
LTF,GSE57065,25,28,7.6719428,11.6229810714286,7.31096,11.77995,3.95103827142857,Up_in_Sepsis,0.97,7.7571849600517e-12,GSE54514
LTF,GSE65682,42,51,4.99003408615476,7.67973502894118,4.84325347325,8.076573633,2.68970094278641,Up_in_Sepsis,0.904295051353875,2.36259014786027e-11,GSE54514
LTF,GSE95233,22,51,7.50049516545455,10.6707731458824,7.800084695,10.94539308,3.17027798042781,Up_in_Sepsis,0.97415329768271,1.66193362226705e-10,GSE54514
CNIH4,GSE137340,14,43,6.7512102525,9.03706861781395,6.2617334665,9.164049359,2.28585836531395,Up_in_Sepsis,0.883720930232558,3.58984112855028e-06,GSE54514
CNIH4,GSE236713,30,125,-0.939929663633333,0.183516375232,-0.94743395,0.15975022,1.12344603886533,Up_in_Sepsis,0.946933333333333,3.23578325446997e-14,GSE54514
CNIH4,GSE57065,25,28,6.33976486666667,7.8545294047619,6.28157,7.79011416666667,1.51476453809524,Up_in_Sepsis,1,2.21254562465821e-15,GSE54514
CNIH4,GSE65682,42,51,6.64538319521429,7.04820688133333,6.69730519825,7.0190952715,0.402823686119048,Up_in_Sepsis,0.664799253034547,0.00650261354751696,GSE54514
CNIH4,GSE95233,22,51,5.7925571830303,7.28288286764706,5.77971258583334,7.315604745,1.49032568461676,Up_in_Sepsis,0.999108734402852,1.73990990394731e-11,GSE54514
ARL4C,GSE137340,14,43,5.44371209442857,5.49211003925581,5.401682495,5.507280072,0.0483979448272427,Up_in_Sepsis,0.559800664451827,0.514717406663095,GSE54514
ARL4C,GSE236713,30,125,1.55238298166667,-0.470261220152,1.5345936,-0.267776,-2.02264420181867,Down_in_Sepsis,0.0154666666666667,1.91760430413013e-16,GSE54514
ARL4C,GSE57065,25,28,7.6043253,6.10041982142857,7.6239275,6.0990325,-1.50390547857143,Down_in_Sepsis,0.0128571428571429,2.14616925591847e-13,GSE54514
ARL4C,GSE65682,42,51,5.20943803511111,4.1835309180915,5.01864338833334,4.13587023066667,-1.02590711701961,Down_in_Sepsis,0.178338001867414,1.06530956817405e-07,GSE54514
ARL4C,GSE95233,22,51,7.63906675125,5.73963973014706,7.66005704625,5.692674995,-1.89942702110294,Down_in_Sepsis,0,1.60188706567253e-11,GSE54514
GCLM,GSE137340,14,43,5.78819415896429,7.03259159616279,5.5851764475,7.0851690405,1.2443974371985,Up_in_Sepsis,0.868770764119601,1.0352095404657e-05,GSE54514
GCLM,GSE236713,30,125,-1.04396553366667,0.183001533848,-1.10622265,0.14565897,1.22696706751467,Up_in_Sepsis,0.8688,3.81311386796998e-10,GSE54514
GCLM,GSE57065,25,28,4.8689996,6.51252952380952,5.04137666666667,6.65834833333333,1.64352992380952,Up_in_Sepsis,0.972857142857143,4.61758271866169e-12,GSE54514
GCLM,GSE65682,42,51,4.86525753780952,5.7799171554902,4.89675261675,5.773748018,0.914659617680672,Up_in_Sepsis,0.910364145658263,1.185113859869e-11,GSE54514
GCLM,GSE95233,22,51,4.18985757318182,5.84260062006536,4.197444275,5.80507515666667,1.65274304688354,Up_in_Sepsis,0.997326203208556,2.05178515500888e-11,GSE54514
HLA-DPA1,GSE137340,14,43,10.6967885564286,10.2423249065349,10.672699315,10.36299526,-0.454463649893688,Down_in_Sepsis,0.358803986710964,0.11803996685988,GSE54514
HLA-DPA1,GSE236713,30,125,1.48327634383333,-0.438564005648,1.58055065,-0.39964175,-1.92184034948133,Down_in_Sepsis,0.0330666666666667,2.22338235075182e-15,GSE54514
HLA-DPA1,GSE57065,25,28,9.6452656,7.53064154761905,9.67798,7.445925,-2.11462405238095,Down_in_Sepsis,0.0142857142857143,3.07543841827492e-13,GSE54514
HLA-DPA1,GSE65682,42,51,8.99584355726786,7.73614581129902,8.90278210675,7.6643193495,-1.25969774596884,Down_in_Sepsis,0.148926237161531,6.56947070631456e-09,GSE54514
HLA-DPA1,GSE95233,22,51,9.14406467060606,7.02634107333333,9.21945868666666,6.93200443666667,-2.11772359727273,Down_in_Sepsis,0.00267379679144385,2.05178515500888e-11,GSE54514
ADAM9,GSE137340,14,43,4.38508576242857,5.31710028906977,4.3539036125,5.179462722,0.932014526641196,Up_in_Sepsis,0.90531561461794,6.49938521848808e-07,GSE54514
ADAM9,GSE236713,30,125,-1.10282772336667,0.305596159048,-1.0708978,0.2735281,1.40842388241467,Up_in_Sepsis,0.887733333333333,4.60867152007077e-11,GSE54514
ADAM9,GSE57065,25,28,3.97467653333333,5.69312297619048,3.96054,5.79155666666667,1.71844644285714,Up_in_Sepsis,0.995714285714286,1.54878193726075e-14,GSE54514
ADAM9,GSE65682,42,51,4.65611229442262,5.35708477797059,4.650807002625,5.20849272175,0.700972483547969,Up_in_Sepsis,0.776377217553688,4.96227278767466e-06,GSE54514
ADAM9,GSE95233,22,51,4.84262997121212,6.96467483928105,4.867097485,7.05093757333333,2.12204486806893,Up_in_Sepsis,0.991087344028521,3.63757408976493e-11,GSE54514
RAB13,GSE137340,14,43,4.49018866769047,5.04186443144186,4.40273275783333,4.97189848733333,0.551675763751386,Up_in_Sepsis,0.898671096345515,1.12784882767697e-06,GSE54514
RAB13,GSE236713,30,125,-1.297242414,0.338783827568,-1.2061429,0.41705966,1.636026241568,Up_in_Sepsis,0.891733333333334,2.91117583120505e-11,GSE54514
RAB13,GSE57065,25,28,5.0221508,7.06896321428572,4.96717,7.15586,2.04681241428571,Up_in_Sepsis,0.991428571428571,6.63763687397464e-14,GSE54514
RAB13,GSE65682,42,51,3.8686346161746,5.25104202801307,3.699742118,5.11878573966667,1.38240741183847,Up_in_Sepsis,0.931372549019608,1.00796795073921e-12,GSE54514
RAB13,GSE95233,22,51,9.73755451909091,10.5658753613726,9.68670688,10.48076184,0.828320842281642,Up_in_Sepsis,0.972370766488413,1.94435767733088e-10,GSE54514
CKAP4,GSE137340,14,43,8.68354932635714,10.3548927002558,8.334189442,10.3958996,1.67134337389867,Up_in_Sepsis,0.822259136212625,0.000170516069266715,GSE54514
CKAP4,GSE236713,30,125,-1.15503529533333,0.23056830784,-1.2337575,0.27721238,1.38560360317333,Up_in_Sepsis,0.947466666666667,3.01722266171569e-14,GSE54514
CKAP4,GSE57065,25,28,6.1655068,7.71438559523809,6.20847333333333,7.77612,1.5488787952381,Up_in_Sepsis,0.992857142857143,4.20383668685061e-14,GSE54514
CKAP4,GSE65682,42,51,9.18399883615476,9.88531417870588,9.217519391,10.0192294835,0.701315342551121,Up_in_Sepsis,0.834733893557423,3.17728969892815e-08,GSE54514
CKAP4,GSE95233,22,51,7.61376698833333,9.61402933117647,7.68183343666667,9.59332071333333,2.00026234284314,Up_in_Sepsis,1,1.60188706567253e-11,GSE54514
BCL2A1,GSE137340,14,43,4.60990932578571,5.01017809439535,4.283226649,4.858933987,0.400268768609635,Up_in_Sepsis,0.803986710963455,0.000434777002978728,GSE54514
BCL2A1,GSE236713,30,125,-1.45969010116667,0.24871872618,-1.519434565,0.23144495,1.70840882734667,Up_in_Sepsis,0.971466666666667,1.19273989918378e-15,GSE54514
BCL2A1,GSE57065,25,28,7.1701396,9.93450321428571,7.36959,10.1972,2.76436361428571,Up_in_Sepsis,0.968571428571428,9.97415567595923e-12,GSE54514
BCL2A1,GSE65682,42,51,8.2640164355,8.65264045066667,8.2646633865,8.844380911,0.388624015166666,Up_in_Sepsis,0.602707749766573,0.0901629673682237,GSE54514
BCL2A1,GSE95233,22,51,6.66538162136364,10.3014807092157,6.625251835,10.52057087,3.63609908785205,Up_in_Sepsis,0.998217468805704,1.88955739655682e-11,GSE54514
RAB31,GSE137340,14,43,6.93174213735714,7.75901473067442,6.8051828705,7.764173954,0.827272593317276,Up_in_Sepsis,0.880398671096345,4.5786917253501e-06,GSE54514
RAB31,GSE236713,30,125,-0.962364672,-0.02667884356,-0.8959365,-0.046078682,0.93568582844,Up_in_Sepsis,0.92,9.95838637189864e-13,GSE54514
RAB31,GSE57065,25,28,9.69014053333333,10.5050705952381,9.71907333333333,10.5944666666667,0.814930061904763,Up_in_Sepsis,0.964285714285714,2.05678241268228e-11,GSE54514
RAB31,GSE65682,42,51,9.21135854900595,9.71940333367647,9.314984492875,9.7143372425,0.508044784670519,Up_in_Sepsis,0.818860877684408,1.372467611671e-07,GSE54514
RAB31,GSE95233,22,51,9.65517543984848,10.6989991152288,9.69987265333334,10.7269384533333,1.04382367538028,Up_in_Sepsis,0.97415329768271,1.66193362226705e-10,GSE54514
GIMAP5,GSE137340,14,43,9.42316188285714,8.89274839090698,9.3972782775,8.952655259,-0.530413491950165,Down_in_Sepsis,0.345514950166113,0.0864562576455978,GSE54514
GIMAP5,GSE236713,30,125,1.173134448,-0.468587316616,1.2036898,-0.31616783,-1.641721764616,Down_in_Sepsis,0.0178666666666667,2.69238931579252e-16,GSE54514
GIMAP5,GSE57065,25,28,8.0881848,6.56433761904762,8.05250666666667,6.553465,-1.52384718095238,Down_in_Sepsis,0.00857142857142857,6.63763687397464e-14,GSE54514
GIMAP5,GSE65682,42,51,6.69048673095238,5.65463034145098,6.648465404,5.636483107,-1.0358563895014,Down_in_Sepsis,0.166666666666667,3.62489033813588e-08,GSE54514
GIMAP5,GSE95233,22,51,9.01435980772727,7.37476021856209,8.98457231166666,7.34495244666667,-1.63959958916518,Down_in_Sepsis,0.0053475935828877,2.62469054871502e-11,GSE54514
PLBD1,GSE137340,14,43,10.258135156,12.034041004,9.921839318,12.14475792,1.775905848,Up_in_Sepsis,0.862126245847176,1.61210294818759e-05,GSE54514
PLBD1,GSE236713,30,125,-1.512165991,-0.054785747584,-1.53065705,-0.098792076,1.457380243416,Up_in_Sepsis,0.949333333333333,2.36063549223725e-14,GSE54514
PLBD1,GSE57065,25,28,6.7267004,7.79688660714286,6.710275,7.8310725,1.07018620714286,Up_in_Sepsis,0.998571428571429,4.42509124931643e-15,GSE54514
PLBD1,GSE65682,42,51,10.8770541978571,11.189726593902,10.905307265,11.31271528,0.312672396044817,Up_in_Sepsis,0.736227824463119,9.52211705749336e-05,GSE54514
PLBD1,GSE95233,22,51,8.301056265,9.91972977303922,8.4108737775,9.98209676,1.61867350803922,Up_in_Sepsis,0.988413547237077,4.63944869067713e-11,GSE54514
PGLYRP1,GSE137340,14,43,8.2463728645,10.5949774515116,8.1962241905,10.6908238,2.34860458701163,Up_in_Sepsis,0.852159468438538,3.04347690174248e-05,GSE54514
PGLYRP1,GSE236713,30,125,-2.80997192133333,0.3060054606,-2.7665265,0.44724846,3.11597738193333,Up_in_Sepsis,0.9592,6.34667569621056e-15,GSE54514
PGLYRP1,GSE57065,25,28,7.0209396,9.52004428571429,6.93452,9.452565,2.49910468571429,Up_in_Sepsis,0.995714285714286,1.54878193726075e-14,GSE54514
PGLYRP1,GSE65682,42,51,6.81504751561905,7.53306122233333,6.739540714,7.585683968,0.718013706714285,Up_in_Sepsis,0.757703081232493,2.06654776808725e-05,GSE54514
PGLYRP1,GSE95233,22,51,6.16136507045455,8.15213205196078,6.24415001,8.08895182,1.99076698150624,Up_in_Sepsis,0.994652406417112,2.62469054871502e-11,GSE54514
ADM,GSE137340,14,43,9.20151606264286,10.8318754218605,8.839707672,11.05994973,1.63035935921761,Up_in_Sepsis,0.815614617940199,0.000241926158971228,GSE54514
ADM,GSE236713,30,125,-3.35761926,0.356034619056,-3.51896,0.39667892,3.713653879056,Up_in_Sepsis,0.9984,2.6139489943517e-17,GSE54514
ADM,GSE57065,25,28,8.4250244,10.0404775,8.44271,9.967445,1.6154531,Up_in_Sepsis,0.991428571428571,6.63763687397464e-14,GSE54514
ADM,GSE65682,42,51,7.66319903653175,7.81727407335294,7.77951472233334,7.806430994,0.154075036821195,Up_in_Sepsis,0.591503267973856,0.131232651951072,GSE54514
ADM,GSE95233,22,51,8.56368600181818,9.75888219156863,8.62496138,9.85655069,1.19519618975045,Up_in_Sepsis,0.95632798573975,7.78375215666962e-10,GSE54514
CD247,GSE137340,14,43,10.3408201655714,9.89281029886046,10.376613525,10.07084645,-0.448009866710965,Down_in_Sepsis,0.40531561461794,0.2985473132378,GSE54514
CD247,GSE236713,30,125,0.765497108333333,-0.185380890592,0.75289249,-0.161884785,-0.950877998925333,Down_in_Sepsis,0.1048,1.94792934863068e-11,GSE54514
CD247,GSE57065,25,28,10.1853216,7.73724607142857,10.2214,7.655605,-2.44807552857143,Down_in_Sepsis,0.0114285714285714,1.482405568521e-13,GSE54514
CD247,GSE65682,42,51,4.92602738795238,3.9358988694902,4.778689274,3.911796267,-0.990128518462185,Down_in_Sepsis,0.136321195144725,1.85505783163801e-09,GSE54514
CD247,GSE95233,22,51,9.17332886454545,6.62387738705882,9.14544178,6.55802082,-2.54945147748663,Down_in_Sepsis,0,1.60188706567253e-11,GSE54514
SLC2A14,GSE137340,14,43,4.72020105757143,5.18214667690698,4.418413291,5.077188916,0.461945619335548,Up_in_Sepsis,0.747508305647841,0.00498173058996871,GSE54514
SLC2A14,GSE236713,30,125,-2.21512982,0.380350056648,-2.31436635,0.4446516,2.595479876648,Up_in_Sepsis,0.992,6.60229162961706e-17,GSE54514
SLC2A14,GSE57065,25,28,7.7052776,9.50053392857143,7.67191,9.48658,1.79525632857143,Up_in_Sepsis,0.982857142857143,6.01812409907034e-13,GSE54514
SLC2A14,GSE65682,42,51,9.41501099927381,9.72945564708824,9.567618374,9.771766149,0.314444647814426,Up_in_Sepsis,0.658263305322129,0.00896940777305106,GSE54514
SLC2A14,GSE95233,22,51,8.09039973363636,9.7104579427451,8.076450955,9.72699217,1.62005820910873,Up_in_Sepsis,0.985739750445633,5.9097281654302e-11,GSE54514
LY9,GSE137340,14,43,5.4104698412381,5.44835855427907,5.44586803066667,5.503299453,0.0378887130409744,Up_in_Sepsis,0.508305647840532,0.934286718242662,GSE54514
LY9,GSE236713,30,125,1.66639141516667,-0.29951097266,1.6793927,-0.26938856,-1.96590238782667,Down_in_Sepsis,0.0032,3.29891631128051e-17,GSE54514
LY9,GSE57065,25,28,7.12409986666667,5.62186238095238,7.15808,5.584375,-1.50223748571429,Down_in_Sepsis,0.00571428571428571,2.65505474958986e-14,GSE54514
LY9,GSE65682,42,51,3.32781337458333,2.83297544380392,3.1325616985,2.771464375,-0.494837930779412,Down_in_Sepsis,0.30812324929972,0.00152934116044883,GSE54514
LY9,GSE95233,22,51,6.53047616530303,5.14957291189543,6.58065606833333,5.06628309333333,-1.3809032534076,Down_in_Sepsis,0.0151515151515152,6.40439715698351e-11,GSE54514
UBE2F,GSE137340,14,43,7.30355571535714,9.0745201692093,6.8495421605,9.025839757,1.77096445385216,Up_in_Sepsis,0.867109634551495,1.15818527714491e-05,GSE54514
UBE2F,GSE236713,30,125,-0.368793487933333,0.162755596656,-0.364049915,0.116556644,0.531549084589333,Up_in_Sepsis,0.747733333333333,2.60762698214956e-05,GSE54514
UBE2F,GSE57065,25,28,6.912098,8.19325544642857,6.8712025,8.26774375,1.28115744642857,Up_in_Sepsis,0.974285714285714,3.53343536257917e-12,GSE54514
UBE2F,GSE65682,42,51,5.75524809940212,6.45038157776471,5.78872423144444,6.49638270266667,0.695133478362591,Up_in_Sepsis,0.859943977591037,2.71015528900733e-09,GSE54514
UBE2F,GSE95233,22,51,6.75911467727273,8.23466372215686,6.73561727125,8.2456943825,1.47554904488414,Up_in_Sepsis,1,1.60188706567253e-11,GSE54514
EXOSC4,GSE137340,14,43,5.41720706707143,6.70501075486047,5.0448648645,6.791334525,1.28780368778904,Up_in_Sepsis,0.820598006644518,0.000186294412620237,GSE54514
EXOSC4,GSE236713,30,125,-0.829816718333333,0.410322953936,-0.869314675,0.37447357,1.24013967226933,Up_in_Sepsis,0.909066666666667,3.77423354829332e-12,GSE54514
EXOSC4,GSE57065,25,28,5.5657018,7.15123071428571,5.53185,7.29126125,1.58552891428571,Up_in_Sepsis,0.99,9.95645531096197e-14,GSE54514
EXOSC4,GSE65682,42,51,6.44449672502381,7.90887844835294,6.372095987,8.019929043,1.46438172332913,Up_in_Sepsis,0.843604108309991,1.36234445477292e-08,GSE54514
EXOSC4,GSE95233,22,51,5.77409575397727,7.21990638843137,5.68090552375,7.2263693775,1.4458106344541,Up_in_Sepsis,0.988413547237077,4.63944869067713e-11,GSE54514
HK3,GSE137340,14,43,8.75082910471429,10.4119840827674,8.390877427,10.41149064,1.66115497805316,Up_in_Sepsis,0.832225913621263,0.000216857743109656,GSE54514
HK3,GSE236713,30,125,-1.44986136,0.403689497512,-1.5138011,0.471241,1.853550857512,Up_in_Sepsis,0.909333333333333,3.65502650130104e-12,GSE54514
HK3,GSE57065,25,28,7.98032,10.4371428571429,7.97807,10.46565,2.45682285714286,Up_in_Sepsis,0.998571428571429,4.42509124931643e-15,GSE54514
HK3,GSE65682,42,51,8.83781198766667,9.71433418754902,8.7901525005,9.778881384,0.876522199882352,Up_in_Sepsis,0.824929971988796,7.90621994484101e-08,GSE54514
HK3,GSE95233,22,51,6.70271733136364,9.05404229490196,6.63855448,9.14997634,2.35132496353832,Up_in_Sepsis,1,1.60188706567253e-11,GSE54514
TSPO,GSE137340,14,43,9.49792795573809,11.1286073497752,9.1370081325,11.2951774906667,1.63067939403711,Up_in_Sepsis,0.862126245847176,1.61210294818759e-05,GSE54514
TSPO,GSE236713,30,125,-0.846677832533333,0.000317008679999967,-0.84117175,0.001459122,0.846994841213333,Up_in_Sepsis,0.877333333333334,1.4897284264812e-10,GSE54514
TSPO,GSE57065,25,28,9.8155904,11.3768821428571,9.77179,11.43895,1.56129174285714,Up_in_Sepsis,0.981428571428571,8.25279517997514e-13,GSE54514
TSPO,GSE65682,42,51,9.99027076420635,10.5461345918693,10.0103408118333,10.5624629066667,0.555863827662934,Up_in_Sepsis,0.80905695611578,3.27701771838717e-07,GSE54514
TSPO,GSE95233,22,51,8.87713736954546,10.6166380707843,8.923230245,10.62249139,1.73950070123886,Up_in_Sepsis,0.998217468805704,1.88955739655682e-11,GSE54514
GYG1,GSE137340,14,43,8.64510243842857,10.7053474037209,8.2397971255,10.56442595,2.06024496529236,Up_in_Sepsis,0.86046511627907,1.79643132928885e-05,GSE54514
GYG1,GSE236713,30,125,-0.540964846288889,0.193892827072,-0.516372281666667,0.43476844,0.734857673360889,Up_in_Sepsis,0.7672,5.73578659057616e-06,GSE54514
GYG1,GSE57065,25,28,8.3100668,11.4462498214286,8.36431,11.561225,3.13618302142857,Up_in_Sepsis,1,2.21254562465821e-15,GSE54514
GYG1,GSE65682,42,51,9.04155303196032,9.79200190234641,9.14071960683333,9.930642191,0.750448870386089,Up_in_Sepsis,0.7703081232493,7.96894550994041e-06,GSE54514
GYG1,GSE95233,22,51,8.21840119272727,11.0200852952941,8.12424468,11.08519727,2.80168410256685,Up_in_Sepsis,1,1.60188706567253e-11,GSE54514
PVRIG,GSE137340,14,43,7.72663051485714,7.38324885309302,7.6489804295,7.322446885,-0.34338166176412,Down_in_Sepsis,0.416943521594684,0.362893895450819,GSE54514
PVRIG,GSE236713,30,125,1.37001128666667,-0.375043419456,1.43152785,-0.31261754,-1.74505470612267,Down_in_Sepsis,0.0309333333333333,1.65978174307926e-15,GSE54514
PVRIG,GSE57065,25,28,7.7548532,5.75481821428571,7.86216,5.602875,-2.00003498571429,Down_in_Sepsis,0.0328571428571429,1.27509004349053e-11,GSE54514
PVRIG,GSE65682,42,51,6.17335114064286,4.89616109405882,6.1560935395,4.83282121,-1.27719004658403,Down_in_Sepsis,0.195611577964519,4.91565394238915e-07,GSE54514
PVRIG,GSE95233,22,51,7.36016406636364,5.57913011627451,7.311372905,5.52474985,-1.78103395008913,Down_in_Sepsis,0.0151515151515152,6.40439715698351e-11,GSE54514
ZAP70,GSE137340,14,43,5.54474287121429,5.44022285481395,5.51946320883333,5.554335795,-0.104520016400333,Down_in_Sepsis,0.443521594684385,0.538756643962947,GSE54514
ZAP70,GSE236713,30,125,1.62651962333333,-0.428749837112,1.56673645,-0.22379994,-2.05526946044533,Down_in_Sepsis,0.00293333333333333,3.17356635260133e-17,GSE54514
ZAP70,GSE57065,25,28,7.6736572,6.07503607142857,7.74203,6.04379,-1.59862112857143,Down_in_Sepsis,0.0442857142857143,7.83661534797693e-11,GSE54514
ZAP70,GSE65682,42,51,3.42073871492857,2.8909143200098,3.219381303,2.8555026345,-0.529824394918768,Down_in_Sepsis,0.165732959850607,3.32017774440668e-08,GSE54514
ZAP70,GSE95233,22,51,6.79913623386364,5.20116903843137,6.860717955,5.172781265,-1.59796719543226,Down_in_Sepsis,0,1.60188706567253e-11,GSE54514
SIGLEC9,GSE137340,14,43,5.78244769457143,7.11633562930233,5.451645955,7.266684748,1.3338879347309,Up_in_Sepsis,0.817275747508306,0.000221898960304589,GSE54514
SIGLEC9,GSE236713,30,125,-1.69944844766667,0.213711724072,-1.71993565,0.18686748,1.91316017173867,Up_in_Sepsis,0.981066666666667,3.12904008175581e-16,GSE54514
SIGLEC9,GSE57065,25,28,6.3004972,7.55829571428571,6.30182,7.53513,1.25779851428571,Up_in_Sepsis,0.977142857142857,2.02447924656227e-12,GSE54514
SIGLEC9,GSE65682,42,51,5.24527663621429,5.74420808187255,5.48459273525,5.8425204415,0.498931445658264,Up_in_Sepsis,0.705882352941177,0.000672240321339517,GSE54514
SIGLEC9,GSE95233,22,51,6.92141898409091,8.14732807235294,7.027481635,8.24924891,1.22590908826203,Up_in_Sepsis,0.981283422459893,8.82077171942536e-11,GSE54514
NR1D2,GSE137340,14,43,4.75517422439286,5.02197684474419,4.75095900475,5.1013782635,0.266802620351329,Up_in_Sepsis,0.730897009966777,0.0091254474349773,GSE54514
NR1D2,GSE236713,30,125,1.3771848522,-0.376359357528,1.42153693333334,-0.407372563333333,-1.753544209728,Down_in_Sepsis,0.0162666666666667,2.14765424902856e-16,GSE54514
NR1D2,GSE57065,25,28,6.7125234,4.73404482142857,6.765955,4.5568725,-1.97847857857143,Down_in_Sepsis,0.0328571428571429,1.27509004349053e-11,GSE54514
NR1D2,GSE65682,42,51,2.67993460388095,2.38682986096078,2.59752724525,2.3424930375,-0.293104742920168,Down_in_Sepsis,0.23062558356676,8.56400623491198e-06,GSE54514
NR1D2,GSE95233,22,51,5.51132363022727,4.05699949911765,5.5046800925,4.003274435,-1.45432413110963,Down_in_Sepsis,0.00267379679144385,2.05178515500888e-11,GSE54514
ATP9A,GSE137340,14,43,4.80202090738095,5.52973604869767,4.648722985,5.46638302133333,0.727715141316722,Up_in_Sepsis,0.890365448504983,2.17438941765078e-06,GSE54514
ATP9A,GSE236713,30,125,-1.49502310066667,0.567868593624,-1.4536343775,0.4890709,2.06289169429067,Up_in_Sepsis,0.925333333333333,5.13556435775754e-13,GSE54514
ATP9A,GSE57065,25,28,4.342293,6.3298725,4.441015,6.44673,1.9875795,Up_in_Sepsis,0.997142857142857,8.85018249863286e-15,GSE54514
ATP9A,GSE65682,42,51,3.97486160304762,5.15235669245098,3.965898105,5.309104248,1.17749508940336,Up_in_Sepsis,0.773576097105509,6.18231329672613e-06,GSE54514
ATP9A,GSE95233,22,51,6.17202132772727,7.87737336117647,6.2387981975,7.977047325,1.7053520334492,Up_in_Sepsis,0.973262032085561,1.79773479549631e-10,GSE54514
RNASE3,GSE137340,14,43,5.15318927107143,7.37279856172093,4.9310884735,7.276024219,2.2196092906495,Up_in_Sepsis,0.865448504983389,1.29444347247364e-05,GSE54514
RNASE3,GSE236713,30,125,-1.78121274366667,0.276659620512,-1.79301785,0.30596137,2.05787236417867,Up_in_Sepsis,0.8912,3.09587125029148e-11,GSE54514
RNASE3,GSE57065,25,28,5.1106688,7.58436,5.0263,7.60682,2.4736912,Up_in_Sepsis,0.988571428571428,1.482405568521e-13,GSE54514
RNASE3,GSE65682,42,51,4.73729515485714,6.62797567470588,4.577254686,6.48201561,1.89068051984874,Up_in_Sepsis,0.871615312791784,8.18719101155584e-10,GSE54514
RNASE3,GSE95233,22,51,4.70455852136364,6.79285418333333,4.76967123,6.80456841,2.0882956619697,Up_in_Sepsis,0.975935828877005,1.41972918224125e-10,GSE54514
CLEC1B,GSE137340,14,43,5.26101284464286,6.05740315195349,4.8242684735,6.080306439,0.796390307310632,Up_in_Sepsis,0.744186046511628,0.00660843094286776,GSE54514
CLEC1B,GSE236713,30,125,-1.52439417677778,0.850107896173334,-1.45814623333334,0.859176333333333,2.37450207295111,Up_in_Sepsis,0.9384,9.79858691639425e-14,GSE54514
CLEC1B,GSE57065,25,28,4.6602,6.98041035714286,4.69655,6.731905,2.32021035714286,Up_in_Sepsis,0.972857142857143,4.61758271866169e-12,GSE54514
CLEC1B,GSE65682,42,51,5.00461825640476,6.86330397045098,4.727702655,6.840634903,1.85868571404622,Up_in_Sepsis,0.871148459383754,8.59473712909179e-10,GSE54514
CLEC1B,GSE95233,22,51,6.08557601636364,8.07011106196078,6.029908335,7.93547046,1.98453504559715,Up_in_Sepsis,0.981283422459893,8.82077171942536e-11,GSE54514
IL10,GSE137340,14,43,7.400438013,8.20294413719767,7.331801702,8.130449696,0.802506124197675,Up_in_Sepsis,0.877076411960133,5.81267228909064e-06,GSE54514
IL10,GSE236713,30,125,-2.411726201,0.43064073832,-2.5504639,0.28694677,2.84236693932,Up_in_Sepsis,0.988533333333333,1.08528994979761e-16,GSE54514
IL10,GSE57065,25,28,3.4014536,4.66862392857143,3.38691,4.534755,1.26717032857143,Up_in_Sepsis,0.978571428571428,1.51338120726622e-12,GSE54514
IL10,GSE65682,42,51,2.49251243707143,2.88937529939216,2.436297435,2.831393929,0.396862862320728,Up_in_Sepsis,0.751167133520075,3.33206979580799e-05,GSE54514
IL10,GSE95233,22,51,2.09511338636364,3.35605650882353,1.994026525,3.32369047,1.26094312245989,Up_in_Sepsis,0.973262032085562,1.79715761294967e-10,GSE54514
DHRS9,GSE137340,14,43,6.47891907254762,7.54693531428682,6.03463694933333,7.612591659,1.0680162417392,Up_in_Sepsis,0.820598006644518,0.000186294412620237,GSE54514
DHRS9,GSE236713,30,125,-1.05189128033333,0.673714650624,-1.11708335,0.6834445,1.72560593095733,Up_in_Sepsis,0.8552,1.63445601352276e-09,GSE54514
DHRS9,GSE57065,25,28,6.52625813333333,9.33120166666667,6.46862,9.38303666666667,2.80494353333333,Up_in_Sepsis,0.971428571428571,6.00484882532239e-12,GSE54514
DHRS9,GSE65682,42,51,8.15645838390476,9.50818690492157,8.3326282765,9.750075598,1.35172852101681,Up_in_Sepsis,0.776844070961718,4.78279497877484e-06,GSE54514
DHRS9,GSE95233,22,51,6.36678382590909,9.55002221385621,6.40964877666667,9.64092690333333,3.18323838794712,Up_in_Sepsis,1,1.60188706567253e-11,GSE54514
IL18RAP,GSE137340,14,43,8.63602282771429,10.7498260946512,8.494994314,10.73374129,2.11380326693688,Up_in_Sepsis,0.830564784053156,0.00010836477926158,GSE54514
IL18RAP,GSE236713,30,125,-2.13119036,0.485935977076,-2.00284575,0.6597452,2.617126337076,Up_in_Sepsis,0.922933333333333,6.92535137086423e-13,GSE54514
IL18RAP,GSE57065,25,28,9.1602816,11.3402642857143,9.23783,11.36945,2.17998268571429,Up_in_Sepsis,1,2.21254562465821e-15,GSE54514
IL18RAP,GSE65682,42,51,7.26682408366667,7.60633486853922,7.370170294,7.638264965,0.339510784872549,Up_in_Sepsis,0.619047619047619,0.0494445145222802,GSE54514
IL18RAP,GSE95233,22,51,8.117991135,10.8379640731373,8.382675855,10.96167861,2.71997293813726,Up_in_Sepsis,1,1.60188706567253e-11,GSE54514
TMC8,GSE137340,14,43,5.40374133214286,5.15986757790698,5.407611208,5.136861137,-0.243873754235881,Down_in_Sepsis,0.355481727574751,0.109420434566108,GSE54514
TMC8,GSE236713,30,125,0.916570730833333,-0.22216652512,0.8884626625,-0.18730413,-1.13873725595333,Down_in_Sepsis,0.0274666666666667,1.0292890169365e-15,GSE54514
TMC8,GSE57065,25,28,6.89209213333333,5.89622964285714,6.98972666666667,5.92308333333333,-0.995862490476191,Down_in_Sepsis,0.0242857142857143,2.68160529708576e-12,GSE54514
TMC8,GSE65682,42,51,5.04912586479762,4.66326837764706,4.95679593625,4.6841515675,-0.38585748715056,Down_in_Sepsis,0.250700280112045,3.81153364064026e-05,GSE54514
TMC8,GSE95233,22,51,7.31398008484849,6.54943494849673,7.3472268,6.52197893666667,-0.764545136351752,Down_in_Sepsis,0.0213903743315508,1.11977955795568e-10,GSE54514
MAP4K1,GSE137340,14,43,7.68430585614286,7.17009072667442,7.4857924635,7.035443936,-0.514215129468439,Down_in_Sepsis,0.28405315614618,0.0151439987160872,GSE54514
MAP4K1,GSE236713,30,125,1.20138306833333,-0.36286659736,1.1815617,-0.26575732,-1.56424966569333,Down_in_Sepsis,0.0186666666666667,3.01374142962597e-16,GSE54514
MAP4K1,GSE57065,25,28,6.5844388,5.4021680952381,6.57529333333333,5.34939666666667,-1.1822707047619,Down_in_Sepsis,0.0214285714285714,1.51338120726622e-12,GSE54514
MAP4K1,GSE65682,42,51,3.09531360835714,2.78613836959477,2.951168527,2.79809332266667,-0.309175238762371,Down_in_Sepsis,0.264705882352941,0.000101483657502929,GSE54514
MAP4K1,GSE95233,22,51,8.4346600230303,6.48916199712418,8.44467421833334,6.37109784,-1.94549802590612,Down_in_Sepsis,0.00089126559714795,1.73990990394731e-11,GSE54514
SAMSN1,GSE137340,14,43,6.19271278664286,7.64745421406977,5.560114094,7.533327854,1.45474142742691,Up_in_Sepsis,0.818936877076412,0.000203389487077016,GSE54514
SAMSN1,GSE236713,30,125,-1.322184437,0.389682398088,-1.27199865,0.454906,1.711866835088,Up_in_Sepsis,0.921066666666666,8.72868657060723e-13,GSE54514
SAMSN1,GSE57065,25,28,5.69177106666667,9.00282095238096,5.69520333333333,9.19751166666667,3.31104988571429,Up_in_Sepsis,1,2.21254562465821e-15,GSE54514
SAMSN1,GSE65682,42,51,8.64918178359524,9.36890865386274,8.93843928875,9.3145396715,0.719726870267506,Up_in_Sepsis,0.663865546218487,0.00681281918159801,GSE54514
SAMSN1,GSE95233,22,51,4.53768675378788,7.75494894176471,4.68618369166667,7.88851986333333,3.21726218797683,Up_in_Sepsis,1,1.60188706567253e-11,GSE54514
SIGLEC5,GSE137340,14,43,5.64303503042857,6.67996813468605,5.3354653065,6.831768214,1.03693310425748,Up_in_Sepsis,0.802325581395349,0.000471533014356313,GSE54514
SIGLEC5,GSE236713,30,125,-1.94441204333333,0.125625905216,-1.81730605,0.19648027,2.07003794854933,Up_in_Sepsis,0.973333333333333,9.21380093416917e-16,GSE54514
SIGLEC5,GSE57065,25,28,8.3267848,9.49934392857143,8.39725,9.5337,1.17255912857143,Up_in_Sepsis,0.958571428571428,5.09106748233855e-11,GSE54514
SIGLEC5,GSE65682,42,51,8.26945584485714,8.77752901276471,8.3570166165,8.845822242,0.508073167907563,Up_in_Sepsis,0.707749766573296,0.000600170513027404,GSE54514
SIGLEC5,GSE95233,22,51,8.64087915090909,10.2324821978431,8.783868005,10.26555641,1.59160304693405,Up_in_Sepsis,0.982174688057041,8.14407368438532e-11,GSE54514
TRIB2,GSE137340,14,43,6.50527396892857,6.28440411755814,6.257338748,6.319690867,-0.220869851370431,Down_in_Sepsis,0.456810631229236,0.64006068634829,GSE54514
TRIB2,GSE236713,30,125,1.51976797778333,-0.4904209961,1.555561175,-0.35614288,-2.01018897388333,Down_in_Sepsis,0.0157333333333333,1.99145076149493e-16,GSE54514
TRIB2,GSE57065,25,28,6.9758544,5.08410125,6.984465,5.0714925,-1.89175315,Down_in_Sepsis,0.0114285714285714,1.482405568521e-13,GSE54514
TRIB2,GSE65682,42,51,3.61341414883333,3.01302365968627,3.50258498675,2.949073536,-0.600390489147059,Down_in_Sepsis,0.233893557422969,1.09991828891113e-05,GSE54514
TRIB2,GSE95233,22,51,7.45005756068182,5.77557273813726,7.4162056675,5.730705985,-1.67448482254456,Down_in_Sepsis,0.00980392156862745,3.94540435484238e-11,GSE54514
QSOX1,GSE137340,14,43,5.65234261132143,6.7387056442093,5.47204210475,6.7130073645,1.08636303288787,Up_in_Sepsis,0.852159468438538,3.04347690174248e-05,GSE54514
QSOX1,GSE236713,30,125,-1.16630387666667,0.287821223392,-1.24254076666667,0.28180472,1.45412510005867,Up_in_Sepsis,0.992266666666667,6.35373712127056e-17,GSE54514
QSOX1,GSE57065,25,28,4.93165586666667,5.414135,4.90757666666667,5.41201,0.482479133333333,Up_in_Sepsis,0.927142857142857,3.26467523300631e-09,GSE54514
QSOX1,GSE65682,42,51,4.47961160067857,4.88680427353922,4.4767651725,4.8544474625,0.407192672860645,Up_in_Sepsis,0.762838468720822,1.40872649154211e-05,GSE54514
QSOX1,GSE95233,22,51,5.23494680136364,6.05231573647059,5.23465419833333,6.00337625333333,0.817368935106953,Up_in_Sepsis,0.999108734402852,1.73990990394731e-11,GSE54514
KLRK1,GSE137340,14,43,4.3346446165,4.62277292206977,4.2772545955,4.486210933,0.288128305569767,Up_in_Sepsis,0.789036544850498,0.000882837458545004,GSE54514
KLRK1,GSE236713,30,125,2.80717267666667,-0.424707229824,2.98719665,-0.27480245,-3.23187990649067,Down_in_Sepsis,0.0128,1.31271333426779e-16,GSE54514
KLRK1,GSE57065,25,28,7.992852,6.32736642857143,8.03981,6.17271,-1.66548557142857,Down_in_Sepsis,0.0985714285714286,5.01696910811419e-08,GSE54514
KLRK1,GSE65682,42,51,4.53547238501191,3.35462442711765,4.25834983825,3.1569445535,-1.18084795789426,Down_in_Sepsis,0.19187675070028,3.55549239738882e-07,GSE54514
KLRK1,GSE95233,22,51,8.45150311590909,6.24926033901961,8.42232565,6.03444901,-2.20224277688948,Down_in_Sepsis,0.0089126559714795,3.63757408976493e-11,GSE54514
BCL6,GSE137340,14,43,10.5691606481429,12.0325751632558,10.1670325,12.06754407,1.46341451511296,Up_in_Sepsis,0.830564784053156,0.00010836477926158,GSE54514
BCL6,GSE236713,30,125,-3.24843976333333,0.391965990184,-3.46802635,0.5918217,3.64040575351733,Up_in_Sepsis,0.985066666666666,1.77791698605755e-16,GSE54514
BCL6,GSE57065,25,28,8.2624333,9.81840196428571,8.197805,9.964295,1.55596866428571,Up_in_Sepsis,0.997142857142857,8.85018249863286e-15,GSE54514
BCL6,GSE65682,42,51,9.62679411285714,9.80325466081177,9.6651421179,9.9206306838,0.176460547954623,Up_in_Sepsis,0.594304388422035,0.119808285134035,GSE54514
BCL6,GSE95233,22,51,9.22323070636364,10.9644747007843,9.35365831125,11.00211056,1.74124399442068,Up_in_Sepsis,0.983065953654189,7.51822548100406e-11,GSE54514
OSCAR,GSE137340,14,43,8.09392213135714,9.17151098431395,7.85375902225,9.3020855255,1.07758885295681,Up_in_Sepsis,0.790697674418605,0.000817983541866246,GSE54514
OSCAR,GSE236713,30,125,-1.22318913483333,0.310133562124,-1.262642025,0.24224699,1.53332269695733,Up_in_Sepsis,0.988266666666667,1.12742635392446e-16,GSE54514
OSCAR,GSE57065,25,28,6.0381104,7.49921428571429,6.05774,7.58367,1.46110388571429,Up_in_Sepsis,0.991428571428571,6.63763687397464e-14,GSE54514
OSCAR,GSE65682,42,51,6.41322966732143,6.92777905773529,6.49339115825,6.975326572,0.514549390413865,Up_in_Sepsis,0.774976657329599,5.54023063653005e-06,GSE54514
OSCAR,GSE95233,22,51,8.163267005,9.60164760411765,8.296556385,9.61905156,1.43838059911765,Up_in_Sepsis,0.996434937611408,2.22762533627504e-11,GSE54514
C3AR1,GSE137340,14,43,5.66257417528571,7.64411645930233,5.2767078905,7.74853268,1.98154228401661,Up_in_Sepsis,0.875415282392027,6.53811501196993e-06,GSE54514
C3AR1,GSE236713,30,125,-1.55061417533333,0.196685696712,-1.5652845,0.17176986,1.74729987204533,Up_in_Sepsis,0.9488,2.53235015615329e-14,GSE54514
C3AR1,GSE57065,25,28,7.5821536,9.34956321428571,7.51862,9.50142,1.76740961428571,Up_in_Sepsis,0.924285714285714,4.53013185284708e-09,GSE54514
C3AR1,GSE65682,42,51,8.07711712383333,8.71807918660784,8.3859891975,8.954679595,0.640962062774509,Up_in_Sepsis,0.69281045751634,0.00145005550227049,GSE54514
C3AR1,GSE95233,22,51,7.42931918909091,9.44700825098039,7.54210163,9.42253796,2.01768906188948,Up_in_Sepsis,0.990196078431372,3.94540435484238e-11,GSE54514
PASK,GSE137340,14,43,6.37031804482143,6.11265043167442,6.2935267225,6.1287754015,-0.25766761314701,Down_in_Sepsis,0.383720930232558,0.200000657368105,GSE54514
PASK,GSE236713,30,125,1.4095134,-0.389006534632,1.4518367875,-0.4585363735,-1.798519934632,Down_in_Sepsis,0.0370666666666666,3.83314988106933e-15,GSE54514
PASK,GSE57065,25,28,5.58749613333333,4.09512273809524,5.65261333333333,4.04669833333333,-1.4923733952381,Down_in_Sepsis,0.0128571428571429,2.14616925591847e-13,GSE54514
PASK,GSE65682,42,51,3.20281937969048,2.50297786292157,2.8986187065,2.470888917,-0.699841516768908,Down_in_Sepsis,0.256302521008403,5.67392658172337e-05,GSE54514
PASK,GSE95233,22,51,6.02428164181818,4.77577526503268,5.94061260333334,4.74311968666667,-1.2485063767855,Down_in_Sepsis,0.018716577540107,8.82077171942536e-11,GSE54514
TIMP1,GSE137340,14,43,9.81592886714286,11.6363049372791,9.65986537,11.6536414,1.82037607013621,Up_in_Sepsis,0.916943521594684,2.32597094559008e-07,GSE54514
TIMP1,GSE236713,30,125,-1.27196941466667,0.309522782376,-1.25564505,0.20902586,1.58149219704267,Up_in_Sepsis,0.945066666666667,4.13052690891091e-14,GSE54514
TIMP1,GSE57065,25,28,9.7542792,10.8691507142857,9.848,10.81385,1.11487151428571,Up_in_Sepsis,0.922857142857143,5.32311262981583e-09,GSE54514
TIMP1,GSE65682,42,51,8.60073302813095,9.26236238856863,8.53016123525,9.333708612,0.661629360437676,Up_in_Sepsis,0.818860877684408,1.372467611671e-07,GSE54514
TIMP1,GSE95233,22,51,7.64146381863636,8.92114833098039,7.71945454,8.92598903,1.27968451234403,Up_in_Sepsis,0.957219251336898,7.21511319630196e-10,GSE54514
CCNA1,GSE137340,14,43,4.41638132971429,5.23165278934884,4.1938818755,4.65509443,0.815271459634552,Up_in_Sepsis,0.8421926910299,5.56405121878381e-05,GSE54514
CCNA1,GSE236713,30,125,-1.16833600433333,0.875964409544,-1.1524136,0.7590089,2.04430041387733,Up_in_Sepsis,0.910933333333333,3.01354347333603e-12,GSE54514
CCNA1,GSE57065,25,28,4.1191488,5.80875892857143,4.14221,5.47657,1.68961012857143,Up_in_Sepsis,0.962857142857143,2.59553727228655e-11,GSE54514
CCNA1,GSE65682,42,51,2.43403282983333,4.17467067219608,2.3462453935,4.318713639,1.74063784236275,Up_in_Sepsis,0.906162464985995,1.9127218523145e-11,GSE54514
CCNA1,GSE95233,22,51,3.58152882,6.62681024901961,3.602492025,6.73111568,3.04528142901961,Up_in_Sepsis,0.989304812834225,4.27867888939574e-11,GSE54514
AMPD3,GSE137340,14,43,4.36509475144643,4.68890040339535,4.296762221125,4.53612638225,0.32380565194892,Up_in_Sepsis,0.875415282392027,6.53811501196993e-06,GSE54514
AMPD3,GSE236713,30,125,-1.6001981425,0.16324364402,-1.53098166,0.20307266,1.76344178652,Up_in_Sepsis,0.9784,4.54966383174459e-16,GSE54514
AMPD3,GSE57065,25,28,5.8322058,6.35802803571429,5.837835,6.4217775,0.525822235714286,Up_in_Sepsis,0.85,3.9780779302043e-06,GSE54514
AMPD3,GSE65682,42,51,4.17677488671088,4.84328482955182,4.07739916885715,4.95547766242857,0.666509942840937,Up_in_Sepsis,0.823529411764706,8.9871630261376e-08,GSE54514
AMPD3,GSE95233,22,51,6.01882713477273,6.95985164745098,6.02174542,6.941334765,0.941024512678253,Up_in_Sepsis,0.99108734402852,3.63757408976493e-11,GSE54514
TPST2,GSE137340,14,43,8.27969496325,9.79783269608139,7.9765398905,9.858399753,1.5181377328314,Up_in_Sepsis,0.818936877076412,0.000203389487077016,GSE54514
TPST2,GSE236713,30,125,-0.5442433062,0.234032943728,-0.440820935,0.16251373,0.778276249928,Up_in_Sepsis,0.881066666666666,9.81126041913943e-11,GSE54514
TPST2,GSE57065,25,28,6.5861648,7.43347857142857,6.58141,7.41739166666667,0.847313771428571,Up_in_Sepsis,0.96,4.0828104411818e-11,GSE54514
TPST2,GSE65682,42,51,7.29053642883333,8.31062247454902,7.257098495,8.309882325,1.02008604571569,Up_in_Sepsis,0.918300653594771,4.73658625634737e-12,GSE54514
TPST2,GSE95233,22,51,7.52804846712121,8.36179940117647,7.549906045,8.41934404,0.833750934055259,Up_in_Sepsis,0.949197860962567,1.42085083033673e-09,GSE54514
NFE2,GSE137340,14,43,10.5144076772857,11.9746088921163,10.38796917,12.0910567,1.46020121483057,Up_in_Sepsis,0.863787375415283,1.44528445939708e-05,GSE54514
NFE2,GSE236713,30,125,-2.05305652666667,0.33666373884,-2.09813905,0.32316303,2.38972026550667,Up_in_Sepsis,0.992266666666667,6.35373712127056e-17,GSE54514
NFE2,GSE57065,25,28,9.6137636,10.5226053571429,9.66035,10.58755,0.908841757142858,Up_in_Sepsis,0.98,1.12397317732637e-12,GSE54514
NFE2,GSE65682,42,51,9.61698762809524,9.71341197111765,9.6353768725,9.70873652,0.0964243430224094,Up_in_Sepsis,0.550420168067227,0.40659568941603,GSE54514
NFE2,GSE95233,22,51,9.91453735136364,10.8008077896078,9.93597108,10.83252363,0.886270438244207,Up_in_Sepsis,0.967914438502674,2.87149299473703e-10,GSE54514
P2RY10,GSE137340,14,43,5.22870422189286,5.07467455475581,5.20885770375,5.076721172,-0.154029667137044,Down_in_Sepsis,0.383720930232558,0.200000657368105,GSE54514
P2RY10,GSE236713,30,125,2.29180673666667,-0.252867437656,2.42090815,-0.22849774,-2.54467417432267,Down_in_Sepsis,0.0136,1.47108884225019e-16,GSE54514
P2RY10,GSE57065,25,28,6.2908392,4.44726595238095,6.26264,4.31115333333333,-1.84357324761905,Down_in_Sepsis,0.0228571428571429,2.02447924656227e-12,GSE54514
P2RY10,GSE65682,42,51,2.86786147078571,2.52487895017647,2.537433278,2.372884737,-0.342982520609244,Down_in_Sepsis,0.359010270774977,0.0199345125634883,GSE54514
P2RY10,GSE95233,22,51,6.54158134469697,4.66785335287582,6.58741538333333,4.59033880666667,-1.87372799182115,Down_in_Sepsis,0,1.60188706567253e-11,GSE54514
ASPH,GSE137340,14,43,4.36804507290476,4.67473838751938,4.27430636083334,4.490615922,0.306693314614618,Up_in_Sepsis,0.882059800664452,4.05663071297044e-06,GSE54514
ASPH,GSE236713,30,125,-2.10731399111111,0.597818993757333,-2.10208918333334,0.65746115,2.70513298486844,Up_in_Sepsis,0.974133333333333,8.2463406798514e-16,GSE54514
ASPH,GSE57065,25,28,3.81561088888889,5.387855,3.79508,5.36804611111112,1.57224411111111,Up_in_Sepsis,0.988571428571428,1.482405568521e-13,GSE54514
ASPH,GSE65682,42,51,3.56930819823469,4.12538212961625,3.60207031828572,4.14444603557143,0.556073931381552,Up_in_Sepsis,0.726890756302521,0.000178209697391078,GSE54514
ASPH,GSE95233,22,51,4.8621702789899,6.86161061568627,4.94632013555555,7.01443805333333,1.99944033669637,Up_in_Sepsis,0.988413547237077,4.63944869067713e-11,GSE54514
ALPL,GSE137340,14,43,10.3111428597857,12.3941668166279,9.779099904,12.47900949,2.08302395684219,Up_in_Sepsis,0.8421926910299,5.56405121878381e-05,GSE54514
ALPL,GSE236713,30,125,-3.05842141333333,0.286827409312,-3.30897325,0.47065985,3.34524882264533,Up_in_Sepsis,0.9656,2.66735498895389e-15,GSE54514
ALPL,GSE57065,25,28,5.8954288,8.19505178571429,5.84984,8.4127325,2.29962298571429,Up_in_Sepsis,0.957142857142857,6.3278804865225e-11,GSE54514
ALPL,GSE65682,42,51,6.46301430922381,7.14190184189412,6.6677252105,7.4459562462,0.678887532670308,Up_in_Sepsis,0.685807656395892,0.00214994082693125,GSE54514
ALPL,GSE95233,22,51,5.76857001863636,7.28921400960784,5.890189465,7.342228995,1.52064399097148,Up_in_Sepsis,0.953654188948306,9.76469344626009e-10,GSE54514
TGFBR3,GSE137340,14,43,7.74993682371429,7.33905411639535,7.6953400345,7.107790151,-0.410882707318938,Down_in_Sepsis,0.367109634551495,0.141856475742545,GSE54514
TGFBR3,GSE236713,30,125,2.03996323133333,-0.24559642176,2.0683601,-0.25213146,-2.28555965309333,Down_in_Sepsis,0.0290666666666667,1.28379968378171e-15,GSE54514
TGFBR3,GSE57065,25,28,7.4680158,5.20848892857143,7.432295,4.9249625,-2.25952687142857,Down_in_Sepsis,0.0714285714285714,2.76433237799173e-09,GSE54514
TGFBR3,GSE65682,42,51,4.26547564505952,3.30484652430392,4.14797694425,3.12881557,-0.960629120755602,Down_in_Sepsis,0.174136321195145,7.25672640549993e-08,GSE54514
TGFBR3,GSE95233,22,51,7.22999721931818,5.23549599333333,7.26889498,5.199087175,-1.99450122598485,Down_in_Sepsis,0,1.60188706567253e-11,GSE54514
CD5,GSE137340,14,43,6.67748646114286,5.6325115542093,6.694207113,5.621053953,-1.04497490693355,Down_in_Sepsis,0.162790697674419,7.43901516703796e-05,GSE54514
CD5,GSE236713,30,125,1.94074734366667,-0.494284701816,2.06500675,-0.3661964,-2.43503204548267,Down_in_Sepsis,0.0109333333333333,1.00562164223352e-16,GSE54514
CD5,GSE57065,25,28,6.6226518,5.58009517857143,6.622245,5.5289525,-1.04255662142857,Down_in_Sepsis,0.00428571428571428,1.54878193726075e-14,GSE54514
CD5,GSE65682,42,51,4.41897496688095,3.77141629735294,4.288979572,3.733617556,-0.647558669528011,Down_in_Sepsis,0.262838468720822,8.93248726288813e-05,GSE54514
CD5,GSE95233,22,51,6.077826255,4.77774765480392,6.059244855,4.728045905,-1.30007860019608,Down_in_Sepsis,0.0035650623885918,2.22762533627504e-11,GSE54514
SNX3,GSE137340,14,43,9.87967360135714,11.3951378632791,9.4220788325,11.4201044,1.51546426192193,Up_in_Sepsis,0.883720930232558,3.58984112855028e-06,GSE54514
SNX3,GSE236713,30,125,-0.348442776988889,0.108928977088,-0.376254479,0.17349878,0.457371754076889,Up_in_Sepsis,0.7696,4.7244987343207e-06,GSE54514
SNX3,GSE57065,25,28,9.7221645,11.2267986607143,9.723045,11.38075,1.50463416071429,Up_in_Sepsis,0.995714285714286,1.54878193726075e-14,GSE54514
SNX3,GSE65682,42,51,9.83956165139881,10.4492168022255,9.83362800775,10.43528258125,0.609655150826679,Up_in_Sepsis,0.839402427637722,2.0399853440051e-08,GSE54514
SNX3,GSE95233,22,51,7.91437699875,9.72828105294118,7.8589525,9.764329215,1.81390405419118,Up_in_Sepsis,1,1.60188706567253e-11,GSE54514
GATA3,GSE137340,14,43,4.66679660957143,4.78491348734884,4.682917991,4.677289185,0.118116877777409,Up_in_Sepsis,0.576411960132891,0.403199137058811,GSE54514
GATA3,GSE236713,30,125,1.81746118866667,-0.605813857712,1.86761665,-0.5380032,-2.42327504637867,Down_in_Sepsis,0.0101333333333333,8.96813082580416e-17,GSE54514
GATA3,GSE57065,25,28,5.6828504,3.91218511904762,5.53675666666667,3.81535166666666,-1.77066528095238,Down_in_Sepsis,0,2.21254562465821e-15,GSE54514
GATA3,GSE65682,42,51,3.41190837157937,2.97634525392157,3.36877569283334,2.940493242,-0.435563117657797,Down_in_Sepsis,0.140056022408964,2.71015528900733e-09,GSE54514
GATA3,GSE95233,22,51,5.54114001803031,3.81553183117647,5.53925500666667,3.81578659333333,-1.72560818685383,Down_in_Sepsis,0,1.60188706567253e-11,GSE54514
HLA-DMB,GSE137340,14,43,9.82182282428571,10.1748542256279,9.878310596,10.23693209,0.353031401342193,Up_in_Sepsis,0.616279069767442,0.200000657368105,GSE54514
HLA-DMB,GSE236713,30,125,1.248833275,-0.682809527256,1.19099855,-0.75847864,-1.931642802256,Down_in_Sepsis,0.0386666666666667,4.76013747757254e-15,GSE54514
HLA-DMB,GSE57065,25,28,7.8704488,5.72401035714286,7.84029,5.66622,-2.14643844285714,Down_in_Sepsis,0.0214285714285714,1.51338120726622e-12,GSE54514
HLA-DMB,GSE65682,42,51,4.56454977827619,3.60009992926667,4.6382516544,3.5857985826,-0.964449849009524,Down_in_Sepsis,0.128851540616246,8.59473712909179e-10,GSE54514
HLA-DMB,GSE95233,22,51,8.31748332909091,6.43170552666667,8.33921637,6.31402947,-1.88577780242424,Down_in_Sepsis,0.0017825311942959,1.88955739655682e-11,GSE54514
PNPLA1,GSE137340,14,43,4.38740219785714,5.14064118683721,4.319138534,4.946832154,0.753238988980066,Up_in_Sepsis,0.898671096345515,1.12784882767697e-06,GSE54514
PNPLA1,GSE236713,30,125,-1.87529928666667,0.350765931024,-1.6847677,0.43668938,2.22606521769067,Up_in_Sepsis,0.954666666666667,1.16453145345785e-14,GSE54514
PNPLA1,GSE57065,25,28,3.4547696,4.5522275,3.42356,4.456935,1.0974579,Up_in_Sepsis,0.971428571428571,6.00484882532239e-12,GSE54514
PNPLA1,GSE65682,42,51,2.64830895905952,3.18159627296078,2.64547650875,3.1381949635,0.533287313901261,Up_in_Sepsis,0.813258636788049,2.26382806629161e-07,GSE54514
PNPLA1,GSE95233,22,51,3.34164590954545,5.02692521078431,3.454345565,5.14149137,1.68527930123886,Up_in_Sepsis,0.975044563279857,1.53617362330698e-10,GSE54514
NEDD4,GSE137340,14,43,4.38250902180952,4.96151792105426,4.29213641416666,4.801195909,0.57900889924474,Up_in_Sepsis,0.910299003322259,4.22790671752083e-07,GSE54514
NEDD4,GSE236713,30,125,-1.273502168,0.397297183056,-1.2119789,0.24166799,1.670799351056,Up_in_Sepsis,0.9384,9.79858691639425e-14,GSE54514
NEDD4,GSE57065,25,28,4.1790708,6.06599857142857,4.12133,6.318955,1.88692777142857,Up_in_Sepsis,0.96,4.0828104411818e-11,GSE54514
NEDD4,GSE65682,42,51,2.49075096504762,3.27117288477451,2.42147204125,3.09234915,0.780421919726891,Up_in_Sepsis,0.854808590102708,4.53660421333723e-09,GSE54514
NEDD4,GSE95233,22,51,4.48783945818182,5.98384373176471,4.468600125,6.04517117,1.49600427358289,Up_in_Sepsis,0.982174688057041,8.14407368438532e-11,GSE54514
SLC22A4,GSE137340,14,43,6.62915107667857,7.86978081701163,6.25423268075,7.9834974245,1.24062974033306,Up_in_Sepsis,0.787375415282392,0.000952278968464737,GSE54514
SLC22A4,GSE236713,30,125,-2.23118588233333,0.17182621576,-2.15473455,0.41756248,2.40301209809333,Up_in_Sepsis,0.965066666666667,2.86844175544285e-15,GSE54514
SLC22A4,GSE57065,25,28,7.590702,9.29907107142857,7.60221,9.32645,1.70836907142857,Up_in_Sepsis,0.997142857142857,8.85018249863286e-15,GSE54514
SLC22A4,GSE65682,42,51,8.18572281233333,8.43599748539216,8.211869128,8.514700148,0.250274673058824,Up_in_Sepsis,0.627450980392157,0.0354047671078647,GSE54514
SLC22A4,GSE95233,22,51,6.25762445045455,7.99711069039216,6.29720801,8.07938812,1.73948623993761,Up_in_Sepsis,0.981283422459893,8.82077171942536e-11,GSE54514
KIF1B,GSE137340,14,43,5.5280883277381,6.98780796731783,5.38700894516667,6.79839942466667,1.45971963957973,Up_in_Sepsis,0.898671096345515,1.12784882767697e-06,GSE54514
KIF1B,GSE236713,30,125,-1.65837921791667,0.35785732652,-1.72017819125,0.32322859875,2.01623654443667,Up_in_Sepsis,0.9752,7.11052358786845e-16,GSE54514
KIF1B,GSE57065,25,28,5.2217212,6.61516098214286,5.234115,6.6660875,1.39343978214286,Up_in_Sepsis,1,2.21254562465821e-15,GSE54514
KIF1B,GSE65682,42,51,4.96487148781349,5.12895045621569,5.09920500116667,5.22113057833333,0.164078968402195,Up_in_Sepsis,0.570961718020541,0.242170395544248,GSE54514
KIF1B,GSE95233,22,51,6.27562536386364,7.85202734083333,6.2762148775,7.9329280575,1.5764019769697,Up_in_Sepsis,0.986631016042781,5.45249501386452e-11,GSE54514
SLC26A8,GSE137340,14,43,4.9899783315,6.21397293356395,4.63687399875,6.19378155925,1.22399460206395,Up_in_Sepsis,0.87375415282392,7.34598051394299e-06,GSE54514
SLC26A8,GSE236713,30,125,-3.313180685,0.2865534076,-3.40846845,0.6120777,3.5997340926,Up_in_Sepsis,0.944533333333334,4.42812327766133e-14,GSE54514
SLC26A8,GSE57065,25,28,4.1855804,6.50867357142857,4.14418,6.42574,2.32309317142857,Up_in_Sepsis,1,2.21254562465821e-15,GSE54514
SLC26A8,GSE65682,42,51,4.18775508078571,4.46535759517647,4.4242065175,4.493589345,0.277602514390757,Up_in_Sepsis,0.586367880485527,0.154348393835561,GSE54514
SLC26A8,GSE95233,22,51,4.39333912818182,6.48541257313726,4.47672437,6.71208165,2.09207344495544,Up_in_Sepsis,0.983065953654189,7.51571277898833e-11,GSE54514
IL32,GSE137340,14,43,8.21837775607143,7.7491988105,8.19337151725,7.8379052595,-0.469178945571428,Down_in_Sepsis,0.357142857142857,0.11366743416625,GSE54514
IL32,GSE236713,30,125,1.50014129416667,-0.383202292228,1.455793275,-0.135368705,-1.88334358639467,Down_in_Sepsis,0.0309333333333333,1.65978174307926e-15,GSE54514
IL32,GSE57065,25,28,9.3022728,7.73789142857143,9.37078,7.536935,-1.56438137142857,Down_in_Sepsis,0.0957142857142857,3.7851498194051e-08,GSE54514
IL32,GSE65682,42,51,4.99667749218452,4.11170733196078,4.6852517365,4.05999186275,-0.884970160223739,Down_in_Sepsis,0.186274509803921,2.17204927187551e-07,GSE54514
IL32,GSE95233,22,51,8.75230384227273,6.47253354215686,8.762651915,6.36860816,-2.27977030011586,Down_in_Sepsis,0.00445632798573975,2.41819260539641e-11,GSE54514
RSAD1,GSE137340,14,43,5.18173348521429,5.12743308716279,5.2049339525,5.219712977,-0.0543003980514953,Down_in_Sepsis,0.471760797342193,0.762327881735052,GSE54514
RSAD1,GSE236713,30,125,0.928114844666667,-0.311901930008,0.94580865,-0.2358706,-1.24001677467467,Down_in_Sepsis,0.0048,4.16034114355925e-17,GSE54514
RSAD1,GSE57065,25,28,6.7140192,5.57801,6.66804,5.549575,-1.1360092,Down_in_Sepsis,0.0114285714285714,1.482405568521e-13,GSE54514
RSAD1,GSE65682,42,51,3.07335721382143,2.79999240065686,3.0805788385,2.784231679,-0.273364813164566,Down_in_Sepsis,0.242296918767507,2.06654776808725e-05,GSE54514
RSAD1,GSE95233,22,51,6.66351486590909,5.72724474627451,6.639752195,5.72946802,-0.936270119634582,Down_in_Sepsis,0.00267379679144385,2.05178515500888e-11,GSE54514
ATP11B,GSE137340,14,43,5.2846282495,6.44507444991861,4.958368882,6.3306674895,1.1604462004186,Up_in_Sepsis,0.867109634551495,1.15818527714491e-05,GSE54514
ATP11B,GSE236713,30,125,-0.692571196933333,0.330172582608,-0.64014244,0.32793975,1.02274377954133,Up_in_Sepsis,0.824,3.78497075509226e-08,GSE54514
ATP11B,GSE57065,25,28,5.2186784,7.03875482142857,5.22068666666667,7.28706166666667,1.82007642142857,Up_in_Sepsis,0.995714285714286,1.54878193726075e-14,GSE54514
ATP11B,GSE65682,42,51,5.28349894106845,6.11965036229412,5.2728987829375,6.2433836155,0.836151421225665,Up_in_Sepsis,0.800653594771242,6.77111143044872e-07,GSE54514
ATP11B,GSE95233,22,51,6.62596131151515,8.41418258964052,6.67846374666667,8.53843933166667,1.78822127812537,Up_in_Sepsis,0.981283422459893,8.82077171942536e-11,GSE54514
RSPH9,GSE137340,14,43,4.53381353435714,5.25932196581395,4.3535309685,5.02485914,0.72550843145681,Up_in_Sepsis,0.847176079734219,4.13098133247111e-05,GSE54514
RSPH9,GSE236713,30,125,-1.29625465266667,0.376393829532,-1.3254007,0.3498981,1.67264848219867,Up_in_Sepsis,0.977066666666667,5.48193613878975e-16,GSE54514
RSPH9,GSE57065,25,28,3.5401948,4.46714035714286,3.50504,4.48348,0.926945557142857,Up_in_Sepsis,0.941428571428571,5.67619729823566e-10,GSE54514
RSPH9,GSE65682,42,51,2.40720124847619,2.68466593094118,2.345513618,2.630564711,0.277464682464986,Up_in_Sepsis,0.750233426704015,3.56415344787041e-05,GSE54514
RSPH9,GSE95233,22,51,3.97336395636364,5.27368659921569,3.93409189,5.31890062,1.30032264285205,Up_in_Sepsis,0.979500891265597,1.03431303688478e-10,GSE54514
FAM89A,GSE137340,14,43,4.98117451046429,6.09689272881977,4.670856211875,5.74710286675,1.11571821835548,Up_in_Sepsis,0.850498338870432,3.37270343526275e-05,GSE54514
FAM89A,GSE236713,30,125,-1.033003063,0.323139701944,-1.00651525,0.31397653,1.356142764944,Up_in_Sepsis,0.915466666666666,1.73739002477137e-12,GSE54514
FAM89A,GSE57065,25,28,5.1640688,6.74721535714286,5.20213,6.604545,1.58314655714286,Up_in_Sepsis,0.987142857142857,2.14616925591847e-13,GSE54514
FAM89A,GSE65682,42,51,2.66973946119048,3.93414871060784,2.528447047,3.42732562,1.26440924941737,Up_in_Sepsis,0.827731092436975,6.1091786074841e-08,GSE54514
FAM89A,GSE95233,22,51,5.92866643136364,8.11963130509804,5.91891235,8.18619931,2.1909648737344,Up_in_Sepsis,0.979500891265597,1.03431303688478e-10,GSE54514
KLF12,GSE137340,14,43,5.05962446178571,4.88697669132558,4.996358988,4.756022428,-0.172647770460133,Down_in_Sepsis,0.393687707641196,0.242138750369348,GSE54514
KLF12,GSE236713,30,125,1.55249611083333,-0.422833857576,1.5583819,-0.27787006,-1.97532996840933,Down_in_Sepsis,0.0112,1.04470720762514e-16,GSE54514
KLF12,GSE57065,25,28,5.27347465,4.10049745535714,5.22938875,4.039625625,-1.17297719464286,Down_in_Sepsis,0.00428571428571428,1.54878193726075e-14,GSE54514
KLF12,GSE65682,42,51,3.05842709021429,2.75880389871373,2.9905599379,2.7386565728,-0.29962319150056,Down_in_Sepsis,0.257236227824463,6.05808351607603e-05,GSE54514
KLF12,GSE95233,22,51,5.83170762096591,4.23510710497549,5.72888159,4.16819464,-1.59660051599042,Down_in_Sepsis,0,1.60188706567253e-11,GSE54514
GNLY,GSE137340,14,43,9.14800889792857,8.15947509471318,9.1590614045,8.0730805,-0.98853380321539,Down_in_Sepsis,0.26578073089701,0.00811465598623881,GSE54514
GNLY,GSE236713,30,125,1.77677881166667,-0.167758878104,1.832153725,-0.32503754,-1.94453768977067,Down_in_Sepsis,0.112,4.47029686534949e-11,GSE54514
GNLY,GSE57065,25,28,10.3966178,7.96240732142857,10.441,7.895085,-2.43421047857143,Down_in_Sepsis,0.0842857142857143,1.16465658125434e-08,GSE54514
GNLY,GSE65682,42,51,6.51919426080357,5.05028397886765,6.423854145125,4.983618095,-1.46891028193592,Down_in_Sepsis,0.180672268907563,1.31591298422381e-07,GSE54514
GNLY,GSE95233,22,51,11.0241741922727,8.14679967784314,10.97150678,8.166844705,-2.87737451442959,Down_in_Sepsis,0.00445632798573975,2.41819260539641e-11,GSE54514
PLEKHA1,GSE137340,14,43,6.57338838682143,6.49949036945349,6.429584573,6.358614804,-0.0738980173679407,Down_in_Sepsis,0.435215946843854,0.479707999120335,GSE54514
PLEKHA1,GSE236713,30,125,1.183555254,-0.458963047876,1.2275623,-0.37898171,-1.642518301876,Down_in_Sepsis,0.032,1.9213337153322e-15,GSE54514
PLEKHA1,GSE57065,25,28,7.285634,5.3584,7.262745,5.2593125,-1.927234,Down_in_Sepsis,0.0142857142857143,3.07543841827492e-13,GSE54514
PLEKHA1,GSE65682,42,51,3.36878960083333,2.89621589328431,3.223601132375,2.87778412425,-0.47257370754902,Down_in_Sepsis,0.204014939309057,1.00520795442081e-06,GSE54514
PLEKHA1,GSE95233,22,51,6.40705179772727,4.87859009656863,6.429101055,4.86366984,-1.52846170115865,Down_in_Sepsis,0,1.60188706567253e-11,GSE54514
LRG1,GSE137340,14,43,7.87875290635714,9.98168908925581,7.719882162,10.02217396,2.10293618289867,Up_in_Sepsis,0.837209302325582,7.43901516703796e-05,GSE54514
LRG1,GSE236713,30,125,-2.65232736133333,0.29905142176,-2.67979765,0.35753083,2.95137878309333,Up_in_Sepsis,0.976533333333333,5.90546839114587e-16,GSE54514
LRG1,GSE57065,25,28,7.8083352,9.46729642857143,7.68215,9.48017,1.65896122857143,Up_in_Sepsis,0.981428571428571,8.25279517997514e-13,GSE54514
LRG1,GSE65682,42,51,9.30556027992857,9.3420292345,9.318902384,9.4053062815,0.0364689545714292,Up_in_Sepsis,0.517740429505135,0.772198951957854,GSE54514
LRG1,GSE95233,22,51,6.20405822181818,8.02818196529412,6.262803945,8.14824263,1.82412374347594,Up_in_Sepsis,0.977718360071301,1.21213677994709e-10,GSE54514
LBH,GSE137340,14,43,5.57862206505357,5.5337914325407,5.47435262,5.51667521625,-0.0448306325128742,Down_in_Sepsis,0.446843853820598,0.563332937029135,GSE54514
LBH,GSE236713,30,125,1.09658640849167,-0.108171849482,1.04611248,-0.16066739675,-1.20475825797367,Down_in_Sepsis,0.0770666666666667,6.92535137086423e-13,GSE54514
LBH,GSE57065,25,28,8.764602,6.65086107142857,8.77607,6.537715,-2.11374092857143,Down_in_Sepsis,0,2.21254562465821e-15,GSE54514
LBH,GSE65682,42,51,3.89112339257937,3.51522087839216,3.7918112435,3.460948696,-0.375902514187208,Down_in_Sepsis,0.309523809523809,0.00165577991334264,GSE54514
LBH,GSE95233,22,51,9.45326960181818,7.33419141568627,9.47168537,7.28804241,-2.11907818613191,Down_in_Sepsis,0.0035650623885918,2.22762533627504e-11,GSE54514
ESYT1,GSE137340,14,43,8.79180128078571,8.83812901232558,8.7166624555,8.739636764,0.0463277315398667,Up_in_Sepsis,0.470099667774086,0.748386036662598,GSE54514
ESYT1,GSE236713,30,125,1.00553399666667,-0.363780722928,0.987070565,-0.35634398,-1.36931471959467,Down_in_Sepsis,0.0397333333333334,5.49734641168987e-15,GSE54514
ESYT1,GSE57065,25,28,8.7365608,6.75381892857143,8.80187,6.698435,-1.98274187142857,Down_in_Sepsis,0,2.21254562465821e-15,GSE54514
ESYT1,GSE65682,42,51,6.12662558404762,5.67437770805882,6.1405313735,5.655128511,-0.452247875988795,Down_in_Sepsis,0.349673202614379,0.0130655315302598,GSE54514
ESYT1,GSE95233,22,51,10.1708738881818,8.06366981352941,10.122068805,8.04673925,-2.10720407465241,Down_in_Sepsis,0,1.60188706567253e-11,GSE54514
ITGA7,GSE137340,14,43,4.67739951585714,5.16184941293023,4.405458892,4.949191961,0.484449897073089,Up_in_Sepsis,0.780730897009967,0.0012817795557046,GSE54514
ITGA7,GSE236713,30,125,-3.43841331666667,0.8832891642,-3.51296285,0.9036689,4.32170248086667,Up_in_Sepsis,0.997066666666667,3.17356635260133e-17,GSE54514
ITGA7,GSE57065,25,28,4.412276,5.64758660714286,4.368065,5.6483375,1.23531060714286,Up_in_Sepsis,0.96,1.01373468537276e-08,GSE54514
ITGA7,GSE65682,42,51,2.89574477252381,4.0769386615098,2.8248532005,3.873331545,1.18119388898599,Up_in_Sepsis,0.831932773109244,4.13339067652042e-08,GSE54514
ITGA7,GSE95233,22,51,4.24256912636364,5.73593746764706,4.1529109975,5.660243465,1.49336834128342,Up_in_Sepsis,0.957219251336899,7.21511319630196e-10,GSE54514
CDC25B,GSE137340,14,43,8.99977323285714,8.09544132341861,8.94229677,7.993413291,-0.904331909438538,Down_in_Sepsis,0.249169435215947,0.00438898494776219,GSE54514
CDC25B,GSE236713,30,125,1.71788823,-0.459540968904,1.72541835,-0.21615744,-2.177429198904,Down_in_Sepsis,0.00373333333333333,3.56444855003682e-17,GSE54514
CDC25B,GSE57065,25,28,9.02872,7.22083678571429,9.04352,7.2035,-1.80788321428571,Down_in_Sepsis,0.00142857142857143,4.42509124931643e-15,GSE54514
CDC25B,GSE65682,42,51,3.55868608170476,3.37394224260784,3.51874942,3.349326644,-0.184743839096919,Down_in_Sepsis,0.368814192343604,0.030352604154893,GSE54514
CDC25B,GSE95233,22,51,9.29842921363636,7.24626622686275,9.253458165,7.29020516,-2.05216298677362,Down_in_Sepsis,0,1.60188706567253e-11,GSE54514
BPI,GSE137340,14,43,4.84446739003571,6.49851855245349,4.46660934425,6.208227746,1.65405116241777,Up_in_Sepsis,0.875415282392027,6.53811501196993e-06,GSE54514
BPI,GSE236713,30,125,-0.633550104466667,-0.050161200852,-0.4393005325,-0.1286159745,0.583388903614667,Up_in_Sepsis,0.649066666666667,0.0114222929938134,GSE54514
BPI,GSE57065,25,28,5.3260556,8.65512785714286,5.35883,8.68383,3.32907225714286,Up_in_Sepsis,0.994285714285714,2.65505474958986e-14,GSE54514
BPI,GSE65682,42,51,4.83502321428571,6.97909554484314,4.7705400085,7.032659697,2.14407233055742,Up_in_Sepsis,0.872549019607843,7.42785999895666e-10,GSE54514
BPI,GSE95233,22,51,4.92815042136364,8.15305477196078,5.33084636,8.15181368,3.22490435059715,Up_in_Sepsis,0.991978609625669,3.35328660937072e-11,GSE54514
STK3,GSE137340,14,43,5.36812052107143,6.51732132472093,5.1294200755,6.521989887,1.1492008036495,Up_in_Sepsis,0.837209302325582,7.43901516703796e-05,GSE54514
STK3,GSE236713,30,125,-1.4170050985,0.209736251668,-1.425205575,0.234654785,1.626741350168,Up_in_Sepsis,0.988800000000001,1.04470720762514e-16,GSE54514
STK3,GSE57065,25,28,3.52924573333333,4.23196178571429,3.54186333333333,4.27900166666667,0.702716052380952,Up_in_Sepsis,0.965714285714285,1.6235659793742e-11,GSE54514
STK3,GSE65682,42,51,3.91778082073016,4.2451933451634,3.841459823,4.18967632633333,0.327412524433239,Up_in_Sepsis,0.6531279178338,0.0114617009111308,GSE54514
STK3,GSE95233,22,51,4.02867583121212,5.11322359424837,4.06598942833334,5.14450283333333,1.08454776303624,Up_in_Sepsis,0.973262032085561,1.79773479549631e-10,GSE54514
MAN1C1,GSE137340,14,43,4.50016437664286,4.65308727555814,4.475744193,4.4708536245,0.152922898915282,Up_in_Sepsis,0.568106312292359,0.457093279438225,GSE54514
MAN1C1,GSE236713,30,125,1.54189632141667,-0.494039855968,1.513714325,-0.57853006,-2.03593617738467,Down_in_Sepsis,0.0181333333333333,2.7955634552206e-16,GSE54514
MAN1C1,GSE57065,25,28,5.466745,3.92216089285714,5.361255,3.9103,-1.54458410714286,Down_in_Sepsis,0,2.21254562465821e-15,GSE54514
MAN1C1,GSE65682,42,51,2.81013794619048,2.53431460214706,2.748877117,2.520034175,-0.275823344043418,Down_in_Sepsis,0.213818860877684,2.26188717306207e-06,GSE54514
MAN1C1,GSE95233,22,51,5.13426187068182,4.0177127245098,5.0583876975,3.97315829,-1.11654914617202,Down_in_Sepsis,0.0151515151515152,6.40439715698351e-11,GSE54514
CD2,GSE137340,14,43,9.56113330642857,8.85449397169768,9.600393138,8.671266105,-0.706639334730896,Down_in_Sepsis,0.289867109634552,0.0194959726563581,GSE54514
CD2,GSE236713,30,125,0.708043955666666,-0.0776268521413334,0.666660063333334,-0.134848751666667,-0.785670807808,Down_in_Sepsis,0.138666666666667,8.53324050885315e-10,GSE54514
CD2,GSE57065,25,28,9.3945184,7.3731425,9.43029,7.160235,-2.0213759,Down_in_Sepsis,0.0342857142857143,1.6235659793742e-11,GSE54514
CD2,GSE65682,42,51,6.20772458516667,4.81238850996078,6.070118461,4.667293134,-1.39533607520588,Down_in_Sepsis,0.19140989729225,3.41351490852647e-07,GSE54514
CD2,GSE95233,22,51,8.10285617409091,6.12674059098039,8.079412035,6.09951893,-1.97611558311052,Down_in_Sepsis,0.0035650623885918,2.22762533627504e-11,GSE54514
MERTK,GSE137340,14,43,4.52140659260714,5.19461795568605,4.37054603375,5.0905564935,0.673211363078904,Up_in_Sepsis,0.867109634551495,1.15818527714491e-05,GSE54514
MERTK,GSE236713,30,125,-2.0128165215,0.710855985472,-2.11532115,0.736687302,2.723672506972,Up_in_Sepsis,0.970133333333334,1.43337123119402e-15,GSE54514
MERTK,GSE57065,25,28,3.48729946666667,4.69206702380952,3.49133666666667,4.63908666666667,1.20476755714286,Up_in_Sepsis,0.974285714285714,3.53343536257917e-12,GSE54514
MERTK,GSE65682,42,51,2.64790451404762,3.66078210762745,2.482494099,3.49556805,1.01287759357983,Up_in_Sepsis,0.786647992530346,2.17745168959178e-06,GSE54514
MERTK,GSE95233,22,51,3.83729485939394,5.05348745202614,3.862245875,5.10078372,1.2161925926322,Up_in_Sepsis,0.968805704099821,2.6568328672965e-10,GSE54514
TTC3,GSE137340,14,43,6.18149239071429,6.16350391634884,6.1393921695,6.1686691925,-0.017988474365449,Down_in_Sepsis,0.453488372093023,0.614009054792775,GSE54514
TTC3,GSE236713,30,125,1.1542030185,-0.353639129396,1.194192675,-0.23060298,-1.507842147896,Down_in_Sepsis,0.0114666666666667,1.08528994979761e-16,GSE54514
TTC3,GSE57065,25,28,6.91167445714286,5.53648964285714,6.91953714285714,5.52788,-1.37518481428572,Down_in_Sepsis,0.01,9.95645531096197e-14,GSE54514
TTC3,GSE65682,42,51,4.11215339126191,3.69043854791667,3.99753431025,3.65191710275,-0.421714843345238,Down_in_Sepsis,0.282913165266106,0.000335869767187596,GSE54514
TTC3,GSE95233,22,51,6.83912278103896,5.50424043112045,6.81790380357143,5.47661537428571,-1.33488234991851,Down_in_Sepsis,0,1.60188706567253e-11,GSE54514
HLA-DRA,GSE137340,14,43,11.7956561907143,11.8814242381977,11.672261195,11.890478775,0.0857680474833877,Up_in_Sepsis,0.548172757475083,0.601156915200568,GSE54514
HLA-DRA,GSE236713,30,125,1.50770212866667,-0.63892096888,1.6101177,-0.59573317,-2.14662309754667,Down_in_Sepsis,0.0298666666666666,1.43337123119402e-15,GSE54514
HLA-DRA,GSE57065,25,28,10.9109424,9.55477178571429,11.04445,9.457255,-1.35617061428571,Down_in_Sepsis,0.0785714285714286,6.24469762121784e-09,GSE54514
HLA-DRA,GSE65682,42,51,10.3096743050595,9.14570403047059,10.3818455925,9.036172214,-1.16397027458894,Down_in_Sepsis,0.134920634920635,1.60768834134193e-09,GSE54514
HLA-DRA,GSE95233,22,51,10.4334353061364,8.56736766294118,10.47082615,8.593767615,-1.86606764319519,Down_in_Sepsis,0.0311942959001782,2.6568328672965e-10,GSE54514
SAMD3,GSE137340,14,43,6.330297702875,5.77530154137791,6.238959253375,5.560544291,-0.554996161497093,Down_in_Sepsis,0.275747508305648,0.0114791320682579,GSE54514
SAMD3,GSE236713,30,125,1.55614683733333,-0.429304447852,1.51232905,-0.3463490635,-1.98545128518533,Down_in_Sepsis,0.0293333333333333,1.33186391197432e-15,GSE54514
SAMD3,GSE57065,25,28,5.1742838,4.09672785714286,5.12301,4.11197,-1.07755594285714,Down_in_Sepsis,0.0771428571428572,5.32311262981583e-09,GSE54514
SAMD3,GSE65682,42,51,3.35650238542064,2.73522683843137,3.15999322266666,2.61955043433333,-0.621275546989263,Down_in_Sepsis,0.183473389355742,1.69238897793953e-07,GSE54514
SAMD3,GSE95233,22,51,7.47168535386364,5.16620065078431,7.41691266,5.16571571,-2.30548470307932,Down_in_Sepsis,0,1.60188706567253e-11,GSE54514
CDK5RAP2,GSE137340,14,43,5.60830444940476,7.02519647022481,5.3105203395,6.95299426066667,1.41689202082005,Up_in_Sepsis,0.87375415282392,7.34598051394299e-06,GSE54514
CDK5RAP2,GSE236713,30,125,-0.791296477333333,0.425802082072,-0.7820822,0.3672675,1.21709855940533,Up_in_Sepsis,0.908,4.29036556442579e-12,GSE54514
CDK5RAP2,GSE57065,25,28,5.5069176,6.74047726190476,5.51953,6.78708833333334,1.23355966190476,Up_in_Sepsis,0.995714285714286,1.54878193726075e-14,GSE54514
CDK5RAP2,GSE65682,42,51,5.10440442710952,6.2762897959451,5.0014233092,6.3855947708,1.17188536883557,Up_in_Sepsis,0.767507002801121,9.88395829280705e-06,GSE54514
CDK5RAP2,GSE95233,22,51,6.21705412318182,7.83570588078431,6.22542759333333,7.86152518666667,1.6186517576025,Up_in_Sepsis,0.989304812834224,4.27867888939574e-11,GSE54514
ELL2,GSE137340,14,43,4.74750812492857,5.46895382641861,4.361217991,5.283276694,0.721445701490033,Up_in_Sepsis,0.832225913621263,9.87519484005879e-05,GSE54514
ELL2,GSE236713,30,125,-1.14776451966667,0.11433177912,-1.1742456,0.026556492,1.26209629878667,Up_in_Sepsis,0.9552,1.0846021960622e-14,GSE54514
ELL2,GSE57065,25,28,4.3275304,5.303368125,4.28318,5.33216,0.975837725,Up_in_Sepsis,0.935714285714285,1.17043442289857e-09,GSE54514
ELL2,GSE65682,42,51,2.65065515554762,3.12153890973726,2.5992014937,3.0186471712,0.470883754189636,Up_in_Sepsis,0.869747899159664,9.93971462224936e-10,GSE54514
ELL2,GSE95233,22,51,5.47484565579546,6.6826355754902,5.4977540075,6.6303098,1.20778991969474,Up_in_Sepsis,0.994652406417112,2.62469054871502e-11,GSE54514
FKBP5,GSE137340,14,43,8.98427448996429,10.6316965455233,8.68653668175,10.569545925,1.64742205555897,Up_in_Sepsis,0.870431893687708,9.24335675110831e-06,GSE54514
FKBP5,GSE236713,30,125,-1.57748909416667,0.426975397316,-1.629614575,0.63807976,2.00446449148267,Up_in_Sepsis,0.9152,1.79488537873991e-12,GSE54514
FKBP5,GSE57065,25,28,7.68961813333333,9.52760333333333,7.62078333333333,9.56023333333334,1.8379852,Up_in_Sepsis,0.944285714285714,3.90036392897249e-10,GSE54514
FKBP5,GSE65682,42,51,6.06332153619048,6.48986142538889,6.35335386716667,6.526923938,0.426539889198412,Up_in_Sepsis,0.621848739495798,0.0443192845349304,GSE54514
FKBP5,GSE95233,22,51,8.4358889089394,10.4362166120915,8.53580598,10.52179544,2.00032770315211,Up_in_Sepsis,0.993761140819965,2.84841857067922e-11,GSE54514
KLRG1,GSE137340,14,43,4.26463553657143,4.45042813016279,4.2335670075,4.295713273,0.185792593591362,Up_in_Sepsis,0.762458471760797,0.00277398677921297,GSE54514
KLRG1,GSE236713,30,125,2.2033672975,-0.3638078811,2.27022255,-0.3035959,-2.5671751786,Down_in_Sepsis,0.0218666666666666,4.72267228015068e-16,GSE54514
KLRG1,GSE57065,25,28,7.2647048,6.0016425,7.17239,5.934195,-1.2630623,Down_in_Sepsis,0.111428571428571,1.68336329944811e-07,GSE54514
KLRG1,GSE65682,42,51,3.65390333425,3.00715019243137,3.4510624315,2.794043851,-0.646753141818627,Down_in_Sepsis,0.258169934640523,6.46677990852284e-05,GSE54514
KLRG1,GSE95233,22,51,7.89931823727273,5.53852151568627,7.636022445,5.40478294,-2.36079672158645,Down_in_Sepsis,0,1.60188706567253e-11,GSE54514
SKAP1,GSE137340,14,43,6.75342548582143,6.59792653456977,6.66308332925,6.410583889,-0.155498951251661,Down_in_Sepsis,0.435215946843854,0.479707999120335,GSE54514
SKAP1,GSE236713,30,125,1.14631333166667,-0.470640086344,1.1121488,-0.34739232,-1.61695341801067,Down_in_Sepsis,0.0498666666666667,2.12432482875358e-14,GSE54514
SKAP1,GSE57065,25,28,6.925204,5.476405,6.90893,5.463855,-1.448799,Down_in_Sepsis,0.0428571428571429,6.3278804865225e-11,GSE54514
SKAP1,GSE65682,42,51,4.8155777434881,3.96331850976471,4.62935674475,3.8508469025,-0.85225923372339,Down_in_Sepsis,0.196545284780579,5.32722689167168e-07,GSE54514
SKAP1,GSE95233,22,51,7.65342184909091,5.95558554921569,7.643077125,5.87812378,-1.69783629987522,Down_in_Sepsis,0,1.60188706567253e-11,GSE54514
ZDHHC3,GSE137340,14,43,5.34467040828571,6.13299005906977,5.1801497425,6.163031381,0.788319650784053,Up_in_Sepsis,0.803986710963455,0.000434777002978728,GSE54514
ZDHHC3,GSE236713,30,125,-0.6022909975,0.11556518736,-0.615189315,0.159786225,0.71785618486,Up_in_Sepsis,0.922399999999999,7.39949169071023e-13,GSE54514
ZDHHC3,GSE57065,25,28,5.4064839,6.24556366071429,5.400405,6.32849125,0.839079760714286,Up_in_Sepsis,0.997142857142857,8.85018249863286e-15,GSE54514
ZDHHC3,GSE65682,42,51,5.70252456302381,6.13801785792647,5.7555070775,6.161720429,0.435493294902662,Up_in_Sepsis,0.80765639589169,3.70316141537795e-07,GSE54514
ZDHHC3,GSE95233,22,51,6.10024053465909,7.18533389387255,6.12567473375,7.1734460875,1.08509335921346,Up_in_Sepsis,1,1.60188706567253e-11,GSE54514
SMPDL3A,GSE137340,14,43,5.29939157914286,6.6831912217907,4.747642469,6.715797357,1.38379964264784,Up_in_Sepsis,0.805647840531562,0.000400631980255359,GSE54514
SMPDL3A,GSE236713,30,125,-1.20063452233333,0.311127671024,-1.1526017,0.24967122,1.51176219335733,Up_in_Sepsis,0.845333333333334,4.54768652152315e-09,GSE54514
SMPDL3A,GSE57065,25,28,3.6330384,5.28516160714286,3.65656,5.6871975,1.65212320714286,Up_in_Sepsis,0.937142857142857,9.7986344315551e-10,GSE54514
SMPDL3A,GSE65682,42,51,5.57082502838095,7.5624378732549,5.6595786905,7.80132781,1.99161284487395,Up_in_Sepsis,0.8874883286648,1.51621161941954e-10,GSE54514
SMPDL3A,GSE95233,22,51,3.86107923909091,6.20458559343137,3.7048692175,6.18548596,2.34350635434046,Up_in_Sepsis,0.987522281639929,5.0299256890297e-11,GSE54514
HLA-DRB1,GSE137340,14,43,8.14223886030952,7.43658830400775,8.491853129,7.42264241033333,-0.705650556301771,Down_in_Sepsis,0.290697674418605,0.0187588436756909,GSE54514
HLA-DRB1,GSE236713,30,125,0.7768310798,-0.461721187136,0.9588511,-0.3633566,-1.238552266936,Down_in_Sepsis,0.114666666666667,6.05811589133145e-11,GSE54514
HLA-DRB1,GSE57065,25,28,8.39361106666667,6.85011928571429,8.27477,6.797975,-1.54349178095238,Down_in_Sepsis,0.01,9.95645531096197e-14,GSE54514
HLA-DRB1,GSE65682,42,51,8.70409771288095,7.31744396111765,8.7031124085,7.310401546,-1.3866537517633,Down_in_Sepsis,0.139122315592904,2.46596291598238e-09,GSE54514
HLA-DRB1,GSE95233,22,51,7.73874228454546,6.15605486993464,7.747733325,6.11209931333333,-1.58268741461082,Down_in_Sepsis,0.0133689839572193,5.45249501386452e-11,GSE54514
FLT3LG,GSE137340,14,43,7.07478383064286,6.49588967281395,7.0485604375,6.374846729,-0.578894157828904,Down_in_Sepsis,0.29734219269103,0.0230841553432246,GSE54514
FLT3LG,GSE236713,30,125,2.27837494666667,-0.439255397392,2.27617785,-0.4355023,-2.71763034405867,Down_in_Sepsis,0.00986666666666667,8.63190787799774e-17,GSE54514
FLT3LG,GSE57065,25,28,6.2827562,4.61189607142857,6.334485,4.567735,-1.67086012857143,Down_in_Sepsis,0.00857142857142857,6.63763687397464e-14,GSE54514
FLT3LG,GSE65682,42,51,3.22423766236508,2.72883120655556,3.03803668,2.73531118366667,-0.495406455809524,Down_in_Sepsis,0.239028944911298,1.62065236077654e-05,GSE54514
FLT3LG,GSE95233,22,51,6.15748357159091,5.11342464441177,6.12097883,5.08953355,-1.04405892717914,Down_in_Sepsis,0.0106951871657754,4.27867888939574e-11,GSE54514
CEACAM1,GSE137340,14,43,6.29628782309524,8.10092838565892,5.98170451766667,7.780456437,1.80464056256368,Up_in_Sepsis,0.865448504983389,1.29444347247364e-05,GSE54514
CEACAM1,GSE236713,30,125,-2.2297633795,0.75392329112,-2.24272845,0.64667261,2.98368667062,Up_in_Sepsis,0.931733333333333,2.29532700678025e-13,GSE54514
CEACAM1,GSE57065,25,28,5.76820184,8.52635057142857,5.674526,8.945779,2.75814873142857,Up_in_Sepsis,0.99,9.95645531096197e-14,GSE54514
CEACAM1,GSE65682,42,51,6.17503790852116,6.89064320154248,6.409779824,7.01586341133333,0.715605293021319,Up_in_Sepsis,0.649859943977591,0.013351321075262,GSE54514
CEACAM1,GSE95233,22,51,6.20708566854546,8.81420881686275,6.248672308,9.037525914,2.60712314831729,Up_in_Sepsis,0.994652406417112,2.62469054871502e-11,GSE54514
FLOT1,GSE137340,14,43,9.24425606878571,10.1690713976977,8.939208067,10.23693209,0.92481532891196,Up_in_Sepsis,0.792358803986711,0.000757448462939206,GSE54514
FLOT1,GSE236713,30,125,-1.165068242,0.223471958176,-1.1975839,0.32332516,1.388540200176,Up_in_Sepsis,0.939733333333333,8.25220638541581e-14,GSE54514
FLOT1,GSE57065,25,28,7.1668851,8.46203419642857,7.1148075,8.527155,1.29514909642857,Up_in_Sepsis,1,2.21254562465821e-15,GSE54514
FLOT1,GSE65682,42,51,8.68636359471429,9.08375224970588,8.83385315383334,9.1793227455,0.397388654991596,Up_in_Sepsis,0.722689075630252,0.000234538753894669,GSE54514
FLOT1,GSE95233,22,51,7.74679310647727,9.09481459642157,7.77259990875,9.14834847,1.3480214899443,Up_in_Sepsis,0.997326203208556,2.05178515500888e-11,GSE54514
TP53,GSE137340,14,43,5.16969410078572,5.00969971925581,5.2459890345,5.018548144,-0.159994381529901,Down_in_Sepsis,0.362126245847176,0.127169822973794,GSE54514
TP53,GSE236713,30,125,1.01808966133333,-0.32744601876,1.0070018625,-0.367823955,-1.34553568009333,Down_in_Sepsis,0.0176,2.59297050143436e-16,GSE54514
TP53,GSE57065,25,28,5.2080878,4.20476821428571,5.235205,4.24871,-1.00331958571429,Down_in_Sepsis,0.0371428571428571,2.59553727228655e-11,GSE54514
TP53,GSE65682,42,51,2.47697870042857,2.33623595177451,2.495268214,2.311044089,-0.140742748654062,Down_in_Sepsis,0.291316526610644,0.000566896165186858,GSE54514
TP53,GSE95233,22,51,7.31862288545455,6.09248923813726,7.3450128875,6.04792243,-1.22613364731729,Down_in_Sepsis,0.00802139037433155,3.35328660937072e-11,GSE54514
RCAN3,GSE137340,14,43,4.42932593971429,4.66435588518605,4.364500706,4.535849962,0.235029945471761,Up_in_Sepsis,0.719269102990033,0.0135726503386928,GSE54514
RCAN3,GSE236713,30,125,1.58249357666667,-0.322811407856,1.579923375,-0.33525325,-1.90530498452267,Down_in_Sepsis,0.0104,9.31726147513612e-17,GSE54514
RCAN3,GSE57065,25,28,5.98347133333333,4.41583083333333,5.94485333333333,4.34362833333334,-1.5676405,Down_in_Sepsis,0,2.21254562465821e-15,GSE54514
RCAN3,GSE65682,42,51,2.69091071388095,2.62882946119608,2.6158717795,2.58265251,-0.062081252684874,Down_in_Sepsis,0.458450046685341,0.494468171923456,GSE54514
RCAN3,GSE95233,22,51,7.68422956015152,5.90345120346405,7.61621696666667,5.93703009,-1.78077835668746,Down_in_Sepsis,0,1.60188706567253e-11,GSE54514
MS4A3,GSE137340,14,43,4.80305512453572,6.35994706127907,4.63958050975,6.3151337955,1.55689193674336,Up_in_Sepsis,0.872093023255814,8.24463721259666e-06,GSE54514
MS4A3,GSE236713,30,125,-2.19028454666667,0.35532680432,-2.1594298,0.40859675,2.54561135098667,Up_in_Sepsis,0.9632,3.6969859547151e-15,GSE54514
MS4A3,GSE57065,25,28,4.9791602,6.79209285714286,4.888895,6.705775,1.81293265714286,Up_in_Sepsis,0.807142857142857,7.0605878007226e-05,GSE54514
MS4A3,GSE65682,42,51,3.5804328037619,5.96367369545098,3.2493348135,5.926548245,2.38324089168908,Up_in_Sepsis,0.879084967320262,3.73363792428656e-10,GSE54514
MS4A3,GSE95233,22,51,4.33030699409091,6.13158384323529,4.375361915,5.64381715,1.80127684914438,Up_in_Sepsis,0.855614973262032,1.66130255517787e-06,GSE54514
SIL1,GSE137340,14,43,5.05816054411905,6.16901492409302,4.8279720745,6.19413987866667,1.11085437997397,Up_in_Sepsis,0.878737541528239,5.16186693059591e-06,GSE54514
SIL1,GSE236713,30,125,-0.980736208333333,0.111873885272,-0.959227565,0.14208245,1.09261009360533,Up_in_Sepsis,0.943733333333333,4.91445456572024e-14,GSE54514
SIL1,GSE57065,25,28,5.582404,6.13154928571429,5.55071,6.089265,0.549145285714285,Up_in_Sepsis,0.918571428571429,8.55398016567736e-09,GSE54514
SIL1,GSE65682,42,51,3.01941567911905,3.77848905092157,3.014714552,3.522290904,0.759073371802521,Up_in_Sepsis,0.820261437908497,1.20948914956201e-07,GSE54514
SIL1,GSE95233,22,51,5.66227941272727,6.28666251058824,5.695021515,6.2863817,0.624383097860963,Up_in_Sepsis,0.938502673796791,3.44535746390565e-09,GSE54514
MCTP1,GSE137340,14,43,4.58472268861905,5.14239252375194,4.493196245,5.119668143,0.557669835132892,Up_in_Sepsis,0.863787375415283,1.44528445939708e-05,GSE54514
MCTP1,GSE236713,30,125,-1.16406979591667,0.10902400144,-1.14267647,0.21543135,1.27309379735667,Up_in_Sepsis,0.9224,7.39949169071023e-13,GSE54514
MCTP1,GSE57065,25,28,5.85247213333333,7.03977011904762,5.94491,7.022915,1.18729798571429,Up_in_Sepsis,0.987142857142857,2.14616925591847e-13,GSE54514
MCTP1,GSE65682,42,51,5.19963975995238,5.60998496197059,5.255462713125,5.622212291,0.410345202018207,Up_in_Sepsis,0.69421101774043,0.00133820759393894,GSE54514
MCTP1,GSE95233,22,51,5.80417616909091,7.11363349686275,5.81084347666667,7.13389901666667,1.30945732777183,Up_in_Sepsis,0.977718360071301,1.21213677994709e-10,GSE54514
TXN,GSE137340,14,43,8.13428933607143,10.2880648087326,7.65869311175,10.471594859,2.15377547266113,Up_in_Sepsis,0.837209302325581,7.43901516703796e-05,GSE54514
TXN,GSE236713,30,125,-0.641166592666667,0.014942721952,-0.58091927,-0.006082535,0.656109314618667,Up_in_Sepsis,0.8576,1.26903046086918e-09,GSE54514
TXN,GSE57065,25,28,5.3937202,7.42291803571429,5.355485,7.3891625,2.02919783571429,Up_in_Sepsis,0.992857142857143,4.20383668685061e-14,GSE54514
TXN,GSE65682,42,51,8.90532543734762,9.2121498301451,8.9412964769,9.2912498224,0.306824392797479,Up_in_Sepsis,0.719887955182073,0.000280952907388795,GSE54514
TXN,GSE95233,22,51,8.22983775295455,10.5622608663725,8.2751700825,10.617944475,2.332423113418,Up_in_Sepsis,1,1.60188706567253e-11,GSE54514
GALNT14,GSE137340,14,43,4.49403214107143,5.20731724539535,4.235813754,5.016652897,0.713285104323921,Up_in_Sepsis,0.870431893687708,9.24335675110831e-06,GSE54514
GALNT14,GSE236713,30,125,-4.18687559,0.424362516424,-4.33513645,0.5639994,4.611238106424,Up_in_Sepsis,0.9768,5.68982032753381e-16,GSE54514
GALNT14,GSE57065,25,28,5.0287766,5.91161678571429,5.04085,5.94476,0.882840185714286,Up_in_Sepsis,0.944285714285714,3.90036392897249e-10,GSE54514
GALNT14,GSE65682,42,51,3.64710281445238,4.85804955644118,3.64599905575,5.130848065,1.2109467419888,Up_in_Sepsis,0.791316526610645,1.48371788589805e-06,GSE54514
GALNT14,GSE95233,22,51,4.35107237272727,5.52201445509804,4.33344454,5.663050895,1.17094208237077,Up_in_Sepsis,0.979500891265597,1.03431303688478e-10,GSE54514
NMT2,GSE137340,14,43,6.39162576819048,6.78077687793798,6.41136928233334,6.77233469466667,0.389151109747508,Up_in_Sepsis,0.722591362126246,0.0121436159405964,GSE54514
NMT2,GSE236713,30,125,1.89452943,-0.336287058776,1.927006825,-0.33382845,-2.230816488776,Down_in_Sepsis,0.00373333333333333,3.56444855003682e-17,GSE54514
NMT2,GSE57065,25,28,4.9547078,3.19415982142857,4.9397825,3.15989,-1.76054797857143,Down_in_Sepsis,0.00714285714285714,4.20383668685061e-14,GSE54514
NMT2,GSE65682,42,51,2.67730049928571,2.36512180907843,2.52563570825,2.37330062,-0.312178690207283,Down_in_Sepsis,0.293183940242764,0.000635255334763871,GSE54514
NMT2,GSE95233,22,51,4.56380403113636,3.74823347578431,4.54752649375,3.7685915175,-0.81557055535205,Down_in_Sepsis,0.0053475935828877,2.62469054871502e-11,GSE54514
PRKCH,GSE137340,14,43,8.90525688528572,8.28652624374419,8.730410681,8.246701809,-0.618730641541529,Down_in_Sepsis,0.327242524916944,0.054341758859444,GSE54514
PRKCH,GSE236713,30,125,1.46145316146667,-0.430698047768,1.45801975,-0.34157968,-1.89215120923467,Down_in_Sepsis,0.0202666666666667,3.77402725193607e-16,GSE54514
PRKCH,GSE57065,25,28,6.57589333333333,5.61210880952381,6.52890666666667,5.60573,-0.963784523809524,Down_in_Sepsis,0.00285714285714286,8.85018249863286e-15,GSE54514
PRKCH,GSE65682,42,51,4.98949451569048,3.90648814362092,4.99943868266667,3.91666646166667,-1.08300637206956,Down_in_Sepsis,0.140522875816993,2.84092725693963e-09,GSE54514
PRKCH,GSE95233,22,51,7.17771039666667,5.98511199986928,7.20247338666667,5.93408341666667,-1.19259839679739,Down_in_Sepsis,0,1.60188706567253e-11,GSE54514
PLAC8,GSE137340,14,43,9.50413236196429,10.8667205607442,9.12706716375,11.102440615,1.3625881987799,Up_in_Sepsis,0.808970099667774,0.000339521427323367,GSE54514
PLAC8,GSE236713,30,125,-0.435150614716667,0.25062999542,-0.416877745,0.330281985,0.685780610136667,Up_in_Sepsis,0.738933333333334,4.99595061790897e-05,GSE54514
PLAC8,GSE57065,25,28,10.4193888,12.2227357142857,10.5448,12.44635,1.80334691428572,Up_in_Sepsis,0.947142857142857,2.65428035862123e-10,GSE54514
PLAC8,GSE65682,42,51,8.83717390174405,10.2396289822647,8.814006447125,10.3994887915,1.40245508052066,Up_in_Sepsis,0.903361344537815,2.62484976872325e-11,GSE54514
PLAC8,GSE95233,22,51,9.41185960409091,11.5791830217647,9.443754865,11.63772197,2.1673234176738,Up_in_Sepsis,0.99554367201426,2.41819260539641e-11,GSE54514
FGD4,GSE137340,14,43,4.37305626192857,4.97252042539535,4.271322009,4.688483829,0.599464163466777,Up_in_Sepsis,0.847176079734219,4.13098133247111e-05,GSE54514
FGD4,GSE236713,30,125,-1.48731373511111,0.265071638282667,-1.459107625,0.44960681,1.75238537339378,Up_in_Sepsis,0.9536,1.34216974006198e-14,GSE54514
FGD4,GSE57065,25,28,5.12866506666667,6.80232880952381,5.18355333333333,6.82797,1.67366374285714,Up_in_Sepsis,1,2.21254562465821e-15,GSE54514
FGD4,GSE65682,42,51,4.98027886968571,5.02361538538039,5.0128656349,5.0915596574,0.0433365156946781,Up_in_Sepsis,0.507002801120448,0.910871049431307,GSE54514
FGD4,GSE95233,22,51,5.49461728651515,7.06965304784314,5.56427415166667,7.17676399,1.57503576132799,Up_in_Sepsis,0.978609625668449,1.11977955795568e-10,GSE54514
KLRB1,GSE137340,14,43,8.25073499914286,8.14459388127907,8.021210383,8.243464032,-0.106141117863787,Down_in_Sepsis,0.504983388704319,0.963464689999678,GSE54514
KLRB1,GSE236713,30,125,1.985355415,-0.451247087696,2.0609729,-0.38002348,-2.436602502696,Down_in_Sepsis,0.0250666666666667,7.3791217923107e-16,GSE54514
KLRB1,GSE57065,25,28,8.4045496,6.42768142857143,8.35125,6.343745,-1.97686817142857,Down_in_Sepsis,0.0457142857142857,9.67568327119284e-11,GSE54514
KLRB1,GSE65682,42,51,4.77806926721429,3.48218287278431,4.501435413,3.294786803,-1.29588639442997,Down_in_Sepsis,0.178804855275444,1.11141518784715e-07,GSE54514
KLRB1,GSE95233,22,51,8.34931134909091,6.8756715654902,8.32232901,6.82042037,-1.47363978360071,Down_in_Sepsis,0.0409982174688057,6.19679960010317e-10,GSE54514
HGF,GSE137340,14,43,4.2601195235,4.58234537560465,4.23308502416667,4.38070884,0.322225852104651,Up_in_Sepsis,0.926910299003322,8.95420161947516e-08,GSE54514
HGF,GSE236713,30,125,-1.31327028293333,0.462119447124,-1.1955155,0.39933395,1.77538973005733,Up_in_Sepsis,0.917866666666666,1.29493828107797e-12,GSE54514
HGF,GSE57065,25,28,3.54136744,5.47937307142857,3.51847,5.711298,1.93800563142857,Up_in_Sepsis,0.997142857142857,8.85018249863286e-15,GSE54514
HGF,GSE65682,42,51,3.05749881820833,3.76559557133824,2.837288876875,3.721770785,0.708096753129902,Up_in_Sepsis,0.749299719887955,3.81153364064026e-05,GSE54514
HGF,GSE95233,22,51,3.73173866318182,5.67914667031373,3.677977873,5.628819858,1.94740800713191,Up_in_Sepsis,0.99554367201426,2.41819260539641e-11,GSE54514
CORO2A,GSE137340,14,43,5.28316005760714,6.00858634530233,5.11605098575,6.025425844,0.725426287695183,Up_in_Sepsis,0.782392026578073,0.0011910207519427,GSE54514
CORO2A,GSE236713,30,125,-0.5199214198,0.213472372536,-0.46149505425,0.24115312,0.733393792336,Up_in_Sepsis,0.8448,4.80257529988398e-09,GSE54514
CORO2A,GSE57065,25,28,4.6884328,5.78904857142857,4.67395,5.9757475,1.10061577142857,Up_in_Sepsis,0.955714285714286,7.83661534797693e-11,GSE54514
CORO2A,GSE65682,42,51,3.70629702822619,4.65990027285784,3.677145447625,4.6758834205,0.953603244631653,Up_in_Sepsis,0.876750700280112,4.77959681350515e-10,GSE54514
CORO2A,GSE95233,22,51,4.62865646886364,5.59748904029412,4.6219504925,5.610873555,0.968832571430482,Up_in_Sepsis,0.973262032085562,1.79773479549631e-10,GSE54514
STOM,GSE137340,14,43,8.23320589035714,9.38235874089535,7.85615944175,9.3587265825,1.14915285053821,Up_in_Sepsis,0.823920265780731,0.000155963210178198,GSE54514
STOM,GSE236713,30,125,-0.536013684233333,0.383011969864,-0.51854515,0.32296205,0.919025654097333,Up_in_Sepsis,0.8112,1.26943453077288e-07,GSE54514
STOM,GSE57065,25,28,6.282628,8.006145,6.28381333333333,8.06557833333334,1.723517,Up_in_Sepsis,0.998571428571429,4.42509124931643e-15,GSE54514
STOM,GSE65682,42,51,7.13952911081429,8.53513391934118,7.084577163,8.744077645,1.39560480852689,Up_in_Sepsis,0.874883286647993,5.81758965299673e-10,GSE54514
STOM,GSE95233,22,51,6.85191532393939,8.50666960287582,6.85278244833333,8.49452273,1.65475427893642,Up_in_Sepsis,1,1.60188706567253e-11,GSE54514
NDUFAF1,GSE137340,14,43,5.392302765,6.79047954474419,5.091140203,6.971118247,1.39817677974419,Up_in_Sepsis,0.812292358803987,0.0002869816641554,GSE54514
NDUFAF1,GSE236713,30,125,-0.445369071133333,-0.00185189846400002,-0.46258211,-0.007460356,0.443517172669333,Up_in_Sepsis,0.738666666666667,5.09366329603788e-05,GSE54514
NDUFAF1,GSE57065,25,28,5.4185392,6.67227071428571,5.43146,6.788555,1.25373151428571,Up_in_Sepsis,0.985714285714286,3.07543841827492e-13,GSE54514
NDUFAF1,GSE65682,42,51,5.82976296954762,6.43335832106863,5.821339374,6.5530313075,0.603595351521009,Up_in_Sepsis,0.814659197012139,1.99915688810139e-07,GSE54514
NDUFAF1,GSE95233,22,51,5.26522573590909,6.98095489921569,5.323704455,6.93288925,1.7157291633066,Up_in_Sepsis,0.999108734402852,1.73990990394731e-11,GSE54514
FOLR3,GSE137340,14,43,7.78031582228571,10.7634321393256,7.3107785305,10.78795637,2.98311631703987,Up_in_Sepsis,0.878737541528239,5.16186693059591e-06,GSE54514
FOLR3,GSE236713,30,125,-2.26840002066667,0.044576648888,-2.07689285,0.041836023,2.31297666955467,Up_in_Sepsis,0.925066666666667,5.30947248900134e-13,GSE54514
FOLR3,GSE57065,25,28,6.9460684,8.61963642857143,6.53303,8.35897,1.67356802857143,Up_in_Sepsis,0.812857142857143,4.97002976572696e-05,GSE54514
FOLR3,GSE65682,42,51,6.71477786129762,7.82762550630392,6.4158650115,7.5001161015,1.1128476450063,Up_in_Sepsis,0.765172735760971,1.18083502950546e-05,GSE54514
FOLR3,GSE95233,22,51,7.22728167590909,9.60562909254902,7.22589388,9.41200952,2.37834741663993,Up_in_Sepsis,0.92602495543672,9.43827637107183e-09,GSE54514
PDGFC,GSE137340,14,43,4.55291631171429,5.11840138551163,4.313469426,4.877442192,0.565485073797341,Up_in_Sepsis,0.830564784053156,0.00010836477926158,GSE54514
PDGFC,GSE236713,30,125,-0.658623697933333,0.298032218976,-0.63494515,0.37303758,0.956655916909333,Up_in_Sepsis,0.799733333333333,3.60996238332741e-07,GSE54514
PDGFC,GSE57065,25,28,3.9940232,5.70568928571429,3.92067,5.8773525,1.71166608571429,Up_in_Sepsis,0.93,2.33646588000407e-09,GSE54514
PDGFC,GSE65682,42,51,2.92138781271429,4.15396739868628,2.7791706445,4.2395434385,1.23257958597199,Up_in_Sepsis,0.920634920634921,3.60514881788073e-12,GSE54514
PDGFC,GSE95233,22,51,3.94279649568182,5.6417746477451,3.849903155,5.67325891,1.69897815206328,Up_in_Sepsis,0.975044563279858,1.53617362330698e-10,GSE54514
DYRK2,GSE137340,14,43,6.85232160559524,7.01527731642636,6.73589147816667,6.91390101966667,0.162955710831119,Up_in_Sepsis,0.573089700996678,0.424295910299058,GSE54514
DYRK2,GSE236713,30,125,1.35593036266667,-0.430184983368,1.3771887,-0.3400731,-1.78611534603467,Down_in_Sepsis,0.00986666666666667,8.63190787799774e-17,GSE54514
DYRK2,GSE57065,25,28,7.0158203,5.34956892857143,7.063395,5.34507625,-1.66625137142857,Down_in_Sepsis,0.01,9.95645531096197e-14,GSE54514
DYRK2,GSE65682,42,51,3.3386985775,2.84668979696569,3.048677431125,2.7980315135,-0.492008780534314,Down_in_Sepsis,0.295051353874883,0.000711219090907829,GSE54514
DYRK2,GSE95233,22,51,6.55505491477273,4.98056270980392,6.47301483,4.9024808275,-1.57449220496881,Down_in_Sepsis,0,1.60188706567253e-11,GSE54514
OLAH,GSE137340,14,43,4.69426092571429,5.85085577318605,4.3346094625,4.996071678,1.15659484747176,Up_in_Sepsis,0.782392026578073,0.0011910207519427,GSE54514
OLAH,GSE236713,30,125,-3.06712965166667,1.43117601538,-3.100506725,1.32750345,4.49830566704667,Up_in_Sepsis,0.9728,9.92003678560482e-16,GSE54514
OLAH,GSE57065,25,28,3.17378386666667,6.39807595238095,3.18472,6.61012833333333,3.22429208571429,Up_in_Sepsis,0.961428571428571,3.26107099618374e-11,GSE54514
OLAH,GSE65682,42,51,3.97283181542857,5.692985117,3.6834860235,5.98110319,1.72015330157143,Up_in_Sepsis,0.776844070961719,4.78279497877484e-06,GSE54514
OLAH,GSE95233,22,51,3.96071946833333,6.49699370058824,3.90941330833334,6.53217998666667,2.5362742322549,Up_in_Sepsis,0.967023172905526,3.10305804161485e-10,GSE54514
CD27,GSE137340,14,43,7.84403436214286,7.37142041341861,7.8740610205,7.235576987,-0.472613948724252,Down_in_Sepsis,0.348837209302326,0.0936456948900907,GSE54514
CD27,GSE236713,30,125,1.60952607,-0.448547118312,1.60144545,-0.43886185,-2.058073188312,Down_in_Sepsis,0.0162666666666667,2.14765424902856e-16,GSE54514
CD27,GSE57065,25,28,9.0522132,7.25395678571429,8.96291,7.32635,-1.79825641428572,Down_in_Sepsis,0.00285714285714286,8.85018249863286e-15,GSE54514
CD27,GSE65682,42,51,5.837026783,5.19841813684314,5.746443044,5.111161601,-0.638608646156863,Down_in_Sepsis,0.320261437908497,0.00299415182946891,GSE54514
CD27,GSE95233,22,51,7.60511039136364,6.09770327470588,7.64433871,5.98499079,-1.50740711665775,Down_in_Sepsis,0.0374331550802139,4.56190854345469e-10,GSE54514
ARHGEF9,GSE137340,14,43,4.48642430721429,4.72865547913954,4.4300563135,4.616161585,0.242231171925249,Up_in_Sepsis,0.732558139534884,0.00860715367594649,GSE54514
ARHGEF9,GSE236713,30,125,0.932643189616667,-0.164976697296,0.976572265,-0.101801752,-1.09761988691267,Down_in_Sepsis,0.0290666666666667,1.28379968378171e-15,GSE54514
ARHGEF9,GSE57065,25,28,4.170995,3.40330339285714,4.184425,3.4319725,-0.767691607142857,Down_in_Sepsis,0.0114285714285714,1.482405568521e-13,GSE54514
ARHGEF9,GSE65682,42,51,3.13619706992857,2.73069413031373,3.0840761835,2.702918147,-0.405502939614846,Down_in_Sepsis,0.234360410830999,1.13969133024811e-05,GSE54514
ARHGEF9,GSE95233,22,51,5.66064651681818,4.56655629029412,5.6764301125,4.62431338,-1.09409022652406,Down_in_Sepsis,0.0035650623885918,2.22762533627504e-11,GSE54514
ZDHHC20,GSE137340,14,43,4.48646148357143,4.78128549688372,4.3296851225,4.651275156,0.294824013312293,Up_in_Sepsis,0.79734219269103,0.000599272533308424,GSE54514
ZDHHC20,GSE236713,30,125,-1.11654541284445,0.367440331629334,-1.16088580166667,0.421545366666667,1.48398574447378,Up_in_Sepsis,0.922933333333333,6.92535137086423e-13,GSE54514
ZDHHC20,GSE57065,25,28,5.839208,7.49510875,5.82111,7.482605,1.65590075,Up_in_Sepsis,0.968571428571429,9.97415567595923e-12,GSE54514
ZDHHC20,GSE65682,42,51,2.29026644545238,2.56450359323529,2.2490377625,2.585127424,0.274237147782913,Up_in_Sepsis,0.708683473389356,0.000566896165186858,GSE54514
ZDHHC20,GSE95233,22,51,7.02591832909091,8.90033525137255,7.07179978,9.08506975,1.87441692228164,Up_in_Sepsis,0.974153297682709,1.66193362226705e-10,GSE54514
IL10RA,GSE137340,14,43,8.78619870478572,8.47306020704651,8.813101141,8.59339905,-0.313138497739203,Down_in_Sepsis,0.397009966777409,0.254225408141612,GSE54514
IL10RA,GSE236713,30,125,0.3507747326,-0.345637790848,0.37360502,-0.29613256,-0.696412523448,Down_in_Sepsis,0.0981333333333334,8.90957148892352e-12,GSE54514
IL10RA,GSE57065,25,28,9.5633076,8.15643571428571,9.50184,8.03177,-1.40687188571429,Down_in_Sepsis,0.0157142857142857,4.31446396808352e-13,GSE54514
IL10RA,GSE65682,42,51,6.5694488607381,5.79053137105882,6.612341386,5.801123444,-0.778917489679272,Down_in_Sepsis,0.11577964519141,2.15742140837208e-10,GSE54514
IL10RA,GSE95233,22,51,9.59007869954545,8.36561066941177,9.54617618,8.31358094,-1.22446803013369,Down_in_Sepsis,0,1.60188706567253e-11,GSE54514
TBC1D4,GSE137340,14,43,5.43786769642857,5.46914916665116,5.3740103205,5.546613936,0.0312814702225914,Up_in_Sepsis,0.504983388704319,0.963464689999678,GSE54514
TBC1D4,GSE236713,30,125,1.79231042666667,-0.538257457464,1.70606735,-0.3567071,-2.33056788413067,Down_in_Sepsis,0.00746666666666667,6.11441610250757e-17,GSE54514
TBC1D4,GSE57065,25,28,6.7830892,4.71320446428571,6.674195,4.62975,-2.06988473571429,Down_in_Sepsis,0.0128571428571429,2.14616925591847e-13,GSE54514
TBC1D4,GSE65682,42,51,2.83027375319048,2.45488948801961,2.624195817,2.383416346,-0.375384265170868,Down_in_Sepsis,0.273109243697479,0.000178209697391078,GSE54514
TBC1D4,GSE95233,22,51,6.81278753181818,5.41639427460784,6.77776977,5.444948725,-1.39639325721034,Down_in_Sepsis,0.0320855614973262,2.87149299473703e-10,GSE54514
USP11,GSE137340,14,43,5.49829490878572,5.63761052409302,5.420901539,5.602518765,0.139315615307309,Up_in_Sepsis,0.556478405315615,0.538756643962947,GSE54514
USP11,GSE236713,30,125,1.22974691616667,-0.065262743532,1.26205195,-0.06613338,-1.29500965969867,Down_in_Sepsis,0.0336,2.39148221399339e-15,GSE54514
USP11,GSE57065,25,28,7.5039568,6.1083,7.46289,5.999585,-1.3956568,Down_in_Sepsis,0.00285714285714286,8.85018249863286e-15,GSE54514
USP11,GSE65682,42,51,4.47281165547619,3.88011481696078,4.4219169945,3.874351241,-0.592696838515407,Down_in_Sepsis,0.256769374416433,5.86302607729117e-05,GSE54514
USP11,GSE95233,22,51,6.31754345272727,5.31865872176471,6.28241341,5.25437632,-0.998884730962567,Down_in_Sepsis,0.0454545454545455,9.05517246612493e-10,GSE54514
PLIN3,GSE137340,14,43,9.5015074145,10.6072270084419,9.37979679,10.58601805,1.10571959394186,Up_in_Sepsis,0.805647840531561,0.000400631980255359,GSE54514
PLIN3,GSE236713,30,125,-1.44321500933333,0.133289852072,-1.42219495,0.044245243,1.57650486140533,Up_in_Sepsis,0.977066666666666,5.48193613878975e-16,GSE54514
PLIN3,GSE57065,25,28,7.884666,8.68406357142857,7.86439,8.69717,0.799397571428572,Up_in_Sepsis,0.922857142857143,5.32311262981583e-09,GSE54514
PLIN3,GSE65682,42,51,7.81331341402381,8.10717024798039,7.882359329,8.177461566,0.293856833956582,Up_in_Sepsis,0.661531279178338,0.00764729574068998,GSE54514
PLIN3,GSE95233,22,51,7.35776063590909,8.54454621921569,7.34741437,8.55239122,1.1867855833066,Up_in_Sepsis,0.983065953654189,7.51822548100406e-11,GSE54514
EXOC6,GSE137340,14,43,4.88543899878571,5.63656971111628,4.7585954085,5.61375517666667,0.751130712330565,Up_in_Sepsis,0.830564784053156,0.00010836477926158,GSE54514
EXOC6,GSE236713,30,125,-0.931458507833333,0.184415845396,-0.99509085,0.1650509,1.11587435322933,Up_in_Sepsis,0.8672,4.53752399627033e-10,GSE54514
EXOC6,GSE57065,25,28,5.1117156,6.48529416666667,5.09888,6.53959166666667,1.37357856666667,Up_in_Sepsis,0.987142857142857,2.14616925591847e-13,GSE54514
EXOC6,GSE65682,42,51,5.36268628829762,6.01722990917647,5.42427552425,5.956479046,0.654543620878852,Up_in_Sepsis,0.754435107376284,2.62776482435079e-05,GSE54514
EXOC6,GSE95233,22,51,5.41806518515152,6.57804132339869,5.37086918,6.66889392333333,1.15997613824718,Up_in_Sepsis,0.966131907308378,3.35282320392347e-10,GSE54514
ZBTB4,GSE137340,14,43,6.52450132060714,6.45946898355814,6.501577827,6.538945105,-0.0650323370490042,Down_in_Sepsis,0.51328903654485,0.890692821059384,GSE54514
ZBTB4,GSE236713,30,125,0.937390389333333,-0.272839610176,0.9208231,-0.21354294,-1.21022999950933,Down_in_Sepsis,0.0546666666666667,3.98919422636361e-14,GSE54514
ZBTB4,GSE57065,25,28,7.6965768,6.55985446428571,7.70421,6.5192575,-1.13672233571429,Down_in_Sepsis,0.00857142857142857,6.63763687397464e-14,GSE54514
ZBTB4,GSE65682,42,51,4.68232307653571,4.32625691963726,4.633139319625,4.30365187675,-0.356066156898459,Down_in_Sepsis,0.162931839402428,2.54774905292748e-08,GSE54514
ZBTB4,GSE95233,22,51,8.62887460340909,7.40794592686275,8.56976789,7.370551125,-1.22092867654635,Down_in_Sepsis,0.0017825311942959,1.88955739655682e-11,GSE54514
NDST2,GSE137340,14,43,5.20678947217857,5.99129690981395,5.106917747,6.02337956,0.784507437635382,Up_in_Sepsis,0.868770764119601,1.0352095404657e-05,GSE54514
NDST2,GSE236713,30,125,-0.844546086166667,0.153230272956,-0.848564375,0.10800743,0.997776359122667,Up_in_Sepsis,0.927733333333333,3.80211632577724e-13,GSE54514
NDST2,GSE57065,25,28,5.291112,6.29394214285714,5.271295,6.398975,1.00283014285714,Up_in_Sepsis,0.981428571428571,8.25279517997514e-13,GSE54514
NDST2,GSE65682,42,51,5.04624420984524,5.44335230143137,5.096814666,5.445633335,0.397108091586134,Up_in_Sepsis,0.662464985994398,0.00730309246733773,GSE54514
NDST2,GSE95233,22,51,5.47293090113636,6.81028055931373,5.5298272575,6.86557027,1.33734965817736,Up_in_Sepsis,0.982174688057041,8.14407368438532e-11,GSE54514
FGR,GSE137340,14,43,8.83286420947619,9.61833111382946,8.67644394016666,9.70615659033333,0.785466904353267,Up_in_Sepsis,0.837209302325581,7.43901516703796e-05,GSE54514
FGR,GSE236713,30,125,-1.164638191,0.17570071224,-1.26392625,0.1711483,1.34033890324,Up_in_Sepsis,0.970666666666667,1.33186391197432e-15,GSE54514
FGR,GSE57065,25,28,9.3432332,10.0395935714286,9.3517,10.0292,0.696360371428572,Up_in_Sepsis,0.895714285714286,8.68886623964816e-08,GSE54514
FGR,GSE65682,42,51,6.60237850259524,6.88985161743137,6.640507996,6.9662462355,0.287473114836135,Up_in_Sepsis,0.69467787114846,0.00130273081746015,GSE54514
FGR,GSE95233,22,51,10.260195835,11.0228396939216,10.35424337,11.07649438,0.762643858921569,Up_in_Sepsis,0.943850267379679,2.21816559060711e-09,GSE54514
TSEN54,GSE137340,14,43,6.42324827178571,5.87021958697674,6.4437740375,5.85201709,-0.55302868480897,Down_in_Sepsis,0.269102990033223,0.0091254474349773,GSE54514
TSEN54,GSE236713,30,125,0.935930648333333,-0.233806446496,0.8792305,-0.23895669,-1.16973709482933,Down_in_Sepsis,0.0613333333333333,9.46808836066134e-14,GSE54514
TSEN54,GSE57065,25,28,6.55861253333333,5.84650238095238,6.55367,5.752225,-0.712110152380953,Down_in_Sepsis,0.07,2.33646588000407e-09,GSE54514
TSEN54,GSE65682,42,51,3.95500163419048,3.360699128,3.8425869405,3.34273128,-0.594302506190477,Down_in_Sepsis,0.214285714285714,2.34946181807094e-06,GSE54514
TSEN54,GSE95233,22,51,6.88718881924242,5.64676556960784,6.93623899666667,5.60041233666667,-1.24042324963458,Down_in_Sepsis,0.0035650623885918,2.22762533627504e-11,GSE54514
ZBTB8OS,GSE137340,14,43,4.43118600717857,4.83144525065504,4.32716044233333,4.68700454,0.400259243476468,Up_in_Sepsis,0.882059800664452,4.05663071297044e-06,GSE54514
ZBTB8OS,GSE236713,30,125,-0.569892523055556,0.2087835916,-0.646200421,0.131982966666667,0.778676114655556,Up_in_Sepsis,0.934666666666667,1.58073643665628e-13,GSE54514
ZBTB8OS,GSE57065,25,28,4.7366192,5.76419928571429,4.80386,5.816665,1.02758008571429,Up_in_Sepsis,0.872857142857143,6.59704088772431e-07,GSE54514
ZBTB8OS,GSE65682,42,51,3.46137587542857,4.06068646721569,3.391314426,4.094507529,0.599310591787115,Up_in_Sepsis,0.785714285714286,2.34946181807094e-06,GSE54514
ZBTB8OS,GSE95233,22,51,5.56323834636364,6.48216824431373,5.53107066,6.42587499,0.918929897950089,Up_in_Sepsis,0.943850267379679,2.21753737820061e-09,GSE54514
TXK,GSE137340,14,43,5.92258920042857,5.20780488837209,6.0439414605,5.09016541,-0.714784312056478,Down_in_Sepsis,0.20265780730897,0.000599272533308424,GSE54514
TXK,GSE236713,30,125,0.9197324194,-0.181656198816,0.9146905,-0.12425113,-1.101388618216,Down_in_Sepsis,0.160533333333333,8.24898242914014e-09,GSE54514
TXK,GSE57065,25,28,7.1846312,4.9532025,7.16389,4.92176,-2.2314287,Down_in_Sepsis,0.00142857142857143,4.42509124931643e-15,GSE54514
TXK,GSE65682,42,51,4.06082893503571,3.25638884056863,4.06964975675,3.195788096,-0.804440094467087,Down_in_Sepsis,0.199813258636788,7.04582975307511e-07,GSE54514
TXK,GSE95233,22,51,5.60808232409091,4.32859406196078,5.617723485,4.30616348,-1.27948826213013,Down_in_Sepsis,0.0285204991087344,2.10264174876355e-10,GSE54514
RORA,GSE137340,14,43,5.01258896726786,4.95378745143895,5.03151788675,4.9451376725,-0.0588015158289039,Down_in_Sepsis,0.431893687707641,0.457093279438225,GSE54514
RORA,GSE236713,30,125,1.62773954,-0.457789509928,1.6519983,-0.25106025,-2.085529049928,Down_in_Sepsis,0.0333333333333333,2.30592428929965e-15,GSE54514
RORA,GSE57065,25,28,5.08820155,4.00360566964286,5.17232,3.985955,-1.08459588035714,Down_in_Sepsis,0.0485714285714286,1.46118725598053e-10,GSE54514
RORA,GSE65682,42,51,3.96613137085714,3.06236520933333,3.68559131816667,2.948146407,-0.90376616152381,Down_in_Sepsis,0.211951447245565,1.94192092211731e-06,GSE54514
RORA,GSE95233,22,51,6.91478204085227,5.05348908598039,6.8897204275,5.0774353375,-1.86129295487188,Down_in_Sepsis,0,1.60188706567253e-11,GSE54514
STAT4,GSE137340,14,43,7.85706948621429,7.53867792509302,7.577214019,7.360061222,-0.318391561121262,Down_in_Sepsis,0.377076411960133,0.174985876084044,GSE54514
STAT4,GSE236713,30,125,1.756422655,-0.270951191372,1.74187625,-0.186457515,-2.027373846372,Down_in_Sepsis,0.0192,3.24868406725649e-16,GSE54514
STAT4,GSE57065,25,28,7.9695324,6.48809821428571,7.98157,6.34789,-1.48143418571429,Down_in_Sepsis,0.0428571428571429,6.3278804865225e-11,GSE54514
STAT4,GSE65682,42,51,4.98455541134524,4.23852325806863,4.85715758825,4.011113863,-0.746032153276611,Down_in_Sepsis,0.26937441643324,0.000139069668039901,GSE54514
STAT4,GSE95233,22,51,8.64004798,7.01069937764706,8.622611025,6.88613663,-1.62934860235294,Down_in_Sepsis,0.0222816399286987,1.21213677994709e-10,GSE54514
CEP55,GSE137340,14,43,4.61597219692857,5.21411076995349,4.288316736,5.114318375,0.598138573024917,Up_in_Sepsis,0.837209302325582,7.43901516703796e-05,GSE54514
CEP55,GSE236713,30,125,-1.44958016966667,0.663381611184,-1.48125865,0.59621751,2.11296178085067,Up_in_Sepsis,0.894133333333333,2.20506409235788e-11,GSE54514
CEP55,GSE57065,25,28,2.2961324,4.13868892857143,2.18227,4.03488,1.84255652857143,Up_in_Sepsis,0.992857142857143,4.20383668685061e-14,GSE54514
CEP55,GSE65682,42,51,2.00371197339286,2.94133015806863,1.98208703625,2.646532761,0.93761818467577,Up_in_Sepsis,0.915032679738562,6.92401244723124e-12,GSE54514
CEP55,GSE95233,22,51,3.13773853545455,6.08370973823529,3.141772585,6.02673995,2.94597120278075,Up_in_Sepsis,0.996434937611408,2.22762533627504e-11,GSE54514
RASGRP1,GSE137340,14,43,5.76315659492857,5.74034018081395,5.649684841,5.684216414,-0.0228164141146179,Down_in_Sepsis,0.476744186046512,0.804590920857132,GSE54514
RASGRP1,GSE236713,30,125,1.20997883566667,-0.440873478976,1.24826525,-0.39428043,-1.65085231464267,Down_in_Sepsis,0.0517333333333334,2.71633609541585e-14,GSE54514
RASGRP1,GSE57065,25,28,8.6735592,6.59675214285714,8.74139,6.466325,-2.07680705714286,Down_in_Sepsis,0.04,4.0828104411818e-11,GSE54514
RASGRP1,GSE65682,42,51,4.0937187339,3.49476184095294,4.0467968729,3.4622469572,-0.598956892947059,Down_in_Sepsis,0.225023342670401,5.54023063653005e-06,GSE54514
RASGRP1,GSE95233,22,51,8.88486916045455,7.01190822862745,8.927970105,7.08088049,-1.87296093182709,Down_in_Sepsis,0.0017825311942959,1.88955739655682e-11,GSE54514
SORT1,GSE137340,14,43,6.21958410678571,7.78477742302326,5.784902287,7.510779683,1.56519331623754,Up_in_Sepsis,0.82890365448505,0.000118823654645357,GSE54514
SORT1,GSE236713,30,125,-0.706404423733333,0.227203096272,-0.771602615,0.19755125,0.933607520005333,Up_in_Sepsis,0.8504,2.6981277217036e-09,GSE54514
SORT1,GSE57065,25,28,5.36535746666667,7.15377690476191,5.34744666666667,7.267145,1.78841943809524,Up_in_Sepsis,0.997142857142857,8.85018249863286e-15,GSE54514
SORT1,GSE65682,42,51,5.31315710940476,6.39276388773203,5.30154617333333,6.49105467533333,1.07960677832726,Up_in_Sepsis,0.792717086834734,1.32094619341197e-06,GSE54514
SORT1,GSE95233,22,51,5.89014374712121,7.79737380843137,5.88646377833333,7.73794418666667,1.90723006131016,Up_in_Sepsis,1,1.60188706567253e-11,GSE54514
FCER1A,GSE137340,14,43,6.68894818178571,5.85049081730233,6.9267978015,5.521763067,-0.838457364483388,Down_in_Sepsis,0.308970099667774,0.0326831125398416,GSE54514
FCER1A,GSE236713,30,125,3.50311959333333,-1.006875617488,3.58525585,-1.3169296,-4.50999521082133,Down_in_Sepsis,0.0109333333333333,1.00562164223352e-16,GSE54514
FCER1A,GSE57065,25,28,5.0258532,3.15473625,4.957555,3.0277075,-1.87111695,Down_in_Sepsis,0.00142857142857143,4.42509124931643e-15,GSE54514
FCER1A,GSE65682,42,51,3.93125288285714,2.81104443721569,3.5521964815,2.565815738,-1.12020844564146,Down_in_Sepsis,0.202147525676937,8.58850803458066e-07,GSE54514
FCER1A,GSE95233,22,51,5.12418443727273,4.22176301980392,5.133108515,4.104968555,-0.902421417468806,Down_in_Sepsis,0.0739750445632799,9.43827637107183e-09,GSE54514
FCRL3,GSE137340,14,43,4.81071894975,4.8890602155814,4.7684874915,4.749129275,0.0783412658313951,Up_in_Sepsis,0.501661129568106,0.992690542203752,GSE54514
FCRL3,GSE236713,30,125,1.273647143,-0.192225734172,1.2623353,-0.15301692,-1.465872877172,Down_in_Sepsis,0.068,2.21902628234289e-13,GSE54514
FCRL3,GSE57065,25,28,6.0559974,4.6981625,6.067315,4.6763,-1.3578349,Down_in_Sepsis,0.0285714285714286,6.00484882532239e-12,GSE54514
FCRL3,GSE65682,42,51,4.44443419128571,3.44874680003922,4.20127511525,3.293936597,-0.995687391246499,Down_in_Sepsis,0.239495798319328,1.67819968292486e-05,GSE54514
FCRL3,GSE95233,22,51,6.63973678431818,4.78294111637255,6.64623244,4.782497485,-1.85679566794563,Down_in_Sepsis,0.0249554367201426,1.53617362330698e-10,GSE54514
KIF5B,GSE137340,14,43,4.74038577664286,5.43629723565116,4.4616205525,5.462534102,0.695911459008306,Up_in_Sepsis,0.818936877076412,0.000203389487077016,GSE54514
KIF5B,GSE236713,30,125,-0.624168243933333,0.136108950172,-0.616924405,0.1396172035,0.760277194105333,Up_in_Sepsis,0.962666666666666,3.97424855205802e-15,GSE54514
KIF5B,GSE57065,25,28,7.3604424,7.95916321428571,7.35081333333333,8.055925,0.598720814285715,Up_in_Sepsis,0.874285714285715,5.85426531540652e-07,GSE54514
KIF5B,GSE65682,42,51,5.845023643125,6.19438380720588,5.862472381625,6.24963236075,0.349360164080883,Up_in_Sepsis,0.740429505135388,7.12906014729878e-05,GSE54514
KIF5B,GSE95233,22,51,7.56086366833333,8.2992340248366,7.583117945,8.35138468666667,0.738370356503268,Up_in_Sepsis,0.950089126559715,1.3185393727247e-09,GSE54514
ACER3,GSE137340,14,43,6.06819525235714,7.34387312363953,5.83769596725,7.331703519,1.27567787128239,Up_in_Sepsis,0.885382059800665,3.17289010265243e-06,GSE54514
ACER3,GSE236713,30,125,-0.6687739604,0.257773583936,-0.49246311,0.3676746,0.926547544336,Up_in_Sepsis,0.759733333333333,1.03807429853664e-05,GSE54514
ACER3,GSE57065,25,28,4.72952086666667,6.54030005952381,4.71003333333333,6.67165,1.81077919285714,Up_in_Sepsis,0.992857142857143,4.20383668685061e-14,GSE54514
ACER3,GSE65682,42,51,3.43824333679365,4.41551928049346,3.39502614958333,4.43610782766667,0.977275943699814,Up_in_Sepsis,0.875816993464053,5.27372854023542e-10,GSE54514
ACER3,GSE95233,22,51,4.94110338219697,6.96670663833333,4.9239103075,6.88641480666667,2.02560325613636,Up_in_Sepsis,0.997326203208556,2.05178515500888e-11,GSE54514
CD3G,GSE137340,14,43,7.149762827,7.10332487439535,6.938175635,6.807411888,-0.0464379526046512,Down_in_Sepsis,0.460132890365448,0.666553111249036,GSE54514
CD3G,GSE236713,30,125,1.223825094,-0.484905625528,1.18619205,-0.34002852,-1.708730719528,Down_in_Sepsis,0.0672,2.00476526653066e-13,GSE54514
CD3G,GSE57065,25,28,8.0465556,6.2357425,8.06283,6.105385,-1.8108131,Down_in_Sepsis,0.0485714285714286,1.46118725598053e-10,GSE54514
CD3G,GSE65682,42,51,5.10648394111905,4.06275310296078,4.948626137,3.922238456,-1.04373083815826,Down_in_Sepsis,0.236694677871148,1.36003111070665e-05,GSE54514
CD3G,GSE95233,22,51,9.56972165,7.05596450352941,9.45041639,6.93287937,-2.51375714647059,Down_in_Sepsis,0,1.60188706567253e-11,GSE54514
BAZ1A,GSE137340,14,43,7.02536312053571,8.44793026040698,6.62429578625,8.4639753055,1.42256713987126,Up_in_Sepsis,0.848837209302326,3.73425195502401e-05,GSE54514
BAZ1A,GSE236713,30,125,-1.10758373866667,0.330047585472,-1.08332845,0.21280956,1.43763132413867,Up_in_Sepsis,0.955466666666666,1.04668728554346e-14,GSE54514
BAZ1A,GSE57065,25,28,8.4024268,9.64944214285714,8.36847,9.71966,1.24701534285714,Up_in_Sepsis,0.938571428571428,8.18582142391674e-10,GSE54514
BAZ1A,GSE65682,42,51,8.40711531929167,8.76998904987255,8.45247456125,8.7790546115,0.362873730580883,Up_in_Sepsis,0.666199813258636,0.00606109341560624,GSE54514
BAZ1A,GSE95233,22,51,8.42885938613636,9.74536054519608,8.3961479325,9.852005555,1.31650115905972,Up_in_Sepsis,0.968805704099822,2.6568328672965e-10,GSE54514
AIG1,GSE137340,14,43,4.890745989,5.53068375737209,4.715566998,5.550354313,0.639937768372093,Up_in_Sepsis,0.784053156146179,0.00110606663595566,GSE54514
AIG1,GSE236713,30,125,-0.314412177841667,0.24551400282,-0.334457755625,0.1811163425,0.559926180661667,Up_in_Sepsis,0.828,2.56884941235005e-08,GSE54514
AIG1,GSE57065,25,28,2.97883633333333,3.66742023809524,2.956205,3.60808333333334,0.688583904761905,Up_in_Sepsis,0.945714285714286,3.22170980952107e-10,GSE54514
AIG1,GSE65682,42,51,3.42310153502381,4.72144683901961,3.309192477,4.804051067,1.2983453039958,Up_in_Sepsis,0.929038281979459,1.33324965116795e-12,GSE54514
AIG1,GSE95233,22,51,3.50927409106061,4.10948518539216,3.4719250125,4.15137834166667,0.600211094331551,Up_in_Sepsis,0.943850267379679,2.21816559060711e-09,GSE54514
MYL6B,GSE137340,14,43,5.47812732592857,7.17314988711628,5.0353909105,7.309438938,1.69502256118771,Up_in_Sepsis,0.845514950166113,4.56594410621073e-05,GSE54514
MYL6B,GSE236713,30,125,-0.89573427,0.0304518082,-0.947350505,0.040035248,0.9261860782,Up_in_Sepsis,0.889866666666667,3.60924411389993e-11,GSE54514
MYL6B,GSE57065,25,28,4.80017,5.69649928571429,4.79594,5.678525,0.896329285714286,Up_in_Sepsis,0.944285714285714,3.90036392897249e-10,GSE54514
MYL6B,GSE65682,42,51,2.6915533075119,3.30073593103922,2.7060278555,3.200169321,0.609182623527311,Up_in_Sepsis,0.881886087768441,2.77067867780162e-10,GSE54514
MYL6B,GSE95233,22,51,6.20397393863636,7.03314206,6.216192435,6.9550619,0.829168121363637,Up_in_Sepsis,0.964349376114082,3.91141292996744e-10,GSE54514
GSR,GSE137340,14,43,5.06909384978571,5.91483409243023,4.86397793375,5.8952778595,0.845740242644518,Up_in_Sepsis,0.895348837209302,1.47261484413906e-06,GSE54514
GSR,GSE236713,30,125,-0.419421736166667,-0.03727039466,-0.379866599,0.05957389,0.382151341506667,Up_in_Sepsis,0.765066666666667,6.8059374930732e-06,GSE54514
GSR,GSE57065,25,28,6.3745098,7.36836785714286,6.41036,7.3609525,0.993858057142857,Up_in_Sepsis,0.981428571428571,8.25279517997514e-13,GSE54514
GSR,GSE65682,42,51,6.28374000703571,7.05024103068628,6.281296745,7.1603994575,0.766501023650561,Up_in_Sepsis,0.880952380952381,3.06104293530879e-10,GSE54514
GSR,GSE95233,22,51,7.70072529590909,8.71863071470588,7.722355155,8.786793945,1.01790541879679,Up_in_Sepsis,0.978609625668449,1.11977955795568e-10,GSE54514
FOXN2,GSE137340,14,43,7.58311034864286,9.166418915,7.354264438,9.210270995,1.58330856635714,Up_in_Sepsis,0.852159468438538,3.04347690174248e-05,GSE54514
FOXN2,GSE236713,30,125,-0.562886382233333,0.190848230624,-0.5639896375,0.1668534,0.753734612857333,Up_in_Sepsis,0.9272,4.0653752638648e-13,GSE54514
FOXN2,GSE57065,25,28,6.1532952,7.13929410714286,6.19901,7.134105,0.985998907142856,Up_in_Sepsis,0.938571428571428,8.18582142391674e-10,GSE54514
FOXN2,GSE65682,42,51,8.34371865538095,8.90086138684314,8.4354221375,9.005543866,0.557142731462186,Up_in_Sepsis,0.730158730158731,0.000143476501927079,GSE54514
FOXN2,GSE95233,22,51,8.23748178136364,9.13533613401961,8.2265001625,9.124041965,0.897854352655973,Up_in_Sepsis,0.976827094474153,1.31192583927308e-10,GSE54514
UBL5,GSE137340,14,43,5.41049776998214,6.25013951182558,5.268550405625,6.20783024175,0.839641741843439,Up_in_Sepsis,0.893687707641196,1.67917460911234e-06,GSE54514
UBL5,GSE236713,30,125,-0.305689681566667,-0.036063365632,-0.338374385,-0.012788773,0.269626315934667,Up_in_Sepsis,0.685333333333334,0.001658226942731,GSE54514
UBL5,GSE57065,25,28,7.312528,8.41778392857143,7.42648,8.493445,1.10525592857143,Up_in_Sepsis,0.935714285714286,1.17043442289857e-09,GSE54514
UBL5,GSE65682,42,51,8.67088171433333,9.09062276287255,8.6609331285,9.12697465,0.419741048539215,Up_in_Sepsis,0.765172735760971,1.18083502950546e-05,GSE54514
UBL5,GSE95233,22,51,7.16289955272727,8.86143234941176,7.16524337,8.82787972,1.69853279668449,Up_in_Sepsis,1,1.60188706567253e-11,GSE54514
PSMA6,GSE137340,14,43,6.92914489398214,8.42839877790116,6.539784391375,8.47533833275,1.49925388391902,Up_in_Sepsis,0.858803986710963,1.99991144589167e-05,GSE54514
PSMA6,GSE236713,30,125,-0.327094396333333,-0.024061607712,-0.39008189,-0.037061214,0.303032788621333,Up_in_Sepsis,0.676266666666666,0.00277632429426354,GSE54514
PSMA6,GSE57065,25,28,8.4171952,9.92302035714286,8.46972,10.01105,1.50582515714286,Up_in_Sepsis,0.942857142857143,4.71093001856602e-10,GSE54514
PSMA6,GSE65682,42,51,7.69171299978572,8.407880337,7.647334828,8.52560911,0.716167337214285,Up_in_Sepsis,0.760037348272642,1.73769118586227e-05,GSE54514
PSMA6,GSE95233,22,51,7.94707985181818,9.67774119098039,7.88719635,9.70625391,1.73066133916221,Up_in_Sepsis,0.990196078431372,3.94540435484238e-11,GSE54514
PFKFB3,GSE137340,14,43,7.74358018535714,9.06909692376744,7.2162996415,9.111500084,1.3255167384103,Up_in_Sepsis,0.774086378737542,0.00170997202021529,GSE54514
PFKFB3,GSE236713,30,125,-2.14768644883333,0.67124669534,-2.232824525,0.642308595,2.81893314417333,Up_in_Sepsis,0.968533333333334,1.78584783999178e-15,GSE54514
PFKFB3,GSE57065,25,28,7.1088256,9.87498214285714,7.09434,10.1057,2.76615654285714,Up_in_Sepsis,0.991428571428571,6.63763687397464e-14,GSE54514
PFKFB3,GSE65682,42,51,5.58105688251191,5.44305152133824,5.56745053175,5.43893133475,-0.138005361173669,Down_in_Sepsis,0.417366946778711,0.173015249339883,GSE54514
PFKFB3,GSE95233,22,51,9.38511231772727,11.285708264902,9.34229645,11.39190353,1.90059594717469,Up_in_Sepsis,0.983065953654189,7.51822548100406e-11,GSE54514
FCER1G,GSE137340,14,43,10.8032493865,12.2432207924186,10.46209859,12.45593938,1.43997140591861,Up_in_Sepsis,0.820598006644518,0.000186294412620237,GSE54514
FCER1G,GSE236713,30,125,-0.7098680792,0.147596681548,-0.76386224175,0.15128302,0.857464760748,Up_in_Sepsis,0.821333333333333,4.88872742087751e-08,GSE54514
FCER1G,GSE57065,25,28,9.5445204,11.6360428571429,9.455135,11.654625,2.09152245714286,Up_in_Sepsis,0.998571428571429,4.42509124931643e-15,GSE54514
FCER1G,GSE65682,42,51,11.18173016,11.6927148139216,11.26659453,11.79449604,0.510984653921568,Up_in_Sepsis,0.832866479925304,3.78724931046422e-08,GSE54514
FCER1G,GSE95233,22,51,11.08213899,12.5071158693137,11.108715595,12.54943525,1.42497687931373,Up_in_Sepsis,0.999108734402852,1.73990990394731e-11,GSE54514
OXNAD1,GSE137340,14,43,4.67370512764286,4.84939694466279,4.69470303375,4.850240153,0.175691817019934,Up_in_Sepsis,0.63953488372093,0.122540086310893,GSE54514
OXNAD1,GSE236713,30,125,1.71146616233333,-0.469834204224,1.73813105,-0.36164308,-2.18130036655733,Down_in_Sepsis,0.00613333333333334,5.04489186905776e-17,GSE54514
OXNAD1,GSE57065,25,28,6.789068,5.42670642857143,6.7082,5.41191,-1.36236157142857,Down_in_Sepsis,0.0114285714285714,1.482405568521e-13,GSE54514
OXNAD1,GSE65682,42,51,3.69733484242063,3.36351694094118,3.59445659266667,3.33543044833333,-0.333817901479458,Down_in_Sepsis,0.297385620915033,0.000818040315248112,GSE54514
OXNAD1,GSE95233,22,51,7.95533503090909,6.58903558058824,7.98982864,6.46919137,-1.36629945032086,Down_in_Sepsis,0.0142602495543672,5.9097281654302e-11,GSE54514
ZNF331,GSE137340,14,43,4.54073064508929,4.82687522751163,4.56112953975,4.71500806175,0.286144582422342,Up_in_Sepsis,0.81063122923588,0.000312251163096141,GSE54514
ZNF331,GSE236713,30,125,0.953477680788889,-0.156995782525333,1.02763461333334,-0.13865257,-1.11047346331422,Down_in_Sepsis,0.0357333333333333,3.19836502929864e-15,GSE54514
ZNF331,GSE57065,25,28,5.8558508,4.81075214285714,5.832445,4.8448525,-1.04509865714286,Down_in_Sepsis,0.01,9.95645531096197e-14,GSE54514
ZNF331,GSE65682,42,51,3.54891470767857,3.08650428648039,3.46059364725,3.091039797,-0.462410421198179,Down_in_Sepsis,0.166199813258637,3.46929065408589e-08,GSE54514
ZNF331,GSE95233,22,51,5.54157874204546,4.93893834107843,5.5069541925,4.896994065,-0.602640400967023,Down_in_Sepsis,0.0552584670231729,2.06018498425851e-09,GSE54514
CMTM4,GSE137340,14,43,4.40293041566071,4.8392845702907,4.310838303125,4.77322446675,0.436354154629983,Up_in_Sepsis,0.878737541528239,5.16186693059591e-06,GSE54514
CMTM4,GSE236713,30,125,-1.0398128522,0.263297993632,-1.0905502,0.2537036,1.303110845832,Up_in_Sepsis,0.916266666666666,1.57552988621293e-12,GSE54514
CMTM4,GSE57065,25,28,4.41995826666667,5.51398988095238,4.47589666666667,5.50371,1.09403161428571,Up_in_Sepsis,0.968571428571428,9.97415567595923e-12,GSE54514
CMTM4,GSE65682,42,51,2.84113232057143,3.5327281930098,2.7848991055,3.4363588565,0.691595872438375,Up_in_Sepsis,0.836134453781513,2.78350647402994e-08,GSE54514
CMTM4,GSE95233,22,51,4.92635740212121,5.84571677366013,4.90314294,5.81686926,0.91935937153892,Up_in_Sepsis,0.988413547237077,4.63944869067713e-11,GSE54514
CLEC2D,GSE137340,14,43,5.10812314608929,5.10759094686047,5.051989424,5.106395474375,-0.000532199228820751,Down_in_Sepsis,0.493355481727575,0.948867329475225,GSE54514
CLEC2D,GSE236713,30,125,1.04120925358333,-0.198422718188,1.1047092675,-0.22315204,-1.23963197177133,Down_in_Sepsis,0.0429333333333333,8.45106671254997e-15,GSE54514
CLEC2D,GSE57065,25,28,5.7009537,4.68411241071429,5.75946,4.62121375,-1.01684128928571,Down_in_Sepsis,0.101428571428571,6.61776843551978e-08,GSE54514
CLEC2D,GSE65682,42,51,3.16864387478571,2.93176400130882,3.016411025125,2.8802499715,-0.236879873476891,Down_in_Sepsis,0.343604108309991,0.00981334239464975,GSE54514
CLEC2D,GSE95233,22,51,6.90685445443182,5.74225261147059,6.86646445625,5.6758782525,-1.16460184296123,Down_in_Sepsis,0.0071301247771836,3.09077930949446e-11,GSE54514
DAAM2,GSE137340,14,43,4.6616061675,5.86026830818605,4.2913572145,5.103634501,1.19866214068605,Up_in_Sepsis,0.8421926910299,5.56405121878381e-05,GSE54514
DAAM2,GSE236713,30,125,-3.860767265,0.840618502808,-3.9052885,1.23507377,4.701385767808,Up_in_Sepsis,0.973066666666667,9.56049645464289e-16,GSE54514
DAAM2,GSE57065,25,28,4.522856,6.09557892857143,4.51324,5.94084,1.57272292857143,Up_in_Sepsis,0.844285714285715,6.04316161051609e-06,GSE54514
DAAM2,GSE65682,42,51,4.1136030847381,5.53823739721569,3.710214072,5.64839242,1.42463431247759,Up_in_Sepsis,0.750233426704015,3.56415344787041e-05,GSE54514
DAAM2,GSE95233,22,51,5.51924680909091,7.87150749568628,5.505633245,8.02571546,2.35226068659537,Up_in_Sepsis,0.950980392156863,1.22342240401873e-09,GSE54514
LILRB3,GSE137340,14,43,11.8985558657143,13.0289695974419,11.8624151225,13.189878895,1.13041373172758,Up_in_Sepsis,0.875415282392027,6.53811501196993e-06,GSE54514
LILRB3,GSE236713,30,125,-1.459986804,0.203519264252,-1.448245995,0.29297376,1.663506068252,Up_in_Sepsis,0.982933333333333,2.4048647245251e-16,GSE54514
LILRB3,GSE57065,25,28,9.2699034,9.95134660714286,9.296835,10.02601,0.681443207142857,Up_in_Sepsis,0.904285714285714,3.7851498194051e-08,GSE54514
LILRB3,GSE65682,42,51,5.470849822,5.48744601859608,5.4723189952,5.5126531744,0.0165961965960788,Up_in_Sepsis,0.512605042016807,0.837900406763883,GSE54514
LILRB3,GSE95233,22,51,10.3755975621591,11.100380462598,10.34797536375,11.108406795,0.724782900438948,Up_in_Sepsis,0.947415329768271,1.64920787156369e-09,GSE54514
ITK,GSE137340,14,43,8.193609923,7.80989801837209,8.042587739,7.913215491,-0.383711904627908,Down_in_Sepsis,0.408637873754153,0.316121575352695,GSE54514
ITK,GSE236713,30,125,1.79931535,-0.533339213304,1.85751465,-0.23608994,-2.332654563304,Down_in_Sepsis,0.0216,4.54966383174459e-16,GSE54514
ITK,GSE57065,25,28,9.6871116,7.36801821428571,9.68134,7.4163,-2.31909338571429,Down_in_Sepsis,0.00285714285714286,8.85018249863286e-15,GSE54514
ITK,GSE65682,42,51,4.92136354961905,3.92150194729412,4.9430049355,3.819000933,-0.99986160232493,Down_in_Sepsis,0.23109243697479,8.87723549779105e-06,GSE54514
ITK,GSE95233,22,51,7.68051137227273,5.65881514960784,7.710439225,5.53341978,-2.02169622266488,Down_in_Sepsis,0.00623885918003565,2.84841857067922e-11,GSE54514
PYHIN1,GSE137340,14,43,6.78898905942857,6.37240256026357,6.53029079366667,6.15445283466667,-0.416586499165003,Down_in_Sepsis,0.29734219269103,0.0230841553432246,GSE54514
PYHIN1,GSE236713,30,125,1.4972959105,-0.205208716624,1.4432535,-0.12966108,-1.702504627124,Down_in_Sepsis,0.0285333333333333,1.19273989918378e-15,GSE54514
PYHIN1,GSE57065,25,28,5.7434964,4.47202839285714,5.770905,4.28341,-1.27146800714286,Down_in_Sepsis,0.115714285714286,2.47186955689829e-07,GSE54514
PYHIN1,GSE65682,42,51,3.43482365276984,2.87020069726797,3.283139674,2.837312938,-0.564622955501868,Down_in_Sepsis,0.183006535947712,1.62312054686357e-07,GSE54514
PYHIN1,GSE95233,22,51,4.90507134045455,3.55468397784314,4.9427290525,3.50047893,-1.35038736261141,Down_in_Sepsis,0.0329768270944742,3.10305804161485e-10,GSE54514
CLSTN1,GSE137340,14,43,5.50522324709524,5.55865818596899,5.4683266045,5.49370808766667,0.0534349388737549,Up_in_Sepsis,0.504983388704319,0.963464689999678,GSE54514
CLSTN1,GSE236713,30,125,1.195378201,-0.330004069544,1.25340155,-0.3149109,-1.525382270544,Down_in_Sepsis,0.0165333333333333,2.23022449395653e-16,GSE54514
CLSTN1,GSE57065,25,28,6.8295196,5.83529642857143,6.8077,5.84866,-0.994223171428572,Down_in_Sepsis,0.03,7.7571849600517e-12,GSE54514
CLSTN1,GSE65682,42,51,3.9589420792381,3.56879915301961,3.8724967795,3.564182624,-0.390142926218487,Down_in_Sepsis,0.204014939309057,1.00520795442081e-06,GSE54514
CLSTN1,GSE95233,22,51,6.50340868318182,5.69351840254902,6.479627075,5.66898915,-0.809890280632798,Down_in_Sepsis,0.0133689839572193,5.45249501386452e-11,GSE54514
BST1,GSE137340,14,43,6.08161924814286,7.68685602265116,5.6359333255,7.943553308,1.60523677450831,Up_in_Sepsis,0.847176079734219,4.13098133247111e-05,GSE54514
BST1,GSE236713,30,125,-0.826933161766667,-0.121201358568,-0.6861856,-0.047424793,0.705731803198667,Up_in_Sepsis,0.777333333333334,2.50149399270223e-06,GSE54514
BST1,GSE57065,25,28,7.069504,8.93347821428571,7.1417,8.98406,1.86397421428571,Up_in_Sepsis,1,2.21254562465821e-15,GSE54514
BST1,GSE65682,42,51,8.65141296726191,9.12904414731373,8.729827676,9.149806933,0.477631180051821,Up_in_Sepsis,0.711484593837535,0.000477095055252169,GSE54514
BST1,GSE95233,22,51,6.24204400181818,8.00595756294118,6.31344123,8.03846155,1.76391356112299,Up_in_Sepsis,0.99554367201426,2.41819260539641e-11,GSE54514
HSD3B7,GSE137340,14,43,4.78039885457143,5.40030164386047,4.3406956385,5.263668491,0.619902789289037,Up_in_Sepsis,0.805647840531561,0.000400631980255359,GSE54514
HSD3B7,GSE236713,30,125,-2.46591938666667,0.374089013392,-2.168045,0.31106544,2.84000840005867,Up_in_Sepsis,0.986666666666667,1.41630902208344e-16,GSE54514
HSD3B7,GSE57065,25,28,5.4004896,6.04741321428571,5.35806,6.043105,0.646923614285714,Up_in_Sepsis,0.942857142857143,4.71093001856602e-10,GSE54514
HSD3B7,GSE65682,42,51,3.50623039269048,3.97003224464706,3.4753213165,3.894823538,0.463801851956583,Up_in_Sepsis,0.780112044817927,3.68970970257475e-06,GSE54514
HSD3B7,GSE95233,22,51,4.559016385,5.70936065784314,4.58768941,5.5555495,1.15034427284314,Up_in_Sepsis,1,1.60188706567253e-11,GSE54514
SIRPD,GSE137340,14,43,5.21444842664286,6.26854771444186,5.045672866,6.351271597,1.054099287799,Up_in_Sepsis,0.79734219269103,0.000599272533308424,GSE54514
SIRPD,GSE236713,30,125,-1.233942053,0.1833675574,-1.2067642,0.248096585,1.4173096104,Up_in_Sepsis,0.961066666666667,4.93476029279883e-15,GSE54514
SIRPD,GSE57065,25,28,5.3223752,6.07250392857143,5.29905,6.12296,0.750128728571429,Up_in_Sepsis,0.958571428571428,5.09106748233855e-11,GSE54514
SIRPD,GSE65682,42,51,4.08133907366667,4.50172045705882,4.019137582,4.502483854,0.420381383392157,Up_in_Sepsis,0.69140989729225,0.00157046393819263,GSE54514
SIRPD,GSE95233,22,51,6.62153386272727,7.57431131607843,6.662535295,7.63030882,0.952777453351159,Up_in_Sepsis,0.93048128342246,6.60636637173921e-09,GSE54514
DDX24,GSE137340,14,43,8.22030239414286,7.70547660251163,8.361723108,7.736638603,-0.514825791631229,Down_in_Sepsis,0.269102990033223,0.0091254474349773,GSE54514
DDX24,GSE236713,30,125,1.54151412266667,-0.480346133584,1.54734185,-0.20377183,-2.02186025625067,Down_in_Sepsis,0.0301333333333333,1.48694508222996e-15,GSE54514
DDX24,GSE57065,25,28,7.6376762,6.39314964285714,7.663385,6.370375,-1.24452655714286,Down_in_Sepsis,0,2.21254562465821e-15,GSE54514
DDX24,GSE65682,42,51,4.12204973032381,3.65627379955686,3.9895664527,3.6741840082,-0.465775930766947,Down_in_Sepsis,0.271241830065359,0.000157499220487827,GSE54514
DDX24,GSE95233,22,51,8.63628290159091,7.25384864392157,8.66158573,7.241871075,-1.38243425766934,Down_in_Sepsis,0,1.60188706567253e-11,GSE54514
PCMT1,GSE137340,14,43,8.22227118721429,9.69345783653488,7.8851476545,9.727924198,1.4711866493206,Up_in_Sepsis,0.853820598006644,2.74394577444583e-05,GSE54514
PCMT1,GSE236713,30,125,-0.169016038944445,-0.148352806962667,-0.1152304015,0.0329537433333333,0.0206632319817781,Up_in_Sepsis,0.5672,0.254673668602824,GSE54514
PCMT1,GSE57065,25,28,7.44127626666667,9.02792095238095,7.51160666666667,9.111545,1.58664468571429,Up_in_Sepsis,0.985714285714286,3.07543841827492e-13,GSE54514
PCMT1,GSE65682,42,51,7.35816168074405,8.17944824527941,7.38987738825,8.192992239,0.821286564535364,Up_in_Sepsis,0.903828197945845,2.49034263879332e-11,GSE54514
PCMT1,GSE95233,22,51,7.59524834651515,9.40371910470588,7.53404722,9.40166423,1.80847075819073,Up_in_Sepsis,1,1.60188706567253e-11,GSE54514
HMGB3,GSE137340,14,43,4.30279909792857,4.58526838734219,4.260812913,4.44462123385714,0.282469289413622,Up_in_Sepsis,0.878737541528239,5.16186693059591e-06,GSE54514
HMGB3,GSE236713,30,125,-1.7758933225,0.29834280614,-1.73935605,0.1862275615,2.07423612864,Up_in_Sepsis,0.9824,2.59297050143436e-16,GSE54514
HMGB3,GSE57065,25,28,4.2543436,4.91887392857143,4.248305,4.86261,0.664530328571428,Up_in_Sepsis,0.96,4.0828104411818e-11,GSE54514
HMGB3,GSE65682,42,51,2.49300907483333,3.26759644539216,2.439562411,3.000443047,0.774587370558824,Up_in_Sepsis,0.831465919701214,4.31777489377655e-08,GSE54514
HMGB3,GSE95233,22,51,4.62541109659091,5.48070635421569,4.6084107725,5.329346685,0.855295257624777,Up_in_Sepsis,0.948306595365419,1.53088505184395e-09,GSE54514
KDM2B,GSE137340,14,43,5.5127068282381,5.85432683875194,5.47118732566667,5.78684186366667,0.341620010513843,Up_in_Sepsis,0.745847176079734,0.00530367293010345,GSE54514
KDM2B,GSE236713,30,125,0.976848680444445,-0.271131897338667,1.07066569333334,-0.170394898666667,-1.24798057778311,Down_in_Sepsis,0.0594666666666667,7.44232952688722e-14,GSE54514
KDM2B,GSE57065,25,28,7.5701212,6.02403428571429,7.57876,6.036025,-1.54608691428571,Down_in_Sepsis,0.00142857142857143,4.42509124931643e-15,GSE54514
KDM2B,GSE65682,42,51,2.99299425897619,2.7767392617402,2.962495891125,2.778756183,-0.216254997235994,Down_in_Sepsis,0.201213818860878,7.93594324122344e-07,GSE54514
KDM2B,GSE95233,22,51,8.02943134954546,6.75601110215686,8.005857425,6.74898689,-1.27342024738859,Down_in_Sepsis,0,1.60188706567253e-11,GSE54514
SBK1,GSE137340,14,43,5.29313249842857,5.27125216347287,5.25604142733333,5.20230538433333,-0.0218803349557026,Down_in_Sepsis,0.476744186046512,0.804590920857132,GSE54514
SBK1,GSE236713,30,125,1.57695919,-0.503621287408,1.5470889,-0.47542453,-2.080580477408,Down_in_Sepsis,0.0386666666666667,4.76013747757254e-15,GSE54514
SBK1,GSE57065,25,28,6.2346208,5.198925,6.221995,5.11704,-1.0356958,Down_in_Sepsis,0.02,1.12397317732637e-12,GSE54514
SBK1,GSE65682,42,51,4.15991376559524,3.52257684,3.961265052,3.502584684,-0.637336925595238,Down_in_Sepsis,0.207282913165266,1.32094619341197e-06,GSE54514
SBK1,GSE95233,22,51,6.2586531925,4.67684599313726,6.3554100125,4.604520365,-1.58180719936274,Down_in_Sepsis,0.00089126559714795,1.73990990394731e-11,GSE54514
YIPF1,GSE137340,14,43,7.72299529221429,9.0579410965,7.35664632575,9.0819028485,1.33494580428571,Up_in_Sepsis,0.86046511627907,1.79643132928885e-05,GSE54514
YIPF1,GSE236713,30,125,-0.921013183666667,0.151742949984,-0.933890835,0.16913533,1.07275613365067,Up_in_Sepsis,0.9568,8.75825730165772e-15,GSE54514
YIPF1,GSE57065,25,28,6.268358,7.12745535714286,6.24274,7.099035,0.859097357142857,Up_in_Sepsis,0.972857142857143,4.61758271866169e-12,GSE54514
YIPF1,GSE65682,42,51,7.66575859009524,7.75471376789216,7.7277537765,7.8651088705,0.0889551777969189,Up_in_Sepsis,0.584033613445378,0.165826638185137,GSE54514
YIPF1,GSE95233,22,51,6.33195479636364,7.35878572823529,6.275804545,7.39298402,1.02683093187166,Up_in_Sepsis,0.974153297682709,1.66139807131073e-10,GSE54514
IL18R1,GSE137340,14,43,6.17585599778572,8.05280513351163,5.402050384,7.64417072,1.87694913572591,Up_in_Sepsis,0.803986710963455,0.000434777002978728,GSE54514
IL18R1,GSE236713,30,125,-1.99271197677778,0.889991658575999,-2.11191423333334,1.11028923333333,2.88270363535378,Up_in_Sepsis,0.894666666666667,2.07259608972765e-11,GSE54514
IL18R1,GSE57065,25,28,5.5001572,8.49871821428572,5.41208,8.561775,2.99856101428571,Up_in_Sepsis,0.997142857142857,8.85018249863286e-15,GSE54514
IL18R1,GSE65682,42,51,5.60079048245238,6.06552197312745,5.88677635225,6.1499307225,0.46473149067507,Up_in_Sepsis,0.582633053221288,0.173015249339883,GSE54514
IL18R1,GSE95233,22,51,5.883253725,9.44838876078431,6.01622123,9.54157288,3.56513503578431,Up_in_Sepsis,0.999108734402852,1.73990990394731e-11,GSE54514
KLRF1,GSE137340,14,43,5.95922678375,5.59529415854651,5.80683890725,5.513115767,-0.363932625203488,Down_in_Sepsis,0.352159468438538,0.101294663733976,GSE54514
KLRF1,GSE236713,30,125,1.7801234765,-0.302001508312,1.7993622,-0.2195095925,-2.082124984812,Down_in_Sepsis,0.052,2.81319751669028e-14,GSE54514
KLRF1,GSE57065,25,28,7.9585768,5.76628357142857,8.04237,5.35671,-2.19229322857143,Down_in_Sepsis,0.108571428571429,1.29627503509389e-07,GSE54514
KLRF1,GSE65682,42,51,3.49926157905556,2.6817996475817,3.29856738866667,2.476504295,-0.817461931473856,Down_in_Sepsis,0.199346405228758,6.77111143044872e-07,GSE54514
KLRF1,GSE95233,22,51,6.92582580772727,4.99884829078431,6.858687925,4.92776437,-1.92697751694296,Down_in_Sepsis,0.0285204991087344,2.10264174876355e-10,GSE54514
EMILIN2,GSE137340,14,43,7.33949255485714,9.39673616383721,7.018746708,9.464265431,2.05724360898007,Up_in_Sepsis,0.888704318936877,2.46942812179279e-06,GSE54514
EMILIN2,GSE236713,30,125,-1.01244754666667,-0.00343507148799997,-1.04604815,0.024497986,1.00901247517867,Up_in_Sepsis,0.872266666666667,2.60937083671852e-10,GSE54514
EMILIN2,GSE57065,25,28,5.0957344,6.15864404761905,5.13196333333333,6.18028166666667,1.06290964761905,Up_in_Sepsis,0.962857142857143,2.59553727228655e-11,GSE54514
EMILIN2,GSE65682,42,51,6.80862898614286,7.6547813354902,6.7851443455,7.898482727,0.84615234934734,Up_in_Sepsis,0.790382819794585,1.60276759432169e-06,GSE54514
EMILIN2,GSE95233,22,51,6.47999677787879,7.54168831352941,6.52021395333334,7.67629235666667,1.06169153565062,Up_in_Sepsis,0.927807486631016,8.18661083468126e-09,GSE54514
NCR3,GSE137340,14,43,5.812918324,5.48806191181395,5.7066608505,5.497941656,-0.324856412186047,Down_in_Sepsis,0.387043189368771,0.213421759301115,GSE54514
NCR3,GSE236713,30,125,1.876070091,-0.290340701348,1.912268275,-0.361694155,-2.166410792348,Down_in_Sepsis,0.02,3.63532984217555e-16,GSE54514
NCR3,GSE57065,25,28,6.17462586666667,5.26006166666667,6.26659333333333,5.21585666666667,-0.9145642,Down_in_Sepsis,0.03,7.7571849600517e-12,GSE54514
NCR3,GSE65682,42,51,2.79659240180952,2.43470624386275,2.7840260215,2.331542547,-0.361886157946779,Down_in_Sepsis,0.223155929038282,4.78279497877484e-06,GSE54514
NCR3,GSE95233,22,51,5.53412538575758,4.47658897124183,5.58214964333333,4.49132468333333,-1.05753641451575,Down_in_Sepsis,0.0151515151515152,6.40439715698351e-11,GSE54514
SIDT1,GSE137340,14,43,5.19826414907143,5.06925116255814,5.1256360285,5.125943739,-0.129012986513289,Down_in_Sepsis,0.431893687707641,0.457093279438225,GSE54514
SIDT1,GSE236713,30,125,1.56979033,-0.298718882272,1.57144405,-0.19781971,-1.868509212272,Down_in_Sepsis,0.0149333333333333,1.77791698605755e-16,GSE54514
SIDT1,GSE57065,25,28,6.4559348,4.85432571428571,6.48708,4.78906,-1.60160908571429,Down_in_Sepsis,0.0142857142857143,3.07543841827492e-13,GSE54514
SIDT1,GSE65682,42,51,3.44466366047619,3.07977148256863,3.257517761,2.98105362,-0.364892177907563,Down_in_Sepsis,0.316526610644258,0.00244474684663438,GSE54514
SIDT1,GSE95233,22,51,5.09084156272727,3.74275931509804,5.14480229,3.76897821,-1.34808224762923,Down_in_Sepsis,0.00623885918003565,2.84841857067922e-11,GSE54514
KLHL3,GSE137340,14,43,5.29017538878571,5.06659191274419,5.377336212,5.07718279,-0.223583476041529,Down_in_Sepsis,0.353820598006645,0.105296879795389,GSE54514
KLHL3,GSE236713,30,125,1.92621867,-0.353077924384,1.95270895,-0.25498104,-2.279296594384,Down_in_Sepsis,0.0106666666666667,9.67978792008901e-17,GSE54514
KLHL3,GSE57065,25,28,3.984977,3.26788875,4.00904,3.2836725,-0.71708825,Down_in_Sepsis,0.00285714285714286,8.85018249863286e-15,GSE54514
KLHL3,GSE65682,42,51,2.82930008716667,2.5056128994902,2.713147557,2.43801738,-0.32368718767647,Down_in_Sepsis,0.23015873015873,8.26135619987797e-06,GSE54514
KLHL3,GSE95233,22,51,4.76269522863636,3.6849658372549,4.8487677925,3.682840945,-1.07772939138146,Down_in_Sepsis,0.0035650623885918,2.22762533627504e-11,GSE54514
C1QB,GSE137340,14,43,5.24179558428571,7.30330751497674,4.7074671475,7.573940806,2.06151193069103,Up_in_Sepsis,0.822259136212624,0.000170516069266715,GSE54514
C1QB,GSE236713,30,125,-2.90335931333333,0.918078826376,-2.9607172,0.94987965,3.82143813970933,Up_in_Sepsis,0.964266666666667,3.19836502929864e-15,GSE54514
C1QB,GSE57065,25,28,3.7006084,5.29139107142857,3.56857,5.20585,1.59078267142857,Up_in_Sepsis,0.924285714285714,4.53013185284708e-09,GSE54514
C1QB,GSE65682,42,51,3.23979102501191,4.37316366671569,3.03880017225,4.2690806275,1.13337264170378,Up_in_Sepsis,0.80718954248366,3.85674096862125e-07,GSE54514
C1QB,GSE95233,22,51,3.97113737818182,5.23398709039216,3.95375674,5.23919113,1.26284971221034,Up_in_Sepsis,0.955436720142603,8.39602113585593e-10,GSE54514
IL7R,GSE137340,14,43,9.63489456442857,9.5572026492093,9.661155014,9.957728707,-0.077691915219269,Down_in_Sepsis,0.546511627906977,0.614009054792775,GSE54514
IL7R,GSE236713,30,125,1.50034134666667,-0.372934736112,1.4990399,-0.40935183,-1.87327608277867,Down_in_Sepsis,0.0578666666666667,6.04992351666079e-14,GSE54514
IL7R,GSE57065,25,28,10.9392112,8.73376410714286,10.91715,8.7178475,-2.20544709285714,Down_in_Sepsis,0.01,9.95645531096197e-14,GSE54514
IL7R,GSE65682,42,51,6.64671546306349,5.54687169466667,6.62625680516667,5.765218408,-1.09984376839683,Down_in_Sepsis,0.235294117647059,1.22339408576402e-05,GSE54514
IL7R,GSE95233,22,51,9.905825935,7.66603812098039,9.9397699425,7.57557882,-2.23978781401961,Down_in_Sepsis,0.00802139037433155,3.35328660937072e-11,GSE54514
NAIP,GSE137340,14,43,4.82506354455953,5.55448692027907,4.76230410616667,5.54298314833333,0.729423375719544,Up_in_Sepsis,0.887043189368771,2.80092257029665e-06,GSE54514
NAIP,GSE236713,30,125,-1.44798230833333,0.306962246765333,-1.48199296666667,0.407299595666667,1.75494455509867,Up_in_Sepsis,0.9248,5.48915910333226e-13,GSE54514
NAIP,GSE57065,25,28,6.11830173333333,8.31776678571429,6.23411333333333,8.28508166666667,2.19946505238095,Up_in_Sepsis,0.995714285714286,1.54878193726075e-14,GSE54514
NAIP,GSE65682,42,51,7.46500607678571,7.82737946069608,7.43487649475,7.863333681,0.362373383910364,Up_in_Sepsis,0.621848739495798,0.0443192845349304,GSE54514
NAIP,GSE95233,22,51,7.521604475,9.07320612091503,7.47850330666667,9.19294927333333,1.55160164591503,Up_in_Sepsis,0.948306595365419,1.53088505184395e-09,GSE54514
MTF1,GSE137340,14,43,7.76451157764286,8.93228578253488,7.506201039,9.068975369,1.16777420489203,Up_in_Sepsis,0.794019933554817,0.000700977779606083,GSE54514
MTF1,GSE236713,30,125,-1.30024173766667,0.203970547088,-1.2425673,0.17809558,1.50421228475467,Up_in_Sepsis,0.9752,7.11052358786845e-16,GSE54514
MTF1,GSE57065,25,28,6.8181232,7.78650416666667,6.78093333333333,7.82162666666667,0.968380966666668,Up_in_Sepsis,0.994285714285714,2.65505474958986e-14,GSE54514
MTF1,GSE65682,42,51,6.07646413678095,6.65641912182353,6.1187502983,6.7281799964,0.579954985042577,Up_in_Sepsis,0.77357609710551,6.18231329672613e-06,GSE54514
MTF1,GSE95233,22,51,7.17531765727273,8.26197867084967,7.17700403333334,8.26250471,1.08666101357695,Up_in_Sepsis,0.985739750445633,5.9097281654302e-11,GSE54514
CD4,GSE137340,14,43,6.17750543142857,5.24339995665116,6.3336965765,5.136112206,-0.934105474777408,Down_in_Sepsis,0.174418604651163,0.000142549672571846,GSE54514
CD4,GSE236713,30,125,0.8517124739,-0.384954492228,0.9272418,-0.38806795,-1.236666966128,Down_in_Sepsis,0.0829333333333334,1.42849008186007e-12,GSE54514
CD4,GSE57065,25,28,5.655319,4.78826839285714,5.70353,4.78138,-0.867050607142857,Down_in_Sepsis,0.0228571428571429,2.02447924656227e-12,GSE54514
CD4,GSE65682,42,51,2.96461791157143,2.71212943901961,3.002856902,2.697364969,-0.252488472551821,Down_in_Sepsis,0.283846872082166,0.000356304227316836,GSE54514
CD4,GSE95233,22,51,5.78955792363636,4.43294481509804,5.82380931,4.41106811,-1.35661310853832,Down_in_Sepsis,0.0035650623885918,2.22762533627504e-11,GSE54514
KLHL2,GSE137340,14,43,4.76524760771429,5.47184950463954,4.50471983275,5.4807546145,0.70660189692525,Up_in_Sepsis,0.789036544850498,0.000882837458545004,GSE54514
KLHL2,GSE236713,30,125,-1.91124009,0.261005643352,-1.88581375,0.2853849,2.172245733352,Up_in_Sepsis,0.964533333333334,3.08443868770184e-15,GSE54514
KLHL2,GSE57065,25,28,8.0099216,9.90763571428571,8.07879,10.10845,1.89771411428571,Up_in_Sepsis,0.947142857142857,2.65428035862123e-10,GSE54514
KLHL2,GSE65682,42,51,5.69947687130952,5.94478506490196,5.64451148875,6.018319351,0.245308193592437,Up_in_Sepsis,0.567226890756302,0.267939932544141,GSE54514
KLHL2,GSE95233,22,51,7.25603650636364,9.60037054196078,7.23366773,9.67989133,2.34433403559715,Up_in_Sepsis,0.980392156862745,9.55234536735608e-11,GSE54514
ITGAM,GSE137340,14,43,8.28098930371429,9.90805056344186,7.990106598,9.90494104,1.62706125972757,Up_in_Sepsis,0.867109634551495,1.15818527714491e-05,GSE54514
ITGAM,GSE236713,30,125,-1.14417423066667,0.122462905848,-1.05519555,0.10728216,1.26663713651467,Up_in_Sepsis,0.918133333333333,1.25320518707278e-12,GSE54514
ITGAM,GSE57065,25,28,6.639916,7.62875732142857,6.6686,7.626775,0.988841321428571,Up_in_Sepsis,0.997142857142857,8.85018249863286e-15,GSE54514
ITGAM,GSE65682,42,51,8.20292604039683,8.60428952526144,8.2261655985,8.637922122,0.401363484864612,Up_in_Sepsis,0.743230625583567,5.86302607729117e-05,GSE54514
ITGAM,GSE95233,22,51,8.02743138454546,9.04962278,8.11553856,9.069464185,1.02219139545455,Up_in_Sepsis,0.980392156862745,9.55234536735608e-11,GSE54514
GPR18,GSE137340,14,43,6.22290100142857,6.02136594590698,5.9769855995,5.97232083,-0.201535055521594,Down_in_Sepsis,0.431893687707641,0.457093279438225,GSE54514
GPR18,GSE236713,30,125,1.452647803,-0.467062276768,1.51501465,-0.32153368,-1.919710079768,Down_in_Sepsis,0.0317333333333333,1.85237119125629e-15,GSE54514
GPR18,GSE57065,25,28,7.6384188,5.60695571428571,7.71208,5.52495,-2.03146308571429,Down_in_Sepsis,0.0185714285714286,8.25279517997514e-13,GSE54514
GPR18,GSE65682,42,51,4.44304290482143,3.61450696640196,4.16050167325,3.5952993825,-0.828535938419468,Down_in_Sepsis,0.273576097105509,0.000183773623049862,GSE54514
GPR18,GSE95233,22,51,6.99960598636364,5.89107619078431,7.022123075,5.93371968,-1.10852979557932,Down_in_Sepsis,0.018716577540107,8.82077171942536e-11,GSE54514
ELANE,GSE137340,14,43,5.3029858485,8.02222263997675,4.7629406725,7.328105527,2.71923679147675,Up_in_Sepsis,0.906976744186047,5.64079846616375e-07,GSE54514
ELANE,GSE236713,30,125,-1.97987722466667,0.45597907676,-1.95628835,0.30448294,2.43585630142667,Up_in_Sepsis,0.9304,2.71721365865525e-13,GSE54514
ELANE,GSE57065,25,28,4.7841464,7.06830821428572,4.86238,6.71246,2.28416181428571,Up_in_Sepsis,0.892857142857143,1.13569309787656e-07,GSE54514
ELANE,GSE65682,42,51,3.5060406762381,5.28609273876471,3.296946499,4.817845175,1.78005206252661,Up_in_Sepsis,0.859010270774977,2.9778361613566e-09,GSE54514
ELANE,GSE95233,22,51,3.8225959,5.33250396431373,3.74546389,4.82635872,1.50990806431373,Up_in_Sepsis,0.870766488413547,5.87871512632611e-07,GSE54514
TNFRSF25,GSE137340,14,43,6.18019690946429,5.81296683565116,6.12706963725,5.915617081,-0.367230073813123,Down_in_Sepsis,0.332225913621263,0.0619421081092126,GSE54514
TNFRSF25,GSE236713,30,125,1.62109185766667,-0.444809486876,1.56461085,-0.49960864,-2.06590134454267,Down_in_Sepsis,0.0157333333333333,1.99145076149493e-16,GSE54514
TNFRSF25,GSE57065,25,28,5.63446846666667,4.93078523809524,5.61572166666667,4.93792833333334,-0.703683228571427,Down_in_Sepsis,0.0171428571428571,6.01812409907034e-13,GSE54514
TNFRSF25,GSE65682,42,51,3.67147418067857,3.15122739492157,3.46610433275,3.0961701355,-0.520246785757003,Down_in_Sepsis,0.23062558356676,8.56400623491198e-06,GSE54514
TNFRSF25,GSE95233,22,51,5.85135510484849,5.05691001232026,5.86218558333333,5.02973236666667,-0.794445092528224,Down_in_Sepsis,0.0294117647058824,2.27348975174705e-10,GSE54514
SLC36A1,GSE137340,14,43,5.36834375578571,6.26609923083721,5.2172862155,6.216704166,0.897755475051495,Up_in_Sepsis,0.770764119601329,0.00196863175131151,GSE54514
SLC36A1,GSE236713,30,125,-2.38962104666667,0.370897736592,-2.46955705,0.3440714,2.76051878325867,Up_in_Sepsis,0.9944,4.67077632717853e-17,GSE54514
SLC36A1,GSE57065,25,28,5.67726013333333,6.36936452380952,5.66955333333333,6.33311333333334,0.69210439047619,Up_in_Sepsis,0.985714285714286,3.07543841827492e-13,GSE54514
SLC36A1,GSE65682,42,51,3.68333410316667,3.9258257334,3.6923092594,3.9088342818,0.242491630233333,Up_in_Sepsis,0.725023342670402,0.00020146121540794,GSE54514
SLC36A1,GSE95233,22,51,6.70560630848485,7.70390139372549,6.68430672666667,7.67628275,0.998295085240642,Up_in_Sepsis,0.970588235294117,2.27348975174705e-10,GSE54514
BACH2,GSE137340,14,43,4.60354495119643,4.73413959451163,4.59973057875,4.636813636,0.1305946433152,Up_in_Sepsis,0.56312292358804,0.49123487062771,GSE54514
BACH2,GSE236713,30,125,2.07433841333333,-0.344494265336,2.050342325,-0.3784858,-2.41883267866933,Down_in_Sepsis,0.024,6.36120793677694e-16,GSE54514
BACH2,GSE57065,25,28,6.4475452,4.56257428571429,6.365085,4.336395,-1.88497091428571,Down_in_Sepsis,0.0328571428571429,1.27509004349053e-11,GSE54514
BACH2,GSE65682,42,51,2.84344966409524,2.58526325947059,2.676387867,2.476367827,-0.25818640462465,Down_in_Sepsis,0.336601307189542,0.00697285486814061,GSE54514
BACH2,GSE95233,22,51,5.91867616977273,4.57200326333333,5.8066477025,4.480686575,-1.34667290643939,Down_in_Sepsis,0.016934046345811,7.51822548100406e-11,GSE54514
DDHD2,GSE137340,14,43,5.09641119657143,5.46018364484884,5.0000328485,5.488847168,0.363772448277409,Up_in_Sepsis,0.789036544850498,0.000882837458545004,GSE54514
DDHD2,GSE236713,30,125,0.868778880666667,-0.277800521112,0.825674045,-0.204979655,-1.14657940177867,Down_in_Sepsis,0.0317333333333333,1.85237119125629e-15,GSE54514
DDHD2,GSE57065,25,28,5.7152772,3.97757392857143,5.81834,4.012285,-1.73770327142857,Down_in_Sepsis,0.0285714285714286,6.00484882532239e-12,GSE54514
DDHD2,GSE65682,42,51,3.16424736317857,2.95973605752941,3.0097126625,2.939250218,-0.204511305649159,Down_in_Sepsis,0.407563025210084,0.127334237313012,GSE54514
DDHD2,GSE95233,22,51,7.37306440409091,5.7565529872549,7.294225365,5.77520165,-1.61651141683601,Down_in_Sepsis,0,1.60188706567253e-11,GSE54514
ARHGEF18,GSE137340,14,43,9.24566783357143,9.8197792472093,9.118760326,9.940009134,0.574111413637874,Up_in_Sepsis,0.789036544850498,0.00129760040317058,GSE54514
ARHGEF18,GSE236713,30,125,0.950842248833333,-0.197879556692,0.98885084,-0.161232115,-1.14872180552533,Down_in_Sepsis,0.0237333333333333,6.12916569925766e-16,GSE54514
ARHGEF18,GSE57065,25,28,9.8774364,8.63798857142857,9.89706,8.715305,-1.23944782857143,Down_in_Sepsis,0,2.21254562465821e-15,GSE54514
ARHGEF18,GSE65682,42,51,7.51159735795238,7.17886460876471,7.356261757,7.221047133,-0.332732749187675,Down_in_Sepsis,0.312791783380019,0.00198908243500506,GSE54514
ARHGEF18,GSE95233,22,51,9.47203348863636,8.33258974254902,9.51551961,8.31252303,-1.13944374608734,Down_in_Sepsis,0.00267379679144385,2.05178515500888e-11,GSE54514
MKNK1,GSE137340,14,43,6.46608333292857,7.18252987925581,6.32867992275,7.2093653015,0.716446546327243,Up_in_Sepsis,0.81063122923588,0.000312251163096141,GSE54514
MKNK1,GSE236713,30,125,-1.62343389,0.510883557568,-1.64516165,0.65301347,2.134317447568,Up_in_Sepsis,0.951466666666667,1.78114324046603e-14,GSE54514
MKNK1,GSE57065,25,28,6.9918668,8.68497130952381,7.06774333333333,8.86729833333333,1.69310450952381,Up_in_Sepsis,1,2.21254562465821e-15,GSE54514
MKNK1,GSE65682,42,51,5.40454258902381,5.69559095493627,5.515866989125,5.6949900815,0.291048365912465,Up_in_Sepsis,0.612044817927171,0.0644666844060643,GSE54514
MKNK1,GSE95233,22,51,7.09009474439394,8.67478624555556,7.05014280333334,8.72999900666667,1.58469150116161,Up_in_Sepsis,0.988413547237077,4.63944869067713e-11,GSE54514
FGFBP2,GSE137340,14,43,8.82698706192857,7.64860136590698,8.8254792715,7.341597524,-1.17838569602159,Down_in_Sepsis,0.292358803986711,0.0197696198688842,GSE54514
FGFBP2,GSE236713,30,125,1.554705039,-0.632313492712,1.6569903,-0.5379405,-2.187018531712,Down_in_Sepsis,0.106133333333333,2.27437142377527e-11,GSE54514
FGFBP2,GSE57065,25,28,7.712494,5.72687035714286,7.70483,5.420895,-1.98562364285714,Down_in_Sepsis,0.151428571428571,4.42126076200337e-06,GSE54514
FGFBP2,GSE65682,42,51,5.72802640064286,4.17341366347059,5.865941656,3.9159778725,-1.55461273717227,Down_in_Sepsis,0.127450980392157,7.42785999895666e-10,GSE54514
FGFBP2,GSE95233,22,51,8.93605766181818,6.23053564411765,9.11388281,6.38139275,-2.70552201770054,Down_in_Sepsis,0.0142602495543672,5.9097281654302e-11,GSE54514
BATF,GSE137340,14,43,5.89742888992857,7.7595928172093,5.4418309795,7.94081838,1.86216392728073,Up_in_Sepsis,0.863787375415283,5.10508434320555e-05,GSE54514
BATF,GSE236713,30,125,-0.958426793666667,0.17377761664,-1.0034547,0.100373745,1.13220441030667,Up_in_Sepsis,0.927466666666666,3.93158254485476e-13,GSE54514
BATF,GSE57065,25,28,7.128882,7.91958535714286,7.17044,7.86607,0.790703357142857,Up_in_Sepsis,0.941428571428571,5.67619729823566e-10,GSE54514
BATF,GSE65682,42,51,5.91809098602381,6.39711166082353,5.9544999675,6.486804148,0.47902067479972,Up_in_Sepsis,0.699346405228758,0.000992735535672885,GSE54514
BATF,GSE95233,22,51,6.06310874272727,7.51767523705882,6.05110794,7.48997782,1.45456649433155,Up_in_Sepsis,0.998217468805704,1.88955739655682e-11,GSE54514
SRPK1,GSE137340,14,43,7.28468028178572,9.29764261211628,6.8626926065,9.272162039,2.01296233033056,Up_in_Sepsis,0.878737541528239,5.16186693059591e-06,GSE54514
SRPK1,GSE236713,30,125,-1.88451007,0.11872681884,-2.01168365,0.08205795,2.00323688884,Up_in_Sepsis,0.965866666666667,2.57208337503296e-15,GSE54514
SRPK1,GSE57065,25,28,7.3552492,8.49494428571429,7.27256,8.4468475,1.13969508571429,Up_in_Sepsis,0.994285714285714,2.65505474958986e-14,GSE54514
SRPK1,GSE65682,42,51,7.30623438856349,7.26195895171242,7.3301232785,7.30271059666667,-0.0442754368510743,Down_in_Sepsis,0.505135387488329,0.935394286414627,GSE54514
SRPK1,GSE95233,22,51,7.28783440727273,8.61788456166667,7.320236285,8.703194995,1.33005015439394,Up_in_Sepsis,0.964349376114082,3.91262324649178e-10,GSE54514
SYNE2,GSE137340,14,43,4.76432425851786,4.92700091938954,4.703507414375,4.8216147425,0.162676660871678,Up_in_Sepsis,0.682724252491695,0.0414129511255236,GSE54514
SYNE2,GSE236713,30,125,0.76388175025,-0.321986714332,0.6747276825,-0.25829077,-1.085868464582,Down_in_Sepsis,0.0936,5.19673185499701e-12,GSE54514
SYNE2,GSE57065,25,28,5.17507432,4.63738635714286,5.14752,4.640015,-0.537687962857143,Down_in_Sepsis,0.0542857142857143,3.22170980952107e-10,GSE54514
SYNE2,GSE65682,42,51,4.88353500925,3.97667879352941,4.982785343875,3.86910198175,-0.906856215720588,Down_in_Sepsis,0.15266106442577,9.47797294486998e-09,GSE54514
SYNE2,GSE95233,22,51,7.18850405118182,5.60627026156863,7.151897092,5.508085154,-1.58223378961319,Down_in_Sepsis,0,1.60188706567253e-11,GSE54514
LRRN1,GSE137340,14,43,4.59039416471429,5.10155516753488,4.3490111625,5.116178121,0.511161002820598,Up_in_Sepsis,0.800664451827243,0.000511075771431277,GSE54514
LRRN1,GSE236713,30,125,-1.668266549,0.428428481464,-1.74543925,0.46802545,2.096695030464,Up_in_Sepsis,0.9352,1.47670499582509e-13,GSE54514
LRRN1,GSE57065,25,28,2.4118638,3.62015571428571,2.4179,3.6697125,1.20829191428571,Up_in_Sepsis,0.965714285714285,1.6235659793742e-11,GSE54514
LRRN1,GSE65682,42,51,3.45069152916667,3.99531559703922,3.3387435385,3.834797785,0.544624067872549,Up_in_Sepsis,0.698879551820728,0.00102033981118695,GSE54514
LRRN1,GSE95233,22,51,3.55431540840909,5.38012391205882,3.62806274,5.400476055,1.82580850364973,Up_in_Sepsis,0.994652406417112,2.62469054871502e-11,GSE54514
MEN1,GSE137340,14,43,4.58777932642857,4.73749554895349,4.5816041815,4.61960827475,0.149716222524916,Up_in_Sepsis,0.602990033222591,0.257449737936608,GSE54514
MEN1,GSE236713,30,125,0.763143711883333,-0.141657544676,0.7332383375,-0.15708649,-0.904801256559333,Down_in_Sepsis,0.0717333333333333,3.55561831152515e-13,GSE54514
MEN1,GSE57065,25,28,6.6538928,5.61158428571429,6.69605,5.58325,-1.04230851428571,Down_in_Sepsis,0.00714285714285714,4.20383668685061e-14,GSE54514
MEN1,GSE65682,42,51,3.01643658514286,2.64068330876471,2.9687561925,2.614839293,-0.375753276378151,Down_in_Sepsis,0.203548085901027,9.66515632862645e-07,GSE54514
MEN1,GSE95233,22,51,5.44766250863636,4.68791718745098,5.46167254,4.69990403,-0.759745321185383,Down_in_Sepsis,0.0374331550802139,4.5633095618853e-10,GSE54514
EPHX2,GSE137340,14,43,5.43788152971429,5.13566059890698,5.4975403105,5.155130116,-0.302220930807309,Down_in_Sepsis,0.365448504983389,0.136826079481739,GSE54514
EPHX2,GSE236713,30,125,1.58566066,-0.204346971464,1.5675025,-0.1949563,-1.790007631464,Down_in_Sepsis,0.0274666666666667,1.0292890169365e-15,GSE54514
EPHX2,GSE57065,25,28,4.5944412,3.54083214285714,4.51049,3.504535,-1.05360905714286,Down_in_Sepsis,0.00142857142857143,4.42509124931643e-15,GSE54514
EPHX2,GSE65682,42,51,2.53026451654762,2.17223946598039,2.261567005,2.098151418,-0.358025050567227,Down_in_Sepsis,0.355275443510738,0.016878759275338,GSE54514
EPHX2,GSE95233,22,51,5.06283071772727,3.6848447345098,5.04680941,3.6894332,-1.37798598321747,Down_in_Sepsis,0.0303030303030303,2.45787230860139e-10,GSE54514
MTX1,GSE137340,14,43,6.41896852321429,7.72711368460465,6.153055401,7.780039786,1.30814516139037,Up_in_Sepsis,0.840531561461794,6.13456473478384e-05,GSE54514
MTX1,GSE236713,30,125,-1.14921714533333,0.206562206096,-1.14799905,0.24279046,1.35577935142933,Up_in_Sepsis,0.9416,6.48292922957738e-14,GSE54514
MTX1,GSE57065,25,28,7.68618,8.41308178571429,7.79119,8.445815,0.726901785714286,Up_in_Sepsis,0.924285714285714,4.53013185284708e-09,GSE54514
MTX1,GSE65682,42,51,6.31007348288095,6.61885108123529,6.358932539,6.715279826,0.308777598354342,Up_in_Sepsis,0.712885154061625,0.000437347051827842,GSE54514
MTX1,GSE95233,22,51,7.24540449318182,8.27535357588235,7.268127565,8.33084898,1.02994908270053,Up_in_Sepsis,0.99554367201426,2.41819260539641e-11,GSE54514
JAK2,GSE137340,14,43,5.43189326435714,6.47417291834884,5.043208529,6.65347574,1.04227965399169,Up_in_Sepsis,0.767441860465116,0.00226161516289298,GSE54514
JAK2,GSE236713,30,125,-1.03615370066667,0.098620151304,-1.04753325,0.093010426,1.13477385197067,Up_in_Sepsis,0.916,1.62776717662875e-12,GSE54514
JAK2,GSE57065,25,28,5.77386706666667,7.24758369047619,5.76858,7.18364666666667,1.47371662380952,Up_in_Sepsis,0.974285714285714,3.53343536257917e-12,GSE54514
JAK2,GSE65682,42,51,5.06339591039682,5.51364410401961,5.04260329166667,5.61294342033333,0.450248193622784,Up_in_Sepsis,0.682539682539683,0.0025726946198045,GSE54514
JAK2,GSE95233,22,51,5.88346737257576,7.32034857875817,5.90824198666667,7.40286360333333,1.43688120618241,Up_in_Sepsis,0.981283422459893,8.82077171942536e-11,GSE54514
HLA-DMA,GSE137340,14,43,9.2084376155,10.0052785560698,8.912012444,10.01943121,0.796840940569767,Up_in_Sepsis,0.752491694352159,0.00411662639779107,GSE54514
HLA-DMA,GSE236713,30,125,1.04565622716667,-0.42362892246,1.0929855,-0.34262193,-1.46928514962667,Down_in_Sepsis,0.0282666666666666,1.1496266352639e-15,GSE54514
HLA-DMA,GSE57065,25,28,9.210846,7.35726321428571,9.09663,7.246125,-1.85358278571429,Down_in_Sepsis,0.0342857142857143,1.6235659793742e-11,GSE54514
HLA-DMA,GSE65682,42,51,6.19918381117857,4.98273886685294,6.242082765,5.1221129815,-1.21644494432563,Down_in_Sepsis,0.15499533146592,1.18956088408815e-08,GSE54514
HLA-DMA,GSE95233,22,51,8.57831220136364,6.72129670490196,8.652857625,6.59168605,-1.85701549646168,Down_in_Sepsis,0.0151515151515152,6.40439715698351e-11,GSE54514
MAN1A1,GSE137340,14,43,5.13464665171429,5.65894574311628,4.8625548995,5.577880882,0.524299091401993,Up_in_Sepsis,0.744186046511628,0.00564374679021193,GSE54514
MAN1A1,GSE236713,30,125,-0.807728851166667,0.04536863128,-0.801960705,0.08826518,0.853097482446667,Up_in_Sepsis,0.881333333333333,9.52145944207486e-11,GSE54514
MAN1A1,GSE57065,25,28,6.1761716,7.2944425,6.21096,7.2677225,1.1182709,Up_in_Sepsis,0.937142857142857,9.7986344315551e-10,GSE54514
MAN1A1,GSE65682,42,51,4.80973082888095,5.65856288477941,4.6331179925,5.779392985,0.848832055898459,Up_in_Sepsis,0.795518207282913,1.04538904539685e-06,GSE54514
MAN1A1,GSE95233,22,51,6.61289860522727,7.83762681490196,6.7148550325,7.88069167,1.22472820967469,Up_in_Sepsis,0.951871657754011,1.1350067909103e-09,GSE54514
ANKS1A,GSE137340,14,43,6.100923982,7.28556765618605,5.8797756445,7.288437028,1.18464367418605,Up_in_Sepsis,0.81063122923588,0.000312251163096141,GSE54514
ANKS1A,GSE236713,30,125,-1.14569345556667,0.428403218384,-1.105058675,0.403834225,1.57409667395067,Up_in_Sepsis,0.9768,5.68982032753381e-16,GSE54514
ANKS1A,GSE57065,25,28,6.3056256,7.08700357142857,6.28889,7.19754,0.781377971428571,Up_in_Sepsis,0.861428571428572,1.66261724813358e-06,GSE54514
ANKS1A,GSE65682,42,51,4.55654991301191,5.25225121583333,4.6455979815,5.2903660715,0.695701302821429,Up_in_Sepsis,0.774509803921569,5.74681376280225e-06,GSE54514
ANKS1A,GSE95233,22,51,7.33716994727273,8.20160833078431,7.33971589,8.13895383,0.864438383511587,Up_in_Sepsis,0.911764705882353,2.88669210785192e-08,GSE54514
TARP,GSE137340,14,43,7.10796534371429,6.15085815127907,7.088790671,6.303269551,-0.957107192435216,Down_in_Sepsis,0.224252491694352,0.00159239590439453,GSE54514
TARP,GSE236713,30,125,2.0316118565,-0.224488382,2.072985275,-0.3735243045,-2.2561002385,Down_in_Sepsis,0.0504,2.27912616137746e-14,GSE54514
TARP,GSE57065,25,28,8.466887,6.63202321428572,8.621685,6.3118975,-1.83486378571429,Down_in_Sepsis,0.08,7.3143926292801e-09,GSE54514
TARP,GSE65682,42,51,6.22646801688095,5.56563107082353,5.936322968,5.401331171,-0.660836946057423,Down_in_Sepsis,0.361811391223156,0.0225331709810997,GSE54514
TARP,GSE95233,22,51,9.2027658475,7.20571085843137,9.1321835925,7.17645207,-1.99705498906863,Down_in_Sepsis,0.036541889483066,4.22575839864111e-10,GSE54514
GNAQ,GSE137340,14,43,4.89663924628571,5.33040220825581,4.7870511525,5.248171445,0.4337629619701,Up_in_Sepsis,0.712624584717608,0.0168688224440177,GSE54514
GNAQ,GSE236713,30,125,-1.23460720166667,0.324490817824,-1.2489655,0.28020716,1.55909801949067,Up_in_Sepsis,0.9656,2.66735498895389e-15,GSE54514
GNAQ,GSE57065,25,28,7.27001296,7.97060278571429,7.315366,7.922742,0.700589825714286,Up_in_Sepsis,0.951428571428571,1.46118725598053e-10,GSE54514
GNAQ,GSE65682,42,51,6.06936961479932,6.44789964690756,6.14781391392857,6.44804611628571,0.378530032108242,Up_in_Sepsis,0.711484593837535,0.000477095055252169,GSE54514
GNAQ,GSE95233,22,51,7.38210607718182,8.39327061827451,7.431075228,8.374957922,1.01116454109269,Up_in_Sepsis,0.950089126559715,1.3185393727247e-09,GSE54514
PRF1,GSE137340,14,43,9.32492551192857,8.69386502541861,9.053954235,8.525522612,-0.631060486509966,Down_in_Sepsis,0.315614617940199,0.0395278901132636,GSE54514
PRF1,GSE236713,30,125,1.35118907033333,-0.2663513296,1.38126825,-0.1534996,-1.61754039993333,Down_in_Sepsis,0.120266666666667,1.13946343817083e-10,GSE54514
PRF1,GSE57065,25,28,9.5355144,7.68502321428572,9.43972,7.6176,-1.85049118571429,Down_in_Sepsis,0.0671428571428572,1.66003315635981e-09,GSE54514
PRF1,GSE65682,42,51,6.02112690760714,4.77303257662745,6.00905596475,4.554959574,-1.24809433097969,Down_in_Sepsis,0.166666666666667,3.62489033813588e-08,GSE54514
PRF1,GSE95233,22,51,9.62513631886364,7.26471138068628,9.689502325,7.22537834,-2.36042493817736,Down_in_Sepsis,0.00267379679144385,2.05178515500888e-11,GSE54514
LRRN3,GSE137340,14,43,5.18794373435714,5.04664157151163,5.157799576,5.058574261,-0.141302162845514,Down_in_Sepsis,0.426910299003322,0.424295910299058,GSE54514
LRRN3,GSE236713,30,125,2.73643413333333,-0.536506406688,2.80533335,-0.52143,-3.27294054002133,Down_in_Sepsis,0.0298666666666667,1.43337123119402e-15,GSE54514
LRRN3,GSE57065,25,28,6.366913,3.50497696428571,6.164365,3.423575,-2.86193603571429,Down_in_Sepsis,0.00428571428571428,1.54878193726075e-14,GSE54514
LRRN3,GSE65682,42,51,2.62054089432143,2.24246115762745,2.32871035625,2.1667402065,-0.378079736693977,Down_in_Sepsis,0.374416433239963,0.0381891843186247,GSE54514
LRRN3,GSE95233,22,51,4.88598144886364,3.84195424931373,4.78518748,3.854501225,-1.04402719954991,Down_in_Sepsis,0.0151515151515152,6.40439715698351e-11,GSE54514
WDR54,GSE137340,14,43,6.94464982978571,7.0669306184186,6.7588218165,6.881276341,0.122280788632891,Up_in_Sepsis,0.574750830564784,0.413669783035459,GSE54514
WDR54,GSE236713,30,125,1.227231487,-0.312700614624,1.26547095,-0.2917421,-1.539932101624,Down_in_Sepsis,0.0112,1.04470720762514e-16,GSE54514
WDR54,GSE57065,25,28,6.7093204,5.76839857142857,6.6952,5.820245,-0.940921828571429,Down_in_Sepsis,0.0114285714285714,1.482405568521e-13,GSE54514
WDR54,GSE65682,42,51,3.60488360419048,3.1011597734902,3.376050639,2.972349846,-0.503723830700281,Down_in_Sepsis,0.276377217553688,0.000220738921520509,GSE54514
WDR54,GSE95233,22,51,7.45122088227273,6.09507323431373,7.407006945,6.11579538,-1.356147647959,Down_in_Sepsis,0.00445632798573975,2.41819260539641e-11,GSE54514
SCPEP1,GSE137340,14,43,8.12590898642857,8.917539731,7.9055583125,9.065013474,0.791630744571428,Up_in_Sepsis,0.810631229235881,0.000312251163096141,GSE54514
SCPEP1,GSE236713,30,125,-1.12716903,0.179563105924,-1.095904225,0.135390872,1.306732135924,Up_in_Sepsis,0.936,1.33315134703302e-13,GSE54514
SCPEP1,GSE57065,25,28,6.1329368,6.91997928571429,6.110645,6.903305,0.787042485714286,Up_in_Sepsis,0.961428571428571,3.26107099618374e-11,GSE54514
SCPEP1,GSE65682,42,51,6.783089732,7.77190746080392,6.796857719,7.820611227,0.988817728803922,Up_in_Sepsis,0.889355742296919,1.23786686298747e-10,GSE54514
SCPEP1,GSE95233,22,51,6.73323381,7.91883330411765,6.6752651575,8.00899795,1.18559949411765,Up_in_Sepsis,0.957219251336898,7.21511319630196e-10,GSE54514
MPRIP,GSE137340,14,43,4.74088229414286,4.74100548637209,4.74770006416667,4.596704029,0.000123192229236402,Up_in_Sepsis,0.372093023255814,0.157779125425708,GSE54514
MPRIP,GSE236713,30,125,0.715924365547619,-0.116441574976,0.700313325714286,-0.195719381428571,-0.832365940523619,Down_in_Sepsis,0.1008,1.22010880780333e-11,GSE54514
MPRIP,GSE57065,25,28,6.0863716,5.41733726190476,6.07785833333333,5.39266,-0.669034338095238,Down_in_Sepsis,0.00428571428571429,1.54878193726075e-14,GSE54514
MPRIP,GSE65682,42,51,4.53966902271429,4.18040328117647,4.46962933025,4.179634207,-0.359265741537815,Down_in_Sepsis,0.211017740429505,1.79871376878615e-06,GSE54514
MPRIP,GSE95233,22,51,6.23822020727273,5.45312523833333,6.2254964375,5.45904217333333,-0.785094968939393,Down_in_Sepsis,0.0035650623885918,2.22762533627504e-11,GSE54514
NLRC3,GSE137340,14,43,5.30943638892857,5.23512471041861,5.23087919875,5.253141971,-0.0743116785099671,Down_in_Sepsis,0.456810631229236,0.64006068634829,GSE54514
NLRC3,GSE236713,30,125,0.3472071855,0.019929257944,0.3294891125,-0.045955775,-0.327277927556,Down_in_Sepsis,0.260533333333333,4.80583037797811e-05,GSE54514
NLRC3,GSE57065,25,28,8.4811112,6.36227821428571,8.58323,6.40189,-2.11883298571429,Down_in_Sepsis,0,2.21254562465821e-15,GSE54514
NLRC3,GSE65682,42,51,4.88646998161905,4.23935209603922,4.645778139,4.101343153,-0.647117885579831,Down_in_Sepsis,0.261904761904762,8.37746746064173e-05,GSE54514
NLRC3,GSE95233,22,51,7.63367608181818,5.44067772882353,7.61084043,5.37236848,-2.19299835299465,Down_in_Sepsis,0,1.60188706567253e-11,GSE54514
COL17A1,GSE137340,14,43,4.45358845896429,5.72561517976744,4.30852907025,5.3935172645,1.27202672080316,Up_in_Sepsis,0.92358803986711,1.24122170380611e-07,GSE54514
COL17A1,GSE236713,30,125,-2.27305892333333,0.448300560368,-2.15012385,0.4743929,2.72135948370133,Up_in_Sepsis,0.949866666666667,2.20038679780032e-14,GSE54514
COL17A1,GSE57065,25,28,4.0029588,5.41459428571429,4.00153,5.296285,1.41163548571429,Up_in_Sepsis,0.957142857142857,6.3278804865225e-11,GSE54514
COL17A1,GSE65682,42,51,2.8403861505,4.70186157785294,2.67673723275,4.463769466,1.86147542735294,Up_in_Sepsis,0.906629318394024,1.81407085393543e-11,GSE54514
COL17A1,GSE95233,22,51,4.57999039636364,5.19428925254902,4.70824452,5.06570141,0.614298856185383,Up_in_Sepsis,0.85650623885918,1.5645681811231e-06,GSE54514
WSB1,GSE137340,14,43,7.65388872685714,9.03069428797674,7.2946631255,9.064331147,1.3768055611196,Up_in_Sepsis,0.852159468438538,3.04347690174248e-05,GSE54514
WSB1,GSE236713,30,125,-1.08910919133333,0.340143733024,-1.06008505,0.28591585,1.42925292435733,Up_in_Sepsis,0.9232,6.69959649076527e-13,GSE54514
WSB1,GSE57065,25,28,6.4107612,8.16704351190476,6.36780666666667,8.37171833333333,1.75628231190476,Up_in_Sepsis,0.992857142857143,4.20383668685061e-14,GSE54514
WSB1,GSE65682,42,51,6.25385274089456,6.37508600597199,6.26778311671429,6.33667939742857,0.12123326507743,Up_in_Sepsis,0.513538748832866,0.825855711693937,GSE54514
WSB1,GSE95233,22,51,7.4778496019697,9.0621863820915,7.481995445,9.12323310333333,1.58433678012181,Up_in_Sepsis,1,1.60188706567253e-11,GSE54514
ATP6V0E2,GSE137340,14,43,7.13425452557143,7.38404160853488,7.110722784,7.56056686,0.249787082963455,Up_in_Sepsis,0.602990033222591,0.257449737936608,GSE54514
ATP6V0E2,GSE236713,30,125,1.66494745333333,-0.296616540464,1.7665446,-0.26023197,-1.96156399379733,Down_in_Sepsis,0.00746666666666667,6.11441610250757e-17,GSE54514
ATP6V0E2,GSE57065,25,28,6.9217936,5.51417464285714,6.89093,5.489855,-1.40761895714286,Down_in_Sepsis,0,2.21254562465821e-15,GSE54514
ATP6V0E2,GSE65682,42,51,2.74582778011905,2.61545497937255,2.7038871065,2.56726073166667,-0.130372800746497,Down_in_Sepsis,0.351540616246499,0.0142421133926609,GSE54514
ATP6V0E2,GSE95233,22,51,8.33333308954546,6.95787031431373,8.23770905,6.90399613,-1.37546277523173,Down_in_Sepsis,0.0142602495543672,5.9097281654302e-11,GSE54514
SLC22A15,GSE137340,14,43,5.19843856157143,6.28167985009302,4.8939751685,6.282553722,1.08324128852159,Up_in_Sepsis,0.803986710963455,0.000434777002978728,GSE54514
SLC22A15,GSE236713,30,125,-1.6412228766,0.17472447664,-1.662424925,0.27860021,1.81594735324,Up_in_Sepsis,0.962666666666667,3.97424855205802e-15,GSE54514
SLC22A15,GSE57065,25,28,6.30075,7.51593071428571,6.24373,7.54928,1.21518071428571,Up_in_Sepsis,0.968571428571428,9.97415567595923e-12,GSE54514
SLC22A15,GSE65682,42,51,3.78211947952381,3.90564864782353,3.835081754,3.87926299466667,0.12352916829972,Up_in_Sepsis,0.558823529411765,0.332615420903934,GSE54514
SLC22A15,GSE95233,22,51,4.90752292227273,6.34464838137255,4.934843775,6.44982426,1.43712545909982,Up_in_Sepsis,0.959001782531194,6.19679960010317e-10,GSE54514
ATM,GSE137340,14,43,6.03900699760714,6.00804276519186,5.972607909625,5.96263388475,-0.0309642324152826,Down_in_Sepsis,0.485049833887043,0.87622654000719,GSE54514
ATM,GSE236713,30,125,0.977297793777778,-0.301063912218667,0.996744636666665,-0.119739296666667,-1.27836170599645,Down_in_Sepsis,0.0096,8.30812206318591e-17,GSE54514
ATM,GSE57065,25,28,6.08263866666667,5.52444077380952,6.10397,5.53587,-0.558197892857143,Down_in_Sepsis,0.0571428571428571,4.71093001856602e-10,GSE54514
ATM,GSE65682,42,51,4.05585096710119,3.55468416773039,4.124494958375,3.57641183925,-0.501166799370798,Down_in_Sepsis,0.205415499533147,1.13043864028343e-06,GSE54514
ATM,GSE95233,22,51,6.82783657757576,5.99723875107843,6.77844196083334,5.97957317833333,-0.830597826497326,Down_in_Sepsis,0.0115864527629234,4.63944869067713e-11,GSE54514
LRRFIP2,GSE137340,14,43,5.37656180802381,6.09231502132558,5.19962469066667,6.09576837933333,0.71575321330177,Up_in_Sepsis,0.8421926910299,5.56405121878381e-05,GSE54514
LRRFIP2,GSE236713,30,125,-1.03697575722222,0.255424726496,-1.046161825,0.26696261,1.29240048371822,Up_in_Sepsis,0.981333333333333,3.01374142962597e-16,GSE54514
LRRFIP2,GSE57065,25,28,3.97187616,4.67061221428571,3.961218,4.594909,0.698736054285714,Up_in_Sepsis,0.964285714285714,2.05678241268228e-11,GSE54514
LRRFIP2,GSE65682,42,51,5.27144606995238,5.55168428623529,5.21822501975,5.6206396515,0.280238216282913,Up_in_Sepsis,0.658263305322129,0.00896940777305106,GSE54514
LRRFIP2,GSE95233,22,51,6.05733792272727,6.67020437129412,6.070434677,6.661669344,0.612866448566845,Up_in_Sepsis,0.960784313725491,5.31920088083784e-10,GSE54514
DHRS3,GSE137340,14,43,5.55084936521429,5.27163243813954,5.640370776,5.215096222,-0.279216927074751,Down_in_Sepsis,0.333887043189369,0.0646582863878954,GSE54514
DHRS3,GSE236713,30,125,1.35386949666667,-0.12059901532,1.40391085,-0.07216358,-1.47446851198667,Down_in_Sepsis,0.0530666666666666,3.23578325446997e-14,GSE54514
DHRS3,GSE57065,25,28,6.698046,5.55574607142857,6.66131,5.540585,-1.14229992857143,Down_in_Sepsis,0.00285714285714286,8.85018249863286e-15,GSE54514
DHRS3,GSE65682,42,51,3.51551300792857,3.03277314835294,3.4364774545,2.84796973,-0.48273985957563,Down_in_Sepsis,0.271708683473389,0.000162453278229787,GSE54514
DHRS3,GSE95233,22,51,6.58019298590909,5.30746493156863,6.582108955,5.17644525,-1.27272805434046,Down_in_Sepsis,0.0436720142602495,7.78375215666962e-10,GSE54514
IFNGR1,GSE137340,14,43,9.60297377457143,11.0451857649535,9.2894276875,11.18644094,1.44221199038206,Up_in_Sepsis,0.832225913621262,0.000216857743109656,GSE54514
IFNGR1,GSE236713,30,125,-1.23509836333333,0.246428163464,-1.1853421,0.09541416,1.48152652679733,Up_in_Sepsis,0.9464,3.46989563998485e-14,GSE54514
IFNGR1,GSE57065,25,28,8.70064386666667,9.98974059523809,8.70705,9.96292666666667,1.28909672857143,Up_in_Sepsis,0.984285714285714,4.31446396808352e-13,GSE54514
IFNGR1,GSE65682,42,51,8.61876556790476,8.8301903022451,8.5950474745,8.9763490485,0.211424734340337,Up_in_Sepsis,0.604575163398692,0.084452050935014,GSE54514
IFNGR1,GSE95233,22,51,7.979535075,9.46530269477124,8.05686455833333,9.48088478333333,1.48576761977124,Up_in_Sepsis,0.983065953654189,7.51822548100406e-11,GSE54514
CD8A,GSE137340,14,43,7.89632855295238,7.83493663002326,7.71529864733334,7.41662127866667,-0.0613919229291255,Down_in_Sepsis,0.40531561461794,0.2985473132378,GSE54514
CD8A,GSE236713,30,125,1.62156802146667,-0.349378986044,1.64931215,-0.3938661715,-1.97094700751067,Down_in_Sepsis,0.0509333333333333,2.44501050410599e-14,GSE54514
CD8A,GSE57065,25,28,8.3419008,6.54634607142857,8.28367,6.259615,-1.79555472857143,Down_in_Sepsis,0.0971428571428572,4.36042562085367e-08,GSE54514
CD8A,GSE65682,42,51,4.3904368659881,3.63416317409804,4.4599920225,3.5338893995,-0.756273691890057,Down_in_Sepsis,0.278244631185808,0.000249145047489647,GSE54514
CD8A,GSE95233,22,51,8.76438650545455,6.14961487745098,8.67951009,6.07731891,-2.61477162800357,Down_in_Sepsis,0.0169340463458111,7.51822548100406e-11,GSE54514
CD40LG,GSE137340,14,43,5.52968138642857,4.95405682141861,5.6434468545,4.765482407,-0.575624565009966,Down_in_Sepsis,0.22093023255814,0.00137868549658167,GSE54514
CD40LG,GSE236713,30,125,2.01247037333333,-0.496911676152,2.06293465,-0.48420095,-2.50938204948533,Down_in_Sepsis,0.0125333333333333,1.26375431476583e-16,GSE54514
CD40LG,GSE57065,25,28,6.1035448,5.61247071428571,6.09243,5.56584,-0.491074085714286,Down_in_Sepsis,0.102857142857143,7.58728424529789e-08,GSE54514
CD40LG,GSE65682,42,51,2.70231174914286,2.46449742847059,2.714213027,2.436825467,-0.237814320672269,Down_in_Sepsis,0.26844070961718,0.000130635719861379,GSE54514
CD40LG,GSE95233,22,51,5.54293723181818,4.50850350568627,5.52005451,4.51497136,-1.03443372613191,Down_in_Sepsis,0.0276292335115865,1.94435767733088e-10,GSE54514
MEF2A,GSE137340,14,43,4.29477684510714,4.5770338315,4.24714760225,4.423944021,0.282256986392857,Up_in_Sepsis,0.863787375415283,1.44528445939708e-05,GSE54514
MEF2A,GSE236713,30,125,-1.10935112566667,0.243247764376,-1.15311265,0.15324306,1.35259889004267,Up_in_Sepsis,0.963733333333333,3.43878852508724e-15,GSE54514
MEF2A,GSE57065,25,28,5.1824366,6.41887875,5.2234625,6.54793875,1.23644215,Up_in_Sepsis,0.931428571428571,1.97128964974548e-09,GSE54514
MEF2A,GSE65682,42,51,5.77367337458333,6.09371924883333,5.871676062375,6.27809115625,0.320045874250001,Up_in_Sepsis,0.642390289449113,0.0187362124808672,GSE54514
MEF2A,GSE95233,22,51,5.33123885295455,6.60979953083333,5.30457279375,6.664999455,1.27856067787879,Up_in_Sepsis,0.977718360071301,1.21213677994709e-10,GSE54514
VSIG4,GSE137340,14,43,4.63008178992857,6.01494695560465,4.4139989185,5.867212438,1.38486516567608,Up_in_Sepsis,0.89202657807309,1.9120745116751e-06,GSE54514
VSIG4,GSE236713,30,125,-3.33360905333333,1.017398512016,-3.275336,1.4247501,4.35100756534933,Up_in_Sepsis,0.9528,1.49264834572507e-14,GSE54514
VSIG4,GSE57065,25,28,4.5915864,6.30070142857143,4.628,5.942995,1.70911502857143,Up_in_Sepsis,0.908571428571429,2.45735450533502e-08,GSE54514
VSIG4,GSE65682,42,51,2.85815244730159,3.84623663199346,2.44407194716667,3.64410957033333,0.988084184691877,Up_in_Sepsis,0.753968253968254,2.71890025629624e-05,GSE54514
VSIG4,GSE95233,22,51,4.92218644590909,6.86265454686275,4.857229825,6.72377599,1.94046810095365,Up_in_Sepsis,0.967914438502673,2.87149299473703e-10,GSE54514
DPY19L3,GSE137340,14,43,4.23340665192857,4.56144700704651,4.2161975615,4.377059715,0.328040355117941,Up_in_Sepsis,0.868770764119601,1.0352095404657e-05,GSE54514
DPY19L3,GSE236713,30,125,-1.08652657696667,0.421860991856,-1.081184875,0.34549117,1.50838756882267,Up_in_Sepsis,0.8848,6.43625306834105e-11,GSE54514
DPY19L3,GSE57065,25,28,6.0625168,7.98052928571429,6.03315,8.09656,1.91801248571429,Up_in_Sepsis,0.961428571428571,3.26107099618374e-11,GSE54514
DPY19L3,GSE65682,42,51,2.57403198861905,2.93566718303922,2.5168691135,2.878089595,0.361635194420168,Up_in_Sepsis,0.750233426704015,3.56415344787041e-05,GSE54514
DPY19L3,GSE95233,22,51,6.79667287545455,8.77709064254902,6.778715055,8.79092787,1.98041776709447,Up_in_Sepsis,0.998217468805704,1.88955739655682e-11,GSE54514
SH2D2A,GSE137340,14,43,5.06714114778572,5.21927578365116,4.9573040265,5.236784501,0.152134635865449,Up_in_Sepsis,0.581395348837209,0.372731651961575,GSE54514
SH2D2A,GSE236713,30,125,1.27358673433333,-0.110303092064,1.150724775,-0.018749595,-1.38388982639733,Down_in_Sepsis,0.0752,5.48915910333226e-13,GSE54514
SH2D2A,GSE57065,25,28,6.8088528,5.83651357142857,6.79429,5.697375,-0.972339228571429,Down_in_Sepsis,0.0771428571428572,5.32311262981583e-09,GSE54514
SH2D2A,GSE65682,42,51,4.36522422857143,3.37220571194118,4.5203968525,3.185579001,-0.993018516630253,Down_in_Sepsis,0.195611577964519,4.91565394238915e-07,GSE54514
SH2D2A,GSE95233,22,51,6.99523442045455,5.26735127372549,6.91179954,5.28637186,-1.72788314672906,Down_in_Sepsis,0.0071301247771836,3.09077930949446e-11,GSE54514
PBXIP1,GSE137340,14,43,4.97710585678571,5.25148005709302,5.0216029415,5.108409592,0.274374200307309,Up_in_Sepsis,0.606312292358804,0.242138750369348,GSE54514
PBXIP1,GSE236713,30,125,0.936025429044444,-0.248970173058667,0.933247403333334,-0.214347733333333,-1.18499560210311,Down_in_Sepsis,0.0384,4.59160112920663e-15,GSE54514
PBXIP1,GSE57065,25,28,7.43155426666667,6.24534714285714,7.38923,6.27857333333334,-1.18620712380952,Down_in_Sepsis,0,2.21254562465821e-15,GSE54514
PBXIP1,GSE65682,42,51,3.44230739938095,3.19134909799346,3.4166364625,3.209620873,-0.250958301387488,Down_in_Sepsis,0.265172735760971,0.00010475879022912,GSE54514
PBXIP1,GSE95233,22,51,7.88964460075758,6.79942581326797,7.89694508666667,6.80100365333333,-1.0902187874896,Down_in_Sepsis,0.00267379679144385,2.05178515500888e-11,GSE54514
IKZF2,GSE137340,14,43,4.43425792483333,4.72522123767442,4.417573983,4.65942034733333,0.290963312841085,Up_in_Sepsis,0.848837209302326,3.73425195502401e-05,GSE54514
IKZF2,GSE236713,30,125,1.44717406022222,-0.283229699130667,1.4414653,-0.255656716666667,-1.73040375935289,Down_in_Sepsis,0.0368,3.6969859547151e-15,GSE54514
IKZF2,GSE57065,25,28,4.39169533333333,3.69790797619048,4.39899333333333,3.65444666666667,-0.693787357142858,Down_in_Sepsis,0.04,4.0828104411818e-11,GSE54514
IKZF2,GSE65682,42,51,2.30243908519048,2.10009492494118,2.195092858,2.05836692,-0.2023441602493,Down_in_Sepsis,0.321661998132586,0.00322769215714026,GSE54514
IKZF2,GSE95233,22,51,6.32735359833333,4.71685715267974,6.345953685,4.69897366666667,-1.61049644565359,Down_in_Sepsis,0.00089126559714795,1.73990990394731e-11,GSE54514
SLC2A3,GSE137340,14,43,7.77330191596429,8.69483897926744,7.5443099665,8.6789018645,0.921537063303155,Up_in_Sepsis,0.822259136212625,0.000170516069266715,GSE54514
SLC2A3,GSE236713,30,125,-1.03074197983333,0.294386016616,-0.9730747875,0.384220475,1.32512799644933,Up_in_Sepsis,0.8656,5.39566006214074e-10,GSE54514
SLC2A3,GSE57065,25,28,8.2563111,10.1621528571429,8.228335,10.09149875,1.90584175714286,Up_in_Sepsis,1,2.21254562465821e-15,GSE54514
SLC2A3,GSE65682,42,51,7.09773043596825,7.40683269518301,7.33786049816667,7.50373995933333,0.309102259214752,Up_in_Sepsis,0.638655462184874,0.0220806177715745,GSE54514
SLC2A3,GSE95233,22,51,9.17371502681818,10.6109035401961,9.21843320125,10.6243042025,1.4371885133779,Up_in_Sepsis,0.985739750445633,5.9097281654302e-11,GSE54514
C1orf122,GSE137340,14,43,5.56088789928571,6.87881397269767,5.296312564,6.848643173,1.31792607341196,Up_in_Sepsis,0.838870431893688,6.75807999629674e-05,GSE54514
C1orf122,GSE236713,30,125,-0.475567137666667,0.101346666544,-0.4683926,0.034481764,0.576913804210667,Up_in_Sepsis,0.811733333333333,1.20812075245234e-07,GSE54514
C1orf122,GSE57065,25,28,6.6150276,7.1914675,6.66819,7.11316,0.5764399,Up_in_Sepsis,0.81,5.93060810210767e-05,GSE54514
C1orf122,GSE65682,42,51,4.67717149730952,5.38174227831373,4.6305299405,5.403628802,0.704570781004202,Up_in_Sepsis,0.873482726423903,6.73738457061858e-10,GSE54514
C1orf122,GSE95233,22,51,5.98594967863636,6.90354934686275,5.994764905,6.81029623,0.917599668226382,Up_in_Sepsis,0.997326203208556,2.05178515500888e-11,GSE54514
PGM2,GSE137340,14,43,5.35918803357143,6.68778826804651,5.0309665735,6.829299234,1.32860023447508,Up_in_Sepsis,0.800664451827242,0.000511075771431277,GSE54514
PGM2,GSE236713,30,125,-0.692087095333333,0.106207250248,-0.71998835,0.07999396,0.798294345581333,Up_in_Sepsis,0.846133333333333,4.18986355230227e-09,GSE54514
PGM2,GSE57065,25,28,6.28667013333333,7.59756154761905,6.26837333333333,7.64844666666667,1.31089141428571,Up_in_Sepsis,0.931428571428572,1.97128964974548e-09,GSE54514
PGM2,GSE65682,42,51,5.1173239062619,5.80128855732157,5.0351190466,5.8570835854,0.683964651059664,Up_in_Sepsis,0.812791783380019,2.35934864803973e-07,GSE54514
PGM2,GSE95233,22,51,6.36443154651515,7.72130887973856,6.385407335,7.72170164666667,1.35687733322341,Up_in_Sepsis,0.982174688057041,8.14407368438532e-11,GSE54514
HMGN3,GSE137340,14,43,4.304859432,4.64052022045349,4.29613704875,4.472333396,0.335660788453489,Up_in_Sepsis,0.928571428571429,7.57955725087636e-08,GSE54514
HMGN3,GSE236713,30,125,1.16113619766667,-0.2952496986,1.17591355,-0.24154401,-1.45638589626667,Down_in_Sepsis,0.032,1.9213337153322e-15,GSE54514
HMGN3,GSE57065,25,28,8.0597532,6.95251607142857,8.04422,6.96679,-1.10723712857143,Down_in_Sepsis,0.09,2.12226336420772e-08,GSE54514
HMGN3,GSE65682,42,51,4.35855524967857,3.7569734415098,4.2773614045,3.7769206565,-0.601581808168767,Down_in_Sepsis,0.164332399626517,2.90919121368197e-08,GSE54514
HMGN3,GSE95233,22,51,8.02071305681818,6.87577318372549,7.96402491,6.89547269,-1.14493987309269,Down_in_Sepsis,0.0115864527629234,4.63944869067713e-11,GSE54514
FBXO30,GSE137340,14,43,5.78085122692857,6.84026546437209,5.609534453,6.878514554,1.05941423744352,Up_in_Sepsis,0.835548172757475,8.18207367405696e-05,GSE54514
FBXO30,GSE236713,30,125,-0.858864862,0.24163586772,-0.837116,0.17695165,1.10050072972,Up_in_Sepsis,0.8488,3.18419537976975e-09,GSE54514
FBXO30,GSE57065,25,28,4.7766292,5.70766428571429,4.751895,5.74248,0.931035085714285,Up_in_Sepsis,0.928571428571428,2.76433237799173e-09,GSE54514
FBXO30,GSE65682,42,51,5.51255607814286,6.51641343668628,5.598263473,6.499298281,1.00385735854342,Up_in_Sepsis,0.805322128851541,4.53483226434796e-07,GSE54514
FBXO30,GSE95233,22,51,5.22157793772727,6.55908296264706,5.22161568,6.657940565,1.33750502491979,Up_in_Sepsis,0.949197860962567,1.42085083033673e-09,GSE54514
DOK3,GSE137340,14,43,5.40086906421429,6.33753827088372,5.2127208245,6.322302534,0.936669206669436,Up_in_Sepsis,0.767441860465116,0.00226161516289298,GSE54514
DOK3,GSE236713,30,125,-1.67909428755556,0.224177715392,-1.6654524,0.268820764,1.90327200294756,Up_in_Sepsis,0.990133333333333,8.63190787799774e-17,GSE54514
DOK3,GSE57065,25,28,7.9030844,8.645495,7.89826,8.6810425,0.7424106,Up_in_Sepsis,0.952857142857143,1.19072567882231e-10,GSE54514
DOK3,GSE65682,42,51,6.22396526465476,6.32483940677451,6.2491345155,6.3407494175,0.100874142119748,Up_in_Sepsis,0.560224089635854,0.321188145156386,GSE54514
DOK3,GSE95233,22,51,7.86645108681818,8.85841136941177,7.9507644575,8.90433151,0.991960282593584,Up_in_Sepsis,0.972370766488413,1.94435767733088e-10,GSE54514
HVCN1,GSE137340,14,43,6.15728288310714,6.36594036344186,6.12607197075,6.198150419,0.208657480334717,Up_in_Sepsis,0.578073089700997,0.392885191284656,GSE54514
HVCN1,GSE236713,30,125,0.9364832065,-0.415413752516,0.9901943075,-0.2414941785,-1.351896959016,Down_in_Sepsis,0.0682666666666666,2.29532700678025e-13,GSE54514
HVCN1,GSE57065,25,28,8.6590252,7.332315,8.65657,7.26984,-1.3267102,Down_in_Sepsis,0.00285714285714286,8.85018249863286e-15,GSE54514
HVCN1,GSE65682,42,51,5.98048891713095,4.94761399490196,5.9306035605,4.9310506885,-1.03287492222899,Down_in_Sepsis,0.196078431372549,5.11745189944627e-07,GSE54514
HVCN1,GSE95233,22,51,8.44862367954545,6.99176186607843,8.49448535,7.0193678,-1.45686181346702,Down_in_Sepsis,0.0017825311942959,1.88955739655682e-11,GSE54514
