gene_symbol,dataset,n_control,n_sepsis,mean_control,mean_sepsis,median_control,median_sepsis,dataset_logFC,dataset_direction,auc,wilcox_p,heldout_dataset
TDRD9,GSE137340,14,43,4.93534616642857,6.7997167887093,4.36161464675,6.3466674295,1.86437062228073,Up_in_Sepsis,0.87375415282392,7.34598051394299e-06,GSE236713
TDRD9,GSE54514,18,35,8.22346499241667,8.5398926803,8.05224168325,8.5265431405,0.316427687883333,Up_in_Sepsis,0.619047619047619,0.163232997664367,GSE236713
TDRD9,GSE57065,25,28,3.3303612,6.89073321428572,3.19424,7.142525,3.56037201428571,Up_in_Sepsis,0.99,9.95645531096197e-14,GSE236713
TDRD9,GSE65682,42,51,3.34773631371429,5.63320040717647,3.2782247165,5.797888853,2.28546409346219,Up_in_Sepsis,0.927637721755369,1.57574257046212e-12,GSE236713
TDRD9,GSE95233,22,51,4.25339464136364,7.46258520078431,4.28958474,7.5901051,3.20919055942068,Up_in_Sepsis,0.993761140819965,2.84841857067922e-11,GSE236713
VNN1,GSE137340,14,43,5.84198521592857,8.33127632462791,5.2407587655,8.28171284,2.48929110869934,Up_in_Sepsis,0.833887043189369,8.99233343862789e-05,GSE236713
VNN1,GSE54514,18,35,8.22397820144444,8.80589087351429,8.2312779425,8.825949669,0.581912672069842,Up_in_Sepsis,0.73015873015873,0.0066488422773127,GSE236713
VNN1,GSE57065,25,28,5.4584908,9.17175178571429,5.309355,9.329995,3.71326098571429,Up_in_Sepsis,0.995714285714286,1.54878193726075e-14,GSE236713
VNN1,GSE65682,42,51,5.20893270661429,6.76910780665098,5.2367840215,6.7483131382,1.56017510003669,Up_in_Sepsis,0.878618113912232,3.9231473659526e-10,GSE236713
VNN1,GSE95233,22,51,6.12347101727273,9.81471244029412,6.2628003225,9.948698,3.69124142302139,Up_in_Sepsis,1,1.60188706567253e-11,GSE236713
CD177,GSE137340,14,43,4.84320548114286,6.19967237805233,4.274549700375,5.93976807,1.35646689690947,Up_in_Sepsis,0.867109634551495,1.15818527714491e-05,GSE236713
CD177,GSE54514,18,35,8.04642282583333,8.34422796814286,7.585268259,7.933347225,0.297805142309523,Up_in_Sepsis,0.546031746031746,0.595788354333167,GSE236713
CD177,GSE57065,25,28,5.1301448,11.2849585714286,5.00765,11.48255,6.15481377142857,Up_in_Sepsis,0.998571428571429,4.42509124931643e-15,GSE236713
CD177,GSE65682,42,51,6.95467321429762,9.29277487376471,7.043244875,9.5986285285,2.33810165946709,Up_in_Sepsis,0.872082166199814,7.79851587115787e-10,GSE236713
CD177,GSE95233,22,51,5.19170742772727,11.2084004954902,5.25854487,11.39021861,6.01669306776292,Up_in_Sepsis,1,1.60188706567253e-11,GSE236713
TP53I3,GSE137340,14,43,4.59942489925,5.53219730161628,4.43879523875,5.3940422195,0.932772402366279,Up_in_Sepsis,0.875415282392027,6.53811501196993e-06,GSE236713
TP53I3,GSE54514,18,35,7.47757449413889,7.6071469375,7.44879531875,7.5213742255,0.129572443361112,Up_in_Sepsis,0.628571428571429,0.131496116104732,GSE236713
TP53I3,GSE57065,25,28,4.9611108,6.94046321428572,4.92601,7.14898,1.97935241428571,Up_in_Sepsis,1,2.21254562465821e-15,GSE236713
TP53I3,GSE65682,42,51,5.27538630388095,6.79615955807843,5.1149474575,6.764566771,1.52077325419748,Up_in_Sepsis,0.881419234360411,2.9123290933051e-10,GSE236713
TP53I3,GSE95233,22,51,5.83148782727273,8.2367748072549,5.86947041,8.24667048,2.40528697998217,Up_in_Sepsis,1,1.60188706567253e-11,GSE236713
STOM,GSE137340,14,43,8.23320589035714,9.38235874089535,7.85615944175,9.3587265825,1.14915285053821,Up_in_Sepsis,0.823920265780731,0.000155963210178198,GSE236713
STOM,GSE54514,18,35,9.72495530691667,10.0369861195143,9.7291828385,10.042113304,0.312030812597619,Up_in_Sepsis,0.663492063492063,0.0536371037869218,GSE236713
STOM,GSE57065,25,28,6.282628,8.006145,6.28381333333333,8.06557833333334,1.723517,Up_in_Sepsis,0.998571428571429,4.42509124931643e-15,GSE236713
STOM,GSE65682,42,51,7.13952911081429,8.53513391934118,7.084577163,8.744077645,1.39560480852689,Up_in_Sepsis,0.874883286647993,5.81758965299673e-10,GSE236713
STOM,GSE95233,22,51,6.85191532393939,8.50666960287582,6.85278244833333,8.49452273,1.65475427893642,Up_in_Sepsis,1,1.60188706567253e-11,GSE236713
DACH1,GSE137340,14,43,4.46732213919048,5.14534074217054,4.34262644933334,4.93249457133333,0.678018602980067,Up_in_Sepsis,0.895348837209303,1.47261484413906e-06,GSE236713
DACH1,GSE54514,18,35,7.62045986561111,7.60723197565714,7.54754503566667,7.53868643466667,-0.013227889953968,Down_in_Sepsis,0.484126984126984,0.859761640454994,GSE236713
DACH1,GSE57065,25,28,3.41800226666667,6.180005,3.40577333333333,6.26129333333333,2.76200273333333,Up_in_Sepsis,1,2.21254562465821e-15,GSE236713
DACH1,GSE65682,42,51,4.38821517494048,5.67649628627451,4.4631872035,5.7262053915,1.28828111133403,Up_in_Sepsis,0.837068160597573,2.54774905292748e-08,GSE236713
DACH1,GSE95233,22,51,3.1235810880303,5.35821073751634,3.08244476666667,5.30643560333333,2.23462964948604,Up_in_Sepsis,0.997326203208556,2.05178515500888e-11,GSE236713
TCN1,GSE137340,14,43,5.92217254121429,8.4238244502093,5.549934306,8.175739311,2.50165190899502,Up_in_Sepsis,0.870431893687708,9.24335675110831e-06,GSE236713
TCN1,GSE54514,18,35,9.37911383288889,9.8034695618,8.888700008,9.539639473,0.424355728911111,Up_in_Sepsis,0.623015873015873,0.148126164258606,GSE236713
TCN1,GSE57065,25,28,5.9357436,9.57655321428572,6.03304,9.47519,3.64080961428571,Up_in_Sepsis,0.992857142857143,4.20383668685061e-14,GSE236713
TCN1,GSE65682,42,51,6.60707318309524,8.85521654782353,6.528435852,9.067284058,2.24814336472829,Up_in_Sepsis,0.877217553688142,4.549776441538e-10,GSE236713
TCN1,GSE95233,22,51,5.01863434545455,8.36151990235294,5.04874131,8.31396416,3.3428855568984,Up_in_Sepsis,1,1.60188706567253e-11,GSE236713
OLFM4,GSE137340,14,43,4.54263055035714,5.90532457310465,4.24708841475,5.5772952645,1.36269402274751,Up_in_Sepsis,0.910299003322259,4.22790671752083e-07,GSE236713
OLFM4,GSE54514,18,35,8.914224492,8.79847958418571,8.501371384,8.294371605,-0.115744907814287,Down_in_Sepsis,0.465079365079365,0.689143463767284,GSE236713
OLFM4,GSE57065,25,28,3.3893216,9.43543642857143,3.25378,9.84019,6.04611482857143,Up_in_Sepsis,0.978571428571428,1.51338120726622e-12,GSE236713
OLFM4,GSE65682,42,51,3.80761788369048,7.85954184731373,3.3217766645,8.3384783855,4.05192396362325,Up_in_Sepsis,0.926237161531279,1.86135962666096e-12,GSE236713
OLFM4,GSE95233,22,51,5.17500045409091,10.0501089431373,4.84326208,10.55058836,4.87510848904635,Up_in_Sepsis,0.985739750445633,5.9097281654302e-11,GSE236713
IL1R2,GSE137340,14,43,5.95834191904762,7.19872886627132,5.75693874783333,7.06508131933333,1.2403869472237,Up_in_Sepsis,0.840531561461794,6.13456473478384e-05,GSE236713
IL1R2,GSE54514,18,35,7.64505672438889,7.53738310677143,7.5770671365,7.478478432,-0.10767361761746,Down_in_Sepsis,0.428571428571429,0.406890737204955,GSE236713
IL1R2,GSE57065,25,28,8.257506,11.7996123214286,8.33788,12.2743,3.54210632142857,Up_in_Sepsis,0.981428571428571,8.25279517997514e-13,GSE236713
IL1R2,GSE65682,42,51,10.4034073763571,11.7710380026078,10.723211395,12.09657028,1.3676306262507,Up_in_Sepsis,0.84873949579832,8.2643784539401e-09,GSE236713
IL1R2,GSE95233,22,51,8.20996723727273,11.8301803792157,8.359223745,11.96681247,3.62021314194296,Up_in_Sepsis,1,1.60188706567253e-11,GSE236713
GSTO1,GSE137340,14,43,9.03381711932143,10.684347756407,8.73774866,10.81451811,1.65053063708555,Up_in_Sepsis,0.855481727574751,2.47165216210598e-05,GSE236713
GSTO1,GSE54514,18,35,11.0861301684167,11.1545495583143,11.01148176,11.149848465,0.0684193898976204,Up_in_Sepsis,0.56031746031746,0.484892703673966,GSE236713
GSTO1,GSE57065,25,28,8.5092466,9.87972053571429,8.537125,9.961315,1.37047393571429,Up_in_Sepsis,0.971428571428571,6.00484882532239e-12,GSE236713
GSTO1,GSE65682,42,51,8.66074945316667,9.4386096635098,8.67724544,9.499474827,0.777860210343137,Up_in_Sepsis,0.874416433239963,6.10967060983686e-10,GSE236713
GSTO1,GSE95233,22,51,8.08289759954545,9.82062042313725,8.051531915,9.82222832,1.7377228235918,Up_in_Sepsis,0.999108734402852,1.73990990394731e-11,GSE236713
RAB13,GSE137340,14,43,4.49018866769047,5.04186443144186,4.40273275783333,4.97189848733333,0.551675763751386,Up_in_Sepsis,0.898671096345515,1.12784882767697e-06,GSE236713
RAB13,GSE54514,18,35,7.28551430166667,7.22612330574286,7.238955021,7.166293144,-0.0593909959238097,Down_in_Sepsis,0.336507936507937,0.0536371037869218,GSE236713
RAB13,GSE57065,25,28,5.0221508,7.06896321428572,4.96717,7.15586,2.04681241428571,Up_in_Sepsis,0.991428571428571,6.63763687397464e-14,GSE236713
RAB13,GSE65682,42,51,3.8686346161746,5.25104202801307,3.699742118,5.11878573966667,1.38240741183847,Up_in_Sepsis,0.931372549019608,1.00796795073921e-12,GSE236713
RAB13,GSE95233,22,51,9.73755451909091,10.5658753613726,9.68670688,10.48076184,0.828320842281642,Up_in_Sepsis,0.972370766488413,1.94435767733088e-10,GSE236713
BCL9L,GSE137340,14,43,5.63381018871429,4.94135932369767,5.6595003125,4.822681264,-0.692450865016611,Down_in_Sepsis,0.131229235880399,1.0352095404657e-05,GSE236713
BCL9L,GSE54514,18,35,7.17467631238889,7.1977876664,7.173951626,7.176938057,0.0231113540111112,Up_in_Sepsis,0.517460317460317,0.845174025846265,GSE236713
BCL9L,GSE57065,25,28,6.5540542,5.30580339285714,6.534365,5.2188175,-1.24825080714286,Down_in_Sepsis,0,2.21254562465821e-15,GSE236713
BCL9L,GSE65682,42,51,3.83638749773214,3.41169320090686,3.733946900125,3.4224820565,-0.42469429682528,Down_in_Sepsis,0.19187675070028,3.55549239738882e-07,GSE236713
BCL9L,GSE95233,22,51,6.39400990977273,5.13587235127451,6.3346484625,5.107778375,-1.25813755849822,Down_in_Sepsis,0.0017825311942959,1.88955739655682e-11,GSE236713
RNASE2,GSE137340,14,43,7.73033038857143,10.6338123868837,7.4552856515,11.07030608,2.90348199831229,Up_in_Sepsis,0.888704318936877,2.46942812179279e-06,GSE236713
RNASE2,GSE54514,18,35,10.78919024,11.2153499872857,10.87018156,11.41287899,0.426159747285714,Up_in_Sepsis,0.683333333333333,0.0307784193547815,GSE236713
RNASE2,GSE57065,25,28,7.5409372,10.5329417857143,7.54956,10.5821,2.99200458571429,Up_in_Sepsis,0.991428571428571,6.63763687397464e-14,GSE236713
RNASE2,GSE65682,42,51,7.79061320569048,8.92322719009804,7.7673856775,8.88832994,1.13261398440756,Up_in_Sepsis,0.781979458450047,3.17723921323732e-06,GSE236713
RNASE2,GSE95233,22,51,6.77813487681818,9.51050022568627,6.78675501,9.64329331,2.73236534886809,Up_in_Sepsis,0.988413547237077,4.63944869067713e-11,GSE236713
ACER3,GSE137340,14,43,6.06819525235714,7.34387312363953,5.83769596725,7.331703519,1.27567787128239,Up_in_Sepsis,0.885382059800665,3.17289010265243e-06,GSE236713
ACER3,GSE54514,18,35,9.38691801488889,9.6129014698,9.215175152,9.575764656,0.225983454911113,Up_in_Sepsis,0.578571428571429,0.357417247786138,GSE236713
ACER3,GSE57065,25,28,4.72952086666667,6.54030005952381,4.71003333333333,6.67165,1.81077919285714,Up_in_Sepsis,0.992857142857143,4.20383668685061e-14,GSE236713
ACER3,GSE65682,42,51,3.43824333679365,4.41551928049346,3.39502614958333,4.43610782766667,0.977275943699814,Up_in_Sepsis,0.875816993464053,5.27372854023542e-10,GSE236713
ACER3,GSE95233,22,51,4.94110338219697,6.96670663833333,4.9239103075,6.88641480666667,2.02560325613636,Up_in_Sepsis,0.997326203208556,2.05178515500888e-11,GSE236713
PCMT1,GSE137340,14,43,8.22227118721429,9.69345783653488,7.8851476545,9.727924198,1.4711866493206,Up_in_Sepsis,0.853820598006644,2.74394577444583e-05,GSE236713
PCMT1,GSE54514,18,35,10.6508365743889,10.4566039493143,10.505846025,10.48017788,-0.194232625074603,Down_in_Sepsis,0.403174603174603,0.255827367992129,GSE236713
PCMT1,GSE57065,25,28,7.44127626666667,9.02792095238095,7.51160666666667,9.111545,1.58664468571429,Up_in_Sepsis,0.985714285714286,3.07543841827492e-13,GSE236713
PCMT1,GSE65682,42,51,7.35816168074405,8.17944824527941,7.38987738825,8.192992239,0.821286564535364,Up_in_Sepsis,0.903828197945845,2.49034263879332e-11,GSE236713
PCMT1,GSE95233,22,51,7.59524834651515,9.40371910470588,7.53404722,9.40166423,1.80847075819073,Up_in_Sepsis,1,1.60188706567253e-11,GSE236713
ANKRD22,GSE137340,14,43,5.63655461485714,8.05516097733721,4.955305934,7.786172296,2.41860636248007,Up_in_Sepsis,0.872093023255814,8.24463721259666e-06,GSE236713
ANKRD22,GSE54514,18,35,8.52571954986111,8.87529359547143,8.69458103175,8.477663517,0.349574045610316,Up_in_Sepsis,0.571428571428571,0.406890737204955,GSE236713
ANKRD22,GSE57065,25,28,4.9164542,8.50486089285714,4.857295,8.6982375,3.58840669285714,Up_in_Sepsis,0.982857142857143,6.01812409907034e-13,GSE236713
ANKRD22,GSE65682,42,51,5.88699225960714,7.052159584,6.213737908,7.332923397,1.16516732439286,Up_in_Sepsis,0.793183940242764,1.27061238461506e-06,GSE236713
ANKRD22,GSE95233,22,51,4.29564052431818,8.56352469696078,4.1869591325,8.686646645,4.2678841726426,Up_in_Sepsis,1,1.60188706567253e-11,GSE236713
LCN2,GSE137340,14,43,7.67010171992857,10.3960011772326,7.420531063,10.28086345,2.72589945730399,Up_in_Sepsis,0.878737541528239,5.16186693059591e-06,GSE236713
LCN2,GSE54514,18,35,11.6796901492222,11.5009548997143,11.40419817,11.13822651,-0.178735249507936,Down_in_Sepsis,0.473015873015873,0.756639937970471,GSE236713
LCN2,GSE57065,25,28,6.4240184,10.9134264285714,6.11326,11.10395,4.48940802857143,Up_in_Sepsis,0.981428571428571,8.25279517997514e-13,GSE236713
LCN2,GSE65682,42,51,7.97513332819048,11.2084427045686,7.6710586825,11.51258298,3.23330937637815,Up_in_Sepsis,0.894024276377218,7.42481588396865e-11,GSE236713
LCN2,GSE95233,22,51,6.95965178954546,10.8096351239216,7.05040658,11.45825895,3.84998333437611,Up_in_Sepsis,0.993761140819965,2.84841857067922e-11,GSE236713
ATP8B4,GSE137340,14,43,6.04242837178571,7.89603791934884,5.9098729925,7.817046546,1.85360954756312,Up_in_Sepsis,0.920265780730897,1.70597610653585e-07,GSE236713
ATP8B4,GSE54514,18,35,8.69092207477778,9.01163763294286,8.683256626,9.004590034,0.32071555816508,Up_in_Sepsis,0.601587301587302,0.235502725274607,GSE236713
ATP8B4,GSE57065,25,28,4.3510256,6.03643714285714,4.32045,6.0162,1.68541154285714,Up_in_Sepsis,0.922857142857142,5.32311262981583e-09,GSE236713
ATP8B4,GSE65682,42,51,4.50867756069048,6.29427198270588,4.5466065805,6.610898206,1.78559442201541,Up_in_Sepsis,0.896358543417367,5.7377441839172e-11,GSE236713
ATP8B4,GSE95233,22,51,5.35180145318182,7.19843281803922,5.327122285,7.17104536,1.8466313648574,Up_in_Sepsis,0.983065953654189,7.51822548100406e-11,GSE236713
CA4,GSE137340,14,43,6.91940812057143,9.65519712048837,6.459628585,9.669696759,2.73578899991694,Up_in_Sepsis,0.880398671096346,4.5786917253501e-06,GSE236713
CA4,GSE54514,18,35,10.6089483364444,10.6232313162,10.449402335,10.4002409,0.0142829797555546,Up_in_Sepsis,0.501587301587302,0.992507342069996,GSE236713
CA4,GSE57065,25,28,6.0628788,8.69593821428571,5.889615,8.6840025,2.63305941428571,Up_in_Sepsis,0.978571428571428,1.51338120726622e-12,GSE236713
CA4,GSE65682,42,51,7.10914031604762,8.45817187988235,7.137137786,8.552890722,1.34903156383473,Up_in_Sepsis,0.870681605975724,9.02204498104525e-10,GSE236713
CA4,GSE95233,22,51,5.33730089909091,7.46785604637255,5.2940546725,7.43619414,2.13055514728164,Up_in_Sepsis,1,1.60188706567253e-11,GSE236713
ADAM9,GSE137340,14,43,4.38508576242857,5.31710028906977,4.3539036125,5.179462722,0.932014526641196,Up_in_Sepsis,0.90531561461794,6.49938521848808e-07,GSE236713
ADAM9,GSE54514,18,35,7.45855546,7.63298907965714,7.449800491,7.578174114,0.174433619657142,Up_in_Sepsis,0.677777777777778,0.0362469189319152,GSE236713
ADAM9,GSE57065,25,28,3.97467653333333,5.69312297619048,3.96054,5.79155666666667,1.71844644285714,Up_in_Sepsis,0.995714285714286,1.54878193726075e-14,GSE236713
ADAM9,GSE65682,42,51,4.65611229442262,5.35708477797059,4.650807002625,5.20849272175,0.700972483547969,Up_in_Sepsis,0.776377217553688,4.96227278767466e-06,GSE236713
ADAM9,GSE95233,22,51,4.84262997121212,6.96467483928105,4.867097485,7.05093757333333,2.12204486806893,Up_in_Sepsis,0.991087344028521,3.63757408976493e-11,GSE236713
UBE2F,GSE137340,14,43,7.30355571535714,9.0745201692093,6.8495421605,9.025839757,1.77096445385216,Up_in_Sepsis,0.867109634551495,1.15818527714491e-05,GSE236713
UBE2F,GSE54514,18,35,10.6508857411111,10.6333123067714,10.72046232,10.72938728,-0.0175734343396829,Down_in_Sepsis,0.496031746031746,0.970035370665407,GSE236713
UBE2F,GSE57065,25,28,6.912098,8.19325544642857,6.8712025,8.26774375,1.28115744642857,Up_in_Sepsis,0.974285714285714,3.53343536257917e-12,GSE236713
UBE2F,GSE65682,42,51,5.75524809940212,6.45038157776471,5.78872423144444,6.49638270266667,0.695133478362591,Up_in_Sepsis,0.859943977591037,2.71015528900733e-09,GSE236713
UBE2F,GSE95233,22,51,6.75911467727273,8.23466372215686,6.73561727125,8.2456943825,1.47554904488414,Up_in_Sepsis,1,1.60188706567253e-11,GSE236713
CD24,GSE137340,14,43,5.77059103682143,6.87664305690698,5.585779486,6.868096957,1.10605202008555,Up_in_Sepsis,0.813953488372093,0.000263581497271942,GSE236713
CD24,GSE54514,18,35,8.39549520272222,8.61563681885714,8.283666134,8.349890232,0.220141616134921,Up_in_Sepsis,0.568253968253968,0.42839311053673,GSE236713
CD24,GSE57065,25,28,5.96554213333333,8.33321041666667,5.86836166666667,8.255975,2.36766828333334,Up_in_Sepsis,0.952857142857143,1.19072567882231e-10,GSE236713
CD24,GSE65682,42,51,6.19540878,9.06006696276471,6.1132823025,9.225859426,2.86465818276471,Up_in_Sepsis,0.930905695611578,1.06608178413997e-12,GSE236713
CD24,GSE95233,22,51,5.93089034106061,8.4728861269281,6.03950537916666,8.56363748333333,2.5419957858675,Up_in_Sepsis,0.983065953654189,7.51822548100406e-11,GSE236713
S100A12,GSE137340,14,43,7.70278727485714,11.0668810956512,7.065018702,11.04278397,3.36409382079402,Up_in_Sepsis,0.898671096345515,1.12784882767697e-06,GSE236713
S100A12,GSE54514,18,35,13.46449889,13.4374514174286,13.757225515,13.76200581,-0.0270474725714287,Down_in_Sepsis,0.479365079365079,0.814369036014009,GSE236713
S100A12,GSE57065,25,28,9.826516,13.2250428571429,9.69309,13.31705,3.39852685714286,Up_in_Sepsis,0.998571428571429,4.42509124931643e-15,GSE236713
S100A12,GSE65682,42,51,11.8939188911905,12.4614545039216,12.001801995,12.55250341,0.567535612731094,Up_in_Sepsis,0.842670401493931,1.49082875196827e-08,GSE236713
S100A12,GSE95233,22,51,9.08179684272727,12.5885895996078,8.865218125,12.6154914,3.50679275688057,Up_in_Sepsis,1,1.60188706567253e-11,GSE236713
GCLM,GSE137340,14,43,5.78819415896429,7.03259159616279,5.5851764475,7.0851690405,1.2443974371985,Up_in_Sepsis,0.868770764119601,1.0352095404657e-05,GSE236713
GCLM,GSE54514,18,35,8.05119805866667,7.95342745784286,8.06381905075,7.9280779365,-0.0977706008238099,Down_in_Sepsis,0.4,0.243028800589674,GSE236713
GCLM,GSE57065,25,28,4.8689996,6.51252952380952,5.04137666666667,6.65834833333333,1.64352992380952,Up_in_Sepsis,0.972857142857143,4.61758271866169e-12,GSE236713
GCLM,GSE65682,42,51,4.86525753780952,5.7799171554902,4.89675261675,5.773748018,0.914659617680672,Up_in_Sepsis,0.910364145658263,1.185113859869e-11,GSE236713
GCLM,GSE95233,22,51,4.18985757318182,5.84260062006536,4.197444275,5.80507515666667,1.65274304688354,Up_in_Sepsis,0.997326203208556,2.05178515500888e-11,GSE236713
CDKN2C,GSE137340,14,43,4.37033699330952,4.84394033653489,4.337922999,4.82422608966667,0.473603343225363,Up_in_Sepsis,0.898671096345515,1.12784882767697e-06,GSE236713
CDKN2C,GSE54514,18,35,7.31038986308333,7.37011184018571,7.325689077,7.353254795,0.0597219771023809,Up_in_Sepsis,0.607936507936508,0.207020180060236,GSE236713
CDKN2C,GSE57065,25,28,4.6948524,5.79972964285714,4.631995,5.8362625,1.10487724285714,Up_in_Sepsis,0.985714285714286,3.07543841827492e-13,GSE236713
CDKN2C,GSE65682,42,51,3.5691123172381,5.01055947697059,3.6242987895,4.916949358,1.44144715973249,Up_in_Sepsis,0.944911297852475,1.93380526974436e-13,GSE236713
CDKN2C,GSE95233,22,51,4.39231301590909,5.3441286045098,4.3479344625,5.261762685,0.951815588600713,Up_in_Sepsis,0.996434937611408,2.22762533627504e-11,GSE236713
GSR,GSE137340,14,43,5.06909384978571,5.91483409243023,4.86397793375,5.8952778595,0.845740242644518,Up_in_Sepsis,0.895348837209302,1.47261484413906e-06,GSE236713
GSR,GSE54514,18,35,7.71439990738889,7.70364262718571,7.6778616905,7.6295170785,-0.0107572802031743,Down_in_Sepsis,0.441269841269841,0.496648773453112,GSE236713
GSR,GSE57065,25,28,6.3745098,7.36836785714286,6.41036,7.3609525,0.993858057142857,Up_in_Sepsis,0.981428571428571,8.25279517997514e-13,GSE236713
GSR,GSE65682,42,51,6.28374000703571,7.05024103068628,6.281296745,7.1603994575,0.766501023650561,Up_in_Sepsis,0.880952380952381,3.06104293530879e-10,GSE236713
GSR,GSE95233,22,51,7.70072529590909,8.71863071470588,7.722355155,8.786793945,1.01790541879679,Up_in_Sepsis,0.978609625668449,1.11977955795568e-10,GSE236713
UPP1,GSE137340,14,43,6.36924055446429,7.75294618354651,6.110650695,7.8271669045,1.38370562908223,Up_in_Sepsis,0.897009966777409,1.28968008164182e-06,GSE236713
UPP1,GSE54514,18,35,10.8585038179444,10.9527827404,10.631633755,11.0500412,0.0942789224555547,Up_in_Sepsis,0.533333333333333,0.700209260766534,GSE236713
UPP1,GSE57065,25,28,7.2129604,9.45425107142857,7.22195,9.60008,2.24129067142857,Up_in_Sepsis,1,2.21254562465821e-15,GSE236713
UPP1,GSE65682,42,51,6.56647217418254,6.99437480713725,6.659621124,7.04593798366667,0.427902632954715,Up_in_Sepsis,0.704948646125117,0.000711219090907829,GSE236713
UPP1,GSE95233,22,51,7.75446764272727,9.99851484803922,7.77230046,10.03599566,2.24404720531194,Up_in_Sepsis,1,1.60188706567253e-11,GSE236713
MS4A4A,GSE137340,14,43,4.38027034123809,4.79825954171318,4.21162892683333,4.621282503,0.417989200475084,Up_in_Sepsis,0.87375415282392,7.34598051394299e-06,GSE236713
MS4A4A,GSE54514,18,35,7.69527950547222,7.83805843751429,7.73644423475,7.662946701,0.142778932042063,Up_in_Sepsis,0.53968253968254,0.648457933533109,GSE236713
MS4A4A,GSE57065,25,28,4.93951413333333,7.63538952380952,4.82179333333333,7.60882666666667,2.69587539047619,Up_in_Sepsis,0.988571428571429,1.482405568521e-13,GSE236713
MS4A4A,GSE65682,42,51,4.03805804831746,5.2213682564183,3.98802775533334,5.001020882,1.18331020810084,Up_in_Sepsis,0.833333333333334,3.62489033813588e-08,GSE236713
MS4A4A,GSE95233,22,51,4.23226711469697,7.65297900960784,4.15824913166667,7.34865074333333,3.42071189491088,Up_in_Sepsis,1,1.60188706567253e-11,GSE236713
LTF,GSE137340,14,43,4.84707425421429,5.62357761074419,4.6748176725,5.392006576,0.7765033565299,Up_in_Sepsis,0.732558139534884,0.00860715367594649,GSE236713
LTF,GSE54514,18,35,7.51336063283333,7.52089240214286,7.294859648,7.301288128,0.00753176930952293,Up_in_Sepsis,0.50952380952381,0.918534356570284,GSE236713
LTF,GSE57065,25,28,7.6719428,11.6229810714286,7.31096,11.77995,3.95103827142857,Up_in_Sepsis,0.97,7.7571849600517e-12,GSE236713
LTF,GSE65682,42,51,4.99003408615476,7.67973502894118,4.84325347325,8.076573633,2.68970094278641,Up_in_Sepsis,0.904295051353875,2.36259014786027e-11,GSE236713
LTF,GSE95233,22,51,7.50049516545455,10.6707731458824,7.800084695,10.94539308,3.17027798042781,Up_in_Sepsis,0.97415329768271,1.66193362226705e-10,GSE236713
BPI,GSE137340,14,43,4.84446739003571,6.49851855245349,4.46660934425,6.208227746,1.65405116241777,Up_in_Sepsis,0.875415282392027,6.53811501196993e-06,GSE236713
BPI,GSE54514,18,35,8.55465899622222,8.88823001042857,8.1360206605,8.371845245,0.333571014206349,Up_in_Sepsis,0.577777777777778,0.365828622459723,GSE236713
BPI,GSE57065,25,28,5.3260556,8.65512785714286,5.35883,8.68383,3.32907225714286,Up_in_Sepsis,0.994285714285714,2.65505474958986e-14,GSE236713
BPI,GSE65682,42,51,4.83502321428571,6.97909554484314,4.7705400085,7.032659697,2.14407233055742,Up_in_Sepsis,0.872549019607843,7.42785999895666e-10,GSE236713
BPI,GSE95233,22,51,4.92815042136364,8.15305477196078,5.33084636,8.15181368,3.22490435059715,Up_in_Sepsis,0.991978609625669,3.35328660937072e-11,GSE236713
GRB10,GSE137340,14,43,4.56440252525,5.22920618850581,4.38811246875,5.0267802825,0.664803663255814,Up_in_Sepsis,0.86046511627907,1.79643132928885e-05,GSE236713
GRB10,GSE54514,18,35,7.34481861856945,7.42220233847143,7.335484862375,7.44299376025,0.0773837199019836,Up_in_Sepsis,0.604761904761905,0.220939150662259,GSE236713
GRB10,GSE57065,25,28,4.5430876,6.88285482142857,4.53553,7.0517825,2.33976722142857,Up_in_Sepsis,1,2.21254562465821e-15,GSE236713
GRB10,GSE65682,42,51,5.14375050635714,6.3680301916732,5.3072275765,6.40669285766667,1.22427968531606,Up_in_Sepsis,0.798319327731093,8.25601832102464e-07,GSE236713
GRB10,GSE95233,22,51,5.38171027272727,7.47753324985294,5.3005039125,7.5704178725,2.09582297712567,Up_in_Sepsis,0.994652406417112,2.62469054871502e-11,GSE236713
MSRB3,GSE137340,14,43,4.35725192154762,4.78929619674419,4.33139170666666,4.725241968,0.432044275196566,Up_in_Sepsis,0.915282392026578,2.708091253426e-07,GSE236713
MSRB3,GSE54514,18,35,7.27671451033333,7.29973139771429,7.26001012325,7.2622733115,0.0230168873809529,Up_in_Sepsis,0.522222222222222,0.801741213878021,GSE236713
MSRB3,GSE57065,25,28,4.07041496,4.93874042857143,4.08004,4.901991,0.868325468571428,Up_in_Sepsis,1,2.21254562465821e-15,GSE236713
MSRB3,GSE65682,42,51,2.73084051339286,3.18377208286765,2.69758670525,3.1851607465,0.45293156947479,Up_in_Sepsis,0.872082166199814,7.79851587115787e-10,GSE236713
MSRB3,GSE95233,22,51,4.30019438872727,5.40570548611765,4.293178375,5.402629506,1.10551109739037,Up_in_Sepsis,0.989304812834225,4.27867888939574e-11,GSE236713
GGH,GSE137340,14,43,4.85909495139286,5.5194562487907,4.658099538,5.5243476895,0.660361297397841,Up_in_Sepsis,0.842192691029901,5.56405121878381e-05,GSE236713
GGH,GSE54514,18,35,7.56195196841667,7.5521293572,7.52366983925,7.4486792085,-0.00982261121666639,Down_in_Sepsis,0.442857142857143,0.508552086621423,GSE236713
GGH,GSE57065,25,28,4.6510996,6.6113775,4.80268,6.64766,1.9602779,Up_in_Sepsis,0.995714285714286,1.54878193726075e-14,GSE236713
GGH,GSE65682,42,51,3.57187554521429,4.94650242615686,3.4726333095,4.799303782,1.37462688094258,Up_in_Sepsis,0.874883286647993,5.81758965299673e-10,GSE236713
GGH,GSE95233,22,51,3.51179450545455,5.32588166960784,3.475873655,5.24314625,1.8140871641533,Up_in_Sepsis,0.991978609625668,3.35212501057368e-11,GSE236713
CLEC5A,GSE137340,14,43,5.00189759664286,6.65123972739535,4.5703880135,6.615549986,1.64934213075249,Up_in_Sepsis,0.868770764119601,1.0352095404657e-05,GSE236713
CLEC5A,GSE54514,18,35,7.70518324105556,7.86377726968571,7.4606108665,7.644664288,0.158594028630159,Up_in_Sepsis,0.611111111111111,0.193736415761008,GSE236713
CLEC5A,GSE57065,25,28,3.5716424,6.95783571428571,3.55891,7.221545,3.38619331428571,Up_in_Sepsis,0.991428571428571,6.63763687397464e-14,GSE236713
CLEC5A,GSE65682,42,51,3.1634017036746,3.78044791269281,3.082366928,3.75171799733333,0.617046209018208,Up_in_Sepsis,0.767973856209151,9.53684453297359e-06,GSE236713
CLEC5A,GSE95233,22,51,5.15997257045455,8.30271400215686,5.32874975,8.43299202,3.14274143170232,Up_in_Sepsis,0.996434937611408,2.22762533627504e-11,GSE236713
ANXA3,GSE137340,14,43,6.19006722014286,8.80938603476744,5.5669530855,8.970790383,2.61931881462459,Up_in_Sepsis,0.838870431893687,6.75807999629674e-05,GSE236713
ANXA3,GSE54514,18,35,8.97661760155556,8.53801453448572,8.844226837,8.419454575,-0.43860306706984,Down_in_Sepsis,0.343650793650794,0.0656808931938673,GSE236713
ANXA3,GSE57065,25,28,6.590432,11.05753,6.51191,11.3417,4.467098,Up_in_Sepsis,1,2.21254562465821e-15,GSE236713
ANXA3,GSE65682,42,51,9.45762392670238,10.1546832445588,9.64462058775,10.262729435,0.697059317856443,Up_in_Sepsis,0.7703081232493,7.96894550994041e-06,GSE236713
ANXA3,GSE95233,22,51,6.21233055909091,10.3470795898039,6.197868215,10.51778229,4.13474903071301,Up_in_Sepsis,1,1.60188706567253e-11,GSE236713
GPR84,GSE137340,14,43,4.92734887142857,6.88936857467442,4.435268492,6.63126722,1.96201970324585,Up_in_Sepsis,0.882059800664452,4.05663071297044e-06,GSE236713
GPR84,GSE54514,18,35,8.45748119894445,8.35290996034286,7.911521435,7.836024284,-0.104571238601588,Down_in_Sepsis,0.482539682539683,0.845174025846265,GSE236713
GPR84,GSE57065,25,28,4.3664652,9.12399035714286,4.35207,9.540155,4.75752515714286,Up_in_Sepsis,1,2.21254562465821e-15,GSE236713
GPR84,GSE65682,42,51,6.97553973764286,8.35375543845098,7.3542148065,8.581473795,1.37821570080812,Up_in_Sepsis,0.750233426704015,3.56415344787041e-05,GSE236713
GPR84,GSE95233,22,51,4.22026272045455,8.65059058882353,4.09957837,8.75996829,4.43032786836898,Up_in_Sepsis,1,1.60188706567253e-11,GSE236713
DDAH2,GSE137340,14,43,6.08321869521429,7.57824647653488,5.6365278395,7.619190009,1.4950277813206,Up_in_Sepsis,0.813953488372093,0.000263581497271942,GSE236713
DDAH2,GSE54514,18,35,7.81064618961111,7.82061367045714,7.7546439175,7.641768456,0.00996748084603194,Up_in_Sepsis,0.507936507936508,0.933308660155946,GSE236713
DDAH2,GSE57065,25,28,6.08238986666667,7.82757821428571,6.09504333333333,7.85892,1.74518834761905,Up_in_Sepsis,0.997142857142857,8.85018249863286e-15,GSE236713
DDAH2,GSE65682,42,51,5.84774054228571,7.14443262911765,5.902305836,7.239468677,1.29669208683193,Up_in_Sepsis,0.8874883286648,1.51621161941954e-10,GSE236713
DDAH2,GSE95233,22,51,6.09254895863636,7.90755793954248,6.056235065,8.00775867,1.81500898090612,Up_in_Sepsis,0.998217468805704,1.88955739655682e-11,GSE236713
METTL9,GSE137340,14,43,5.10289043403571,5.80774006869767,4.79103745775,5.756484953,0.70484963466196,Up_in_Sepsis,0.823920265780731,0.000155963210178198,GSE236713
METTL9,GSE54514,18,35,8.13420746063889,8.01235570908571,8.05114483825,7.931964636,-0.121851751553175,Down_in_Sepsis,0.4,0.243028800589674,GSE236713
METTL9,GSE57065,25,28,7.1428597,8.97813303571429,7.2066425,8.98329375,1.83527333571429,Up_in_Sepsis,1,2.21254562465821e-15,GSE236713
METTL9,GSE65682,42,51,8.3558027744,8.90307136247451,8.4225383387,8.9420181492,0.547268588074509,Up_in_Sepsis,0.7703081232493,7.96894550994041e-06,GSE236713
METTL9,GSE95233,22,51,7.30559437806818,9.40203313612745,7.36988305625,9.4778324125,2.09643875805927,Up_in_Sepsis,1,1.60188706567253e-11,GSE236713
GYG1,GSE137340,14,43,8.64510243842857,10.7053474037209,8.2397971255,10.56442595,2.06024496529236,Up_in_Sepsis,0.86046511627907,1.79643132928885e-05,GSE236713
GYG1,GSE54514,18,35,11.5812225331111,11.5434056412286,11.25081396,11.80257702,-0.0378168918825406,Down_in_Sepsis,0.486507936507937,0.880565269607831,GSE236713
GYG1,GSE57065,25,28,8.3100668,11.4462498214286,8.36431,11.561225,3.13618302142857,Up_in_Sepsis,1,2.21254562465821e-15,GSE236713
GYG1,GSE65682,42,51,9.04155303196032,9.79200190234641,9.14071960683333,9.930642191,0.750448870386089,Up_in_Sepsis,0.7703081232493,7.96894550994041e-06,GSE236713
GYG1,GSE95233,22,51,8.21840119272727,11.0200852952941,8.12424468,11.08519727,2.80168410256685,Up_in_Sepsis,1,1.60188706567253e-11,GSE236713
CEACAM8,GSE137340,14,43,4.96611848492857,7.51756623209302,4.3680396395,7.279083594,2.55144774716445,Up_in_Sepsis,0.897009966777409,1.28968008164182e-06,GSE236713
CEACAM8,GSE54514,18,35,9.22673980372222,9.37212539411429,9.1548433305,8.895970345,0.145385590392065,Up_in_Sepsis,0.501587301587302,0.992581476239973,GSE236713
CEACAM8,GSE57065,25,28,4.5561608,8.70830214285714,4.28708,9.018175,4.15214134285714,Up_in_Sepsis,0.96,4.0828104411818e-11,GSE236713
CEACAM8,GSE65682,42,51,4.82802678640476,7.49631847185294,4.5188486045,7.664534318,2.66829168544818,Up_in_Sepsis,0.899626517273576,3.98982728566895e-11,GSE236713
CEACAM8,GSE95233,22,51,5.84433342045455,8.78263657431373,5.983083845,8.66735162,2.93830315385918,Up_in_Sepsis,0.966131907308378,3.35282320392347e-10,GSE236713
PCOLCE2,GSE137340,14,43,4.27362411078571,5.12858838253488,4.27310016,4.909687741,0.854964271749169,Up_in_Sepsis,0.933554817275748,4.53258095428679e-08,GSE236713
PCOLCE2,GSE54514,18,35,8.15473386944444,7.86995833265714,7.690903425,7.619874477,-0.284775536787302,Down_in_Sepsis,0.452380952380952,0.582925964615309,GSE236713
PCOLCE2,GSE57065,25,28,2.3919432,5.06888071428571,2.39644,4.839825,2.67693751428571,Up_in_Sepsis,1,2.21254562465821e-15,GSE236713
PCOLCE2,GSE65682,42,51,2.40414391857143,4.49943500747059,2.247909271,4.377631216,2.09529108889916,Up_in_Sepsis,0.916900093370682,5.5755279461992e-12,GSE236713
PCOLCE2,GSE95233,22,51,3.24523768,7.33323879882353,3.24782485,7.3415958,4.08800111882353,Up_in_Sepsis,0.994652406417112,2.62469054871502e-11,GSE236713
RGL4,GSE137340,14,43,7.52430463942857,10.0497711047674,7.1372449255,9.648761062,2.52546646533887,Up_in_Sepsis,0.898671096345515,1.12784882767697e-06,GSE236713
RGL4,GSE54514,18,35,10.9173067937778,10.6848279407714,10.559741495,10.66281223,-0.232478853006349,Down_in_Sepsis,0.456349206349206,0.612082707933374,GSE236713
RGL4,GSE57065,25,28,6.0675284,9.26186857142857,6.07707,9.45003,3.19434017142857,Up_in_Sepsis,0.972857142857143,4.61758271866169e-12,GSE236713
RGL4,GSE65682,42,51,9.14372572985714,10.0997767789412,9.3165806795,10.17018272,0.956051049084033,Up_in_Sepsis,0.787114845938376,2.09604769434101e-06,GSE236713
RGL4,GSE95233,22,51,7.35167300318182,10.6067878770588,7.298682655,10.65299108,3.255114873877,Up_in_Sepsis,1,1.60188706567253e-11,GSE236713
DHRS9,GSE137340,14,43,6.47891907254762,7.54693531428682,6.03463694933333,7.612591659,1.0680162417392,Up_in_Sepsis,0.820598006644518,0.000186294412620237,GSE236713
DHRS9,GSE54514,18,35,7.15118503561111,7.0925009728,7.112692833,7.069767475,-0.0586840628111114,Down_in_Sepsis,0.380952380952381,0.163232997664367,GSE236713
DHRS9,GSE57065,25,28,6.52625813333333,9.33120166666667,6.46862,9.38303666666667,2.80494353333333,Up_in_Sepsis,0.971428571428571,6.00484882532239e-12,GSE236713
DHRS9,GSE65682,42,51,8.15645838390476,9.50818690492157,8.3326282765,9.750075598,1.35172852101681,Up_in_Sepsis,0.776844070961718,4.78279497877484e-06,GSE236713
DHRS9,GSE95233,22,51,6.36678382590909,9.55002221385621,6.40964877666667,9.64092690333333,3.18323838794712,Up_in_Sepsis,1,1.60188706567253e-11,GSE236713
UGCG,GSE137340,14,43,6.30037540692857,8.77829036676744,5.8788072035,8.650304488,2.47791495983887,Up_in_Sepsis,0.898671096345515,1.12784882767697e-06,GSE236713
UGCG,GSE54514,18,35,9.61051469427778,10.1822660718,9.4580135345,10.09755611,0.571751377522222,Up_in_Sepsis,0.705555555555556,0.0154003701411564,GSE236713
UGCG,GSE57065,25,28,7.3922168,10.1340047619048,7.40568,10.2763683333334,2.74178796190476,Up_in_Sepsis,0.995714285714286,1.54878193726075e-14,GSE236713
UGCG,GSE65682,42,51,7.92401079280952,8.5692162525098,8.1313421675,8.627698714,0.64520545970028,Up_in_Sepsis,0.650793650793651,0.0127851658021641,GSE236713
UGCG,GSE95233,22,51,6.61118390484849,9.19966120908497,6.60410302666667,9.31967154333333,2.58847730423648,Up_in_Sepsis,0.997326203208556,2.05178515500888e-11,GSE236713
FYN,GSE137340,14,43,7.937087380625,7.30378023042442,7.98737291725,7.39833398925,-0.633307150200581,Down_in_Sepsis,0.247508305647841,0.00411662639779107,GSE236713
FYN,GSE54514,18,35,7.95278616083333,7.91861346787143,7.906122326875,7.820687294,-0.0341726929619046,Down_in_Sepsis,0.449206349206349,0.557589681355557,GSE236713
FYN,GSE57065,25,28,8.72753693333333,7.15084654761905,8.74644666666667,7.25993166666667,-1.57669038571429,Down_in_Sepsis,0.0257142857142857,3.53343536257917e-12,GSE236713
FYN,GSE65682,42,51,6.33264712161905,5.24190183817647,6.3978901825,5.298733132,-1.09074528344258,Down_in_Sepsis,0.126517273576097,6.73738457061858e-10,GSE236713
FYN,GSE95233,22,51,8.34728094136364,6.62451437052288,8.37729033333333,6.69098861666667,-1.72276657084076,Down_in_Sepsis,0.00089126559714795,1.73990990394731e-11,GSE236713
SNX3,GSE137340,14,43,9.87967360135714,11.3951378632791,9.4220788325,11.4201044,1.51546426192193,Up_in_Sepsis,0.883720930232558,3.58984112855028e-06,GSE236713
SNX3,GSE54514,18,35,12.5309545733333,12.2319480342857,12.35481167,12.24419975,-0.299006539047619,Down_in_Sepsis,0.379365079365079,0.156162921069933,GSE236713
SNX3,GSE57065,25,28,9.7221645,11.2267986607143,9.723045,11.38075,1.50463416071429,Up_in_Sepsis,0.995714285714286,1.54878193726075e-14,GSE236713
SNX3,GSE65682,42,51,9.83956165139881,10.4492168022255,9.83362800775,10.43528258125,0.609655150826679,Up_in_Sepsis,0.839402427637722,2.0399853440051e-08,GSE236713
SNX3,GSE95233,22,51,7.91437699875,9.72828105294118,7.8589525,9.764329215,1.81390405419118,Up_in_Sepsis,1,1.60188706567253e-11,GSE236713
NLRP1,GSE137340,14,43,5.34475592892857,5.15812504010465,5.31454579475,5.1536401615,-0.18663088882392,Down_in_Sepsis,0.36046511627907,0.122540086310893,GSE236713
NLRP1,GSE54514,18,35,7.29519102308333,7.34423631938571,7.251054287,7.3398857115,0.0490452963023804,Up_in_Sepsis,0.614285714285714,0.181077171557747,GSE236713
NLRP1,GSE57065,25,28,5.90079312,5.10183921428572,5.885976,5.090535,-0.798953905714286,Down_in_Sepsis,0.0628571428571429,9.7986344315551e-10,GSE236713
NLRP1,GSE65682,42,51,4.88070863619841,3.54943447271242,4.95738456883333,3.47698865766667,-1.33127416348599,Down_in_Sepsis,0.0658263305322129,7.19200455691073e-13,GSE236713
NLRP1,GSE95233,22,51,6.53560058290909,5.50923360827451,6.548292509,5.48422823,-1.02636697463458,Down_in_Sepsis,0.0017825311942959,1.88955739655682e-11,GSE236713
RETN,GSE137340,14,43,5.20533511935714,7.98698026388372,4.6106590085,8.017298027,2.78164514452658,Up_in_Sepsis,0.853820598006645,2.74394577444583e-05,GSE236713
RETN,GSE54514,18,35,9.55170414166667,9.70309085842857,9.6156725885,9.064110756,0.151386716761905,Up_in_Sepsis,0.53015873015873,0.730730102071719,GSE236713
RETN,GSE57065,25,28,4.613864,9.30737357142857,4.54531,9.56555,4.69350957142857,Up_in_Sepsis,0.997142857142857,8.85018249863286e-15,GSE236713
RETN,GSE65682,42,51,7.31710567696429,9.74104034138235,7.314010839,10.03319172,2.42393466441807,Up_in_Sepsis,0.869747899159664,9.93971462224936e-10,GSE236713
RETN,GSE95233,22,51,5.149751095,7.83679717882353,5.05946805,8.05463729,2.68704608382353,Up_in_Sepsis,0.986631016042781,5.45249501386452e-11,GSE236713
SAR1B,GSE137340,14,43,4.96288918397619,5.7967823898062,4.74066407516667,5.83919571933333,0.833893205830011,Up_in_Sepsis,0.850498338870432,3.37270343526275e-05,GSE236713
SAR1B,GSE54514,18,35,7.71429450427778,7.75418118522857,7.70739698433334,7.743089676,0.0398866809507927,Up_in_Sepsis,0.541269841269841,0.635114297097459,GSE236713
SAR1B,GSE57065,25,28,5.04451552,5.87262435714286,5.020746,5.992578,0.828108837142858,Up_in_Sepsis,0.935714285714285,1.17043442289857e-09,GSE236713
SAR1B,GSE65682,42,51,3.97035117780159,5.24703485094771,3.98297982466667,5.36727524666667,1.27668367314613,Up_in_Sepsis,0.893090569561158,8.22784431790555e-11,GSE236713
SAR1B,GSE95233,22,51,5.52880230790909,6.50345642733333,5.531369546,6.582986702,0.974654119424242,Up_in_Sepsis,0.954545454545455,9.05517246612493e-10,GSE236713
NEDD4,GSE137340,14,43,4.38250902180952,4.96151792105426,4.29213641416666,4.801195909,0.57900889924474,Up_in_Sepsis,0.910299003322259,4.22790671752083e-07,GSE236713
NEDD4,GSE54514,18,35,7.40197377744445,7.45255441668572,7.293729067,7.362484932,0.0505806392412698,Up_in_Sepsis,0.544444444444444,0.608776071190231,GSE236713
NEDD4,GSE57065,25,28,4.1790708,6.06599857142857,4.12133,6.318955,1.88692777142857,Up_in_Sepsis,0.96,4.0828104411818e-11,GSE236713
NEDD4,GSE65682,42,51,2.49075096504762,3.27117288477451,2.42147204125,3.09234915,0.780421919726891,Up_in_Sepsis,0.854808590102708,4.53660421333723e-09,GSE236713
NEDD4,GSE95233,22,51,4.48783945818182,5.98384373176471,4.468600125,6.04517117,1.49600427358289,Up_in_Sepsis,0.982174688057041,8.14407368438532e-11,GSE236713
ST6GALNAC3,GSE137340,14,43,4.50137086075,5.26059257533721,4.31088362225,5.0850363435,0.759221714587209,Up_in_Sepsis,0.872093023255814,8.24463721259666e-06,GSE236713
ST6GALNAC3,GSE54514,18,35,7.56375496916667,7.61624943185714,7.528279543,7.5792064665,0.0524944626904764,Up_in_Sepsis,0.523809523809524,0.787389209638866,GSE236713
ST6GALNAC3,GSE57065,25,28,3.4878912,5.77572321428572,3.4873,5.914285,2.28783201428571,Up_in_Sepsis,0.968571428571428,9.97415567595923e-12,GSE236713
ST6GALNAC3,GSE65682,42,51,4.01725771820238,5.1214141005098,4.03934253175,5.2777308485,1.10415638230742,Up_in_Sepsis,0.799253034547153,7.62783761565202e-07,GSE236713
ST6GALNAC3,GSE95233,22,51,3.91260054272727,6.32286726823529,3.902799155,6.39476853,2.41026672550802,Up_in_Sepsis,0.988413547237077,4.63786430560109e-11,GSE236713
S100A8,GSE137340,14,43,11.7670707607143,13.8612130895349,11.6478577,13.9794618,2.0941423288206,Up_in_Sepsis,0.900332225913621,8.24610608071691e-06,GSE236713
S100A8,GSE54514,18,35,14.4818180944444,14.455229432,14.509645465,14.56532383,-0.0265886624444445,Down_in_Sepsis,0.484126984126984,0.858264733607146,GSE236713
S100A8,GSE57065,25,28,9.4961188,10.2673585714286,9.421735,10.24313,0.771239771428572,Up_in_Sepsis,0.88,3.59733314920835e-07,GSE236713
S100A8,GSE65682,42,51,12.8216072683333,13.1201117496078,12.79987098,13.13078904,0.298504481274511,Up_in_Sepsis,0.812324929971989,2.45875764364347e-07,GSE236713
S100A8,GSE95233,22,51,10.7613722531818,13.0814998472549,10.6646902575,13.108627835,2.32012759407308,Up_in_Sepsis,1,1.60188706567253e-11,GSE236713
NDUFAF1,GSE137340,14,43,5.392302765,6.79047954474419,5.091140203,6.971118247,1.39817677974419,Up_in_Sepsis,0.812292358803987,0.0002869816641554,GSE236713
NDUFAF1,GSE54514,18,35,7.36864235666667,7.49095548914286,7.3494980335,7.459527969,0.122313132476191,Up_in_Sepsis,0.609523809523809,0.200299536283,GSE236713
NDUFAF1,GSE57065,25,28,5.4185392,6.67227071428571,5.43146,6.788555,1.25373151428571,Up_in_Sepsis,0.985714285714286,3.07543841827492e-13,GSE236713
NDUFAF1,GSE65682,42,51,5.82976296954762,6.43335832106863,5.821339374,6.5530313075,0.603595351521009,Up_in_Sepsis,0.814659197012139,1.99915688810139e-07,GSE236713
NDUFAF1,GSE95233,22,51,5.26522573590909,6.98095489921569,5.323704455,6.93288925,1.7157291633066,Up_in_Sepsis,0.999108734402852,1.73990990394731e-11,GSE236713
LILRA5,GSE137340,14,43,7.42001433247619,9.54247215132558,7.19596167783333,9.55634477233333,2.1224578188494,Up_in_Sepsis,0.87375415282392,7.34598051394299e-06,GSE236713
LILRA5,GSE54514,18,35,10.7801393227778,10.8140689301333,10.5921104765,10.8437690753333,0.0339296073555584,Up_in_Sepsis,0.522222222222222,0.801741213878021,GSE236713
LILRA5,GSE57065,25,28,5.0902356,6.95282794642857,5.1211775,7.02134,1.86259234642857,Up_in_Sepsis,0.985714285714286,3.07543841827492e-13,GSE236713
LILRA5,GSE65682,42,51,9.04942252834921,9.72692568706536,9.13687494883333,9.84878112566667,0.677503158716151,Up_in_Sepsis,0.794584500466854,1.13043864028343e-06,GSE236713
LILRA5,GSE95233,22,51,7.11645134261364,9.51360269279412,7.08574943625,9.654418455,2.39715135018048,Up_in_Sepsis,1,1.60188706567253e-11,GSE236713
HK3,GSE137340,14,43,8.75082910471429,10.4119840827674,8.390877427,10.41149064,1.66115497805316,Up_in_Sepsis,0.832225913621263,0.000216857743109656,GSE236713
HK3,GSE54514,18,35,10.4937286905,10.6485877990286,10.47875452,10.64564991,0.154859108528573,Up_in_Sepsis,0.561904761904762,0.473286065359816,GSE236713
HK3,GSE57065,25,28,7.98032,10.4371428571429,7.97807,10.46565,2.45682285714286,Up_in_Sepsis,0.998571428571429,4.42509124931643e-15,GSE236713
HK3,GSE65682,42,51,8.83781198766667,9.71433418754902,8.7901525005,9.778881384,0.876522199882352,Up_in_Sepsis,0.824929971988796,7.90621994484101e-08,GSE236713
HK3,GSE95233,22,51,6.70271733136364,9.05404229490196,6.63855448,9.14997634,2.35132496353832,Up_in_Sepsis,1,1.60188706567253e-11,GSE236713
IRAK3,GSE137340,14,43,6.47396456585714,9.10218682455814,5.964591442,9.217291858,2.628222258701,Up_in_Sepsis,0.875415282392027,6.53811501196993e-06,GSE236713
IRAK3,GSE54514,18,35,9.97324305155556,10.1531717713714,10.1306290635,10.4770212165,0.179928719815873,Up_in_Sepsis,0.6,0.243028800589674,GSE236713
IRAK3,GSE57065,25,28,5.32564786666667,8.14573369047619,5.33925,8.23077,2.82008582380952,Up_in_Sepsis,1,2.21254562465821e-15,GSE236713
IRAK3,GSE65682,42,51,7.38685149740476,8.00597797543628,7.699551669,8.219756242,0.619126478031514,Up_in_Sepsis,0.710084033613446,0.000520192370241943,GSE236713
IRAK3,GSE95233,22,51,6.60189167469697,9.13780613104575,6.68542414,9.22017156666667,2.53591445634878,Up_in_Sepsis,0.99554367201426,2.41819260539641e-11,GSE236713
PSMA6,GSE137340,14,43,6.92914489398214,8.42839877790116,6.539784391375,8.47533833275,1.49925388391902,Up_in_Sepsis,0.858803986710963,1.99991144589167e-05,GSE236713
PSMA6,GSE54514,18,35,9.98456372216667,10.2105448587857,9.982036115,10.31391239,0.225981136619049,Up_in_Sepsis,0.617460317460317,0.169030570051923,GSE236713
PSMA6,GSE57065,25,28,8.4171952,9.92302035714286,8.46972,10.01105,1.50582515714286,Up_in_Sepsis,0.942857142857143,4.71093001856602e-10,GSE236713
PSMA6,GSE65682,42,51,7.69171299978572,8.407880337,7.647334828,8.52560911,0.716167337214285,Up_in_Sepsis,0.760037348272642,1.73769118586227e-05,GSE236713
PSMA6,GSE95233,22,51,7.94707985181818,9.67774119098039,7.88719635,9.70625391,1.73066133916221,Up_in_Sepsis,0.990196078431372,3.94540435484238e-11,GSE236713
ATP6V1C1,GSE137340,14,43,5.04136580589286,5.73415236531395,4.906265868,5.689115671,0.692786559421096,Up_in_Sepsis,0.830564784053156,0.00010836477926158,GSE236713
ATP6V1C1,GSE54514,18,35,7.69440666833333,7.66646626334286,7.6981620785,7.6462945935,-0.0279404049904759,Down_in_Sepsis,0.465079365079365,0.689143463767284,GSE236713
ATP6V1C1,GSE57065,25,28,5.6078049,7.47761964285714,5.6252925,7.68454375,1.86981474285714,Up_in_Sepsis,0.951428571428571,1.46118725598053e-10,GSE236713
ATP6V1C1,GSE65682,42,51,6.24831028319048,7.10629631146079,6.445528915,7.39451124325,0.857986028270308,Up_in_Sepsis,0.794117647058824,1.17542255359386e-06,GSE236713
ATP6V1C1,GSE95233,22,51,5.22768845727273,7.05554861,5.23748087375,7.145759595,1.82786015272727,Up_in_Sepsis,0.994652406417112,2.62469054871502e-11,GSE236713
CCPG1,GSE137340,14,43,5.71398015628571,7.19531445209302,5.407865091,7.143221333,1.48133429580731,Up_in_Sepsis,0.87375415282392,7.34598051394299e-06,GSE236713
CCPG1,GSE54514,18,35,8.52722313633333,8.60512421485714,8.48179435725,8.6312851905,0.0779010785238103,Up_in_Sepsis,0.546031746031746,0.595788354333167,GSE236713
CCPG1,GSE57065,25,28,6.45456624,7.88405864285714,6.497546,7.867906,1.42949240285714,Up_in_Sepsis,0.965714285714285,1.6235659793742e-11,GSE236713
CCPG1,GSE65682,42,51,5.43048237534354,6.29565831969188,5.4763874095,6.38689566442857,0.86517594434834,Up_in_Sepsis,0.839869281045752,1.95094747201154e-08,GSE236713
CCPG1,GSE95233,22,51,6.15918117136364,7.5556615647451,6.122413141,7.582680408,1.39648039338146,Up_in_Sepsis,0.968805704099822,2.6568328672965e-10,GSE236713
NELL2,GSE137340,14,43,6.49554174478571,5.89434837602326,6.6868329055,5.813746076,-0.601193368762458,Down_in_Sepsis,0.26578073089701,0.00811465598623881,GSE236713
NELL2,GSE54514,18,35,7.36743333611111,7.39712310508571,7.227577448,7.351003647,0.0296897689746025,Up_in_Sepsis,0.523809523809524,0.787389209638866,GSE236713
NELL2,GSE57065,25,28,8.1009788,5.30718821428572,7.99138,5.2103,-2.79379058571429,Down_in_Sepsis,0,2.21254562465821e-15,GSE236713
NELL2,GSE65682,42,51,3.29146798292857,2.63422352013726,2.94993907725,2.5864294925,-0.657244462791316,Down_in_Sepsis,0.23015873015873,8.26135619987797e-06,GSE236713
NELL2,GSE95233,22,51,6.40110207,4.16448993078431,6.443161585,4.09752712,-2.23661213921569,Down_in_Sepsis,0.00802139037433155,3.35212501057368e-11,GSE236713
UBE2J1,GSE137340,14,43,7.51051921157143,8.90058205346512,7.0956391145,8.877279489,1.39006284189369,Up_in_Sepsis,0.848837209302326,3.73425195502401e-05,GSE236713
UBE2J1,GSE54514,18,35,9.72016090805556,9.72255412485714,9.6136245725,9.672478676,0.00239321680158611,Up_in_Sepsis,0.534920634920635,0.689143463767284,GSE236713
UBE2J1,GSE57065,25,28,6.41856846666667,7.87583732142857,6.40528,8.02547666666667,1.4572688547619,Up_in_Sepsis,0.97,7.7571849600517e-12,GSE236713
UBE2J1,GSE65682,42,51,7.21102242579762,7.98972013118137,7.056721576375,8.12342960675,0.778697705383753,Up_in_Sepsis,0.805322128851541,4.53483226434796e-07,GSE236713
UBE2J1,GSE95233,22,51,6.98358755787879,8.72503335183007,6.9664858275,8.78516449666667,1.74144579395128,Up_in_Sepsis,0.991978609625668,3.35328660937072e-11,GSE236713
UBL5,GSE137340,14,43,5.41049776998214,6.25013951182558,5.268550405625,6.20783024175,0.839641741843439,Up_in_Sepsis,0.893687707641196,1.67917460911234e-06,GSE236713
UBL5,GSE54514,18,35,8.73538888827778,8.72563792641429,8.7294416415,8.594999552,-0.00975096186349056,Down_in_Sepsis,0.496825396825397,0.977746942500812,GSE236713
UBL5,GSE57065,25,28,7.312528,8.41778392857143,7.42648,8.493445,1.10525592857143,Up_in_Sepsis,0.935714285714286,1.17043442289857e-09,GSE236713
UBL5,GSE65682,42,51,8.67088171433333,9.09062276287255,8.6609331285,9.12697465,0.419741048539215,Up_in_Sepsis,0.765172735760971,1.18083502950546e-05,GSE236713
UBL5,GSE95233,22,51,7.16289955272727,8.86143234941176,7.16524337,8.82787972,1.69853279668449,Up_in_Sepsis,1,1.60188706567253e-11,GSE236713
RAB31,GSE137340,14,43,6.93174213735714,7.75901473067442,6.8051828705,7.764173954,0.827272593317276,Up_in_Sepsis,0.880398671096345,4.5786917253501e-06,GSE236713
RAB31,GSE54514,18,35,11.6838317444444,11.9574570522857,11.690245625,11.86922073,0.273625307841272,Up_in_Sepsis,0.630952380952381,0.123530872272355,GSE236713
RAB31,GSE57065,25,28,9.69014053333333,10.5050705952381,9.71907333333333,10.5944666666667,0.814930061904763,Up_in_Sepsis,0.964285714285714,2.05678241268228e-11,GSE236713
RAB31,GSE65682,42,51,9.21135854900595,9.71940333367647,9.314984492875,9.7143372425,0.508044784670519,Up_in_Sepsis,0.818860877684408,1.372467611671e-07,GSE236713
RAB31,GSE95233,22,51,9.65517543984848,10.6989991152288,9.69987265333334,10.7269384533333,1.04382367538028,Up_in_Sepsis,0.97415329768271,1.66193362226705e-10,GSE236713
GADD45A,GSE137340,14,43,5.30691045196429,6.19020441647674,4.79919859475,5.967946497,0.883293964512459,Up_in_Sepsis,0.754152823920266,0.00385928762593356,GSE236713
GADD45A,GSE54514,18,35,9.15976790619444,8.56680619378571,9.09830832475,8.408894539,-0.59296171240873,Down_in_Sepsis,0.29047619047619,0.0125252546921486,GSE236713
GADD45A,GSE57065,25,28,6.1883888,9.48613428571429,6.17952,9.860785,3.29774548571429,Up_in_Sepsis,1,2.21254562465821e-15,GSE236713
GADD45A,GSE65682,42,51,7.84114134335714,9.02282525972549,8.121916137,9.094566,1.18168391636835,Up_in_Sepsis,0.826330532212886,6.95166724757002e-08,GSE236713
GADD45A,GSE95233,22,51,6.19195034590909,9.49780938431373,6.143981605,9.57783296,3.30585903840464,Up_in_Sepsis,1,1.60188706567253e-11,GSE236713
CD3E,GSE137340,14,43,8.07039240107143,5.88392111839535,8.276842362,5.779868265,-2.18647128267608,Down_in_Sepsis,0.053156146179402,1.01995612661308e-08,GSE236713
CD3E,GSE54514,18,35,7.93333676116667,8.04534809934286,7.8882203105,7.870785713,0.11201133817619,Up_in_Sepsis,0.531746031746032,0.716774420138131,GSE236713
CD3E,GSE57065,25,28,8.8292944,6.82665,8.76822,6.719105,-2.0026444,Down_in_Sepsis,0.0214285714285714,1.51338120726622e-12,GSE236713
CD3E,GSE65682,42,51,2.98063724442857,2.48459348256863,2.872306862,2.436319492,-0.496043761859944,Down_in_Sepsis,0.237161531279178,1.40872649154211e-05,GSE236713
CD3E,GSE95233,22,51,6.84893544818182,4.84148069254902,6.812105725,4.83025782,-2.0074547556328,Down_in_Sepsis,0.0071301247771836,3.08970483898191e-11,GSE236713
ATP9A,GSE137340,14,43,4.80202090738095,5.52973604869767,4.648722985,5.46638302133333,0.727715141316722,Up_in_Sepsis,0.890365448504983,2.17438941765078e-06,GSE236713
ATP9A,GSE54514,18,35,8.16692366847222,8.30321235661429,8.1089799405,8.363950968,0.136288688142063,Up_in_Sepsis,0.585714285714286,0.318216803699425,GSE236713
ATP9A,GSE57065,25,28,4.342293,6.3298725,4.441015,6.44673,1.9875795,Up_in_Sepsis,0.997142857142857,8.85018249863286e-15,GSE236713
ATP9A,GSE65682,42,51,3.97486160304762,5.15235669245098,3.965898105,5.309104248,1.17749508940336,Up_in_Sepsis,0.773576097105509,6.18231329672613e-06,GSE236713
ATP9A,GSE95233,22,51,6.17202132772727,7.87737336117647,6.2387981975,7.977047325,1.7053520334492,Up_in_Sepsis,0.973262032085561,1.79773479549631e-10,GSE236713
ABLIM1,GSE137340,14,43,5.85463673442857,5.65571428069186,5.78113520325,5.6068577235,-0.198922453736711,Down_in_Sepsis,0.363787375415282,0.131931166909804,GSE236713
ABLIM1,GSE54514,18,35,7.47108970751852,7.58333965029524,7.44839056333334,7.573652585,0.112249942776719,Up_in_Sepsis,0.66031746031746,0.0586025873125773,GSE236713
ABLIM1,GSE57065,25,28,7.2038044,5.46805267857143,7.23139,5.4631175,-1.73575172142857,Down_in_Sepsis,0,2.21254562465821e-15,GSE236713
ABLIM1,GSE65682,42,51,4.32378784963691,3.80800783962745,4.2776805045,3.77866002775,-0.515780010009454,Down_in_Sepsis,0.227357609710551,6.64929120817864e-06,GSE236713
ABLIM1,GSE95233,22,51,8.23902331090909,6.14861887078431,8.206853725,6.06508925,-2.09040444012478,Down_in_Sepsis,0.00267379679144385,2.05178515500888e-11,GSE236713
GATA3,GSE137340,14,43,4.66679660957143,4.78491348734884,4.682917991,4.677289185,0.118116877777409,Up_in_Sepsis,0.576411960132891,0.403199137058811,GSE236713
GATA3,GSE54514,18,35,7.16149449333333,7.17257690437143,7.1827664375,7.151836872,0.0110824110380952,Up_in_Sepsis,0.51984126984127,0.82168443829249,GSE236713
GATA3,GSE57065,25,28,5.6828504,3.91218511904762,5.53675666666667,3.81535166666666,-1.77066528095238,Down_in_Sepsis,0,2.21254562465821e-15,GSE236713
GATA3,GSE65682,42,51,3.41190837157937,2.97634525392157,3.36877569283334,2.940493242,-0.435563117657797,Down_in_Sepsis,0.140056022408964,2.71015528900733e-09,GSE236713
GATA3,GSE95233,22,51,5.54114001803031,3.81553183117647,5.53925500666667,3.81578659333333,-1.72560818685383,Down_in_Sepsis,0,1.60188706567253e-11,GSE236713
NLRC4,GSE137340,14,43,5.55132285385714,7.22118646581395,5.1589393945,7.26193747,1.66986361195681,Up_in_Sepsis,0.805647840531561,0.000400631980255359,GSE236713
NLRC4,GSE54514,18,35,8.24117922783333,8.49875315257143,8.0718331335,8.417428017,0.257573924738095,Up_in_Sepsis,0.626984126984127,0.136432076366508,GSE236713
NLRC4,GSE57065,25,28,5.35220746666667,7.07516642857143,5.33810333333333,7.13635333333334,1.72295896190476,Up_in_Sepsis,0.99,9.95645531096197e-14,GSE236713
NLRC4,GSE65682,42,51,4.29577335354762,5.00175797528431,4.4655792825,5.0621416185,0.705984621736694,Up_in_Sepsis,0.830999066293184,4.51012294675184e-08,GSE236713
NLRC4,GSE95233,22,51,5.92346704727273,8.06012161640523,6.00441967333333,8.09675851666667,2.1366545691325,Up_in_Sepsis,0.998217468805704,1.88955739655682e-11,GSE236713
EXOC6,GSE137340,14,43,4.88543899878571,5.63656971111628,4.7585954085,5.61375517666667,0.751130712330565,Up_in_Sepsis,0.830564784053156,0.00010836477926158,GSE236713
EXOC6,GSE54514,18,35,7.57355576968519,7.62558890755238,7.541206757,7.603348732,0.0520331378671957,Up_in_Sepsis,0.568253968253968,0.42839311053673,GSE236713
EXOC6,GSE57065,25,28,5.1117156,6.48529416666667,5.09888,6.53959166666667,1.37357856666667,Up_in_Sepsis,0.987142857142857,2.14616925591847e-13,GSE236713
EXOC6,GSE65682,42,51,5.36268628829762,6.01722990917647,5.42427552425,5.956479046,0.654543620878852,Up_in_Sepsis,0.754435107376284,2.62776482435079e-05,GSE236713
EXOC6,GSE95233,22,51,5.41806518515152,6.57804132339869,5.37086918,6.66889392333333,1.15997613824718,Up_in_Sepsis,0.966131907308378,3.35282320392347e-10,GSE236713
RNASE3,GSE137340,14,43,5.15318927107143,7.37279856172093,4.9310884735,7.276024219,2.2196092906495,Up_in_Sepsis,0.865448504983389,1.29444347247364e-05,GSE236713
RNASE3,GSE54514,18,35,8.39811846966667,9.07183991837143,8.519881725,8.999832153,0.673721448704763,Up_in_Sepsis,0.715873015873016,0.00997989337858457,GSE236713
RNASE3,GSE57065,25,28,5.1106688,7.58436,5.0263,7.60682,2.4736912,Up_in_Sepsis,0.988571428571428,1.482405568521e-13,GSE236713
RNASE3,GSE65682,42,51,4.73729515485714,6.62797567470588,4.577254686,6.48201561,1.89068051984874,Up_in_Sepsis,0.871615312791784,8.18719101155584e-10,GSE236713
RNASE3,GSE95233,22,51,4.70455852136364,6.79285418333333,4.76967123,6.80456841,2.0882956619697,Up_in_Sepsis,0.975935828877005,1.41972918224125e-10,GSE236713
SIGIRR,GSE137340,14,43,7.00669959357143,6.43690974216279,7.0486134,6.3424935705,-0.569789851408638,Down_in_Sepsis,0.17109634551495,0.000118823654645357,GSE236713
SIGIRR,GSE54514,18,35,7.327363915,7.31745976034286,7.2998986245,7.279586792,-0.00990415465714278,Down_in_Sepsis,0.438095238095238,0.473286065359816,GSE236713
SIGIRR,GSE57065,25,28,7.3380014,6.21495857142857,7.368775,6.2418125,-1.12304282857143,Down_in_Sepsis,0.0328571428571429,1.27509004349053e-11,GSE236713
SIGIRR,GSE65682,42,51,4.70310250192857,4.18860638918301,4.7045953935,4.15980296633333,-0.514496112745566,Down_in_Sepsis,0.174136321195145,7.25672640549993e-08,GSE236713
SIGIRR,GSE95233,22,51,7.53789644181818,6.56416318372549,7.5771053575,6.517342255,-0.973733258092691,Down_in_Sepsis,0.0204991087344029,1.03431303688478e-10,GSE236713
ATP11B,GSE137340,14,43,5.2846282495,6.44507444991861,4.958368882,6.3306674895,1.1604462004186,Up_in_Sepsis,0.867109634551495,1.15818527714491e-05,GSE236713
ATP11B,GSE54514,18,35,8.65592421441667,8.45945029935714,8.665524125,8.423412323,-0.196473915059524,Down_in_Sepsis,0.377777777777778,0.152080729356349,GSE236713
ATP11B,GSE57065,25,28,5.2186784,7.03875482142857,5.22068666666667,7.28706166666667,1.82007642142857,Up_in_Sepsis,0.995714285714286,1.54878193726075e-14,GSE236713
ATP11B,GSE65682,42,51,5.28349894106845,6.11965036229412,5.2728987829375,6.2433836155,0.836151421225665,Up_in_Sepsis,0.800653594771242,6.77111143044872e-07,GSE236713
ATP11B,GSE95233,22,51,6.62596131151515,8.41418258964052,6.67846374666667,8.53843933166667,1.78822127812537,Up_in_Sepsis,0.981283422459893,8.82077171942536e-11,GSE236713
SULF2,GSE137340,14,43,5.80002644540476,5.82241089345736,5.63045045183334,5.92233483833333,0.0223844480526019,Up_in_Sepsis,0.536544850498339,0.693458152977894,GSE236713
SULF2,GSE54514,18,35,7.86046528812963,7.81585257389524,7.97787864983333,7.76569032666667,-0.0446127142343906,Down_in_Sepsis,0.458730158730159,0.635114297097459,GSE236713
SULF2,GSE57065,25,28,7.660858,5.32338571428571,7.72549,5.2973425,-2.33747228571429,Down_in_Sepsis,0.0214285714285714,1.51338120726622e-12,GSE236713
SULF2,GSE65682,42,51,7.33592731226191,5.31199782178431,7.460765195,5.0717806065,-2.02392949047759,Down_in_Sepsis,0.0994397759103641,3.59454445662327e-11,GSE236713
SULF2,GSE95233,22,51,7.93734288772727,5.91768248705882,7.9990341975,5.95346762,-2.01966040066845,Down_in_Sepsis,0.0222816399286988,1.21213677994709e-10,GSE236713
TCF7,GSE137340,14,43,4.5362807182381,4.54528316596899,4.48022920183334,4.40029689666667,0.00900244773089653,Up_in_Sepsis,0.335548172757475,0.0674694949031739,GSE236713
TCF7,GSE54514,18,35,7.17996638352778,7.18485778397143,7.1887493135,7.1620082855,0.00489140044365044,Up_in_Sepsis,0.498412698412699,0.992581476239974,GSE236713
TCF7,GSE57065,25,28,8.2727108,6.57395589285714,8.276505,6.6254125,-1.69875490714286,Down_in_Sepsis,0.00571428571428571,2.65505474958986e-14,GSE236713
TCF7,GSE65682,42,51,4.17672209061905,3.51131071536078,4.1667805237,3.5651186398,-0.665411375258263,Down_in_Sepsis,0.245098039215686,2.53953936765205e-05,GSE236713
TCF7,GSE95233,22,51,8.28797413318182,6.58290461960784,8.1649394425,6.55440711,-1.70506951357397,Down_in_Sepsis,0.0035650623885918,2.22762533627504e-11,GSE236713
DNASE1L1,GSE137340,14,43,4.85450341040476,5.32761475153101,4.797114177,5.32859649716667,0.473111341126245,Up_in_Sepsis,0.840531561461794,6.13456473478384e-05,GSE236713
DNASE1L1,GSE54514,18,35,7.93983496561111,7.92863637375714,7.89283633225,7.939458847,-0.0111985918539688,Down_in_Sepsis,0.528571428571429,0.744773717603001,GSE236713
DNASE1L1,GSE57065,25,28,7.3298408,8.15226928571429,7.32751,8.20487,0.822428485714286,Up_in_Sepsis,0.918571428571429,8.55398016567736e-09,GSE236713
DNASE1L1,GSE65682,42,51,6.30975495321429,7.158103863,6.224650375,7.269437165,0.848348909785714,Up_in_Sepsis,0.88608776844071,1.76424246483822e-10,GSE236713
DNASE1L1,GSE95233,22,51,8.32052424136364,9.28773790294118,8.32016216,9.35995513,0.96721366157754,Up_in_Sepsis,0.956327985739751,7.78375215666962e-10,GSE236713
CD247,GSE137340,14,43,10.3408201655714,9.89281029886046,10.376613525,10.07084645,-0.448009866710965,Down_in_Sepsis,0.40531561461794,0.2985473132378,GSE236713
CD247,GSE54514,18,35,9.74945513422222,9.38249128234286,9.946455479,9.3137831685,-0.366963851879365,Down_in_Sepsis,0.376190476190476,0.146722427447959,GSE236713
CD247,GSE57065,25,28,10.1853216,7.73724607142857,10.2214,7.655605,-2.44807552857143,Down_in_Sepsis,0.0114285714285714,1.482405568521e-13,GSE236713
CD247,GSE65682,42,51,4.92602738795238,3.9358988694902,4.778689274,3.911796267,-0.990128518462185,Down_in_Sepsis,0.136321195144725,1.85505783163801e-09,GSE236713
CD247,GSE95233,22,51,9.17332886454545,6.62387738705882,9.14544178,6.55802082,-2.54945147748663,Down_in_Sepsis,0,1.60188706567253e-11,GSE236713
CCNA1,GSE137340,14,43,4.41638132971429,5.23165278934884,4.1938818755,4.65509443,0.815271459634552,Up_in_Sepsis,0.8421926910299,5.56405121878381e-05,GSE236713
CCNA1,GSE54514,18,35,7.43379786288889,7.588511031,7.301334858,7.414803505,0.154713168111112,Up_in_Sepsis,0.587301587301587,0.309195100119527,GSE236713
CCNA1,GSE57065,25,28,4.1191488,5.80875892857143,4.14221,5.47657,1.68961012857143,Up_in_Sepsis,0.962857142857143,2.59553727228655e-11,GSE236713
CCNA1,GSE65682,42,51,2.43403282983333,4.17467067219608,2.3462453935,4.318713639,1.74063784236275,Up_in_Sepsis,0.906162464985995,1.9127218523145e-11,GSE236713
CCNA1,GSE95233,22,51,3.58152882,6.62681024901961,3.602492025,6.73111568,3.04528142901961,Up_in_Sepsis,0.989304812834225,4.27867888939574e-11,GSE236713
HSBP1,GSE137340,14,43,7.87675563007143,9.22620148093023,7.5922010905,9.235304246,1.3494458508588,Up_in_Sepsis,0.865448504983389,1.29444347247364e-05,GSE236713
HSBP1,GSE54514,18,35,9.52002827327778,9.53109158114286,9.4704489705,9.471712112,0.0110633078650793,Up_in_Sepsis,0.516666666666667,0.851015079589967,GSE236713
HSBP1,GSE57065,25,28,7.280421,7.99433375,7.251765,7.97178,0.71391275,Up_in_Sepsis,0.914285714285714,1.35601367845784e-08,GSE236713
HSBP1,GSE65682,42,51,6.4104989643631,6.83534294193137,6.376558670875,6.8443795485,0.424843977568277,Up_in_Sepsis,0.793183940242764,1.27061238461506e-06,GSE236713
HSBP1,GSE95233,22,51,7.28699123954545,8.66577267598039,7.3794047075,8.68890482,1.37878143643494,Up_in_Sepsis,1,1.60188706567253e-11,GSE236713
TXK,GSE137340,14,43,5.92258920042857,5.20780488837209,6.0439414605,5.09016541,-0.714784312056478,Down_in_Sepsis,0.20265780730897,0.000599272533308424,GSE236713
TXK,GSE54514,18,35,7.31790725388889,7.27959833142857,7.296327114,7.2380867,-0.0383089224603168,Down_in_Sepsis,0.420634920634921,0.355973719982299,GSE236713
TXK,GSE57065,25,28,7.1846312,4.9532025,7.16389,4.92176,-2.2314287,Down_in_Sepsis,0.00142857142857143,4.42509124931643e-15,GSE236713
TXK,GSE65682,42,51,4.06082893503571,3.25638884056863,4.06964975675,3.195788096,-0.804440094467087,Down_in_Sepsis,0.199813258636788,7.04582975307511e-07,GSE236713
TXK,GSE95233,22,51,5.60808232409091,4.32859406196078,5.617723485,4.30616348,-1.27948826213013,Down_in_Sepsis,0.0285204991087344,2.10264174876355e-10,GSE236713
CCR3,GSE137340,14,43,5.68239595542857,5.18866504540698,5.7092211875,5.0631178105,-0.493730910021595,Down_in_Sepsis,0.242524916943522,0.0033868587230376,GSE236713
CCR3,GSE54514,18,35,7.84628642922222,7.70725737977143,7.6593854425,7.572162628,-0.139029049450794,Down_in_Sepsis,0.417460317460318,0.33676180410244,GSE236713
CCR3,GSE57065,25,28,7.6232924,4.88376464285714,7.64019,4.497535,-2.73952775714286,Down_in_Sepsis,0.07,2.33646588000407e-09,GSE236713
CCR3,GSE65682,42,51,4.3756428542381,3.16764325965686,4.448124018,2.917105872,-1.20799959458123,Down_in_Sepsis,0.160597572362278,2.0399853440051e-08,GSE236713
CCR3,GSE95233,22,51,7.53040748454546,5.20544373196078,7.49729634,5.15732204,-2.32496375258467,Down_in_Sepsis,0.0106951871657754,4.27867888939574e-11,GSE236713
CMTM4,GSE137340,14,43,4.40293041566071,4.8392845702907,4.310838303125,4.77322446675,0.436354154629983,Up_in_Sepsis,0.878737541528239,5.16186693059591e-06,GSE236713
CMTM4,GSE54514,18,35,7.24278647811111,7.21287143341905,7.24228183416667,7.18002812066667,-0.0299150446920633,Down_in_Sepsis,0.426984126984127,0.396380670853483,GSE236713
CMTM4,GSE57065,25,28,4.41995826666667,5.51398988095238,4.47589666666667,5.50371,1.09403161428571,Up_in_Sepsis,0.968571428571428,9.97415567595923e-12,GSE236713
CMTM4,GSE65682,42,51,2.84113232057143,3.5327281930098,2.7848991055,3.4363588565,0.691595872438375,Up_in_Sepsis,0.836134453781513,2.78350647402994e-08,GSE236713
CMTM4,GSE95233,22,51,4.92635740212121,5.84571677366013,4.90314294,5.81686926,0.91935937153892,Up_in_Sepsis,0.988413547237077,4.63944869067713e-11,GSE236713
DRAM1,GSE137340,14,43,5.97951676114286,7.6284219607907,5.498105704,7.858016126,1.64890519964784,Up_in_Sepsis,0.807308970099668,0.000368932478636985,GSE236713
DRAM1,GSE54514,18,35,8.34397490811111,8.52077736165714,8.4047923085,8.501205444,0.176802453546031,Up_in_Sepsis,0.6,0.243028800589674,GSE236713
DRAM1,GSE57065,25,28,6.452056,7.92729107142857,6.44573,7.85264,1.47523507142857,Up_in_Sepsis,0.99,9.95645531096197e-14,GSE236713
DRAM1,GSE65682,42,51,3.76705746264286,4.62289479691177,3.75472874725,4.677832185,0.855837334268907,Up_in_Sepsis,0.803454715219422,5.32722689167168e-07,GSE236713
DRAM1,GSE95233,22,51,6.05118779727273,8.04099513019608,6.121587845,8.0836456,1.98980733292335,Up_in_Sepsis,0.990196078431373,3.94540435484238e-11,GSE236713
FAR2,GSE137340,14,43,5.53235140267857,6.65190451623256,5.300557331,6.499828111,1.11955311355399,Up_in_Sepsis,0.833887043189369,8.99233343862789e-05,GSE236713
FAR2,GSE54514,18,35,8.4697593585,8.44888410555714,8.3577098845,8.557059765,-0.0208752529428562,Down_in_Sepsis,0.5,1,GSE236713
FAR2,GSE57065,25,28,4.88920426666667,6.22599797619048,4.87116666666667,6.14257,1.33679370952381,Up_in_Sepsis,0.964285714285714,2.05678241268228e-11,GSE236713
FAR2,GSE65682,42,51,4.70400959997619,6.57458614926471,4.50525561475,6.571572742,1.87057654928852,Up_in_Sepsis,0.907563025210084,1.63148457744655e-11,GSE236713
FAR2,GSE95233,22,51,6.09846564242424,7.22991293071895,6.031509935,7.20502767333333,1.13144728829471,Up_in_Sepsis,0.975044563279857,1.53617362330698e-10,GSE236713
ROMO1,GSE137340,14,43,8.36406486028571,10.0975242903721,8.14144105275,10.1535092415,1.73345943008638,Up_in_Sepsis,0.883720930232558,3.58984112855028e-06,GSE236713
ROMO1,GSE54514,18,35,10.0635196896667,10.1624541150286,10.1011261925,10.08465958,0.0989344253619056,Up_in_Sepsis,0.541269841269841,0.631988144238919,GSE236713
ROMO1,GSE57065,25,28,5.6906056,6.68635535714286,5.70913,6.671185,0.995749757142858,Up_in_Sepsis,0.927142857142857,3.26467523300631e-09,GSE236713
ROMO1,GSE65682,42,51,7.22872402451191,7.76240723731373,7.20725287925,7.841954618,0.533683212801821,Up_in_Sepsis,0.736694677871149,9.22285279890317e-05,GSE236713
ROMO1,GSE95233,22,51,7.42242140545455,8.86944362686275,7.35929837,8.88266066,1.4470222214082,Up_in_Sepsis,0.994652406417112,2.62469054871502e-11,GSE236713
CD59,GSE137340,14,43,4.50397533167857,5.05951091990698,4.3939907405,4.948302582,0.555535588228405,Up_in_Sepsis,0.880398671096346,4.5786917253501e-06,GSE236713
CD59,GSE54514,18,35,7.44532985155556,7.4010516304,7.3757090565,7.38725853,-0.0442782211555564,Down_in_Sepsis,0.458730158730159,0.631988144238919,GSE236713
CD59,GSE57065,25,28,5.75298784,7.44911514285714,5.730452,7.334453,1.69612730285714,Up_in_Sepsis,0.998571428571429,4.42509124931643e-15,GSE236713
CD59,GSE65682,42,51,7.02415072001587,7.71610657452288,6.96074279783333,7.71831239966667,0.691955854507003,Up_in_Sepsis,0.743697478991597,5.67392658172337e-05,GSE236713
CD59,GSE95233,22,51,6.57897921890909,8.38893217823529,6.541625434,8.397237246,1.8099529593262,Up_in_Sepsis,0.994652406417112,2.62469054871502e-11,GSE236713
TSPAN2,GSE137340,14,43,4.60961975092857,5.14965615782558,4.49655704375,5.1755201925,0.54003640689701,Up_in_Sepsis,0.780730897009967,0.0012817795557046,GSE236713
TSPAN2,GSE54514,18,35,7.38935591113889,7.33827411791429,7.3358534575,7.302220583,-0.0510817932246033,Down_in_Sepsis,0.428571428571429,0.406890737204955,GSE236713
TSPAN2,GSE57065,25,28,5.58712213333333,6.64441464285714,5.53681666666667,6.39398333333334,1.05729250952381,Up_in_Sepsis,0.858571428571428,2.07752800599986e-06,GSE236713
TSPAN2,GSE65682,42,51,5.1654448341746,6.53439205754902,5.11880005433334,6.58595910033333,1.36894722337442,Up_in_Sepsis,0.929038281979459,1.33324965116795e-12,GSE236713
TSPAN2,GSE95233,22,51,5.22568907818182,6.46417667091503,5.21819187833334,6.52889336666667,1.23848759273321,Up_in_Sepsis,0.941176470588235,2.76623899079548e-09,GSE236713
CORO2A,GSE137340,14,43,5.28316005760714,6.00858634530233,5.11605098575,6.025425844,0.725426287695183,Up_in_Sepsis,0.782392026578073,0.0011910207519427,GSE236713
CORO2A,GSE54514,18,35,7.4504498375,7.5184669676381,7.44821921966667,7.52497132633333,0.0680171301380952,Up_in_Sepsis,0.619047619047619,0.163232997664367,GSE236713
CORO2A,GSE57065,25,28,4.6884328,5.78904857142857,4.67395,5.9757475,1.10061577142857,Up_in_Sepsis,0.955714285714286,7.83661534797693e-11,GSE236713
CORO2A,GSE65682,42,51,3.70629702822619,4.65990027285784,3.677145447625,4.6758834205,0.953603244631653,Up_in_Sepsis,0.876750700280112,4.77959681350515e-10,GSE236713
CORO2A,GSE95233,22,51,4.62865646886364,5.59748904029412,4.6219504925,5.610873555,0.968832571430482,Up_in_Sepsis,0.973262032085562,1.79773479549631e-10,GSE236713
S100P,GSE137340,14,43,7.11713931071429,10.6221696755814,7.245426574,10.78611659,3.50503036486711,Up_in_Sepsis,0.893687707641196,1.67917460911234e-06,GSE236713
S100P,GSE54514,18,35,10.8642796408889,11.5575663426571,10.817378045,11.22842979,0.693286701768255,Up_in_Sepsis,0.665079365079365,0.0512864999292285,GSE236713
S100P,GSE57065,25,28,8.7936928,11.40341,9.09986,11.5109,2.6097172,Up_in_Sepsis,0.985714285714286,3.07543841827492e-13,GSE236713
S100P,GSE65682,42,51,11.3545093569762,11.7995175968627,11.48921505,11.85882878,0.445008239886555,Up_in_Sepsis,0.69514472455649,0.00126812382600049,GSE236713
S100P,GSE95233,22,51,8.66531628136364,11.8757753331373,8.813103335,11.93590325,3.21045905177362,Up_in_Sepsis,0.998217468805704,1.88955739655682e-11,GSE236713
ARG1,GSE137340,14,43,5.39318331628572,8.42492957209302,4.8148795855,8.18703108,3.03174625580731,Up_in_Sepsis,0.903654485049834,7.47687024826658e-07,GSE236713
ARG1,GSE54514,18,35,9.91732189377778,9.94933240062857,9.8969225885,10.34985065,0.0320105068507939,Up_in_Sepsis,0.519047619047619,0.830638269796872,GSE236713
ARG1,GSE57065,25,28,3.2255926,4.93748616071429,3.2431525,4.861785,1.71189356071429,Up_in_Sepsis,1,2.21254562465821e-15,GSE236713
ARG1,GSE65682,42,51,8.24808981338095,9.51827819741177,8.6403316835,9.643508982,1.27018838403081,Up_in_Sepsis,0.827731092436975,6.1091786074841e-08,GSE236713
ARG1,GSE95233,22,51,4.60294954704546,8.15285476784314,4.57397270125,8.3056969125,3.54990522079768,Up_in_Sepsis,1,1.60188706567253e-11,GSE236713
RUNX3,GSE137340,14,43,6.75005573189286,6.64661106830233,6.6913849875,6.618483679,-0.103444663590532,Down_in_Sepsis,0.441860465116279,0.526668623776916,GSE236713
RUNX3,GSE54514,18,35,9.07273046177778,8.89221264974286,9.1125116345,8.793813705,-0.180517812034919,Down_in_Sepsis,0.395238095238095,0.220939150662259,GSE236713
RUNX3,GSE57065,25,28,7.24065813333333,5.81859297619048,7.18098666666667,5.68781333333333,-1.42206515714286,Down_in_Sepsis,0.0285714285714286,6.00484882532239e-12,GSE236713
RUNX3,GSE65682,42,51,4.88468445904762,3.95233455822549,4.919107128625,3.922218436,-0.932349900822129,Down_in_Sepsis,0.132586367880486,1.2650387453366e-09,GSE236713
RUNX3,GSE95233,22,51,7.08631171469697,5.73464685627451,7.11205732166667,5.74685884,-1.35166485842246,Down_in_Sepsis,0.00267379679144385,2.05178515500888e-11,GSE236713
DPY19L3,GSE137340,14,43,4.23340665192857,4.56144700704651,4.2161975615,4.377059715,0.328040355117941,Up_in_Sepsis,0.868770764119601,1.0352095404657e-05,GSE236713
DPY19L3,GSE54514,18,35,7.14917099472222,7.15526432311429,7.150590062,7.135154247,0.00609332839206367,Up_in_Sepsis,0.507936507936508,0.933308660155946,GSE236713
DPY19L3,GSE57065,25,28,6.0625168,7.98052928571429,6.03315,8.09656,1.91801248571429,Up_in_Sepsis,0.961428571428571,3.26107099618374e-11,GSE236713
DPY19L3,GSE65682,42,51,2.57403198861905,2.93566718303922,2.5168691135,2.878089595,0.361635194420168,Up_in_Sepsis,0.750233426704015,3.56415344787041e-05,GSE236713
DPY19L3,GSE95233,22,51,6.79667287545455,8.77709064254902,6.778715055,8.79092787,1.98041776709447,Up_in_Sepsis,0.998217468805704,1.88955739655682e-11,GSE236713
LDHA,GSE137340,14,43,7.14990756075,7.98457296231977,6.955353923,7.89536408,0.834665401569768,Up_in_Sepsis,0.853820598006645,2.74394577444583e-05,GSE236713
LDHA,GSE54514,18,35,11.6801007594444,11.7872973294286,11.528891565,11.79489326,0.107196569984128,Up_in_Sepsis,0.533333333333333,0.702910846357363,GSE236713
LDHA,GSE57065,25,28,9.9675636,11.6692,9.9814,11.8435,1.7016364,Up_in_Sepsis,0.991428571428571,6.63763687397464e-14,GSE236713
LDHA,GSE65682,42,51,9.97556299507738,10.6097995316863,10.0663244945,10.6852050975,0.634236536608894,Up_in_Sepsis,0.777777777777778,4.44231456366313e-06,GSE236713
LDHA,GSE95233,22,51,8.75007622590909,10.7221276841176,8.732386355,10.83425013,1.97205145820856,Up_in_Sepsis,1,1.60188706567253e-11,GSE236713
CLEC4D,GSE137340,14,43,5.1546208625,6.58479816990698,4.582975165,6.382337398,1.43017730740698,Up_in_Sepsis,0.812292358803987,0.0002869816641554,GSE236713
CLEC4D,GSE54514,18,35,8.11288634933333,8.09458709437143,8.066710949,7.917171478,-0.0182992549619048,Down_in_Sepsis,0.479365079365079,0.816159107237985,GSE236713
CLEC4D,GSE57065,25,28,5.3772788,9.33756732142857,5.37215,9.7270175,3.96028852142857,Up_in_Sepsis,0.998571428571429,4.42509124931643e-15,GSE236713
CLEC4D,GSE65682,42,51,7.66937680728571,8.57762688411765,7.79903323025,8.699434631,0.908250076831933,Up_in_Sepsis,0.681605975723623,0.00270673854041277,GSE236713
CLEC4D,GSE95233,22,51,6.31477353318182,9.76741677529412,6.231621425,9.89875776,3.4526432421123,Up_in_Sepsis,1,1.60188706567253e-11,GSE236713
KCNE1,GSE137340,14,43,4.33918809985714,5.32449742881395,4.207419919,5.013995002,0.98530932895681,Up_in_Sepsis,0.89202657807309,1.9120745116751e-06,GSE236713
KCNE1,GSE54514,18,35,7.45810219972222,7.41774894165714,7.3216030595,7.376817226,-0.0403532580650792,Down_in_Sepsis,0.449206349206349,0.557589681355557,GSE236713
KCNE1,GSE57065,25,28,3.5885864,5.18116428571429,3.59016,5.135155,1.59257788571429,Up_in_Sepsis,0.965714285714285,1.6235659793742e-11,GSE236713
KCNE1,GSE65682,42,51,2.97889442228571,3.65664761473529,2.90057041175,3.6933045215,0.67775319244958,Up_in_Sepsis,0.8468720821662,9.91973627475115e-09,GSE236713
KCNE1,GSE95233,22,51,4.11064333181818,6.18825438313726,4.1158276275,6.23025916,2.07761105131907,Up_in_Sepsis,0.992869875222817,3.09077930949446e-11,GSE236713
CARD6,GSE137340,14,43,4.63616553407143,4.91750596602326,4.4106857275,4.89764085,0.281340431951827,Up_in_Sepsis,0.777408637873754,0.00148209884903873,GSE236713
CARD6,GSE54514,18,35,7.45402614283333,7.30953249248571,7.485522509,7.291709423,-0.144493650347619,Down_in_Sepsis,0.292063492063492,0.0132432221949124,GSE236713
CARD6,GSE57065,25,28,6.9144216,8.6368225,6.95104,8.737985,1.7224009,Up_in_Sepsis,0.997142857142857,8.85018249863286e-15,GSE236713
CARD6,GSE65682,42,51,5.12144521540476,5.65600112676471,5.13452269225,5.726991105,0.534555911359944,Up_in_Sepsis,0.805788982259571,4.35525530177079e-07,GSE236713
CARD6,GSE95233,22,51,7.62536779272727,9.29978000666667,7.537637815,9.40990241,1.67441221393939,Up_in_Sepsis,0.99108734402852,3.63757408976493e-11,GSE236713
UBE2C,GSE137340,14,43,4.73512227735714,5.34429621340698,4.432073448625,5.27754126775,0.609173936049833,Up_in_Sepsis,0.808970099667774,0.000339521427323367,GSE236713
UBE2C,GSE54514,18,35,7.42056694291667,7.47562612125714,7.4238853455,7.447782755,0.0550591783404766,Up_in_Sepsis,0.585714285714286,0.318216803699425,GSE236713
UBE2C,GSE57065,25,28,5.756006,6.83034571428571,5.76903,6.838895,1.07433971428571,Up_in_Sepsis,0.964285714285714,2.05678241268228e-11,GSE236713
UBE2C,GSE65682,42,51,3.65675624389286,4.75314776211275,3.63832130775,4.57540764025,1.09639151821989,Up_in_Sepsis,0.948646125116714,1.2157504062892e-13,GSE236713
UBE2C,GSE95233,22,51,4.68462515954546,5.61843182960784,4.718211675,5.50469678,0.933806670062388,Up_in_Sepsis,0.934046345811052,4.95356158238257e-09,GSE236713
BCL11B,GSE137340,14,43,5.98113905671429,5.59100855484884,5.9846407675,5.5688549385,-0.390130501865448,Down_in_Sepsis,0.302325581395349,0.0268571212063966,GSE236713
BCL11B,GSE54514,18,35,7.77644255422222,7.81485186991429,7.7203633785,7.658464909,0.0384093156920633,Up_in_Sepsis,0.507936507936508,0.933308660155946,GSE236713
BCL11B,GSE57065,25,28,7.25788853333333,5.18344464285714,7.28888,5.22762166666666,-2.07444389047619,Down_in_Sepsis,0,2.21254562465821e-15,GSE236713
BCL11B,GSE65682,42,51,4.41698534159524,3.30491277327451,4.329102721,3.129349473,-1.11207256832073,Down_in_Sepsis,0.222222222222222,4.44231456366313e-06,GSE236713
BCL11B,GSE95233,22,51,7.20962040227273,5.29110927601307,7.15841215166667,5.19352229,-1.91851112625966,Down_in_Sepsis,0,1.60188706567253e-11,GSE236713
KLF12,GSE137340,14,43,5.05962446178571,4.88697669132558,4.996358988,4.756022428,-0.172647770460133,Down_in_Sepsis,0.393687707641196,0.242138750369348,GSE236713
KLF12,GSE54514,18,35,7.2009787295,7.20960675651429,7.1858873365,7.1805956365,0.00862802701428578,Up_in_Sepsis,0.541269841269841,0.635114297097459,GSE236713
KLF12,GSE57065,25,28,5.27347465,4.10049745535714,5.22938875,4.039625625,-1.17297719464286,Down_in_Sepsis,0.00428571428571428,1.54878193726075e-14,GSE236713
KLF12,GSE65682,42,51,3.05842709021429,2.75880389871373,2.9905599379,2.7386565728,-0.29962319150056,Down_in_Sepsis,0.257236227824463,6.05808351607603e-05,GSE236713
KLF12,GSE95233,22,51,5.83170762096591,4.23510710497549,5.72888159,4.16819464,-1.59660051599042,Down_in_Sepsis,0,1.60188706567253e-11,GSE236713
CENPW,GSE137340,14,43,4.55212289292857,5.00527027137209,4.260200779,5.033989685,0.453147378443521,Up_in_Sepsis,0.835548172757475,8.18207367405696e-05,GSE236713
CENPW,GSE54514,18,35,7.72278777761111,7.63935873845714,7.637215853,7.584436417,-0.0834290391539678,Down_in_Sepsis,0.398412698412698,0.235502725274607,GSE236713
CENPW,GSE57065,25,28,4.2855884,5.82142071428571,4.32546,5.900265,1.53583231428571,Up_in_Sepsis,0.957142857142857,6.3278804865225e-11,GSE236713
CENPW,GSE65682,42,51,2.86413135619048,3.6346597514902,2.8003834935,3.388687713,0.77052839529972,Up_in_Sepsis,0.830532212885155,4.71076684733019e-08,GSE236713
CENPW,GSE95233,22,51,4.448482235,6.44515696666667,4.39817796,6.32184222,1.99667473166667,Up_in_Sepsis,0.988413547237077,4.63944869067713e-11,GSE236713
BMX,GSE137340,14,43,4.55935966323214,5.1446709944593,4.41826334425,5.06878465175,0.585311331227159,Up_in_Sepsis,0.857142857142857,2.22434280928559e-05,GSE236713
BMX,GSE54514,18,35,7.43563013605556,7.41986342155714,7.3555368185,7.3635334965,-0.0157667144984135,Down_in_Sepsis,0.515873015873016,0.859761640454994,GSE236713
BMX,GSE57065,25,28,4.324058,7.42156178571429,4.27012,7.611915,3.09750378571429,Up_in_Sepsis,0.995714285714286,6.66429193248588e-10,GSE236713
BMX,GSE65682,42,51,6.21105992733333,6.87670536266667,6.5937969595,7.111568492,0.665645435333333,Up_in_Sepsis,0.733893557422969,0.000111610576847226,GSE236713
BMX,GSE95233,22,51,4.86836926318182,7.48246598980392,4.848059235,7.50116214,2.6140967266221,Up_in_Sepsis,1,1.60188706567253e-11,GSE236713
MAPK14,GSE137340,14,43,4.92114935348214,5.67659525283721,4.639921846,5.546609804,0.755445899355067,Up_in_Sepsis,0.818936877076412,0.000203389487077016,GSE236713
MAPK14,GSE54514,18,35,7.85221764120833,7.81102898464286,7.836717188625,7.85552239425,-0.0411886565654758,Down_in_Sepsis,0.490476190476191,0.918534356570284,GSE236713
MAPK14,GSE57065,25,28,7.2477872,9.08915116071429,7.246355,9.0146925,1.84136396071429,Up_in_Sepsis,1,2.21254562465821e-15,GSE236713
MAPK14,GSE65682,42,51,7.66326597993254,8.08838369456536,7.75711189125,8.249572457,0.425117714632821,Up_in_Sepsis,0.729225023342671,0.000152687600804026,GSE236713
MAPK14,GSE95233,22,51,8.35926986352273,10.0730862902451,8.38715724375,10.1411716225,1.71381642672237,Up_in_Sepsis,0.991087344028521,3.63757408976493e-11,GSE236713
ZAP70,GSE137340,14,43,5.54474287121429,5.44022285481395,5.51946320883333,5.554335795,-0.104520016400333,Down_in_Sepsis,0.443521594684385,0.538756643962947,GSE236713
ZAP70,GSE54514,18,35,7.35917117866667,7.44074737684286,7.35111236575,7.347866774,0.0815761981761902,Up_in_Sepsis,0.585714285714286,0.318216803699425,GSE236713
ZAP70,GSE57065,25,28,7.6736572,6.07503607142857,7.74203,6.04379,-1.59862112857143,Down_in_Sepsis,0.0442857142857143,7.83661534797693e-11,GSE236713
ZAP70,GSE65682,42,51,3.42073871492857,2.8909143200098,3.219381303,2.8555026345,-0.529824394918768,Down_in_Sepsis,0.165732959850607,3.32017774440668e-08,GSE236713
ZAP70,GSE95233,22,51,6.79913623386364,5.20116903843137,6.860717955,5.172781265,-1.59796719543226,Down_in_Sepsis,0,1.60188706567253e-11,GSE236713
ZDHHC19,GSE137340,14,43,5.59829461921429,8.41792485113954,4.6442862455,8.392798929,2.81963023192525,Up_in_Sepsis,0.858803986710963,1.99991144589167e-05,GSE236713
ZDHHC19,GSE54514,18,35,9.80342743155555,10.2457725383143,9.2998418805,10.59918594,0.442345106758731,Up_in_Sepsis,0.565079365079365,0.450529192583409,GSE236713
ZDHHC19,GSE57065,25,28,4.665217,7.01162125,4.66739,7.0825325,2.34640425,Up_in_Sepsis,0.985714285714286,3.07543841827492e-13,GSE236713
ZDHHC19,GSE65682,42,51,5.2290239395119,8.29334250146079,4.58764488125,8.8220292475,3.06431856194888,Up_in_Sepsis,0.907563025210084,1.63148457744655e-11,GSE236713
ZDHHC19,GSE95233,22,51,4.34424839045455,7.00703930686275,4.121067835,7.13194825,2.6627909164082,Up_in_Sepsis,0.978609625668449,1.11977955795568e-10,GSE236713
SPON2,GSE137340,14,43,5.20420393078571,5.0753586087907,5.2544911185,5.02312513,-0.128845321995017,Down_in_Sepsis,0.387043189368771,0.213421759301115,GSE236713
SPON2,GSE54514,18,35,7.103410244,7.05943435945714,7.0954983235,7.056907177,-0.0439758845428573,Down_in_Sepsis,0.303174603174603,0.0193384104077944,GSE236713
SPON2,GSE57065,25,28,7.659316,6.04157428571429,7.63727,5.89337,-1.61774171428571,Down_in_Sepsis,0.0871428571428572,1.57655314617777e-08,GSE236713
SPON2,GSE65682,42,51,4.78413844176984,3.51040927005229,4.6471652205,3.367409947,-1.27372917171755,Down_in_Sepsis,0.0966386554621848,2.62484976872325e-11,GSE236713
SPON2,GSE95233,22,51,7.45432156409091,5.60108938901961,7.29254515,5.6311875,-1.8532321750713,Down_in_Sepsis,0.0106951871657754,4.27867888939574e-11,GSE236713
MAFG,GSE137340,14,43,5.04420703228572,5.67367849393023,4.87875633875,5.61753403575,0.629471461644518,Up_in_Sepsis,0.81063122923588,0.000312251163096141,GSE236713
MAFG,GSE54514,18,35,7.4532050027037,7.42861338567619,7.40565530466667,7.41964260766667,-0.0245916170275127,Down_in_Sepsis,0.484126984126984,0.859761640454994,GSE236713
MAFG,GSE57065,25,28,5.6658582,6.58839785714286,5.687745,6.5331525,0.922539657142857,Up_in_Sepsis,0.991428571428571,6.63763687397464e-14,GSE236713
MAFG,GSE65682,42,51,5.46733559666071,5.79223727292157,5.440028927625,5.782466508,0.324901676260855,Up_in_Sepsis,0.787581699346405,2.01757102494309e-06,GSE236713
MAFG,GSE95233,22,51,4.93541762977273,6.35596386666667,4.99381957,6.332195785,1.42054623689394,Up_in_Sepsis,1,1.60188706567253e-11,GSE236713
GCNT1,GSE137340,14,43,4.71634111428571,5.18751551522093,4.6205940155,5.260745723,0.471174400935216,Up_in_Sepsis,0.830564784053156,0.00010836477926158,GSE236713
GCNT1,GSE54514,18,35,7.52213705905556,7.6954269682,7.527159452,7.768804073,0.173289909144444,Up_in_Sepsis,0.726984126984127,0.00659566426431042,GSE236713
GCNT1,GSE57065,25,28,4.7083866,5.54095946428572,4.675555,5.5135125,0.832572864285715,Up_in_Sepsis,0.942857142857143,4.71093001856602e-10,GSE236713
GCNT1,GSE65682,42,51,3.08365178980952,3.56178199608497,3.12697643566667,3.557311324,0.478130206275444,Up_in_Sepsis,0.752100840336134,3.11438873490697e-05,GSE236713
GCNT1,GSE95233,22,51,5.10281941363636,6.02666346588235,5.1131799875,6.019877615,0.92384405224599,Up_in_Sepsis,0.985739750445633,5.9097281654302e-11,GSE236713
ARL4C,GSE137340,14,43,5.44371209442857,5.49211003925581,5.401682495,5.507280072,0.0483979448272427,Up_in_Sepsis,0.559800664451827,0.514717406663095,GSE236713
ARL4C,GSE54514,18,35,7.22930818133333,7.21064371377143,7.2446675305,7.162569523,-0.0186644675619041,Down_in_Sepsis,0.401587301587302,0.250718918621702,GSE236713
ARL4C,GSE57065,25,28,7.6043253,6.10041982142857,7.6239275,6.0990325,-1.50390547857143,Down_in_Sepsis,0.0128571428571429,2.14616925591847e-13,GSE236713
ARL4C,GSE65682,42,51,5.20943803511111,4.1835309180915,5.01864338833334,4.13587023066667,-1.02590711701961,Down_in_Sepsis,0.178338001867414,1.06530956817405e-07,GSE236713
ARL4C,GSE95233,22,51,7.63906675125,5.73963973014706,7.66005704625,5.692674995,-1.89942702110294,Down_in_Sepsis,0,1.60188706567253e-11,GSE236713
LILRA6,GSE137340,14,43,5.39125489983929,6.05395338214535,5.241444203375,5.9880023175,0.662698482306063,Up_in_Sepsis,0.799003322259136,0.0005535902217946,GSE236713
LILRA6,GSE54514,18,35,7.24401503138889,7.3235259465,7.23241746425,7.340320587,0.0795109151111113,Up_in_Sepsis,0.704761904761905,0.0147864871531677,GSE236713
LILRA6,GSE57065,25,28,8.1589152,9.12026821428571,8.15807,9.15663,0.961353014285715,Up_in_Sepsis,0.958571428571428,5.09106748233855e-11,GSE236713
LILRA6,GSE65682,42,51,9.27720818061905,10.0587903968235,9.3610800905,10.24795401,0.78158221620448,Up_in_Sepsis,0.823996265172736,8.61185098001542e-08,GSE236713
LILRA6,GSE95233,22,51,6.70944997318182,7.7721306145098,6.72318676,7.8056858,1.06268064132799,Up_in_Sepsis,0.989304812834224,4.27867888939574e-11,GSE236713
WIPI1,GSE137340,14,43,5.84246341814286,6.68232948148837,5.6971568515,6.808783668,0.839866063345515,Up_in_Sepsis,0.757475083056478,0.0033868587230376,GSE236713
WIPI1,GSE54514,18,35,8.49110942422222,8.37088155748572,8.436255932,8.354125023,-0.120227866736506,Down_in_Sepsis,0.420634920634921,0.35253243130273,GSE236713
WIPI1,GSE57065,25,28,6.3063356,7.62544607142857,6.401195,7.72776,1.31911047142857,Up_in_Sepsis,0.991428571428571,6.63763687397464e-14,GSE236713
WIPI1,GSE65682,42,51,6.14616818605952,7.20296578637255,6.127173298,7.2842650345,1.05679760031303,Up_in_Sepsis,0.918767507002801,4.48546841923949e-12,GSE236713
WIPI1,GSE95233,22,51,7.17243139181818,8.66540228686275,7.1766740375,8.5907914,1.49297089504456,Up_in_Sepsis,0.992869875222816,3.09077930949446e-11,GSE236713
PDGFC,GSE137340,14,43,4.55291631171429,5.11840138551163,4.313469426,4.877442192,0.565485073797341,Up_in_Sepsis,0.830564784053156,0.00010836477926158,GSE236713
PDGFC,GSE54514,18,35,7.72665953633333,7.52740244182857,7.5128457545,7.501349926,-0.199257094504762,Down_in_Sepsis,0.399206349206349,0.236714120171785,GSE236713
PDGFC,GSE57065,25,28,3.9940232,5.70568928571429,3.92067,5.8773525,1.71166608571429,Up_in_Sepsis,0.93,2.33646588000407e-09,GSE236713
PDGFC,GSE65682,42,51,2.92138781271429,4.15396739868628,2.7791706445,4.2395434385,1.23257958597199,Up_in_Sepsis,0.920634920634921,3.60514881788073e-12,GSE236713
PDGFC,GSE95233,22,51,3.94279649568182,5.6417746477451,3.849903155,5.67325891,1.69897815206328,Up_in_Sepsis,0.975044563279858,1.53617362330698e-10,GSE236713
SLC26A8,GSE137340,14,43,4.9899783315,6.21397293356395,4.63687399875,6.19378155925,1.22399460206395,Up_in_Sepsis,0.87375415282392,7.34598051394299e-06,GSE236713
SLC26A8,GSE54514,18,35,7.48923361302778,7.67345543589286,7.460270703,7.65936887275,0.18422182286508,Up_in_Sepsis,0.788888888888889,0.000427528816453806,GSE236713
SLC26A8,GSE57065,25,28,4.1855804,6.50867357142857,4.14418,6.42574,2.32309317142857,Up_in_Sepsis,1,2.21254562465821e-15,GSE236713
SLC26A8,GSE65682,42,51,4.18775508078571,4.46535759517647,4.4242065175,4.493589345,0.277602514390757,Up_in_Sepsis,0.586367880485527,0.154348393835561,GSE236713
SLC26A8,GSE95233,22,51,4.39333912818182,6.48541257313726,4.47672437,6.71208165,2.09207344495544,Up_in_Sepsis,0.983065953654189,7.51571277898833e-11,GSE236713
EXOSC4,GSE137340,14,43,5.41720706707143,6.70501075486047,5.0448648645,6.791334525,1.28780368778904,Up_in_Sepsis,0.820598006644518,0.000186294412620237,GSE236713
EXOSC4,GSE54514,18,35,8.26254481744445,8.35448402668571,7.823877573,8.217424393,0.0919392092412696,Up_in_Sepsis,0.547619047619047,0.582925964615309,GSE236713
EXOSC4,GSE57065,25,28,5.5657018,7.15123071428571,5.53185,7.29126125,1.58552891428571,Up_in_Sepsis,0.99,9.95645531096197e-14,GSE236713
EXOSC4,GSE65682,42,51,6.44449672502381,7.90887844835294,6.372095987,8.019929043,1.46438172332913,Up_in_Sepsis,0.843604108309991,1.36234445477292e-08,GSE236713
EXOSC4,GSE95233,22,51,5.77409575397727,7.21990638843137,5.68090552375,7.2263693775,1.4458106344541,Up_in_Sepsis,0.988413547237077,4.63944869067713e-11,GSE236713
RAB27A,GSE137340,14,43,5.67687835210714,6.45695397019186,5.418806114375,6.34680667125,0.780075618084718,Up_in_Sepsis,0.850498338870432,3.37270343526275e-05,GSE236713
RAB27A,GSE54514,18,35,7.99177363843056,7.96795882162857,7.934644699125,7.952885628,-0.0238148168019841,Down_in_Sepsis,0.488888888888889,0.903787579790874,GSE236713
RAB27A,GSE57065,25,28,8.10760008,9.41818285714286,8.147944,9.351059,1.31058277714286,Up_in_Sepsis,0.994285714285714,2.65505474958986e-14,GSE236713
RAB27A,GSE65682,42,51,8.4794960107381,8.81523497139869,8.5546672215,8.86341150083333,0.335738960660597,Up_in_Sepsis,0.698879551820728,0.00102033981118695,GSE236713
RAB27A,GSE95233,22,51,8.00259337981818,9.53164633454902,8.057479894,9.568181516,1.52905295473084,Up_in_Sepsis,0.999108734402852,1.73990990394731e-11,GSE236713
PTTG1,GSE137340,14,43,5.91052162582143,7.02168949525581,5.38054528575,6.862863384,1.11116786943439,Up_in_Sepsis,0.833887043189369,8.99233343862789e-05,GSE236713
PTTG1,GSE54514,18,35,7.70527521763889,7.95569070407143,7.600925922,7.9216144085,0.25041548643254,Up_in_Sepsis,0.706349206349206,0.013996501301365,GSE236713
PTTG1,GSE57065,25,28,6.5564756,7.72704464285714,6.57914,7.665165,1.17056904285714,Up_in_Sepsis,0.985714285714286,3.07543841827492e-13,GSE236713
PTTG1,GSE65682,42,51,3.41601351421429,4.7669913462549,3.4054646495,4.593524123,1.35097783204062,Up_in_Sepsis,0.937441643323996,4.83797096293662e-13,GSE236713
PTTG1,GSE95233,22,51,6.18585655136364,7.3430564527451,6.222883355,7.23250203,1.15719990138146,Up_in_Sepsis,0.918003565062389,1.77793239527441e-08,GSE236713
CST7,GSE137340,14,43,9.41226993364286,11.2856161987209,8.815202243,11.25146799,1.87334626507807,Up_in_Sepsis,0.847176079734219,4.13098133247111e-05,GSE236713
CST7,GSE54514,18,35,11.9209273111111,11.8795694071429,12.028705595,12.0466032,-0.0413579039682528,Down_in_Sepsis,0.483333333333333,0.851021016140987,GSE236713
CST7,GSE57065,25,28,9.304504,11.3621792857143,9.30804,11.4155,2.05767528571429,Up_in_Sepsis,0.992857142857143,4.20383668685061e-14,GSE236713
CST7,GSE65682,42,51,10.2375299067381,11.0581233329216,10.48717049,11.11402649,0.820593426183473,Up_in_Sepsis,0.793183940242764,1.27061238461506e-06,GSE236713
CST7,GSE95233,22,51,9.64934270454545,11.4312754688235,9.626729985,11.58647978,1.78193276427808,Up_in_Sepsis,0.963458110516934,4.22575839864111e-10,GSE236713
POMP,GSE137340,14,43,6.34401817403571,7.222256751,6.16991349375,7.2437614295,0.878238576964286,Up_in_Sepsis,0.875415282392027,6.53811501196993e-06,GSE236713
POMP,GSE54514,18,35,10.9931084316667,10.7607805247714,10.88011742,10.73526573,-0.232327906895238,Down_in_Sepsis,0.361904761904762,0.104246316364727,GSE236713
POMP,GSE57065,25,28,5.4950054,6.77095535714286,5.43433,6.8310425,1.27594995714286,Up_in_Sepsis,0.981428571428571,8.25279517997514e-13,GSE236713
POMP,GSE65682,42,51,5.98657935237302,6.2529430975098,6.01851044516667,6.23876685833333,0.266363745136789,Up_in_Sepsis,0.757236227824463,2.13907319994032e-05,GSE236713
POMP,GSE95233,22,51,6.48830923227273,7.84225280431373,6.560118795,7.805612305,1.353943572041,Up_in_Sepsis,1,1.60188706567253e-11,GSE236713
ATP6V1E1,GSE137340,14,43,6.75738481217857,7.57086663809302,6.577782988,7.5371248275,0.813481825914452,Up_in_Sepsis,0.890365448504983,2.17438941765078e-06,GSE236713
ATP6V1E1,GSE54514,18,35,10.5585048460833,10.4852502822571,10.5270373825,10.3796978,-0.0732545638261897,Down_in_Sepsis,0.380952380952381,0.163232997664367,GSE236713
ATP6V1E1,GSE57065,25,28,8.2067456,8.79333535714286,8.18417,8.767095,0.586589757142857,Up_in_Sepsis,0.925714285714285,3.8489952572048e-09,GSE236713
ATP6V1E1,GSE65682,42,51,7.26298833766667,7.57837546193137,7.26522330925,7.5832792925,0.315387124264706,Up_in_Sepsis,0.784313725490196,2.63215247427863e-06,GSE236713
ATP6V1E1,GSE95233,22,51,8.18192664772727,9.36569332176471,8.165373115,9.38011063,1.18376667403743,Up_in_Sepsis,0.998217468805704,1.88955739655682e-11,GSE236713
PNPLA1,GSE137340,14,43,4.38740219785714,5.14064118683721,4.319138534,4.946832154,0.753238988980066,Up_in_Sepsis,0.898671096345515,1.12784882767697e-06,GSE236713
PNPLA1,GSE54514,18,35,7.53483740488889,7.49948299954286,7.478311777,7.380781174,-0.0353544053460322,Down_in_Sepsis,0.377777777777778,0.152080729356349,GSE236713
PNPLA1,GSE57065,25,28,3.4547696,4.5522275,3.42356,4.456935,1.0974579,Up_in_Sepsis,0.971428571428571,6.00484882532239e-12,GSE236713
PNPLA1,GSE65682,42,51,2.64830895905952,3.18159627296078,2.64547650875,3.1381949635,0.533287313901261,Up_in_Sepsis,0.813258636788049,2.26382806629161e-07,GSE236713
PNPLA1,GSE95233,22,51,3.34164590954545,5.02692521078431,3.454345565,5.14149137,1.68527930123886,Up_in_Sepsis,0.975044563279857,1.53617362330698e-10,GSE236713
LIN7A,GSE137340,14,43,4.90124060207143,6.00237916232558,4.54409923,5.841986616,1.10113856025415,Up_in_Sepsis,0.812292358803987,0.0002869816641554,GSE236713
LIN7A,GSE54514,18,35,8.19500676788889,8.09935812262857,8.2465963365,8.083361626,-0.0956486452603187,Down_in_Sepsis,0.447619047619048,0.545121751957247,GSE236713
LIN7A,GSE57065,25,28,4.8304398,6.605744375,4.836965,6.5766675,1.775304575,Up_in_Sepsis,0.981428571428571,8.25279517997514e-13,GSE236713
LIN7A,GSE65682,42,51,5.14147954,5.89860411596079,5.115247984,6.032136915,0.757124575960785,Up_in_Sepsis,0.806255835667601,4.18254822208525e-07,GSE236713
LIN7A,GSE95233,22,51,5.87961799,7.64378624156863,6.002409555,7.769969035,1.76416825156863,Up_in_Sepsis,0.980392156862745,9.55234536735608e-11,GSE236713
CEP55,GSE137340,14,43,4.61597219692857,5.21411076995349,4.288316736,5.114318375,0.598138573024917,Up_in_Sepsis,0.837209302325582,7.43901516703796e-05,GSE236713
CEP55,GSE54514,18,35,7.31195847194444,7.45416235234286,7.2863919735,7.323082924,0.142203880398413,Up_in_Sepsis,0.590476190476191,0.29165367273141,GSE236713
CEP55,GSE57065,25,28,2.2961324,4.13868892857143,2.18227,4.03488,1.84255652857143,Up_in_Sepsis,0.992857142857143,4.20383668685061e-14,GSE236713
CEP55,GSE65682,42,51,2.00371197339286,2.94133015806863,1.98208703625,2.646532761,0.93761818467577,Up_in_Sepsis,0.915032679738562,6.92401244723124e-12,GSE236713
CEP55,GSE95233,22,51,3.13773853545455,6.08370973823529,3.141772585,6.02673995,2.94597120278075,Up_in_Sepsis,0.996434937611408,2.22762533627504e-11,GSE236713
TNFAIP6,GSE137340,14,43,6.27006474171429,7.63948308497674,6.136230148,7.544343218,1.36941834326246,Up_in_Sepsis,0.868770764119601,1.0352095404657e-05,GSE236713
TNFAIP6,GSE54514,18,35,8.65480277255556,8.8839384697,8.66083169025,8.9170858845,0.229135697144445,Up_in_Sepsis,0.677777777777778,0.0353615208408517,GSE236713
TNFAIP6,GSE57065,25,28,7.4643938,9.61311178571429,7.312245,9.727425,2.14871798571429,Up_in_Sepsis,0.944285714285714,3.90036392897249e-10,GSE236713
TNFAIP6,GSE65682,42,51,8.96900833957143,9.3313451742549,9.087399385,9.419908274,0.362336834683473,Up_in_Sepsis,0.639122315592904,0.0216359913017819,GSE236713
TNFAIP6,GSE95233,22,51,7.05627400295455,9.5566334022549,7.1440883625,9.421209355,2.50035939930036,Up_in_Sepsis,0.991978609625668,3.35328660937072e-11,GSE236713
SMPDL3A,GSE137340,14,43,5.29939157914286,6.6831912217907,4.747642469,6.715797357,1.38379964264784,Up_in_Sepsis,0.805647840531562,0.000400631980255359,GSE236713
SMPDL3A,GSE54514,18,35,8.08815202433333,7.91349780904286,7.66974496825,7.7591075895,-0.174654215290476,Down_in_Sepsis,0.474603174603175,0.773107646476209,GSE236713
SMPDL3A,GSE57065,25,28,3.6330384,5.28516160714286,3.65656,5.6871975,1.65212320714286,Up_in_Sepsis,0.937142857142857,9.7986344315551e-10,GSE236713
SMPDL3A,GSE65682,42,51,5.57082502838095,7.5624378732549,5.6595786905,7.80132781,1.99161284487395,Up_in_Sepsis,0.8874883286648,1.51621161941954e-10,GSE236713
SMPDL3A,GSE95233,22,51,3.86107923909091,6.20458559343137,3.7048692175,6.18548596,2.34350635434046,Up_in_Sepsis,0.987522281639929,5.0299256890297e-11,GSE236713
FAM89A,GSE137340,14,43,4.98117451046429,6.09689272881977,4.670856211875,5.74710286675,1.11571821835548,Up_in_Sepsis,0.850498338870432,3.37270343526275e-05,GSE236713
FAM89A,GSE54514,18,35,7.72336205735185,7.85158061075238,7.52853139233333,7.862529119,0.128218553400528,Up_in_Sepsis,0.592063492063492,0.283133764153369,GSE236713
FAM89A,GSE57065,25,28,5.1640688,6.74721535714286,5.20213,6.604545,1.58314655714286,Up_in_Sepsis,0.987142857142857,2.14616925591847e-13,GSE236713
FAM89A,GSE65682,42,51,2.66973946119048,3.93414871060784,2.528447047,3.42732562,1.26440924941737,Up_in_Sepsis,0.827731092436975,6.1091786074841e-08,GSE236713
FAM89A,GSE95233,22,51,5.92866643136364,8.11963130509804,5.91891235,8.18619931,2.1909648737344,Up_in_Sepsis,0.979500891265597,1.03431303688478e-10,GSE236713
NLRC3,GSE137340,14,43,5.30943638892857,5.23512471041861,5.23087919875,5.253141971,-0.0743116785099671,Down_in_Sepsis,0.456810631229236,0.64006068634829,GSE236713
NLRC3,GSE54514,18,35,7.14705814261111,7.14755228585714,7.1259708405,7.146943569,0.000494143246031698,Up_in_Sepsis,0.53015873015873,0.730730102071719,GSE236713
NLRC3,GSE57065,25,28,8.4811112,6.36227821428571,8.58323,6.40189,-2.11883298571429,Down_in_Sepsis,0,2.21254562465821e-15,GSE236713
NLRC3,GSE65682,42,51,4.88646998161905,4.23935209603922,4.645778139,4.101343153,-0.647117885579831,Down_in_Sepsis,0.261904761904762,8.37746746064173e-05,GSE236713
NLRC3,GSE95233,22,51,7.63367608181818,5.44067772882353,7.61084043,5.37236848,-2.19299835299465,Down_in_Sepsis,0,1.60188706567253e-11,GSE236713
FIG4,GSE137340,14,43,6.83485202092857,8.01633916544186,6.6752041165,7.995470462,1.18148714451329,Up_in_Sepsis,0.863787375415282,1.44528445939708e-05,GSE236713
FIG4,GSE54514,18,35,8.16797055127778,8.30184822082857,7.946527004,8.17822361,0.133877669550794,Up_in_Sepsis,0.550793650793651,0.557589681355557,GSE236713
FIG4,GSE57065,25,28,6.6777464,7.5592325,6.66887,7.51301,0.8814861,Up_in_Sepsis,0.858571428571429,2.07752800599986e-06,GSE236713
FIG4,GSE65682,42,51,5.08294818216667,6.44620120233333,5.016783908,6.53245727,1.36325302016667,Up_in_Sepsis,0.893557422969188,7.81625193790603e-11,GSE236713
FIG4,GSE95233,22,51,6.24925026136364,7.28653902666667,6.20505588,7.27410087,1.03728876530303,Up_in_Sepsis,0.934046345811052,4.95356158238257e-09,GSE236713
SORT1,GSE137340,14,43,6.21958410678571,7.78477742302326,5.784902287,7.510779683,1.56519331623754,Up_in_Sepsis,0.82890365448505,0.000118823654645357,GSE236713
SORT1,GSE54514,18,35,8.71298405866667,9.14312447157143,8.58379364,9.232644081,0.430140412904763,Up_in_Sepsis,0.66984126984127,0.0447364418045057,GSE236713
SORT1,GSE57065,25,28,5.36535746666667,7.15377690476191,5.34744666666667,7.267145,1.78841943809524,Up_in_Sepsis,0.997142857142857,8.85018249863286e-15,GSE236713
SORT1,GSE65682,42,51,5.31315710940476,6.39276388773203,5.30154617333333,6.49105467533333,1.07960677832726,Up_in_Sepsis,0.792717086834734,1.32094619341197e-06,GSE236713
SORT1,GSE95233,22,51,5.89014374712121,7.79737380843137,5.88646377833333,7.73794418666667,1.90723006131016,Up_in_Sepsis,1,1.60188706567253e-11,GSE236713
SEC24A,GSE137340,14,43,4.47915425764286,5.22322000334884,4.298547355,5.249070173,0.74406574570598,Up_in_Sepsis,0.865448504983389,1.29444347247364e-05,GSE236713
SEC24A,GSE54514,18,35,7.63311269538889,7.48453843254286,7.668863058,7.453250885,-0.148574262846032,Down_in_Sepsis,0.35952380952381,0.0983757649412849,GSE236713
SEC24A,GSE57065,25,28,4.5169448,5.54095023809524,4.51492333333333,5.62555333333334,1.02400543809524,Up_in_Sepsis,0.931428571428571,1.97128964974548e-09,GSE236713
SEC24A,GSE65682,42,51,3.40818100761905,4.16083513903922,3.4398378595,4.09323174733333,0.752654131420167,Up_in_Sepsis,0.838935574229692,2.13296305172985e-08,GSE236713
SEC24A,GSE95233,22,51,5.27923184242424,6.42747553346405,5.31842424,6.45709731,1.14824369103981,Up_in_Sepsis,0.963458110516934,4.22575839864111e-10,GSE236713
SAMSN1,GSE137340,14,43,6.19271278664286,7.64745421406977,5.560114094,7.533327854,1.45474142742691,Up_in_Sepsis,0.818936877076412,0.000203389487077016,GSE236713
SAMSN1,GSE54514,18,35,8.54743970766667,8.24368333817143,8.6319236755,8.245950222,-0.30375636949524,Down_in_Sepsis,0.373015873015873,0.136432076366508,GSE236713
SAMSN1,GSE57065,25,28,5.69177106666667,9.00282095238096,5.69520333333333,9.19751166666667,3.31104988571429,Up_in_Sepsis,1,2.21254562465821e-15,GSE236713
SAMSN1,GSE65682,42,51,8.64918178359524,9.36890865386274,8.93843928875,9.3145396715,0.719726870267506,Up_in_Sepsis,0.663865546218487,0.00681281918159801,GSE236713
SAMSN1,GSE95233,22,51,4.53768675378788,7.75494894176471,4.68618369166667,7.88851986333333,3.21726218797683,Up_in_Sepsis,1,1.60188706567253e-11,GSE236713
GALNT2,GSE137340,14,43,4.43795375221429,4.94474458569767,4.3306060505,4.776700856,0.506790833483389,Up_in_Sepsis,0.830564784053156,0.00010836477926158,GSE236713
GALNT2,GSE54514,18,35,7.27680818244444,7.28635965071429,7.233719349,7.242455959,0.00955146826984166,Up_in_Sepsis,0.534920634920635,0.689143463767284,GSE236713
GALNT2,GSE57065,25,28,5.7604835,7.08862267857143,5.7138,7.094555,1.32813917857143,Up_in_Sepsis,0.934285714285714,1.39529985982383e-09,GSE236713
GALNT2,GSE65682,42,51,4.32020733475,5.23794139990196,4.144215307875,5.382735261,0.917734065151961,Up_in_Sepsis,0.831932773109244,4.13339067652042e-08,GSE236713
GALNT2,GSE95233,22,51,5.79553666068182,7.02227230117647,5.71476840875,7.11491111,1.22673564049465,Up_in_Sepsis,0.948306595365419,1.53088505184395e-09,GSE236713
ASPH,GSE137340,14,43,4.36804507290476,4.67473838751938,4.27430636083334,4.490615922,0.306693314614618,Up_in_Sepsis,0.882059800664452,4.05663071297044e-06,GSE236713
ASPH,GSE54514,18,35,7.32647545251852,7.33855308355238,7.324177424,7.37743202833333,0.0120776310338622,Up_in_Sepsis,0.515873015873016,0.859761640454994,GSE236713
ASPH,GSE57065,25,28,3.81561088888889,5.387855,3.79508,5.36804611111112,1.57224411111111,Up_in_Sepsis,0.988571428571428,1.482405568521e-13,GSE236713
ASPH,GSE65682,42,51,3.56930819823469,4.12538212961625,3.60207031828572,4.14444603557143,0.556073931381552,Up_in_Sepsis,0.726890756302521,0.000178209697391078,GSE236713
ASPH,GSE95233,22,51,4.8621702789899,6.86161061568627,4.94632013555555,7.01443805333333,1.99944033669637,Up_in_Sepsis,0.988413547237077,4.63944869067713e-11,GSE236713
SLC25A40,GSE137340,14,43,4.47277398085714,4.97482852127907,4.342632616,4.939734584,0.502054540421927,Up_in_Sepsis,0.853820598006644,2.74394577444583e-05,GSE236713
SLC25A40,GSE54514,18,35,7.47080828086111,7.45116244725714,7.3335101605,7.470232248,-0.0196458336039687,Down_in_Sepsis,0.498412698412698,0.992581476239974,GSE236713
SLC25A40,GSE57065,25,28,6.3551526,7.70056946428572,6.414305,7.891405,1.34541686428571,Up_in_Sepsis,0.897142857142858,7.58728424529789e-08,GSE236713
SLC25A40,GSE65682,42,51,5.31567863669048,6.39274206414706,5.43220185525,6.662548859,1.07706342745658,Up_in_Sepsis,0.807656395891691,3.70316141537795e-07,GSE236713
SLC25A40,GSE95233,22,51,4.72174783431818,6.33805648431373,4.731078375,6.430836375,1.61630864999554,Up_in_Sepsis,0.989304812834225,4.27867888939574e-11,GSE236713
MCTP1,GSE137340,14,43,4.58472268861905,5.14239252375194,4.493196245,5.119668143,0.557669835132892,Up_in_Sepsis,0.863787375415283,1.44528445939708e-05,GSE236713
MCTP1,GSE54514,18,35,7.42282923063889,7.45341083661429,7.438111067,7.458173752,0.0305816059753967,Up_in_Sepsis,0.549206349206349,0.570192060596712,GSE236713
MCTP1,GSE57065,25,28,5.85247213333333,7.03977011904762,5.94491,7.022915,1.18729798571429,Up_in_Sepsis,0.987142857142857,2.14616925591847e-13,GSE236713
MCTP1,GSE65682,42,51,5.19963975995238,5.60998496197059,5.255462713125,5.622212291,0.410345202018207,Up_in_Sepsis,0.69421101774043,0.00133820759393894,GSE236713
MCTP1,GSE95233,22,51,5.80417616909091,7.11363349686275,5.81084347666667,7.13389901666667,1.30945732777183,Up_in_Sepsis,0.977718360071301,1.21213677994709e-10,GSE236713
RORA,GSE137340,14,43,5.01258896726786,4.95378745143895,5.03151788675,4.9451376725,-0.0588015158289039,Down_in_Sepsis,0.431893687707641,0.457093279438225,GSE236713
RORA,GSE54514,18,35,7.28849949835556,7.30800459995429,7.2765829563,7.2860398292,0.01950510159873,Up_in_Sepsis,0.525396825396825,0.773107646476209,GSE236713
RORA,GSE57065,25,28,5.08820155,4.00360566964286,5.17232,3.985955,-1.08459588035714,Down_in_Sepsis,0.0485714285714286,1.46118725598053e-10,GSE236713
RORA,GSE65682,42,51,3.96613137085714,3.06236520933333,3.68559131816667,2.948146407,-0.90376616152381,Down_in_Sepsis,0.211951447245565,1.94192092211731e-06,GSE236713
RORA,GSE95233,22,51,6.91478204085227,5.05348908598039,6.8897204275,5.0774353375,-1.86129295487188,Down_in_Sepsis,0,1.60188706567253e-11,GSE236713
CD2,GSE137340,14,43,9.56113330642857,8.85449397169768,9.600393138,8.671266105,-0.706639334730896,Down_in_Sepsis,0.289867109634552,0.0194959726563581,GSE236713
CD2,GSE54514,18,35,8.75932876266667,8.56340471002857,8.981865883,8.418735504,-0.195924052638095,Down_in_Sepsis,0.423809523809524,0.375848631836723,GSE236713
CD2,GSE57065,25,28,9.3945184,7.3731425,9.43029,7.160235,-2.0213759,Down_in_Sepsis,0.0342857142857143,1.6235659793742e-11,GSE236713
CD2,GSE65682,42,51,6.20772458516667,4.81238850996078,6.070118461,4.667293134,-1.39533607520588,Down_in_Sepsis,0.19140989729225,3.41351490852647e-07,GSE236713
CD2,GSE95233,22,51,8.10285617409091,6.12674059098039,8.079412035,6.09951893,-1.97611558311052,Down_in_Sepsis,0.0035650623885918,2.22762533627504e-11,GSE236713
SDF2,GSE137340,14,43,7.53210317378571,9.21088541586047,7.0870046035,9.294011232,1.67878224207475,Up_in_Sepsis,0.862126245847176,1.61210294818759e-05,GSE236713
SDF2,GSE54514,18,35,9.47957324972222,9.48767860957143,9.429760933,9.515629768,0.00810535984920691,Up_in_Sepsis,0.507936507936508,0.932641220383615,GSE236713
SDF2,GSE57065,25,28,6.9086016,7.69504821428571,6.93179,7.67189,0.786446614285715,Up_in_Sepsis,0.961428571428571,3.26107099618374e-11,GSE236713
SDF2,GSE65682,42,51,6.27390428116667,6.6243422057451,6.3186964345,6.690636224,0.350437924578431,Up_in_Sepsis,0.751633986928105,3.22148287688422e-05,GSE236713
SDF2,GSE95233,22,51,6.09846318318182,7.32206116019608,6.131962155,7.29778991,1.22359797701426,Up_in_Sepsis,1,1.60188706567253e-11,GSE236713
CD74,GSE137340,14,43,9.98284820703571,8.27071462426744,10.13375478,8.325641849,-1.71213358276827,Down_in_Sepsis,0.0465116279069768,4.46986200896131e-09,GSE236713
CD74,GSE54514,18,35,8.98056897425926,9.11129872898096,8.9942328935,9.14352973466667,0.130729754721695,Up_in_Sepsis,0.574603174603175,0.38603295488447,GSE236713
CD74,GSE57065,25,28,7.48762533333333,6.45569214285714,7.47123,6.38603166666667,-1.03193319047619,Down_in_Sepsis,0.0385714285714286,3.26107099618374e-11,GSE236713
CD74,GSE65682,42,51,7.0118082882381,5.89471187256863,6.9309952324,5.904229519,-1.11709641566947,Down_in_Sepsis,0.133986928104575,1.46096046156619e-09,GSE236713
CD74,GSE95233,22,51,9.35839677333333,7.69299227346405,9.43190852,7.61843798666667,-1.66540449986928,Down_in_Sepsis,0.0311942959001783,2.6568328672965e-10,GSE236713
CHCHD1,GSE137340,14,43,4.80042524907143,5.82595761504651,4.501190024,5.899912931,1.02553236597508,Up_in_Sepsis,0.825581395348837,0.000142549672571846,GSE236713
CHCHD1,GSE54514,18,35,7.65253186227778,7.79599361417143,7.619234085,7.68655777,0.143461751893651,Up_in_Sepsis,0.604761904761905,0.220939150662259,GSE236713
CHCHD1,GSE57065,25,28,7.0298984,7.87853642857143,6.99005,8.032945,0.848638028571428,Up_in_Sepsis,0.91,2.12226336420772e-08,GSE236713
CHCHD1,GSE65682,42,51,6.8523342785,7.24924330913726,6.818441372,7.33346744,0.396909030637255,Up_in_Sepsis,0.729691876750701,0.000148014602338094,GSE236713
CHCHD1,GSE95233,22,51,5.88486762409091,7.26158588901961,5.85308627,7.27430508,1.3767182649287,Up_in_Sepsis,0.991978609625669,3.35328660937072e-11,GSE236713
LCK,GSE137340,14,43,5.55957894754762,5.57794719572093,5.54788497366667,5.554781942,0.018368248173311,Up_in_Sepsis,0.496677740863787,0.978074020365707,GSE236713
LCK,GSE54514,18,35,7.27508580244444,7.31436660399048,7.2605885665,7.26734924333333,0.039280801546032,Up_in_Sepsis,0.515873015873016,0.859761640454994,GSE236713
LCK,GSE57065,25,28,9.0942556,6.9294725,9.065125,6.8193975,-2.1647831,Down_in_Sepsis,0.00857142857142857,6.63763687397464e-14,GSE236713
LCK,GSE65682,42,51,4.44206066173333,3.42731789850588,4.0753115459,3.2349531126,-1.01474276322745,Down_in_Sepsis,0.215686274509804,2.63215247427863e-06,GSE236713
LCK,GSE95233,22,51,8.08672564590909,5.99105659990196,8.0503183375,5.86693816,-2.09566904600713,Down_in_Sepsis,0.0035650623885918,2.22762533627504e-11,GSE236713
SAMD3,GSE137340,14,43,6.330297702875,5.77530154137791,6.238959253375,5.560544291,-0.554996161497093,Down_in_Sepsis,0.275747508305648,0.0114791320682579,GSE236713
SAMD3,GSE54514,18,35,7.37058223612963,7.31262510389524,7.3550186155,7.29780340166667,-0.0579571322343924,Down_in_Sepsis,0.411111111111111,0.300340734781541,GSE236713
SAMD3,GSE57065,25,28,5.1742838,4.09672785714286,5.12301,4.11197,-1.07755594285714,Down_in_Sepsis,0.0771428571428572,5.32311262981583e-09,GSE236713
SAMD3,GSE65682,42,51,3.35650238542064,2.73522683843137,3.15999322266666,2.61955043433333,-0.621275546989263,Down_in_Sepsis,0.183473389355742,1.69238897793953e-07,GSE236713
SAMD3,GSE95233,22,51,7.47168535386364,5.16620065078431,7.41691266,5.16571571,-2.30548470307932,Down_in_Sepsis,0,1.60188706567253e-11,GSE236713
TLR5,GSE137340,14,43,7.45698871914286,9.88626998116279,7.152195425,10.11726915,2.42928126201993,Up_in_Sepsis,0.857142857142857,6.99054388330195e-05,GSE236713
TLR5,GSE54514,18,35,8.65817268636111,8.86676242032857,8.6723899845,8.870217563,0.208589733967461,Up_in_Sepsis,0.663492063492063,0.0536371037869218,GSE236713
TLR5,GSE57065,25,28,6.7654072,9.0116675,6.80244,9.13032,2.2462603,Up_in_Sepsis,0.997142857142857,8.85018249863286e-15,GSE236713
TLR5,GSE65682,42,51,7.63102261552381,8.03037110862745,7.904869968,8.162158126,0.399348493103641,Up_in_Sepsis,0.637721755368814,0.0229937647958931,GSE236713
TLR5,GSE95233,22,51,7.09033071954546,9.28910596784314,7.022787335,9.43570202,2.19877524829768,Up_in_Sepsis,0.989304812834225,4.27867888939574e-11,GSE236713
ZDHHC3,GSE137340,14,43,5.34467040828571,6.13299005906977,5.1801497425,6.163031381,0.788319650784053,Up_in_Sepsis,0.803986710963455,0.000434777002978728,GSE236713
ZDHHC3,GSE54514,18,35,7.70002966455556,7.90285861162857,7.620201349,7.928459167,0.202828947073016,Up_in_Sepsis,0.674603174603174,0.0388930382204774,GSE236713
ZDHHC3,GSE57065,25,28,5.4064839,6.24556366071429,5.400405,6.32849125,0.839079760714286,Up_in_Sepsis,0.997142857142857,8.85018249863286e-15,GSE236713
ZDHHC3,GSE65682,42,51,5.70252456302381,6.13801785792647,5.7555070775,6.161720429,0.435493294902662,Up_in_Sepsis,0.80765639589169,3.70316141537795e-07,GSE236713
ZDHHC3,GSE95233,22,51,6.10024053465909,7.18533389387255,6.12567473375,7.1734460875,1.08509335921346,Up_in_Sepsis,1,1.60188706567253e-11,GSE236713
YWHAH,GSE137340,14,43,9.47149974385714,10.5626507323721,9.277803966,10.4354875,1.09115098851495,Up_in_Sepsis,0.863787375415283,1.44528445939708e-05,GSE236713
YWHAH,GSE54514,18,35,11.5761093022222,11.5758010322857,11.67838955,11.68066883,-0.000308269936507344,Down_in_Sepsis,0.513492063492063,0.880555710047801,GSE236713
YWHAH,GSE57065,25,28,4.71158746666667,5.24138988095238,4.75421666666667,5.27197166666667,0.529802414285715,Up_in_Sepsis,0.87,8.35495166390768e-07,GSE236713
YWHAH,GSE65682,42,51,7.94382447405952,8.85344200491177,7.9633120765,8.859142047,0.909617530852241,Up_in_Sepsis,0.905228758169935,2.12603714144475e-11,GSE236713
YWHAH,GSE95233,22,51,5.3397441580303,6.01921297771242,5.37011373666667,6.00767435666667,0.679468819682114,Up_in_Sepsis,0.959893048128342,5.74166162427769e-10,GSE236713
MYL12B,GSE137340,14,43,7.48691813092857,8.27631305061628,7.281720681,8.261564808,0.789394919687708,Up_in_Sepsis,0.863787375415283,1.44528445939708e-05,GSE236713
MYL12B,GSE54514,18,35,12.0526616844444,11.8789449974286,11.99348068,11.91166878,-0.173716687015874,Down_in_Sepsis,0.406349206349206,0.271889047022957,GSE236713
MYL12B,GSE57065,25,28,9.8577992,10.5746153571429,9.85027,10.5825,0.716816157142857,Up_in_Sepsis,0.935714285714285,1.17043442289857e-09,GSE236713
MYL12B,GSE65682,42,51,9.6085380527381,9.90833881894118,9.611838974,9.928702496,0.299800766203081,Up_in_Sepsis,0.789449112978525,1.73097128702341e-06,GSE236713
MYL12B,GSE95233,22,51,7.26623981318182,8.6558947982353,7.26192616,8.67892363,1.38965498505348,Up_in_Sepsis,0.998217468805704,1.88955739655682e-11,GSE236713
HLA-DPB1,GSE137340,14,43,5.47542032028571,5.54581998962791,5.198502823,5.381987185,0.0703996693421933,Up_in_Sepsis,0.518272425249169,0.847419434724282,GSE236713
HLA-DPB1,GSE54514,18,35,7.25630855544444,7.21391203748572,7.217739582,7.189665318,-0.0423965179587293,Down_in_Sepsis,0.406349206349206,0.274780752688366,GSE236713
HLA-DPB1,GSE57065,25,28,7.2440554,5.97528267857143,7.33975,5.8453875,-1.26877272142857,Down_in_Sepsis,0.0242857142857143,2.68160529708576e-12,GSE236713
HLA-DPB1,GSE65682,42,51,6.13679909505714,4.98698482825098,6.0927838555,4.9630219698,-1.14981426680616,Down_in_Sepsis,0.134920634920635,1.60768834134193e-09,GSE236713
HLA-DPB1,GSE95233,22,51,7.6833010575,5.71928535362745,7.7125187,5.64996396,-1.96401570387255,Down_in_Sepsis,0.0053475935828877,2.62469054871502e-11,GSE236713
C1GALT1C1,GSE137340,14,43,5.15153525064286,5.93118743867442,4.85686021783334,6.040145885,0.779652188031562,Up_in_Sepsis,0.838870431893688,6.75807999629674e-05,GSE236713
C1GALT1C1,GSE54514,18,35,7.74514607583333,7.63134562628571,7.7761212585,7.610202551,-0.113800449547619,Down_in_Sepsis,0.380952380952381,0.163232997664367,GSE236713
C1GALT1C1,GSE57065,25,28,5.526575,6.38388660714286,5.4608,6.5383175,0.857311607142857,Up_in_Sepsis,0.892857142857143,1.13569309787656e-07,GSE236713
C1GALT1C1,GSE65682,42,51,3.77345771323016,4.57532022127451,3.695822322,4.421025006,0.801862508044351,Up_in_Sepsis,0.796451914098973,9.66515632862645e-07,GSE236713
C1GALT1C1,GSE95233,22,51,5.62550723795455,7.0548620722549,5.5644132275,7.10909868,1.42935483430036,Up_in_Sepsis,0.986631016042781,5.45249501386452e-11,GSE236713
ZNF438,GSE137340,14,43,6.011259107,7.414814933,5.6935261025,7.54984771,1.403555826,Up_in_Sepsis,0.830564784053156,0.00010836477926158,GSE236713
ZNF438,GSE54514,18,35,8.51915007172222,8.47946158811429,8.56369257,8.511802673,-0.0396884836079376,Down_in_Sepsis,0.496825396825397,0.977746942500812,GSE236713
ZNF438,GSE57065,25,28,5.388177,6.90787517857143,5.37315,6.9155975,1.51969817857143,Up_in_Sepsis,0.995714285714286,1.54878193726075e-14,GSE236713
ZNF438,GSE65682,42,51,5.28696320588095,5.90877666462745,5.259332643,5.956922869,0.621813458746499,Up_in_Sepsis,0.778244631185808,4.28090624201636e-06,GSE236713
ZNF438,GSE95233,22,51,5.79770358931818,7.50971257441177,5.784056845,7.64675054,1.71200898509358,Up_in_Sepsis,0.993761140819964,2.84841857067922e-11,GSE236713
TSPO,GSE137340,14,43,9.49792795573809,11.1286073497752,9.1370081325,11.2951774906667,1.63067939403711,Up_in_Sepsis,0.862126245847176,1.61210294818759e-05,GSE236713
TSPO,GSE54514,18,35,12.0371245810278,12.0085690904143,12.01227951175,12.035803795,-0.0285554906134919,Down_in_Sepsis,0.492063492063492,0.933308660155946,GSE236713
TSPO,GSE57065,25,28,9.8155904,11.3768821428571,9.77179,11.43895,1.56129174285714,Up_in_Sepsis,0.981428571428571,8.25279517997514e-13,GSE236713
TSPO,GSE65682,42,51,9.99027076420635,10.5461345918693,10.0103408118333,10.5624629066667,0.555863827662934,Up_in_Sepsis,0.80905695611578,3.27701771838717e-07,GSE236713
TSPO,GSE95233,22,51,8.87713736954546,10.6166380707843,8.923230245,10.62249139,1.73950070123886,Up_in_Sepsis,0.998217468805704,1.88955739655682e-11,GSE236713
AIG1,GSE137340,14,43,4.890745989,5.53068375737209,4.715566998,5.550354313,0.639937768372093,Up_in_Sepsis,0.784053156146179,0.00110606663595566,GSE236713
AIG1,GSE54514,18,35,7.63796395727778,7.56909096577143,7.505123377,7.529231071,-0.0688729915063497,Down_in_Sepsis,0.447619047619048,0.545121751957247,GSE236713
AIG1,GSE57065,25,28,2.97883633333333,3.66742023809524,2.956205,3.60808333333334,0.688583904761905,Up_in_Sepsis,0.945714285714286,3.22170980952107e-10,GSE236713
AIG1,GSE65682,42,51,3.42310153502381,4.72144683901961,3.309192477,4.804051067,1.2983453039958,Up_in_Sepsis,0.929038281979459,1.33324965116795e-12,GSE236713
AIG1,GSE95233,22,51,3.50927409106061,4.10948518539216,3.4719250125,4.15137834166667,0.600211094331551,Up_in_Sepsis,0.943850267379679,2.21816559060711e-09,GSE236713
SBK1,GSE137340,14,43,5.29313249842857,5.27125216347287,5.25604142733333,5.20230538433333,-0.0218803349557026,Down_in_Sepsis,0.476744186046512,0.804590920857132,GSE236713
SBK1,GSE54514,18,35,7.68092624355556,7.64618398131429,7.6743888855,7.506723881,-0.0347422622412701,Down_in_Sepsis,0.442857142857143,0.508552086621423,GSE236713
SBK1,GSE57065,25,28,6.2346208,5.198925,6.221995,5.11704,-1.0356958,Down_in_Sepsis,0.02,1.12397317732637e-12,GSE236713
SBK1,GSE65682,42,51,4.15991376559524,3.52257684,3.961265052,3.502584684,-0.637336925595238,Down_in_Sepsis,0.207282913165266,1.32094619341197e-06,GSE236713
SBK1,GSE95233,22,51,6.2586531925,4.67684599313726,6.3554100125,4.604520365,-1.58180719936274,Down_in_Sepsis,0.00089126559714795,1.73990990394731e-11,GSE236713
GNLY,GSE137340,14,43,9.14800889792857,8.15947509471318,9.1590614045,8.0730805,-0.98853380321539,Down_in_Sepsis,0.26578073089701,0.00811465598623881,GSE236713
GNLY,GSE54514,18,35,8.15735403692593,8.0888684272381,8.23682268466667,8.02759917566667,-0.0684856096878299,Down_in_Sepsis,0.444444444444444,0.520600333060429,GSE236713
GNLY,GSE57065,25,28,10.3966178,7.96240732142857,10.441,7.895085,-2.43421047857143,Down_in_Sepsis,0.0842857142857143,1.16465658125434e-08,GSE236713
GNLY,GSE65682,42,51,6.51919426080357,5.05028397886765,6.423854145125,4.983618095,-1.46891028193592,Down_in_Sepsis,0.180672268907563,1.31591298422381e-07,GSE236713
GNLY,GSE95233,22,51,11.0241741922727,8.14679967784314,10.97150678,8.166844705,-2.87737451442959,Down_in_Sepsis,0.00445632798573975,2.41819260539641e-11,GSE236713
GPR183,GSE137340,14,43,6.07481682480952,5.76299714488372,6.064974771,5.70024795566667,-0.311819679925803,Down_in_Sepsis,0.313953488372093,0.0377143793648217,GSE236713
GPR183,GSE54514,18,35,7.69109768330556,7.6143441268,7.60110473625,7.4851653575,-0.0767535565055555,Down_in_Sepsis,0.463492063492064,0.675476268134141,GSE236713
GPR183,GSE57065,25,28,7.730874,5.84445964285714,7.71563,5.765175,-1.88641435714286,Down_in_Sepsis,0.00714285714285714,4.20383668685061e-14,GSE236713
GPR183,GSE65682,42,51,4.16059465866667,3.35900663755882,4.050669064,3.1834406115,-0.801588021107843,Down_in_Sepsis,0.223155929038282,4.78279497877484e-06,GSE236713
GPR183,GSE95233,22,51,5.92948687681818,4.40194825372549,5.938862105,4.41436089,-1.52753862309269,Down_in_Sepsis,0.00445632798573975,2.41819260539641e-11,GSE236713
GLA,GSE137340,14,43,7.28061185971429,8.73848134283721,7.102133541,8.846975906,1.45786948312292,Up_in_Sepsis,0.893687707641196,1.16271413116417e-05,GSE236713
GLA,GSE54514,18,35,8.96371936805556,8.97981698174286,8.9635100365,8.92196846,0.0160976136873021,Up_in_Sepsis,0.473015873015873,0.756639937970471,GSE236713
GLA,GSE57065,25,28,7.2877836,7.99893607142857,7.29184,8.00531,0.711152471428571,Up_in_Sepsis,0.927142857142857,3.26467523300631e-09,GSE236713
GLA,GSE65682,42,51,4.60705202494444,5.06507052371896,4.59547661416667,5.11553418,0.458018498774511,Up_in_Sepsis,0.824929971988796,7.90621994484101e-08,GSE236713
GLA,GSE95233,22,51,8.20225829318182,9.1204415627451,8.246516965,9.10326591,0.918183269563279,Up_in_Sepsis,0.975935828877006,1.41972918224125e-10,GSE236713
HGF,GSE137340,14,43,4.2601195235,4.58234537560465,4.23308502416667,4.38070884,0.322225852104651,Up_in_Sepsis,0.926910299003322,8.95420161947516e-08,GSE236713
HGF,GSE54514,18,35,7.20112337008333,7.1720018046,7.1685459615,7.141106367,-0.0291215654833339,Down_in_Sepsis,0.433333333333333,0.439382697129536,GSE236713
HGF,GSE57065,25,28,3.54136744,5.47937307142857,3.51847,5.711298,1.93800563142857,Up_in_Sepsis,0.997142857142857,8.85018249863286e-15,GSE236713
HGF,GSE65682,42,51,3.05749881820833,3.76559557133824,2.837288876875,3.721770785,0.708096753129902,Up_in_Sepsis,0.749299719887955,3.81153364064026e-05,GSE236713
HGF,GSE95233,22,51,3.73173866318182,5.67914667031373,3.677977873,5.628819858,1.94740800713191,Up_in_Sepsis,0.99554367201426,2.41819260539641e-11,GSE236713
SLC40A1,GSE137340,14,43,6.08393146996429,7.18164538352326,5.747892758,7.211086533,1.09771391355897,Up_in_Sepsis,0.817275747508306,0.000221898960304589,GSE236713
SLC40A1,GSE54514,18,35,9.15927290947222,9.10222308302857,9.1913089745,9.097497941,-0.0570498264436505,Down_in_Sepsis,0.442857142857143,0.508552086621423,GSE236713
SLC40A1,GSE57065,25,28,6.7610822,7.84513285714286,6.797745,7.905115,1.08405065714286,Up_in_Sepsis,0.99,9.95645531096197e-14,GSE236713
SLC40A1,GSE65682,42,51,6.85902351092857,7.67899633965686,6.85073020025,7.668830264,0.819972828728291,Up_in_Sepsis,0.837535014005603,2.43725567359585e-08,GSE236713
SLC40A1,GSE95233,22,51,6.22616058090909,7.44964943637255,6.16623229,7.48960844,1.22348885546346,Up_in_Sepsis,0.975935828877005,1.41972918224125e-10,GSE236713
DHFR,GSE137340,14,43,6.60883482230357,7.05701594505814,6.482444019875,6.96782198225,0.448181122754567,Up_in_Sepsis,0.872093023255814,8.24463721259666e-06,GSE236713
DHFR,GSE54514,18,35,7.16310164655556,7.17931277405714,7.132750988,7.15643549,0.0162111275015882,Up_in_Sepsis,0.544444444444444,0.608776071190231,GSE236713
DHFR,GSE57065,25,28,4.4312588,5.21479026785714,4.3541425,5.13328375,0.783531467857142,Up_in_Sepsis,0.928571428571428,2.76433237799173e-09,GSE236713
DHFR,GSE65682,42,51,3.03713465081905,3.83270964551373,3.0295678,3.774113079,0.795574994694678,Up_in_Sepsis,0.874883286647993,5.81758965299673e-10,GSE236713
DHFR,GSE95233,22,51,5.30987932090909,6.07964410490196,5.32478402375,6.000647,0.76976478399287,Up_in_Sepsis,0.904634581105169,4.98072335942836e-08,GSE236713
ZBTB4,GSE137340,14,43,6.52450132060714,6.45946898355814,6.501577827,6.538945105,-0.0650323370490042,Down_in_Sepsis,0.51328903654485,0.890692821059384,GSE236713
ZBTB4,GSE54514,18,35,7.99907712136111,7.92733907022857,7.97531640525,7.853297472,-0.0717380511325398,Down_in_Sepsis,0.388888888888889,0.193736415761008,GSE236713
ZBTB4,GSE57065,25,28,7.6965768,6.55985446428571,7.70421,6.5192575,-1.13672233571429,Down_in_Sepsis,0.00857142857142857,6.63763687397464e-14,GSE236713
ZBTB4,GSE65682,42,51,4.68232307653571,4.32625691963726,4.633139319625,4.30365187675,-0.356066156898459,Down_in_Sepsis,0.162931839402428,2.54774905292748e-08,GSE236713
ZBTB4,GSE95233,22,51,8.62887460340909,7.40794592686275,8.56976789,7.370551125,-1.22092867654635,Down_in_Sepsis,0.0017825311942959,1.88955739655682e-11,GSE236713
OPLAH,GSE137340,14,43,5.00333366364286,6.47719505460465,4.48531057275,6.338157613,1.47386139096179,Up_in_Sepsis,0.853820598006644,2.74394577444583e-05,GSE236713
OPLAH,GSE54514,18,35,8.57949029094445,8.66695086631429,8.194804192,8.740466118,0.0874605753698408,Up_in_Sepsis,0.523809523809524,0.787389209638866,GSE236713
OPLAH,GSE57065,25,28,4.6954972,6.71958035714286,4.84071,6.720495,2.02408315714286,Up_in_Sepsis,0.985714285714286,3.07543841827492e-13,GSE236713
OPLAH,GSE65682,42,51,4.89024176571429,6.07443696505882,4.907319866,6.10577548,1.18419519934454,Up_in_Sepsis,0.858543417366947,3.12116145752139e-09,GSE236713
OPLAH,GSE95233,22,51,4.61101719818182,5.55561560803922,4.59744795,5.51785171,0.944598409857398,Up_in_Sepsis,0.959001782531194,6.19679960010317e-10,GSE236713
TBX21,GSE137340,14,43,4.81187401007143,5.23630878927907,4.689679941,5.270926895,0.424434779207641,Up_in_Sepsis,0.760797342192691,0.00296634161799207,GSE236713
TBX21,GSE54514,18,35,7.09838906927778,7.0640569006,7.0800471305,7.04426527,-0.0343321686777776,Down_in_Sepsis,0.363492063492064,0.108826486254413,GSE236713
TBX21,GSE57065,25,28,7.1705528,5.81726214285714,7.20119,5.688045,-1.35329065714286,Down_in_Sepsis,0.0828571428571429,9.98865891252887e-09,GSE236713
TBX21,GSE65682,42,51,5.36412357933333,4.25732970401961,5.261554749,4.200597977,-1.10679387531373,Down_in_Sepsis,0.138188608776844,2.24325106836762e-09,GSE236713
TBX21,GSE95233,22,51,8.946720515,6.12023734117647,8.7444283,6.08920024,-2.82648317382353,Down_in_Sepsis,0,1.60188706567253e-11,GSE236713
MBOAT2,GSE137340,14,43,5.25210661667857,6.11768587436047,5.0634674695,6.0258867145,0.865579257681893,Up_in_Sepsis,0.800664451827243,0.000511075771431277,GSE236713
MBOAT2,GSE54514,18,35,8.00047442644445,8.08352207462857,7.9885799885,8.050322533,0.0830476481841274,Up_in_Sepsis,0.598412698412698,0.250718918621702,GSE236713
MBOAT2,GSE57065,25,28,6.4195554,7.41471589285714,6.383385,7.4468725,0.995160492857143,Up_in_Sepsis,0.992857142857143,4.20383668685061e-14,GSE236713
MBOAT2,GSE65682,42,51,5.86010217576191,6.42362696176471,5.90341027683334,6.54037096366667,0.5635247860028,Up_in_Sepsis,0.817460317460318,1.55659726353475e-07,GSE236713
MBOAT2,GSE95233,22,51,6.05110651181818,7.21374337186275,6.0558060575,7.32181216,1.16263686004456,Up_in_Sepsis,0.985739750445633,5.9097281654302e-11,GSE236713
DPH3,GSE137340,14,43,5.16097945014286,6.37018195755039,4.810581855,6.31015521033333,1.20920250740753,Up_in_Sepsis,0.853820598006645,2.74394577444583e-05,GSE236713
DPH3,GSE54514,18,35,7.86257969011111,7.76692964469524,7.83398278533334,7.755830129,-0.0956500454158729,Down_in_Sepsis,0.404761904761905,0.266594271495035,GSE236713
DPH3,GSE57065,25,28,5.9029928,6.99426196428571,5.911605,7.0208775,1.09126916428571,Up_in_Sepsis,0.948571428571429,2.18134873135053e-10,GSE236713
DPH3,GSE65682,42,51,5.11648311806349,5.57446812060131,5.12101343316667,5.62376728833333,0.457985002537815,Up_in_Sepsis,0.755368814192344,2.45413606004188e-05,GSE236713
DPH3,GSE95233,22,51,5.68283380477273,7.18851320852941,5.8394010425,7.233392625,1.50567940375668,Up_in_Sepsis,0.991087344028521,3.63757408976493e-11,GSE236713
CKS2,GSE137340,14,43,5.08599484935714,6.37654857446512,4.6209236445,6.217548301,1.29055372510797,Up_in_Sepsis,0.837209302325581,7.43901516703796e-05,GSE236713
CKS2,GSE54514,18,35,7.67810380458333,8.00606332515714,7.606156707,7.926325083,0.32795952057381,Up_in_Sepsis,0.711111111111111,0.011841241377748,GSE236713
CKS2,GSE57065,25,28,4.5320092,6.00025928571429,4.51401,6.114325,1.46825008571429,Up_in_Sepsis,0.87,8.35495166390768e-07,GSE236713
CKS2,GSE65682,42,51,2.47374663630952,3.65175556994118,2.3667081495,3.379345166,1.17800893363165,Up_in_Sepsis,0.866013071895425,1.46096046156619e-09,GSE236713
CKS2,GSE95233,22,51,4.30072840181818,6.23290274333333,4.50636149,6.02245434,1.93217434151515,Up_in_Sepsis,0.968805704099822,2.6568328672965e-10,GSE236713
C1orf122,GSE137340,14,43,5.56088789928571,6.87881397269767,5.296312564,6.848643173,1.31792607341196,Up_in_Sepsis,0.838870431893688,6.75807999629674e-05,GSE236713
C1orf122,GSE54514,18,35,7.88321259288889,8.00930262971429,7.777810574,7.97199297,0.126090036825397,Up_in_Sepsis,0.673015873015873,0.0415697490247223,GSE236713
C1orf122,GSE57065,25,28,6.6150276,7.1914675,6.66819,7.11316,0.5764399,Up_in_Sepsis,0.81,5.93060810210767e-05,GSE236713
C1orf122,GSE65682,42,51,4.67717149730952,5.38174227831373,4.6305299405,5.403628802,0.704570781004202,Up_in_Sepsis,0.873482726423903,6.73738457061858e-10,GSE236713
C1orf122,GSE95233,22,51,5.98594967863636,6.90354934686275,5.994764905,6.81029623,0.917599668226382,Up_in_Sepsis,0.997326203208556,2.05178515500888e-11,GSE236713
LSM1,GSE137340,14,43,7.61454243021429,9.32111924697674,7.200940099,9.314683178,1.70657681676246,Up_in_Sepsis,0.872093023255814,8.24463721259666e-06,GSE236713
LSM1,GSE54514,18,35,9.95894940738889,9.93707817688571,9.9005708695,9.932846069,-0.0218712305031747,Down_in_Sepsis,0.503174603174603,0.977524215947941,GSE236713
LSM1,GSE57065,25,28,6.628174,7.287845,6.61753,7.33372,0.659671,Up_in_Sepsis,0.867142857142857,1.05444778975106e-06,GSE236713
LSM1,GSE65682,42,51,4.61533877430952,5.0474343032549,4.552799783,5.006598047,0.432095528945379,Up_in_Sepsis,0.773576097105509,6.18231329672613e-06,GSE236713
LSM1,GSE95233,22,51,5.79109010363636,7.40464280215686,5.770638385,7.38596057,1.6135526985205,Up_in_Sepsis,0.999108734402852,1.73990990394731e-11,GSE236713
MYL6,GSE137340,14,43,11.5547110764286,13.3530571833721,11.23322335,13.378159035,1.79834610694352,Up_in_Sepsis,0.883720930232558,3.58984112855028e-06,GSE236713
MYL6,GSE54514,18,35,14.0560826988889,14.0023943494286,14.0796282275,14.02239037,-0.053688349460316,Down_in_Sepsis,0.462698412698413,0.665758538067329,GSE236713
MYL6,GSE57065,25,28,8.32053,9.05009625,8.315935,9.021985,0.72956625,Up_in_Sepsis,0.977142857142857,2.02447924656227e-12,GSE236713
MYL6,GSE65682,42,51,7.93144881381746,8.30554739204575,7.954968272,8.33785312533333,0.37409857822829,Up_in_Sepsis,0.849673202614379,7.54073941898776e-09,GSE236713
MYL6,GSE95233,22,51,9.4978444025,10.212754942549,9.4711862575,10.24149225,0.714910540049019,Up_in_Sepsis,1,1.60188706567253e-11,GSE236713
AMPD3,GSE137340,14,43,4.36509475144643,4.68890040339535,4.296762221125,4.53612638225,0.32380565194892,Up_in_Sepsis,0.875415282392027,6.53811501196993e-06,GSE236713
AMPD3,GSE54514,18,35,7.29428671475,7.31056830541429,7.2981749775,7.321006298,0.0162815906642857,Up_in_Sepsis,0.549206349206349,0.570192060596712,GSE236713
AMPD3,GSE57065,25,28,5.8322058,6.35802803571429,5.837835,6.4217775,0.525822235714286,Up_in_Sepsis,0.85,3.9780779302043e-06,GSE236713
AMPD3,GSE65682,42,51,4.17677488671088,4.84328482955182,4.07739916885715,4.95547766242857,0.666509942840937,Up_in_Sepsis,0.823529411764706,8.9871630261376e-08,GSE236713
AMPD3,GSE95233,22,51,6.01882713477273,6.95985164745098,6.02174542,6.941334765,0.941024512678253,Up_in_Sepsis,0.99108734402852,3.63757408976493e-11,GSE236713
PAG1,GSE137340,14,43,5.51632154159524,6.15754106222481,5.29822207983333,6.202516717,0.641219520629569,Up_in_Sepsis,0.789036544850498,0.000882837458545004,GSE236713
PAG1,GSE54514,18,35,8.2100920325,8.37161277133333,8.173513651,8.362077554,0.161520738833334,Up_in_Sepsis,0.59047619047619,0.29165367273141,GSE236713
PAG1,GSE57065,25,28,8.15291586666667,9.19319952380952,8.24024333333333,9.22081666666667,1.04028365714286,Up_in_Sepsis,0.94,6.82419872104583e-10,GSE236713
PAG1,GSE65682,42,51,5.87138014824405,6.51008720895098,5.853146424,6.6593280485,0.638707060706933,Up_in_Sepsis,0.783846872082166,2.73343467258225e-06,GSE236713
PAG1,GSE95233,22,51,7.83852871242424,9.24998185718954,7.87495026333334,9.31326135666667,1.4114531447653,Up_in_Sepsis,0.976827094474153,1.31192583927308e-10,GSE236713
RNF7,GSE137340,14,43,5.61069929341429,6.39777894723721,5.3953175766,6.376583135,0.787079653822923,Up_in_Sepsis,0.855481727574751,2.47165216210598e-05,GSE236713
RNF7,GSE54514,18,35,8.66498160319445,8.587293216,8.67237222275,8.5672457215,-0.0776883871944456,Down_in_Sepsis,0.417460317460317,0.33676180410244,GSE236713
RNF7,GSE57065,25,28,5.4610218,5.91776080357143,5.4420275,5.944405,0.456739003571428,Up_in_Sepsis,0.884285714285714,2.47186955689829e-07,GSE236713
RNF7,GSE65682,42,51,4.55187345577381,5.02949052395098,4.555753327,4.9585384575,0.477617068177171,Up_in_Sepsis,0.783846872082167,2.73343467258225e-06,GSE236713
RNF7,GSE95233,22,51,6.13917496022727,7.04198745240196,6.1500871875,7.0612210825,0.902812492174689,Up_in_Sepsis,0.977718360071301,1.21213677994709e-10,GSE236713
BST1,GSE137340,14,43,6.08161924814286,7.68685602265116,5.6359333255,7.943553308,1.60523677450831,Up_in_Sepsis,0.847176079734219,4.13098133247111e-05,GSE236713
BST1,GSE54514,18,35,8.64631027644444,8.50911121374286,8.555298805,8.435608864,-0.137199062701587,Down_in_Sepsis,0.415873015873016,0.327405769848281,GSE236713
BST1,GSE57065,25,28,7.069504,8.93347821428571,7.1417,8.98406,1.86397421428571,Up_in_Sepsis,1,2.21254562465821e-15,GSE236713
BST1,GSE65682,42,51,8.65141296726191,9.12904414731373,8.729827676,9.149806933,0.477631180051821,Up_in_Sepsis,0.711484593837535,0.000477095055252169,GSE236713
BST1,GSE95233,22,51,6.24204400181818,8.00595756294118,6.31344123,8.03846155,1.76391356112299,Up_in_Sepsis,0.99554367201426,2.41819260539641e-11,GSE236713
IL10,GSE137340,14,43,7.400438013,8.20294413719767,7.331801702,8.130449696,0.802506124197675,Up_in_Sepsis,0.877076411960133,5.81267228909064e-06,GSE236713
IL10,GSE54514,18,35,9.3612702025,9.3583498206,9.42679667525,9.390916825,-0.00292038190000099,Down_in_Sepsis,0.480952380952381,0.830638269796872,GSE236713
IL10,GSE57065,25,28,3.4014536,4.66862392857143,3.38691,4.534755,1.26717032857143,Up_in_Sepsis,0.978571428571428,1.51338120726622e-12,GSE236713
IL10,GSE65682,42,51,2.49251243707143,2.88937529939216,2.436297435,2.831393929,0.396862862320728,Up_in_Sepsis,0.751167133520075,3.33206979580799e-05,GSE236713
IL10,GSE95233,22,51,2.09511338636364,3.35605650882353,1.994026525,3.32369047,1.26094312245989,Up_in_Sepsis,0.973262032085562,1.79715761294967e-10,GSE236713
PLAC8,GSE137340,14,43,9.50413236196429,10.8667205607442,9.12706716375,11.102440615,1.3625881987799,Up_in_Sepsis,0.808970099667774,0.000339521427323367,GSE236713
PLAC8,GSE54514,18,35,11.5646157801111,11.4611277849,11.33166695,11.565847875,-0.103487995211111,Down_in_Sepsis,0.477777777777778,0.801741213878021,GSE236713
PLAC8,GSE57065,25,28,10.4193888,12.2227357142857,10.5448,12.44635,1.80334691428572,Up_in_Sepsis,0.947142857142857,2.65428035862123e-10,GSE236713
PLAC8,GSE65682,42,51,8.83717390174405,10.2396289822647,8.814006447125,10.3994887915,1.40245508052066,Up_in_Sepsis,0.903361344537815,2.62484976872325e-11,GSE236713
PLAC8,GSE95233,22,51,9.41185960409091,11.5791830217647,9.443754865,11.63772197,2.1673234176738,Up_in_Sepsis,0.99554367201426,2.41819260539641e-11,GSE236713
RAB32,GSE137340,14,43,7.5928564505,9.59114344293023,7.2368962545,9.895784111,1.99828699243023,Up_in_Sepsis,0.863787375415282,1.44528445939708e-05,GSE236713
RAB32,GSE54514,18,35,10.4369391865,10.3496064048,10.37408161,10.42857742,-0.0873327817000007,Down_in_Sepsis,0.467460317460318,0.707190731540373,GSE236713
RAB32,GSE57065,25,28,6.000942,7.41667107142857,6.01628,7.5485825,1.41572907142857,Up_in_Sepsis,1,2.21254562465821e-15,GSE236713
RAB32,GSE65682,42,51,7.59600823316667,8.18170541823529,7.645173017,8.204989823,0.585697185068628,Up_in_Sepsis,0.823996265172736,8.61185098001542e-08,GSE236713
RAB32,GSE95233,22,51,6.60147967840909,8.5823252122549,6.616895525,8.609942915,1.98084553384581,Up_in_Sepsis,1,1.60188706567253e-11,GSE236713
FBXO30,GSE137340,14,43,5.78085122692857,6.84026546437209,5.609534453,6.878514554,1.05941423744352,Up_in_Sepsis,0.835548172757475,8.18207367405696e-05,GSE236713
FBXO30,GSE54514,18,35,8.07124393525,8.13047505788572,7.975256443,8.135940552,0.0592311226357154,Up_in_Sepsis,0.557142857142857,0.508552086621423,GSE236713
FBXO30,GSE57065,25,28,4.7766292,5.70766428571429,4.751895,5.74248,0.931035085714285,Up_in_Sepsis,0.928571428571428,2.76433237799173e-09,GSE236713
FBXO30,GSE65682,42,51,5.51255607814286,6.51641343668628,5.598263473,6.499298281,1.00385735854342,Up_in_Sepsis,0.805322128851541,4.53483226434796e-07,GSE236713
FBXO30,GSE95233,22,51,5.22157793772727,6.55908296264706,5.22161568,6.657940565,1.33750502491979,Up_in_Sepsis,0.949197860962567,1.42085083033673e-09,GSE236713
KIF1B,GSE137340,14,43,5.5280883277381,6.98780796731783,5.38700894516667,6.79839942466667,1.45971963957973,Up_in_Sepsis,0.898671096345515,1.12784882767697e-06,GSE236713
KIF1B,GSE54514,18,35,8.26908577820371,8.51468252,8.1966413655,8.46628014266667,0.245596741796295,Up_in_Sepsis,0.706349206349206,0.013996501301365,GSE236713
KIF1B,GSE57065,25,28,5.2217212,6.61516098214286,5.234115,6.6660875,1.39343978214286,Up_in_Sepsis,1,2.21254562465821e-15,GSE236713
KIF1B,GSE65682,42,51,4.96487148781349,5.12895045621569,5.09920500116667,5.22113057833333,0.164078968402195,Up_in_Sepsis,0.570961718020541,0.242170395544248,GSE236713
KIF1B,GSE95233,22,51,6.27562536386364,7.85202734083333,6.2762148775,7.9329280575,1.5764019769697,Up_in_Sepsis,0.986631016042781,5.45249501386452e-11,GSE236713
MCU,GSE137340,14,43,5.37180948585714,6.84010643130233,5.0987302585,6.835404395,1.46829694544518,Up_in_Sepsis,0.900332225913621,9.84903435988751e-07,GSE236713
MCU,GSE54514,18,35,8.02043739955556,8.18800416668571,7.96530509,8.205499649,0.167566767130158,Up_in_Sepsis,0.684126984126984,0.0300619651401297,GSE236713
MCU,GSE57065,25,28,5.7881108,6.19160892857143,5.81397,6.251895,0.403498128571428,Up_in_Sepsis,0.76,0.000926064921136709,GSE236713
MCU,GSE65682,42,51,4.66907094057143,5.39040237588235,4.6613249335,5.523410238,0.721331435310924,Up_in_Sepsis,0.817927170868348,1.49271414358995e-07,GSE236713
MCU,GSE95233,22,51,6.19886962681818,7.20312838392157,6.256387715,7.14910352,1.00425875710339,Up_in_Sepsis,0.972370766488414,1.94435767733088e-10,GSE236713
PGLYRP1,GSE137340,14,43,8.2463728645,10.5949774515116,8.1962241905,10.6908238,2.34860458701163,Up_in_Sepsis,0.852159468438538,3.04347690174248e-05,GSE236713
PGLYRP1,GSE54514,18,35,11.1584299930556,11.3760248457429,11.03189945,11.35566902,0.2175948526873,Up_in_Sepsis,0.565873015873016,0.441273226408107,GSE236713
PGLYRP1,GSE57065,25,28,7.0209396,9.52004428571429,6.93452,9.452565,2.49910468571429,Up_in_Sepsis,0.995714285714286,1.54878193726075e-14,GSE236713
PGLYRP1,GSE65682,42,51,6.81504751561905,7.53306122233333,6.739540714,7.585683968,0.718013706714285,Up_in_Sepsis,0.757703081232493,2.06654776808725e-05,GSE236713
PGLYRP1,GSE95233,22,51,6.16136507045455,8.15213205196078,6.24415001,8.08895182,1.99076698150624,Up_in_Sepsis,0.994652406417112,2.62469054871502e-11,GSE236713
C3AR1,GSE137340,14,43,5.66257417528571,7.64411645930233,5.2767078905,7.74853268,1.98154228401661,Up_in_Sepsis,0.875415282392027,6.53811501196993e-06,GSE236713
C3AR1,GSE54514,18,35,8.12928456727778,8.61633907051429,8.0673708915,8.529092789,0.487054503236507,Up_in_Sepsis,0.714285714285714,0.0105698275685497,GSE236713
C3AR1,GSE57065,25,28,7.5821536,9.34956321428571,7.51862,9.50142,1.76740961428571,Up_in_Sepsis,0.924285714285714,4.53013185284708e-09,GSE236713
C3AR1,GSE65682,42,51,8.07711712383333,8.71807918660784,8.3859891975,8.954679595,0.640962062774509,Up_in_Sepsis,0.69281045751634,0.00145005550227049,GSE236713
C3AR1,GSE95233,22,51,7.42931918909091,9.44700825098039,7.54210163,9.42253796,2.01768906188948,Up_in_Sepsis,0.990196078431372,3.94540435484238e-11,GSE236713
MPEG1,GSE137340,14,43,4.92930361242857,5.10056035367442,4.8098834065,5.166891997,0.171256741245847,Up_in_Sepsis,0.672757475083057,0.054341758859444,GSE236713
MPEG1,GSE54514,18,35,7.34915577033333,7.34199331825714,7.332892656,7.341831207,-0.00716245207619082,Down_in_Sepsis,0.503174603174603,0.977524668918648,GSE236713
MPEG1,GSE57065,25,28,10.157935,8.37536910714286,10.17995,8.7274575,-1.78256589285714,Down_in_Sepsis,0.0228571428571429,2.02447924656227e-12,GSE236713
MPEG1,GSE65682,42,51,5.70490493425,4.80245869578431,5.66417863875,4.761236281,-0.902446238465687,Down_in_Sepsis,0.101307189542484,4.42754412252801e-11,GSE236713
MPEG1,GSE95233,22,51,10.4721691604545,8.78021639294118,10.5335444525,8.894329355,-1.69195276751337,Down_in_Sepsis,0.0089126559714795,3.63757408976493e-11,GSE236713
TPST2,GSE137340,14,43,8.27969496325,9.79783269608139,7.9765398905,9.858399753,1.5181377328314,Up_in_Sepsis,0.818936877076412,0.000203389487077016,GSE236713
TPST2,GSE54514,18,35,10.6547624273333,10.3847428183571,10.470162869,10.44403124,-0.27001960897619,Down_in_Sepsis,0.341269841269841,0.0612219903360194,GSE236713
TPST2,GSE57065,25,28,6.5861648,7.43347857142857,6.58141,7.41739166666667,0.847313771428571,Up_in_Sepsis,0.96,4.0828104411818e-11,GSE236713
TPST2,GSE65682,42,51,7.29053642883333,8.31062247454902,7.257098495,8.309882325,1.02008604571569,Up_in_Sepsis,0.918300653594771,4.73658625634737e-12,GSE236713
TPST2,GSE95233,22,51,7.52804846712121,8.36179940117647,7.549906045,8.41934404,0.833750934055259,Up_in_Sepsis,0.949197860962567,1.42085083033673e-09,GSE236713
MAN1C1,GSE137340,14,43,4.50016437664286,4.65308727555814,4.475744193,4.4708536245,0.152922898915282,Up_in_Sepsis,0.568106312292359,0.457093279438225,GSE236713
MAN1C1,GSE54514,18,35,7.13800485933333,7.10575205937143,7.1438844205,7.09834671,-0.0322527999619053,Down_in_Sepsis,0.363492063492063,0.108826486254413,GSE236713
MAN1C1,GSE57065,25,28,5.466745,3.92216089285714,5.361255,3.9103,-1.54458410714286,Down_in_Sepsis,0,2.21254562465821e-15,GSE236713
MAN1C1,GSE65682,42,51,2.81013794619048,2.53431460214706,2.748877117,2.520034175,-0.275823344043418,Down_in_Sepsis,0.213818860877684,2.26188717306207e-06,GSE236713
MAN1C1,GSE95233,22,51,5.13426187068182,4.0177127245098,5.0583876975,3.97315829,-1.11654914617202,Down_in_Sepsis,0.0151515151515152,6.40439715698351e-11,GSE236713
GPR160,GSE137340,14,43,5.0141863425,5.92321868262791,4.783801668,5.895573607,0.909032340127907,Up_in_Sepsis,0.792358803986711,0.000757448462939206,GSE236713
GPR160,GSE54514,18,35,8.32423106827778,7.99393910002857,8.1885137555,7.969158649,-0.330291968249206,Down_in_Sepsis,0.307936507936508,0.0226073469083172,GSE236713
GPR160,GSE57065,25,28,7.4152108,9.43621535714286,7.38924,9.565835,2.02100455714286,Up_in_Sepsis,0.982857142857143,6.01812409907034e-13,GSE236713
GPR160,GSE65682,42,51,7.49975741261905,8.24309213168628,7.5950115105,8.272135303,0.743334719067228,Up_in_Sepsis,0.748366013071896,4.07515571103937e-05,GSE236713
GPR160,GSE95233,22,51,4.91496888818182,7.46611773058824,4.97646031,7.5694689,2.55114884240642,Up_in_Sepsis,0.992869875222816,3.09077930949446e-11,GSE236713
DDX24,GSE137340,14,43,8.22030239414286,7.70547660251163,8.361723108,7.736638603,-0.514825791631229,Down_in_Sepsis,0.269102990033223,0.0091254474349773,GSE236713
DDX24,GSE54514,18,35,7.83455446016667,7.85656765534286,7.85738492,7.769836903,0.022013195176191,Up_in_Sepsis,0.495238095238095,0.962549921097313,GSE236713
DDX24,GSE57065,25,28,7.6376762,6.39314964285714,7.663385,6.370375,-1.24452655714286,Down_in_Sepsis,0,2.21254562465821e-15,GSE236713
DDX24,GSE65682,42,51,4.12204973032381,3.65627379955686,3.9895664527,3.6741840082,-0.465775930766947,Down_in_Sepsis,0.271241830065359,0.000157499220487827,GSE236713
DDX24,GSE95233,22,51,8.63628290159091,7.25384864392157,8.66158573,7.241871075,-1.38243425766934,Down_in_Sepsis,0,1.60188706567253e-11,GSE236713
CEACAM1,GSE137340,14,43,6.29628782309524,8.10092838565892,5.98170451766667,7.780456437,1.80464056256368,Up_in_Sepsis,0.865448504983389,1.29444347247364e-05,GSE236713
CEACAM1,GSE54514,18,35,9.36693746983333,9.57006856835238,9.13677549416667,9.362805367,0.20313109851905,Up_in_Sepsis,0.552380952380952,0.545121751957247,GSE236713
CEACAM1,GSE57065,25,28,5.76820184,8.52635057142857,5.674526,8.945779,2.75814873142857,Up_in_Sepsis,0.99,9.95645531096197e-14,GSE236713
CEACAM1,GSE65682,42,51,6.17503790852116,6.89064320154248,6.409779824,7.01586341133333,0.715605293021319,Up_in_Sepsis,0.649859943977591,0.013351321075262,GSE236713
CEACAM1,GSE95233,22,51,6.20708566854546,8.81420881686275,6.248672308,9.037525914,2.60712314831729,Up_in_Sepsis,0.994652406417112,2.62469054871502e-11,GSE236713
ATP8B2,GSE137340,14,43,5.11364992652381,5.16269546383721,5.1165753495,5.16806934466667,0.0490455373134013,Up_in_Sepsis,0.54485049833887,0.626978072354207,GSE236713
ATP8B2,GSE54514,18,35,7.25070929525926,7.21760724392381,7.259085973,7.179195881,-0.0331020513354483,Down_in_Sepsis,0.382539682539682,0.169030570051923,GSE236713
ATP8B2,GSE57065,25,28,6.5584466,5.27070142857143,6.504915,5.3025275,-1.28774517142857,Down_in_Sepsis,0.00571428571428571,2.65505474958986e-14,GSE236713
ATP8B2,GSE65682,42,51,4.29762480035714,3.83316799342157,4.229315077,3.8058258935,-0.464456806935575,Down_in_Sepsis,0.237628384687208,1.45908200207077e-05,GSE236713
ATP8B2,GSE95233,22,51,6.35612485204546,5.28154884401961,6.33007939,5.21996402,-1.07457600802585,Down_in_Sepsis,0.0142602495543672,5.9097281654302e-11,GSE236713
HMMR,GSE137340,14,43,4.60720489689286,5.18168193826744,4.2445350135,5.0869893775,0.574477041374585,Up_in_Sepsis,0.840531561461794,6.13456473478384e-05,GSE236713
HMMR,GSE54514,18,35,7.17732906336111,7.3631181785,7.15416777125,7.2971701625,0.185789115138888,Up_in_Sepsis,0.704761904761905,0.0147864871531677,GSE236713
HMMR,GSE57065,25,28,3.5541436,5.06479196428571,3.561955,5.05668,1.51064836428571,Up_in_Sepsis,0.968571428571429,9.97415567595923e-12,GSE236713
HMMR,GSE65682,42,51,2.53476296254762,3.63956278970588,2.539647764,3.487864373,1.10479982715826,Up_in_Sepsis,0.893090569561158,8.22784431790555e-11,GSE236713
HMMR,GSE95233,22,51,2.69459284659091,4.1947357327451,2.699934765,3.919293435,1.50014288615419,Up_in_Sepsis,0.968805704099822,2.6568328672965e-10,GSE236713
PFKFB2,GSE137340,14,43,4.62022538290476,5.23232464682946,4.35004013416667,5.02867624,0.612099263924695,Up_in_Sepsis,0.843853820598007,5.04245530910106e-05,GSE236713
PFKFB2,GSE54514,18,35,7.57077472292593,7.66353771118095,7.4597402415,7.60244003966667,0.0927629882550267,Up_in_Sepsis,0.573015873015873,0.396380670853483,GSE236713
PFKFB2,GSE57065,25,28,3.8877714,5.46417845238095,3.88522333333333,5.61400666666667,1.57640705238095,Up_in_Sepsis,0.955714285714285,7.83661534797693e-11,GSE236713
PFKFB2,GSE65682,42,51,4.07893998481746,5.04283318396405,4.05806536775,4.9927778725,0.963893199146593,Up_in_Sepsis,0.737628384687208,8.65077263309552e-05,GSE236713
PFKFB2,GSE95233,22,51,5.0298247294697,6.89880536212418,5.053907615,6.89724832166667,1.86898063265449,Up_in_Sepsis,1,1.60188706567253e-11,GSE236713
ELL2,GSE137340,14,43,4.74750812492857,5.46895382641861,4.361217991,5.283276694,0.721445701490033,Up_in_Sepsis,0.832225913621263,9.87519484005879e-05,GSE236713
ELL2,GSE54514,18,35,7.5344904265,7.5643885612,7.509443283,7.529659271,0.0298981347000007,Up_in_Sepsis,0.485714285714286,0.87439633186128,GSE236713
ELL2,GSE57065,25,28,4.3275304,5.303368125,4.28318,5.33216,0.975837725,Up_in_Sepsis,0.935714285714285,1.17043442289857e-09,GSE236713
ELL2,GSE65682,42,51,2.65065515554762,3.12153890973726,2.5992014937,3.0186471712,0.470883754189636,Up_in_Sepsis,0.869747899159664,9.93971462224936e-10,GSE236713
ELL2,GSE95233,22,51,5.47484565579546,6.6826355754902,5.4977540075,6.6303098,1.20778991969474,Up_in_Sepsis,0.994652406417112,2.62469054871502e-11,GSE236713
CD5,GSE137340,14,43,6.67748646114286,5.6325115542093,6.694207113,5.621053953,-1.04497490693355,Down_in_Sepsis,0.162790697674419,7.43901516703796e-05,GSE236713
CD5,GSE54514,18,35,7.52292580072222,7.55147906714286,7.479497194,7.411153793,0.0285532664206345,Up_in_Sepsis,0.522222222222222,0.801741213878021,GSE236713
CD5,GSE57065,25,28,6.6226518,5.58009517857143,6.622245,5.5289525,-1.04255662142857,Down_in_Sepsis,0.00428571428571428,1.54878193726075e-14,GSE236713
CD5,GSE65682,42,51,4.41897496688095,3.77141629735294,4.288979572,3.733617556,-0.647558669528011,Down_in_Sepsis,0.262838468720822,8.93248726288813e-05,GSE236713
CD5,GSE95233,22,51,6.077826255,4.77774765480392,6.059244855,4.728045905,-1.30007860019608,Down_in_Sepsis,0.0035650623885918,2.22762533627504e-11,GSE236713
KIAA0930,GSE137340,14,43,4.52435994688095,4.86228116518605,4.44272689266666,4.837887438,0.337921218305095,Up_in_Sepsis,0.830564784053156,0.00010836477926158,GSE236713
KIAA0930,GSE54514,18,35,7.34489370719444,7.30657493047143,7.30659282225,7.301346302,-0.038318776723016,Down_in_Sepsis,0.423809523809524,0.375848631836723,GSE236713
KIAA0930,GSE57065,25,28,6.92721866666667,7.65392714285714,6.88452666666667,7.71283666666666,0.726708476190477,Up_in_Sepsis,0.898571428571428,6.61776843551978e-08,GSE236713
KIAA0930,GSE65682,42,51,5.41411447505357,5.95949732362255,5.376130884,6.00101233225,0.545382848568978,Up_in_Sepsis,0.819794584500467,1.26161583159916e-07,GSE236713
KIAA0930,GSE95233,22,51,6.94751672181818,7.73941187117647,6.94759137833334,7.78438182666667,0.791895149358289,Up_in_Sepsis,0.945632798573975,1.913186075296e-09,GSE236713
APOL3,GSE137340,14,43,5.418168147,5.55367982689147,5.3498879725,5.63189308033333,0.135511679891472,Up_in_Sepsis,0.634551495016611,0.136826079481739,GSE236713
APOL3,GSE54514,18,35,7.31791832713889,7.29894698012857,7.32479918,7.3176777365,-0.0189713470103179,Down_in_Sepsis,0.46031746031746,0.648457933533109,GSE236713
APOL3,GSE57065,25,28,6.991306,5.612275,6.83093,5.55382,-1.379031,Down_in_Sepsis,0.0242857142857143,2.68160529708576e-12,GSE236713
APOL3,GSE65682,42,51,4.17218092469841,3.52051264238562,4.04914802183333,3.51598551566667,-0.651668282312791,Down_in_Sepsis,0.205882352941176,1.17542255359386e-06,GSE236713
APOL3,GSE95233,22,51,8.52895460636364,6.68497863862745,8.56657215,6.5618315,-1.84397596773619,Down_in_Sepsis,0.0089126559714795,3.63757408976493e-11,GSE236713
FTO,GSE137340,14,43,4.68331062928571,4.74757909830233,4.6139543335,4.609662973,0.0642684690166115,Up_in_Sepsis,0.46843853820598,0.734524099503281,GSE236713
FTO,GSE54514,18,35,7.2015719415,7.19488737922857,7.183170557,7.172246933,-0.00668456227142844,Down_in_Sepsis,0.457142857142857,0.621885846678168,GSE236713
FTO,GSE57065,25,28,7.2484216,6.028075,7.22006,6.164265,-1.2203466,Down_in_Sepsis,0.00571428571428571,2.65505474958986e-14,GSE236713
FTO,GSE65682,42,51,4.87057716657143,4.439624589,4.747141837,4.386815224,-0.430952577571428,Down_in_Sepsis,0.252567693744164,4.35601906557559e-05,GSE236713
FTO,GSE95233,22,51,7.37565059772727,5.80572079490196,7.362284045,5.8282021,-1.56992980282531,Down_in_Sepsis,0.0017825311942959,1.88955739655682e-11,GSE236713
HP,GSE137340,14,43,5.363253116,8.42878847960465,4.5018803655,8.465870512,3.06553536360465,Up_in_Sepsis,0.86046511627907,1.79643132928885e-05,GSE236713
HP,GSE54514,18,35,9.57451147544444,9.60321500031429,9.4727401735,9.702293396,0.028703524869842,Up_in_Sepsis,0.519047619047619,0.830638269796872,GSE236713
HP,GSE57065,25,28,3.8130822,6.18478839285714,3.803155,6.46058,2.37170619285714,Up_in_Sepsis,1,2.21254562465821e-15,GSE236713
HP,GSE65682,42,51,8.14765722297619,9.4815146120719,8.22137304783334,9.74653601733333,1.33385738909571,Up_in_Sepsis,0.795985060690943,1.00520795442081e-06,GSE236713
HP,GSE95233,22,51,5.79297588340909,7.87475571607843,5.740234965,7.936269885,2.08177983266934,Up_in_Sepsis,1,1.60188706567253e-11,GSE236713
KIF11,GSE137340,14,43,4.50241950507143,4.92443596077907,4.32266069975,4.768724261,0.422016455707641,Up_in_Sepsis,0.863787375415282,1.44528445939708e-05,GSE236713
KIF11,GSE54514,18,35,7.24335675775,7.35610662861429,7.2284234765,7.302806616,0.112749870864286,Up_in_Sepsis,0.638095238095238,0.104679689649896,GSE236713
KIF11,GSE57065,25,28,2.575366,3.8943225,2.58498,4.053165,1.3189565,Up_in_Sepsis,0.897142857142858,7.58728424529789e-08,GSE236713
KIF11,GSE65682,42,51,2.43927501397619,3.52625286421569,2.3637133915,3.268342782,1.0869778502395,Up_in_Sepsis,0.867413632119515,1.2650387453366e-09,GSE236713
KIF11,GSE95233,22,51,3.55128452454545,4.75825391784314,3.532594165,4.53004555,1.20696939329768,Up_in_Sepsis,0.928698752228164,7.622863527162e-09,GSE236713
CKAP4,GSE137340,14,43,8.68354932635714,10.3548927002558,8.334189442,10.3958996,1.67134337389867,Up_in_Sepsis,0.822259136212625,0.000170516069266715,GSE236713
CKAP4,GSE54514,18,35,10.4983355739444,10.6561353135714,10.36950207,10.58610821,0.157799739626984,Up_in_Sepsis,0.552380952380952,0.541587732899303,GSE236713
CKAP4,GSE57065,25,28,6.1655068,7.71438559523809,6.20847333333333,7.77612,1.5488787952381,Up_in_Sepsis,0.992857142857143,4.20383668685061e-14,GSE236713
CKAP4,GSE65682,42,51,9.18399883615476,9.88531417870588,9.217519391,10.0192294835,0.701315342551121,Up_in_Sepsis,0.834733893557423,3.17728969892815e-08,GSE236713
CKAP4,GSE95233,22,51,7.61376698833333,9.61402933117647,7.68183343666667,9.59332071333333,2.00026234284314,Up_in_Sepsis,1,1.60188706567253e-11,GSE236713
LBH,GSE137340,14,43,5.57862206505357,5.5337914325407,5.47435262,5.51667521625,-0.0448306325128742,Down_in_Sepsis,0.446843853820598,0.563332937029135,GSE236713
LBH,GSE54514,18,35,7.55686577162963,7.55328455426667,7.59424002966667,7.539172649,-0.00358121736296102,Down_in_Sepsis,0.474603174603175,0.773107646476209,GSE236713
LBH,GSE57065,25,28,8.764602,6.65086107142857,8.77607,6.537715,-2.11374092857143,Down_in_Sepsis,0,2.21254562465821e-15,GSE236713
LBH,GSE65682,42,51,3.89112339257937,3.51522087839216,3.7918112435,3.460948696,-0.375902514187208,Down_in_Sepsis,0.309523809523809,0.00165577991334264,GSE236713
LBH,GSE95233,22,51,9.45326960181818,7.33419141568627,9.47168537,7.28804241,-2.11907818613191,Down_in_Sepsis,0.0035650623885918,2.22762533627504e-11,GSE236713
SLC2A3,GSE137340,14,43,7.77330191596429,8.69483897926744,7.5443099665,8.6789018645,0.921537063303155,Up_in_Sepsis,0.822259136212625,0.000170516069266715,GSE236713
SLC2A3,GSE54514,18,35,13.452721595,13.4191182268571,13.557494165,13.56163883,-0.0336033681428578,Down_in_Sepsis,0.513492063492064,0.880543757369247,GSE236713
SLC2A3,GSE57065,25,28,8.2563111,10.1621528571429,8.228335,10.09149875,1.90584175714286,Up_in_Sepsis,1,2.21254562465821e-15,GSE236713
SLC2A3,GSE65682,42,51,7.09773043596825,7.40683269518301,7.33786049816667,7.50373995933333,0.309102259214752,Up_in_Sepsis,0.638655462184874,0.0220806177715745,GSE236713
SLC2A3,GSE95233,22,51,9.17371502681818,10.6109035401961,9.21843320125,10.6243042025,1.4371885133779,Up_in_Sepsis,0.985739750445633,5.9097281654302e-11,GSE236713
SYNE2,GSE137340,14,43,4.76432425851786,4.92700091938954,4.703507414375,4.8216147425,0.162676660871678,Up_in_Sepsis,0.682724252491695,0.0414129511255236,GSE236713
SYNE2,GSE54514,18,35,7.32218722508333,7.3966979776,7.33065104475,7.4062700275,0.0745107525166668,Up_in_Sepsis,0.649206349206349,0.0789959304049665,GSE236713
SYNE2,GSE57065,25,28,5.17507432,4.63738635714286,5.14752,4.640015,-0.537687962857143,Down_in_Sepsis,0.0542857142857143,3.22170980952107e-10,GSE236713
SYNE2,GSE65682,42,51,4.88353500925,3.97667879352941,4.982785343875,3.86910198175,-0.906856215720588,Down_in_Sepsis,0.15266106442577,9.47797294486998e-09,GSE236713
SYNE2,GSE95233,22,51,7.18850405118182,5.60627026156863,7.151897092,5.508085154,-1.58223378961319,Down_in_Sepsis,0,1.60188706567253e-11,GSE236713
PDCD10,GSE137340,14,43,4.89665447455357,5.42780846090698,4.704024103875,5.460435315,0.531153986353405,Up_in_Sepsis,0.810631229235881,0.000312251163096141,GSE236713
PDCD10,GSE54514,18,35,7.79894015518056,7.61597093850714,7.772753357875,7.56892561925,-0.182969216673412,Down_in_Sepsis,0.231746031746032,0.00116067295298724,GSE236713
PDCD10,GSE57065,25,28,7.884614,9.14055178571429,7.84084,9.39976,1.25593778571429,Up_in_Sepsis,0.89,1.47797229085288e-07,GSE236713
PDCD10,GSE65682,42,51,6.34515300380952,7.14905633487582,6.32495978166667,7.24811269166667,0.803903331066293,Up_in_Sepsis,0.786647992530346,2.17745168959178e-06,GSE236713
PDCD10,GSE95233,22,51,6.95047182,8.43777429647059,6.947263385,8.57225938,1.48730247647059,Up_in_Sepsis,0.982174688057041,8.14407368438532e-11,GSE236713
PECR,GSE137340,14,43,5.3167167535,6.62145500197674,4.950424956,6.440995156,1.30473824847674,Up_in_Sepsis,0.837209302325582,7.43901516703796e-05,GSE236713
PECR,GSE54514,18,35,8.20358504194445,8.17773184085714,8.050960064,8.255897522,-0.0258532010873012,Down_in_Sepsis,0.504761904761905,0.962919951586959,GSE236713
PECR,GSE57065,25,28,5.1999236,6.45106928571429,5.226205,6.420545,1.25114568571429,Up_in_Sepsis,0.997142857142857,8.85018249863286e-15,GSE236713
PECR,GSE65682,42,51,4.54994817204762,5.50107543382353,4.660060753,5.542376038,0.95112726177591,Up_in_Sepsis,0.841736694677871,1.63105198527822e-08,GSE236713
PECR,GSE95233,22,51,6.76132247818182,7.73157266019608,6.7312664175,7.749909305,0.97025018201426,Up_in_Sepsis,0.983065953654189,7.51822548100406e-11,GSE236713
PVRIG,GSE137340,14,43,7.72663051485714,7.38324885309302,7.6489804295,7.322446885,-0.34338166176412,Down_in_Sepsis,0.416943521594684,0.362893895450819,GSE236713
PVRIG,GSE54514,18,35,7.74745244444445,7.67170674454286,7.7707879545,7.536135197,-0.0757456999015878,Down_in_Sepsis,0.417460317460318,0.33676180410244,GSE236713
PVRIG,GSE57065,25,28,7.7548532,5.75481821428571,7.86216,5.602875,-2.00003498571429,Down_in_Sepsis,0.0328571428571429,1.27509004349053e-11,GSE236713
PVRIG,GSE65682,42,51,6.17335114064286,4.89616109405882,6.1560935395,4.83282121,-1.27719004658403,Down_in_Sepsis,0.195611577964519,4.91565394238915e-07,GSE236713
PVRIG,GSE95233,22,51,7.36016406636364,5.57913011627451,7.311372905,5.52474985,-1.78103395008913,Down_in_Sepsis,0.0151515151515152,6.40439715698351e-11,GSE236713
EIF4G3,GSE137340,14,43,6.81440131257143,8.17403629774419,6.4340414965,8.172374826,1.35963498517276,Up_in_Sepsis,0.858803986710963,1.99991144589167e-05,GSE236713
EIF4G3,GSE54514,18,35,8.36292166183333,8.58126881462857,8.305440426,8.570972443,0.218347152795237,Up_in_Sepsis,0.708730158730159,0.0138787061167146,GSE236713
EIF4G3,GSE57065,25,28,4.31478,5.09531321428571,4.3624,5.0703075,0.780533214285715,Up_in_Sepsis,1,2.21254562465821e-15,GSE236713
EIF4G3,GSE65682,42,51,4.12609285612857,4.40012387159216,4.116067153,4.459375022,0.274031015463585,Up_in_Sepsis,0.681139122315593,0.00277612651080502,GSE236713
EIF4G3,GSE95233,22,51,6.53619833375,7.35320601965686,6.586448255,7.42675563,0.817007685906863,Up_in_Sepsis,0.966131907308377,3.35282320392347e-10,GSE236713
RBX1,GSE137340,14,43,7.32941097792857,9.00742176097674,6.75372861,9.117518953,1.67801078304817,Up_in_Sepsis,0.8421926910299,5.56405121878381e-05,GSE236713
RBX1,GSE54514,18,35,10.5261421215,10.6328295028286,10.577976225,10.41477013,0.106687381328571,Up_in_Sepsis,0.478571428571429,0.80710644389313,GSE236713
RBX1,GSE57065,25,28,7.449282,8.60067357142857,7.29893,8.639945,1.15139157142857,Up_in_Sepsis,0.924285714285714,4.53013185284708e-09,GSE236713
RBX1,GSE65682,42,51,7.11214113285714,7.8901598795,7.08452412,7.883490032,0.778018746642857,Up_in_Sepsis,0.777310924369748,4.60954426616988e-06,GSE236713
RBX1,GSE95233,22,51,7.00275519363636,8.74484270647059,7.050752825,8.73850429,1.74208751283423,Up_in_Sepsis,0.998217468805704,1.88955739655682e-11,GSE236713
CYB5R1,GSE137340,14,43,6.3196704895,7.95795986848837,6.154026823,7.95684116,1.63828937898837,Up_in_Sepsis,0.928571428571429,7.57955725087636e-08,GSE236713
CYB5R1,GSE54514,18,35,8.98223363016667,9.01604281831429,8.939682484,8.998031616,0.0338091881476199,Up_in_Sepsis,0.517460317460317,0.845174025846265,GSE236713
CYB5R1,GSE57065,25,28,5.7335054,6.00053196428571,5.720935,6.03195,0.267026564285714,Up_in_Sepsis,0.79,0.000191934717721414,GSE236713
CYB5R1,GSE65682,42,51,5.06975704723016,6.03091804543791,5.06324544816667,6.084449159,0.961160998207751,Up_in_Sepsis,0.919701213818861,4.02176143670063e-12,GSE236713
CYB5R1,GSE95233,22,51,4.87653129931818,5.50911197627451,4.841807945,5.52366388,0.632580676956328,Up_in_Sepsis,0.958110516934046,6.6870715209803e-10,GSE236713
LYPLA1,GSE137340,14,43,4.70728257167857,5.32306628968605,4.54149073125,5.302620526,0.615783718007475,Up_in_Sepsis,0.802325581395349,0.000471533014356313,GSE236713
LYPLA1,GSE54514,18,35,7.54791074325,7.36158135961429,7.49605917925,7.332128525,-0.186329383635714,Down_in_Sepsis,0.203174603174603,0.000283797189354473,GSE236713
LYPLA1,GSE57065,25,28,8.194737,9.14477535714286,8.18051,9.20643,0.950038357142857,Up_in_Sepsis,0.918571428571428,8.55398016567736e-09,GSE236713
LYPLA1,GSE65682,42,51,5.31841990964286,5.93744010836275,5.31148557375,6.013144079,0.619020198719888,Up_in_Sepsis,0.803454715219421,5.32722689167168e-07,GSE236713
LYPLA1,GSE95233,22,51,5.71898666818182,6.97400479715686,5.7891381525,7.001200205,1.25501812897504,Up_in_Sepsis,0.96969696969697,2.45787230860139e-10,GSE236713
NDUFA1,GSE137340,14,43,8.55288811285714,10.0225478453953,7.996612579,10.12636715,1.46965973253821,Up_in_Sepsis,0.830564784053156,0.000233248597174152,GSE236713
NDUFA1,GSE54514,18,35,11.5037597016667,11.3103674205714,11.389166355,11.29459953,-0.193392281095239,Down_in_Sepsis,0.415079365079365,0.319520351555851,GSE236713
NDUFA1,GSE57065,25,28,6.6481436,8.05919035714286,6.68364,8.11275,1.41104675714286,Up_in_Sepsis,0.945714285714286,3.22170980952107e-10,GSE236713
NDUFA1,GSE65682,42,51,8.43584896679365,8.77376853513726,8.46255521416667,8.92680754866667,0.337919568343606,Up_in_Sepsis,0.736694677871149,9.22285279890317e-05,GSE236713
NDUFA1,GSE95233,22,51,7.44859900272727,9.80642820980392,7.45092715,9.79806701,2.35782920707665,Up_in_Sepsis,1,1.60188706567253e-11,GSE236713
HLA-DRB1,GSE137340,14,43,8.14223886030952,7.43658830400775,8.491853129,7.42264241033333,-0.705650556301771,Down_in_Sepsis,0.290697674418605,0.0187588436756909,GSE236713
HLA-DRB1,GSE54514,18,35,8.07767777966667,7.84696529931429,8.050330162,7.225830078,-0.230712480352381,Down_in_Sepsis,0.49047619047619,0.918534356570284,GSE236713
HLA-DRB1,GSE57065,25,28,8.39361106666667,6.85011928571429,8.27477,6.797975,-1.54349178095238,Down_in_Sepsis,0.01,9.95645531096197e-14,GSE236713
HLA-DRB1,GSE65682,42,51,8.70409771288095,7.31744396111765,8.7031124085,7.310401546,-1.3866537517633,Down_in_Sepsis,0.139122315592904,2.46596291598238e-09,GSE236713
HLA-DRB1,GSE95233,22,51,7.73874228454546,6.15605486993464,7.747733325,6.11209931333333,-1.58268741461082,Down_in_Sepsis,0.0133689839572193,5.45249501386452e-11,GSE236713
SKAP1,GSE137340,14,43,6.75342548582143,6.59792653456977,6.66308332925,6.410583889,-0.155498951251661,Down_in_Sepsis,0.435215946843854,0.479707999120335,GSE236713
SKAP1,GSE54514,18,35,7.87423566980556,7.76671812877143,7.8986992835,7.6331207755,-0.107517541034127,Down_in_Sepsis,0.396825396825397,0.228139828404204,GSE236713
SKAP1,GSE57065,25,28,6.925204,5.476405,6.90893,5.463855,-1.448799,Down_in_Sepsis,0.0428571428571429,6.3278804865225e-11,GSE236713
SKAP1,GSE65682,42,51,4.8155777434881,3.96331850976471,4.62935674475,3.8508469025,-0.85225923372339,Down_in_Sepsis,0.196545284780579,5.32722689167168e-07,GSE236713
SKAP1,GSE95233,22,51,7.65342184909091,5.95558554921569,7.643077125,5.87812378,-1.69783629987522,Down_in_Sepsis,0,1.60188706567253e-11,GSE236713
PGM2,GSE137340,14,43,5.35918803357143,6.68778826804651,5.0309665735,6.829299234,1.32860023447508,Up_in_Sepsis,0.800664451827242,0.000511075771431277,GSE236713
PGM2,GSE54514,18,35,8.31902710588889,8.29184552602857,8.251351833,8.325514793,-0.0271815798603168,Down_in_Sepsis,0.493650793650794,0.948105521087026,GSE236713
PGM2,GSE57065,25,28,6.28667013333333,7.59756154761905,6.26837333333333,7.64844666666667,1.31089141428571,Up_in_Sepsis,0.931428571428572,1.97128964974548e-09,GSE236713
PGM2,GSE65682,42,51,5.1173239062619,5.80128855732157,5.0351190466,5.8570835854,0.683964651059664,Up_in_Sepsis,0.812791783380019,2.35934864803973e-07,GSE236713
PGM2,GSE95233,22,51,6.36443154651515,7.72130887973856,6.385407335,7.72170164666667,1.35687733322341,Up_in_Sepsis,0.982174688057041,8.14407368438532e-11,GSE236713
SPOCK2,GSE137340,14,43,9.61108025607143,8.96696637739535,9.724686562,8.87144506,-0.64411387867608,Down_in_Sepsis,0.274086378737542,0.0108462939219553,GSE236713
SPOCK2,GSE54514,18,35,8.98992053705556,9.01634499688571,8.985435963,8.900390625,0.0264244598301584,Up_in_Sepsis,0.487301587301587,0.887976812215392,GSE236713
SPOCK2,GSE57065,25,28,7.5892044,5.98640571428572,7.630205,5.9310075,-1.60279868571429,Down_in_Sepsis,0,2.21254562465821e-15,GSE236713
SPOCK2,GSE65682,42,51,3.67304098487143,3.23943820356863,3.5566672705,3.2292105954,-0.433602781302801,Down_in_Sepsis,0.23015873015873,8.26135619987797e-06,GSE236713
SPOCK2,GSE95233,22,51,8.18261071454545,6.30450530284314,8.1931786275,6.243209625,-1.87810541170232,Down_in_Sepsis,0.00089126559714795,1.73990990394731e-11,GSE236713
PASK,GSE137340,14,43,6.37031804482143,6.11265043167442,6.2935267225,6.1287754015,-0.25766761314701,Down_in_Sepsis,0.383720930232558,0.200000657368105,GSE236713
PASK,GSE54514,18,35,7.22100742658333,7.24563468522857,7.207277894,7.190819979,0.0246272586452383,Up_in_Sepsis,0.511111111111111,0.903787579790874,GSE236713
PASK,GSE57065,25,28,5.58749613333333,4.09512273809524,5.65261333333333,4.04669833333333,-1.4923733952381,Down_in_Sepsis,0.0128571428571429,2.14616925591847e-13,GSE236713
PASK,GSE65682,42,51,3.20281937969048,2.50297786292157,2.8986187065,2.470888917,-0.699841516768908,Down_in_Sepsis,0.256302521008403,5.67392658172337e-05,GSE236713
PASK,GSE95233,22,51,6.02428164181818,4.77577526503268,5.94061260333334,4.74311968666667,-1.2485063767855,Down_in_Sepsis,0.018716577540107,8.82077171942536e-11,GSE236713
TIAM1,GSE137340,14,43,4.37483697235714,4.68520003944186,4.3681164325,4.612554464,0.310363067084718,Up_in_Sepsis,0.817275747508306,0.000221898960304589,GSE236713
TIAM1,GSE54514,18,35,7.21872840977778,7.20613970077143,7.211793661,7.189260483,-0.0125887090063488,Down_in_Sepsis,0.480952380952381,0.830638269796872,GSE236713
TIAM1,GSE57065,25,28,6.3519496,4.99627946428571,6.435845,4.9984,-1.35567013571429,Down_in_Sepsis,0.01,9.95645531096197e-14,GSE236713
TIAM1,GSE65682,42,51,4.12827442264286,3.39616291470588,4.1604500225,3.285107661,-0.732111507936974,Down_in_Sepsis,0.227824463118581,6.89525296366914e-06,GSE236713
TIAM1,GSE95233,22,51,7.44887112909091,5.70947897921569,7.45101099,5.702737425,-1.73939214987522,Down_in_Sepsis,0,1.60188706567253e-11,GSE236713
FAR1,GSE137340,14,43,6.92664177492857,8.95208143239535,6.572718102,8.908279599,2.02543965746678,Up_in_Sepsis,0.935215946843854,1.24750992515946e-06,GSE236713
FAR1,GSE54514,18,35,9.00768910505556,9.21265201565714,9.0943889615,9.228444099,0.204962910601587,Up_in_Sepsis,0.598412698412698,0.250718918621702,GSE236713
FAR1,GSE57065,25,28,6.67323493333333,7.69911047619048,6.69426666666667,7.848835,1.02587554285714,Up_in_Sepsis,0.908571428571429,2.45735450533502e-08,GSE236713
FAR1,GSE65682,42,51,4.86102899813095,5.29306570383333,4.792616867625,5.33443764225,0.432036705702381,Up_in_Sepsis,0.685807656395892,0.00214994082693125,GSE236713
FAR1,GSE95233,22,51,5.24884736666667,6.58832936954248,5.261746735,6.75829069666667,1.33948200287582,Up_in_Sepsis,0.945632798573975,1.913186075296e-09,GSE236713
RPS6KA5,GSE137340,14,43,5.85539266771429,6.03046662404651,5.8782759465,5.992662795,0.175073956332226,Up_in_Sepsis,0.593023255813954,0.307253215259642,GSE236713
RPS6KA5,GSE54514,18,35,8.18385365272222,8.26422736302857,8.187684536,8.154240608,0.0803737103063487,Up_in_Sepsis,0.528571428571429,0.744773717603001,GSE236713
RPS6KA5,GSE57065,25,28,5.6305613,4.15197803571429,5.66832,4.02706875,-1.47858326428571,Down_in_Sepsis,0.0114285714285714,1.482405568521e-13,GSE236713
RPS6KA5,GSE65682,42,51,4.33543370573016,3.31397334348366,4.33361933616667,3.26600256266667,-1.0214603622465,Down_in_Sepsis,0.11671335200747,2.38490678868032e-10,GSE236713
RPS6KA5,GSE95233,22,51,5.33851266795455,4.16101840382353,5.3084582,4.1641624925,-1.17749426413102,Down_in_Sepsis,0.0035650623885918,2.22762533627504e-11,GSE236713
SGTB,GSE137340,14,43,4.27872902425,4.66380972703488,4.26933319725,4.462179907,0.385080702784883,Up_in_Sepsis,0.908637873754153,4.88754991098844e-07,GSE236713
SGTB,GSE54514,18,35,7.16223030616667,7.13965037208571,7.1652371885,7.121700764,-0.0225799340809525,Down_in_Sepsis,0.39047619047619,0.200299536283,GSE236713
SGTB,GSE57065,25,28,5.2988972,6.29398732142857,5.23722,6.3784875,0.995090121428571,Up_in_Sepsis,0.907142857142858,2.84159513496848e-08,GSE236713
SGTB,GSE65682,42,51,4.70379781749206,5.59882656198693,4.7730204705,5.62267291933333,0.895028744494865,Up_in_Sepsis,0.806255835667601,4.18254822208525e-07,GSE236713
SGTB,GSE95233,22,51,5.12258133931818,6.19076625294118,5.0420752025,6.238765035,1.06818491362299,Up_in_Sepsis,0.946524064171123,1.77642526075052e-09,GSE236713
ITGA7,GSE137340,14,43,4.67739951585714,5.16184941293023,4.405458892,4.949191961,0.484449897073089,Up_in_Sepsis,0.780730897009967,0.0012817795557046,GSE236713
ITGA7,GSE54514,18,35,7.18798743344444,7.26124273028571,7.1751744745,7.210695267,0.0732552968412694,Up_in_Sepsis,0.666666666666667,0.0490209988229125,GSE236713
ITGA7,GSE57065,25,28,4.412276,5.64758660714286,4.368065,5.6483375,1.23531060714286,Up_in_Sepsis,0.96,1.01373468537276e-08,GSE236713
ITGA7,GSE65682,42,51,2.89574477252381,4.0769386615098,2.8248532005,3.873331545,1.18119388898599,Up_in_Sepsis,0.831932773109244,4.13339067652042e-08,GSE236713
ITGA7,GSE95233,22,51,4.24256912636364,5.73593746764706,4.1529109975,5.660243465,1.49336834128342,Up_in_Sepsis,0.957219251336899,7.21511319630196e-10,GSE236713
MFF,GSE137340,14,43,5.30410566840476,5.92830776154264,5.03000740433334,5.8413144,0.624202093137874,Up_in_Sepsis,0.802325581395349,0.000471533014356313,GSE236713
MFF,GSE54514,18,35,7.91984376644444,7.73326313837143,7.863084674,7.7294855115,-0.186580628073015,Down_in_Sepsis,0.363492063492064,0.108826486254413,GSE236713
MFF,GSE57065,25,28,6.2030385,7.02464803571429,6.1566875,7.086955,0.821609535714286,Up_in_Sepsis,0.951428571428571,1.46118725598053e-10,GSE236713
MFF,GSE65682,42,51,4.77837618905952,5.30784914336275,4.756025348,5.33298405333333,0.529472954303222,Up_in_Sepsis,0.799719887955182,7.33127151262365e-07,GSE236713
MFF,GSE95233,22,51,5.80010218102273,6.94498687642157,5.84623320125,6.9096754575,1.14488469539884,Up_in_Sepsis,0.999108734402852,1.73990990394731e-11,GSE236713
MTHFD2,GSE137340,14,43,5.07534739395238,6.04532925865116,4.75268701783334,6.22726743966667,0.969981864698782,Up_in_Sepsis,0.857142857142857,2.22434280928559e-05,GSE236713
MTHFD2,GSE54514,18,35,7.94567285644444,7.99516553874286,7.894784689,7.866551399,0.0494926822984123,Up_in_Sepsis,0.5,1,GSE236713
MTHFD2,GSE57065,25,28,5.1328484,6.21141464285714,5.093365,6.09318,1.07856624285714,Up_in_Sepsis,0.944285714285714,3.90036392897249e-10,GSE236713
MTHFD2,GSE65682,42,51,4.99524317544762,5.74050345608235,5.0092785331,5.7613018786,0.745260280634733,Up_in_Sepsis,0.768440709617181,9.20139446896993e-06,GSE236713
MTHFD2,GSE95233,22,51,6.10379446227273,7.30362863127451,6.103118265,7.274562255,1.19983416900178,Up_in_Sepsis,0.967914438502673,2.87149299473703e-10,GSE236713
SHCBP1,GSE137340,14,43,8.25776850978572,8.88486607009302,8.1679891915,8.801910238,0.627097560307309,Up_in_Sepsis,0.888704318936877,2.46942812179279e-06,GSE236713
SHCBP1,GSE54514,18,35,10.2198235326389,10.2262263504286,10.25380361125,10.215553761,0.00640281778968266,Up_in_Sepsis,0.477777777777778,0.801741213878021,GSE236713
SHCBP1,GSE57065,25,28,3.0149256,4.32861392857143,3.06588,4.257065,1.31368832857143,Up_in_Sepsis,0.934285714285714,1.39529985982383e-09,GSE236713
SHCBP1,GSE65682,42,51,2.2779610985,2.87697424657843,2.2693609795,2.699145389,0.599013148078431,Up_in_Sepsis,0.899626517273577,3.98982728566895e-11,GSE236713
SHCBP1,GSE95233,22,51,2.32240200772727,2.8635274027451,2.3743369,2.80183035,0.541125395017825,Up_in_Sepsis,0.852941176470588,1.98434573384667e-06,GSE236713
NUSAP1,GSE137340,14,43,4.84754210932143,5.72190968913954,4.479372356,5.435684919,0.874367579818106,Up_in_Sepsis,0.872093023255814,8.24463721259666e-06,GSE236713
NUSAP1,GSE54514,18,35,7.41447153355556,7.58718887741429,7.41761934775,7.5285303595,0.17271734385873,Up_in_Sepsis,0.665079365079365,0.0512864999292285,GSE236713
NUSAP1,GSE57065,25,28,4.676514,6.08080857142857,4.639135,6.17497,1.40429457142857,Up_in_Sepsis,0.964285714285714,2.05678241268228e-11,GSE236713
NUSAP1,GSE65682,42,51,2.31635408975397,3.1385205360719,2.289734528,2.781785024,0.822166446317927,Up_in_Sepsis,0.88655462184874,1.67745462605401e-10,GSE236713
NUSAP1,GSE95233,22,51,4.73952126931818,6.07991348176471,4.7505074975,5.6997716,1.34039221244652,Up_in_Sepsis,0.923351158645276,1.16712386229402e-08,GSE236713
IL18RAP,GSE137340,14,43,8.63602282771429,10.7498260946512,8.494994314,10.73374129,2.11380326693688,Up_in_Sepsis,0.830564784053156,0.00010836477926158,GSE236713
IL18RAP,GSE54514,18,35,11.4061150026667,11.5249247690571,11.54227924,11.75607681,0.118809766390477,Up_in_Sepsis,0.545238095238095,0.598968556656899,GSE236713
IL18RAP,GSE57065,25,28,9.1602816,11.3402642857143,9.23783,11.36945,2.17998268571429,Up_in_Sepsis,1,2.21254562465821e-15,GSE236713
IL18RAP,GSE65682,42,51,7.26682408366667,7.60633486853922,7.370170294,7.638264965,0.339510784872549,Up_in_Sepsis,0.619047619047619,0.0494445145222802,GSE236713
IL18RAP,GSE95233,22,51,8.117991135,10.8379640731373,8.382675855,10.96167861,2.71997293813726,Up_in_Sepsis,1,1.60188706567253e-11,GSE236713
NECAB1,GSE137340,14,43,4.29132278982143,4.72983193727907,4.266788861,4.490258053,0.438509147457641,Up_in_Sepsis,0.868770764119601,1.0352095404657e-05,GSE236713
NECAB1,GSE54514,18,35,7.24122893808333,7.29336630268572,7.2084982395,7.219390869,0.0521373646023813,Up_in_Sepsis,0.552380952380952,0.545121751957247,GSE236713
NECAB1,GSE57065,25,28,1.9618756,2.66906535714286,1.91611,2.458895,0.707189757142857,Up_in_Sepsis,0.88,3.59733314920835e-07,GSE236713
NECAB1,GSE65682,42,51,2.23140515619048,3.60646083921569,2.08414901225,3.3810310065,1.37505568302521,Up_in_Sepsis,0.909897292250234,1.25014583388888e-11,GSE236713
NECAB1,GSE95233,22,51,3.05506816363636,4.50935439509804,2.952576765,4.38387237,1.45428623146168,Up_in_Sepsis,0.96078431372549,5.3175800742355e-10,GSE236713
GIMAP5,GSE137340,14,43,9.42316188285714,8.89274839090698,9.3972782775,8.952655259,-0.530413491950165,Down_in_Sepsis,0.345514950166113,0.0864562576455978,GSE236713
GIMAP5,GSE54514,18,35,8.40176894933333,8.48733015051429,8.2569160465,8.488066673,0.0855612011809512,Up_in_Sepsis,0.552380952380952,0.541587732899303,GSE236713
GIMAP5,GSE57065,25,28,8.0881848,6.56433761904762,8.05250666666667,6.553465,-1.52384718095238,Down_in_Sepsis,0.00857142857142857,6.63763687397464e-14,GSE236713
GIMAP5,GSE65682,42,51,6.69048673095238,5.65463034145098,6.648465404,5.636483107,-1.0358563895014,Down_in_Sepsis,0.166666666666667,3.62489033813588e-08,GSE236713
GIMAP5,GSE95233,22,51,9.01435980772727,7.37476021856209,8.98457231166666,7.34495244666667,-1.63959958916518,Down_in_Sepsis,0.0053475935828877,2.62469054871502e-11,GSE236713
GLRX,GSE137340,14,43,7.02574490417857,8.33859703323256,6.665032066,8.4895118265,1.31285212905399,Up_in_Sepsis,0.833887043189369,8.99233343862789e-05,GSE236713
GLRX,GSE54514,18,35,10.1395653090556,10.0596176966571,10.180974005,9.985738754,-0.0799476123984135,Down_in_Sepsis,0.446031746031746,0.532791074333115,GSE236713
GLRX,GSE57065,25,28,8.2041098,9.29301357142857,8.07563,9.419155,1.08890377142857,Up_in_Sepsis,0.912857142857143,1.57655314617777e-08,GSE236713
GLRX,GSE65682,42,51,7.14723966083333,7.82974791739869,7.1351028165,7.92326214266667,0.68250825656536,Up_in_Sepsis,0.782446311858077,3.0602155407775e-06,GSE236713
GLRX,GSE95233,22,51,8.25880220545455,9.97147183460784,8.209361335,9.957285705,1.7126696291533,Up_in_Sepsis,0.999108734402852,1.73990990394731e-11,GSE236713
NDUFB3,GSE137340,14,43,7.82344137375,9.50480929125581,6.95811933375,9.579213042,1.68136791750581,Up_in_Sepsis,0.812292358803987,0.0002869816641554,GSE236713
NDUFB3,GSE54514,18,35,10.1774182052222,10.0780549735857,10.01810979725,10.18846083,-0.0993632316365076,Down_in_Sepsis,0.473015873015873,0.758901012021438,GSE236713
NDUFB3,GSE57065,25,28,6.2405852,7.592115,6.24317,7.73816,1.3515298,Up_in_Sepsis,0.95,1.7876704883551e-10,GSE236713
NDUFB3,GSE65682,42,51,6.0386676460873,6.56837360905882,6.10641575,6.62439171166667,0.529705962971521,Up_in_Sepsis,0.725490196078432,0.000195394903491328,GSE236713
NDUFB3,GSE95233,22,51,6.09534213136364,8.35720153411765,6.13410005,8.43782417,2.26185940275401,Up_in_Sepsis,0.997326203208556,2.05178515500888e-11,GSE236713
PLA2G4A,GSE137340,14,43,4.23447158171429,4.51379212753488,4.218211945,4.341699835,0.279320545820598,Up_in_Sepsis,0.875415282392027,6.53811501196993e-06,GSE236713
PLA2G4A,GSE54514,18,35,7.24823615294444,7.2204490116,7.2311873435,7.216623306,-0.0277871413444437,Down_in_Sepsis,0.421428571428571,0.357417247786138,GSE236713
PLA2G4A,GSE57065,25,28,3.2938904,5.01343535714286,3.18034,5.105695,1.71954495714286,Up_in_Sepsis,0.96,4.0828104411818e-11,GSE236713
PLA2G4A,GSE65682,42,51,2.49526261114286,2.68297907337255,2.413280635,2.571864754,0.187716462229692,Up_in_Sepsis,0.658263305322129,0.00896940777305106,GSE236713
PLA2G4A,GSE95233,22,51,5.21880493636364,6.83172267803922,5.13965,6.85693153,1.61291774167558,Up_in_Sepsis,0.988413547237077,4.63786430560109e-11,GSE236713
IKZF3,GSE137340,14,43,4.34986026592857,4.48718648967442,4.325491557,4.320742322,0.137326223745847,Up_in_Sepsis,0.556478405315615,0.538756643962947,GSE236713
IKZF3,GSE54514,18,35,7.24617536875,7.23152393617143,7.2424907685,7.2273221015,-0.0146514325785718,Down_in_Sepsis,0.396825396825397,0.228139828404204,GSE236713
IKZF3,GSE57065,25,28,5.8877896,4.77032476190476,5.92172333333333,4.75086166666667,-1.11746483809524,Down_in_Sepsis,0.0257142857142857,3.53343536257917e-12,GSE236713
IKZF3,GSE65682,42,51,2.77046021359524,2.4212338975098,2.5585132765,2.387578154,-0.349226316085434,Down_in_Sepsis,0.30532212885154,0.00130273081746015,GSE236713
IKZF3,GSE95233,22,51,7.01289813409091,5.08389907346405,7.046595855,4.94219608333333,-1.92899906062686,Down_in_Sepsis,0,1.60188706567253e-11,GSE236713
PRKX,GSE137340,14,43,6.00473913339286,5.96721278973256,5.923505094,5.9273426195,-0.0375263436602991,Down_in_Sepsis,0.493355481727575,0.948867329475225,GSE236713
PRKX,GSE54514,18,35,7.28125502008333,7.29778364721429,7.262359977,7.255271196,0.0165286271309526,Up_in_Sepsis,0.49047619047619,0.918534356570284,GSE236713
PRKX,GSE57065,25,28,6.5989206,5.21561982142857,6.60769,5.215225,-1.38330077857143,Down_in_Sepsis,0.03,7.7571849600517e-12,GSE236713
PRKX,GSE65682,42,51,3.19498855817857,2.84975346603922,3.214293487,2.8181971535,-0.345235092139355,Down_in_Sepsis,0.235760971055089,1.26741456416634e-05,GSE236713
PRKX,GSE95233,22,51,7.44201789727273,5.89559080980392,7.4784619975,5.84171696,-1.54642708746881,Down_in_Sepsis,0,1.60188706567253e-11,GSE236713
COL17A1,GSE137340,14,43,4.45358845896429,5.72561517976744,4.30852907025,5.3935172645,1.27202672080316,Up_in_Sepsis,0.92358803986711,1.24122170380611e-07,GSE236713
COL17A1,GSE54514,18,35,7.55877251105556,7.61633255821429,7.418541789,7.4756383895,0.0575600471587308,Up_in_Sepsis,0.557142857142857,0.508552086621423,GSE236713
COL17A1,GSE57065,25,28,4.0029588,5.41459428571429,4.00153,5.296285,1.41163548571429,Up_in_Sepsis,0.957142857142857,6.3278804865225e-11,GSE236713
COL17A1,GSE65682,42,51,2.8403861505,4.70186157785294,2.67673723275,4.463769466,1.86147542735294,Up_in_Sepsis,0.906629318394024,1.81407085393543e-11,GSE236713
COL17A1,GSE95233,22,51,4.57999039636364,5.19428925254902,4.70824452,5.06570141,0.614298856185383,Up_in_Sepsis,0.85650623885918,1.5645681811231e-06,GSE236713
UQCRH,GSE137340,14,43,6.71064882857143,7.8011765305969,6.21890587466667,7.89690464833333,1.09052770202547,Up_in_Sepsis,0.813953488372093,0.000263581497271942,GSE236713
UQCRH,GSE54514,18,35,9.41576549727778,9.39462900168571,9.53812551375,9.293660641,-0.0211364955920637,Down_in_Sepsis,0.46031746031746,0.648457933533109,GSE236713
UQCRH,GSE57065,25,28,7.6075432,8.57049964285714,7.41414,8.49825,0.962956442857143,Up_in_Sepsis,0.898571428571428,6.61776843551978e-08,GSE236713
UQCRH,GSE65682,42,51,5.27253280454762,5.63856993801961,5.32601261375,5.5443681595,0.366037133471989,Up_in_Sepsis,0.744164332399627,5.49061397202417e-05,GSE236713
UQCRH,GSE95233,22,51,7.94315118454546,9.63248539627451,7.94228803,9.62936115,1.68933421172905,Up_in_Sepsis,0.998217468805704,1.88955739655682e-11,GSE236713
SIL1,GSE137340,14,43,5.05816054411905,6.16901492409302,4.8279720745,6.19413987866667,1.11085437997397,Up_in_Sepsis,0.878737541528239,5.16186693059591e-06,GSE236713
SIL1,GSE54514,18,35,8.04746549661111,8.17145788321429,7.952652812,8.106673479,0.123992386603176,Up_in_Sepsis,0.558730158730159,0.496648773453112,GSE236713
SIL1,GSE57065,25,28,5.582404,6.13154928571429,5.55071,6.089265,0.549145285714285,Up_in_Sepsis,0.918571428571429,8.55398016567736e-09,GSE236713
SIL1,GSE65682,42,51,3.01941567911905,3.77848905092157,3.014714552,3.522290904,0.759073371802521,Up_in_Sepsis,0.820261437908497,1.20948914956201e-07,GSE236713
SIL1,GSE95233,22,51,5.66227941272727,6.28666251058824,5.695021515,6.2863817,0.624383097860963,Up_in_Sepsis,0.938502673796791,3.44535746390565e-09,GSE236713
CNIH4,GSE137340,14,43,6.7512102525,9.03706861781395,6.2617334665,9.164049359,2.28585836531395,Up_in_Sepsis,0.883720930232558,3.58984112855028e-06,GSE236713
CNIH4,GSE54514,18,35,10.3210467763889,10.1514122015429,10.27687979,10.05037594,-0.169634574846031,Down_in_Sepsis,0.402380952380952,0.251928972885693,GSE236713
CNIH4,GSE57065,25,28,6.33976486666667,7.8545294047619,6.28157,7.79011416666667,1.51476453809524,Up_in_Sepsis,1,2.21254562465821e-15,GSE236713
CNIH4,GSE65682,42,51,6.64538319521429,7.04820688133333,6.69730519825,7.0190952715,0.402823686119048,Up_in_Sepsis,0.664799253034547,0.00650261354751696,GSE236713
CNIH4,GSE95233,22,51,5.7925571830303,7.28288286764706,5.77971258583334,7.315604745,1.49032568461676,Up_in_Sepsis,0.999108734402852,1.73990990394731e-11,GSE236713
FGFBP2,GSE137340,14,43,8.82698706192857,7.64860136590698,8.8254792715,7.341597524,-1.17838569602159,Down_in_Sepsis,0.292358803986711,0.0197696198688842,GSE236713
FGFBP2,GSE54514,18,35,8.11455218005556,7.82419850482857,8.0140652655,7.588447094,-0.290353675226984,Down_in_Sepsis,0.33968253968254,0.0586025873125773,GSE236713
FGFBP2,GSE57065,25,28,7.712494,5.72687035714286,7.70483,5.420895,-1.98562364285714,Down_in_Sepsis,0.151428571428571,4.42126076200337e-06,GSE236713
FGFBP2,GSE65682,42,51,5.72802640064286,4.17341366347059,5.865941656,3.9159778725,-1.55461273717227,Down_in_Sepsis,0.127450980392157,7.42785999895666e-10,GSE236713
FGFBP2,GSE95233,22,51,8.93605766181818,6.23053564411765,9.11388281,6.38139275,-2.70552201770054,Down_in_Sepsis,0.0142602495543672,5.9097281654302e-11,GSE236713
CACNA2D3,GSE137340,14,43,4.7426730085,4.69080937144186,4.6151200475,4.378746636,-0.0518636370581396,Down_in_Sepsis,0.385382059800665,0.206634000485456,GSE236713
CACNA2D3,GSE54514,18,35,7.22032862233333,7.17071894234286,7.192917585,7.116929054,-0.0496096799904766,Down_in_Sepsis,0.319047619047619,0.0321019256782342,GSE236713
CACNA2D3,GSE57065,25,28,5.6938816,3.7250375,5.84683,3.56751,-1.9688441,Down_in_Sepsis,0.00571428571428571,2.65505474958986e-14,GSE236713
CACNA2D3,GSE65682,42,51,3.54328258671429,2.87638166454902,3.5207165455,2.79238427,-0.666900922165266,Down_in_Sepsis,0.180205415499533,1.26161583159916e-07,GSE236713
CACNA2D3,GSE95233,22,51,5.34190778818182,4.10192464117647,5.33325014,4.03020049,-1.23998314700535,Down_in_Sepsis,0.0704099821746881,7.09693753720311e-09,GSE236713
PGK1,GSE137340,14,43,7.624339965625,8.33226697090698,7.4417842945,8.46492831125,0.707927005281976,Up_in_Sepsis,0.760797342192691,0.00296634161799207,GSE236713
PGK1,GSE54514,18,35,10.1320292684722,10.0588539534143,10.10246825325,10.08039522,-0.0731753150579362,Down_in_Sepsis,0.473015873015873,0.758901012021438,GSE236713
PGK1,GSE57065,25,28,7.84592466666667,8.91802297619048,7.854855,9.00227416666666,1.07209830952381,Up_in_Sepsis,0.955714285714286,7.83661534797693e-11,GSE236713
PGK1,GSE65682,42,51,9.26066216024868,9.72210994653377,9.23345769972222,9.74197400466667,0.461447786285094,Up_in_Sepsis,0.812324929971989,2.45875764364347e-07,GSE236713
PGK1,GSE95233,22,51,8.16940661128788,9.21182277009804,8.17443245166666,9.192557045,1.04241615881016,Up_in_Sepsis,1,1.60188706567253e-11,GSE236713
ATP6V1D,GSE137340,14,43,7.73879425207143,9.05283474141861,7.363662722,9.05056573,1.31404048934718,Up_in_Sepsis,0.855481727574751,7.55583154688194e-05,GSE236713
ATP6V1D,GSE54514,18,35,9.55393897144445,9.51492320485714,9.6079587935,9.528934479,-0.039015766587303,Down_in_Sepsis,0.450793650793651,0.570192060596712,GSE236713
ATP6V1D,GSE57065,25,28,5.3656403,6.05162857142857,5.42068,6.05765,0.685988271428571,Up_in_Sepsis,0.975714285714286,2.68160529708576e-12,GSE236713
ATP6V1D,GSE65682,42,51,5.44646664161111,5.87177615315033,5.4196646895,5.87005941433333,0.425309511539215,Up_in_Sepsis,0.775910364145658,5.14819043079611e-06,GSE236713
ATP6V1D,GSE95233,22,51,5.73462802329545,6.71967238583333,5.78582428,6.72654581,0.985044362537879,Up_in_Sepsis,0.999108734402852,1.73990990394731e-11,GSE236713
NOP10,GSE137340,14,43,9.76084425007143,11.487262537938,9.40035079133333,11.5600264033333,1.72641828786656,Up_in_Sepsis,0.880398671096346,4.5786917253501e-06,GSE236713
NOP10,GSE54514,18,35,11.8962639172222,11.7278792791429,11.872189045,11.72123241,-0.168384638079365,Down_in_Sepsis,0.454761904761905,0.598946456258,GSE236713
NOP10,GSE57065,25,28,9.1093916,9.91293607142857,9.19437,9.990725,0.803544471428571,Up_in_Sepsis,0.888571428571429,1.68336329944811e-07,GSE236713
NOP10,GSE65682,42,51,8.93616820864286,9.24653349978431,8.9914464185,9.29200442,0.310365291141455,Up_in_Sepsis,0.717086834733894,0.000335869767187596,GSE236713
NOP10,GSE95233,22,51,9.36751688636364,10.9229194488235,9.42392516,10.93350122,1.55540256245989,Up_in_Sepsis,1,1.60188706567253e-11,GSE236713
KLF5,GSE137340,14,43,4.26797687328571,4.57654424604651,4.200733583,4.403246997,0.308567372760797,Up_in_Sepsis,0.827242524916943,0.000130195088864173,GSE236713
KLF5,GSE54514,18,35,7.25547467338889,7.22621864582857,7.2283086775,7.186191559,-0.0292560275603178,Down_in_Sepsis,0.422222222222222,0.365828622459723,GSE236713
KLF5,GSE57065,25,28,3.9074902,4.95395375,3.93715,4.7124925,1.04646355,Up_in_Sepsis,0.977142857142857,2.02447924656227e-12,GSE236713
KLF5,GSE65682,42,51,3.05780727035714,3.50069672056863,3.01250175425,3.505355894,0.442889450211485,Up_in_Sepsis,0.774509803921569,5.74681376280225e-06,GSE236713
KLF5,GSE95233,22,51,4.65265320409091,5.89610262666667,4.5671751675,5.90033479,1.24344942257576,Up_in_Sepsis,0.984848484848485,6.40439715698351e-11,GSE236713
GLRX2,GSE137340,14,43,4.49067524945238,4.93060760772868,4.35645076433334,4.929957738,0.439932358276301,Up_in_Sepsis,0.852159468438538,3.04347690174248e-05,GSE236713
GLRX2,GSE54514,18,35,7.3505386952963,7.30478209082857,7.33584260933334,7.30713097266667,-0.0457566044677238,Down_in_Sepsis,0.368253968253968,0.122032520330967,GSE236713
GLRX2,GSE57065,25,28,6.073862,6.78606071428571,6.04311,6.825295,0.712198714285714,Up_in_Sepsis,0.912857142857143,1.57655314617777e-08,GSE236713
GLRX2,GSE65682,42,51,3.53475829969048,4.03898244839216,3.5401955795,4.018212591,0.504224148701681,Up_in_Sepsis,0.76984126984127,8.26135619987797e-06,GSE236713
GLRX2,GSE95233,22,51,5.54610157954545,6.60559865,5.53996473,6.59360978,1.05949707045455,Up_in_Sepsis,0.968805704099822,2.6568328672965e-10,GSE236713
ZDHHC20,GSE137340,14,43,4.48646148357143,4.78128549688372,4.3296851225,4.651275156,0.294824013312293,Up_in_Sepsis,0.79734219269103,0.000599272533308424,GSE236713
ZDHHC20,GSE54514,18,35,7.30557690727778,7.27663435265714,7.278277874,7.260931015,-0.0289425546206346,Down_in_Sepsis,0.444444444444444,0.520600333060429,GSE236713
ZDHHC20,GSE57065,25,28,5.839208,7.49510875,5.82111,7.482605,1.65590075,Up_in_Sepsis,0.968571428571429,9.97415567595923e-12,GSE236713
ZDHHC20,GSE65682,42,51,2.29026644545238,2.56450359323529,2.2490377625,2.585127424,0.274237147782913,Up_in_Sepsis,0.708683473389356,0.000566896165186858,GSE236713
ZDHHC20,GSE95233,22,51,7.02591832909091,8.90033525137255,7.07179978,9.08506975,1.87441692228164,Up_in_Sepsis,0.974153297682709,1.66193362226705e-10,GSE236713
TXN,GSE137340,14,43,8.13428933607143,10.2880648087326,7.65869311175,10.471594859,2.15377547266113,Up_in_Sepsis,0.837209302325581,7.43901516703796e-05,GSE236713
TXN,GSE54514,18,35,11.2148136563889,11.0048323225286,11.1027126325,11.0674448,-0.209981333860318,Down_in_Sepsis,0.407936507936508,0.283133764153369,GSE236713
TXN,GSE57065,25,28,5.3937202,7.42291803571429,5.355485,7.3891625,2.02919783571429,Up_in_Sepsis,0.992857142857143,4.20383668685061e-14,GSE236713
TXN,GSE65682,42,51,8.90532543734762,9.2121498301451,8.9412964769,9.2912498224,0.306824392797479,Up_in_Sepsis,0.719887955182073,0.000280952907388795,GSE236713
TXN,GSE95233,22,51,8.22983775295455,10.5622608663725,8.2751700825,10.617944475,2.332423113418,Up_in_Sepsis,1,1.60188706567253e-11,GSE236713
CASS4,GSE137340,14,43,4.38410377385714,4.50644491604651,4.343609308,4.35032772,0.122341142189368,Up_in_Sepsis,0.538205980066445,0.679955876714338,GSE236713
CASS4,GSE54514,18,35,7.13435056477778,7.13355572554286,7.1241879465,7.127454281,-0.00079483923492063,Down_in_Sepsis,0.501587301587302,0.992581476239973,GSE236713
CASS4,GSE57065,25,28,5.7966896,4.52420785714286,5.901975,4.476225,-1.27248174285714,Down_in_Sepsis,0.0385714285714286,3.26107099618374e-11,GSE236713
CASS4,GSE65682,42,51,3.54172435602381,2.93244876707843,3.472500863,2.878540144,-0.609275588945378,Down_in_Sepsis,0.161998132586368,2.33141911116465e-08,GSE236713
CASS4,GSE95233,22,51,4.61613690795455,3.81103337382353,4.6357599875,3.83574764,-0.805103534131016,Down_in_Sepsis,0.0213903743315508,1.11977955795568e-10,GSE236713
PLEKHA1,GSE137340,14,43,6.57338838682143,6.49949036945349,6.429584573,6.358614804,-0.0738980173679407,Down_in_Sepsis,0.435215946843854,0.479707999120335,GSE236713
PLEKHA1,GSE54514,18,35,7.84305142036111,7.84067649837143,7.741616726,7.691126585,-0.00237492198968248,Down_in_Sepsis,0.480952380952381,0.830638269796872,GSE236713
PLEKHA1,GSE57065,25,28,7.285634,5.3584,7.262745,5.2593125,-1.927234,Down_in_Sepsis,0.0142857142857143,3.07543841827492e-13,GSE236713
PLEKHA1,GSE65682,42,51,3.36878960083333,2.89621589328431,3.223601132375,2.87778412425,-0.47257370754902,Down_in_Sepsis,0.204014939309057,1.00520795442081e-06,GSE236713
PLEKHA1,GSE95233,22,51,6.40705179772727,4.87859009656863,6.429101055,4.86366984,-1.52846170115865,Down_in_Sepsis,0,1.60188706567253e-11,GSE236713
MYL6B,GSE137340,14,43,5.47812732592857,7.17314988711628,5.0353909105,7.309438938,1.69502256118771,Up_in_Sepsis,0.845514950166113,4.56594410621073e-05,GSE236713
MYL6B,GSE54514,18,35,8.07172004383333,8.13949262071429,7.997961998,8.052117348,0.0677725768809534,Up_in_Sepsis,0.538095238095238,0.661913156874205,GSE236713
MYL6B,GSE57065,25,28,4.80017,5.69649928571429,4.79594,5.678525,0.896329285714286,Up_in_Sepsis,0.944285714285714,3.90036392897249e-10,GSE236713
MYL6B,GSE65682,42,51,2.6915533075119,3.30073593103922,2.7060278555,3.200169321,0.609182623527311,Up_in_Sepsis,0.881886087768441,2.77067867780162e-10,GSE236713
MYL6B,GSE95233,22,51,6.20397393863636,7.03314206,6.216192435,6.9550619,0.829168121363637,Up_in_Sepsis,0.964349376114082,3.91141292996744e-10,GSE236713
IL10RA,GSE137340,14,43,8.78619870478572,8.47306020704651,8.813101141,8.59339905,-0.313138497739203,Down_in_Sepsis,0.397009966777409,0.254225408141612,GSE236713
IL10RA,GSE54514,18,35,8.18289650822222,8.22869561051429,8.1030931475,8.195302963,0.0457991022920634,Up_in_Sepsis,0.551587301587301,0.547832861955622,GSE236713
IL10RA,GSE57065,25,28,9.5633076,8.15643571428571,9.50184,8.03177,-1.40687188571429,Down_in_Sepsis,0.0157142857142857,4.31446396808352e-13,GSE236713
IL10RA,GSE65682,42,51,6.5694488607381,5.79053137105882,6.612341386,5.801123444,-0.778917489679272,Down_in_Sepsis,0.11577964519141,2.15742140837208e-10,GSE236713
IL10RA,GSE95233,22,51,9.59007869954545,8.36561066941177,9.54617618,8.31358094,-1.22446803013369,Down_in_Sepsis,0,1.60188706567253e-11,GSE236713
IL32,GSE137340,14,43,8.21837775607143,7.7491988105,8.19337151725,7.8379052595,-0.469178945571428,Down_in_Sepsis,0.357142857142857,0.11366743416625,GSE236713
IL32,GSE54514,18,35,7.90502346894444,7.79345735145714,7.80849671375,7.7366080285,-0.111566117487302,Down_in_Sepsis,0.411111111111111,0.300340734781541,GSE236713
IL32,GSE57065,25,28,9.3022728,7.73789142857143,9.37078,7.536935,-1.56438137142857,Down_in_Sepsis,0.0957142857142857,3.7851498194051e-08,GSE236713
IL32,GSE65682,42,51,4.99667749218452,4.11170733196078,4.6852517365,4.05999186275,-0.884970160223739,Down_in_Sepsis,0.186274509803921,2.17204927187551e-07,GSE236713
IL32,GSE95233,22,51,8.75230384227273,6.47253354215686,8.762651915,6.36860816,-2.27977030011586,Down_in_Sepsis,0.00445632798573975,2.41819260539641e-11,GSE236713
TOR1A,GSE137340,14,43,7.45257561685714,8.78275805246512,7.127569203,8.718956013,1.33018243560797,Up_in_Sepsis,0.863787375415283,1.44528445939708e-05,GSE236713
TOR1A,GSE54514,18,35,8.34936899605556,8.58153424942857,8.3313179015,8.473625183,0.232165253373015,Up_in_Sepsis,0.633333333333333,0.117500725327251,GSE236713
TOR1A,GSE57065,25,28,5.5201776,6.00576654761905,5.53964333333333,6.02771666666667,0.485588947619047,Up_in_Sepsis,0.927142857142857,3.26467523300631e-09,GSE236713
TOR1A,GSE65682,42,51,6.05321099037302,6.43195064531373,6.070116045,6.44438320966667,0.37873965494071,Up_in_Sepsis,0.824929971988796,7.90621994484101e-08,GSE236713
TOR1A,GSE95233,22,51,6.26913023545455,6.93663172326797,6.32059268833334,6.92670735,0.667501487813428,Up_in_Sepsis,0.985739750445633,5.9097281654302e-11,GSE236713
CDK5RAP2,GSE137340,14,43,5.60830444940476,7.02519647022481,5.3105203395,6.95299426066667,1.41689202082005,Up_in_Sepsis,0.87375415282392,7.34598051394299e-06,GSE236713
CDK5RAP2,GSE54514,18,35,8.52106659488889,8.23422440579048,8.62943132666667,8.21826394366667,-0.286842189098413,Down_in_Sepsis,0.317460317460317,0.0305690600321864,GSE236713
CDK5RAP2,GSE57065,25,28,5.5069176,6.74047726190476,5.51953,6.78708833333334,1.23355966190476,Up_in_Sepsis,0.995714285714286,1.54878193726075e-14,GSE236713
CDK5RAP2,GSE65682,42,51,5.10440442710952,6.2762897959451,5.0014233092,6.3855947708,1.17188536883557,Up_in_Sepsis,0.767507002801121,9.88395829280705e-06,GSE236713
CDK5RAP2,GSE95233,22,51,6.21705412318182,7.83570588078431,6.22542759333333,7.86152518666667,1.6186517576025,Up_in_Sepsis,0.989304812834224,4.27867888939574e-11,GSE236713
MAP4K1,GSE137340,14,43,7.68430585614286,7.17009072667442,7.4857924635,7.035443936,-0.514215129468439,Down_in_Sepsis,0.28405315614618,0.0151439987160872,GSE236713
MAP4K1,GSE54514,18,35,7.54903664861111,7.58918662068571,7.5773682595,7.5489444735,0.0401499720746026,Up_in_Sepsis,0.533333333333333,0.702910846357363,GSE236713
MAP4K1,GSE57065,25,28,6.5844388,5.4021680952381,6.57529333333333,5.34939666666667,-1.1822707047619,Down_in_Sepsis,0.0214285714285714,1.51338120726622e-12,GSE236713
MAP4K1,GSE65682,42,51,3.09531360835714,2.78613836959477,2.951168527,2.79809332266667,-0.309175238762371,Down_in_Sepsis,0.264705882352941,0.000101483657502929,GSE236713
MAP4K1,GSE95233,22,51,8.4346600230303,6.48916199712418,8.44467421833334,6.37109784,-1.94549802590612,Down_in_Sepsis,0.00089126559714795,1.73990990394731e-11,GSE236713
C2orf76,GSE137340,14,43,4.70383789921429,5.53665830662791,4.4736122655,5.581826029,0.832820407413622,Up_in_Sepsis,0.8421926910299,5.56405121878381e-05,GSE236713
C2orf76,GSE54514,18,35,7.56048893933333,7.47852949422857,7.5502841475,7.433724403,-0.0819594451047614,Down_in_Sepsis,0.38968253968254,0.194999838756,GSE236713
C2orf76,GSE57065,25,28,3.8680516,4.9090525,3.73387,4.954755,1.0410009,Up_in_Sepsis,0.87,8.35495166390768e-07,GSE236713
C2orf76,GSE65682,42,51,2.74765351678571,3.1673136767451,2.7048966785,3.093026544,0.419660159959384,Up_in_Sepsis,0.746965452847806,4.50324401129918e-05,GSE236713
C2orf76,GSE95233,22,51,3.60041438090909,5.2294902127451,3.76355193,5.22743893,1.62907583183601,Up_in_Sepsis,0.993761140819964,2.84841857067922e-11,GSE236713
CETN2,GSE137340,14,43,7.24397684035714,8.25801065627907,7.0414822255,8.114450282,1.01403381592193,Up_in_Sepsis,0.868770764119601,4.01907894534705e-05,GSE236713
CETN2,GSE54514,18,35,9.35561434444444,9.25704070505714,9.3951854705,9.165948868,-0.0985736393873005,Down_in_Sepsis,0.405555555555555,0.267803167373915,GSE236713
CETN2,GSE57065,25,28,6.088636,6.927245,6.16427,6.911145,0.838609,Up_in_Sepsis,0.917142857142857,9.98865891252887e-09,GSE236713
CETN2,GSE65682,42,51,6.26654181628572,6.66806831462745,6.2314210645,6.642406475,0.401526498341736,Up_in_Sepsis,0.794117647058824,1.17542255359386e-06,GSE236713
CETN2,GSE95233,22,51,6.08391876909091,7.2848853227451,6.08816018,7.34504522,1.20096655365419,Up_in_Sepsis,0.971479500891266,2.10264174876355e-10,GSE236713
ENTPD7,GSE137340,14,43,4.37310747457143,4.95258072318605,4.3375075015,4.799042566,0.579473248614618,Up_in_Sepsis,0.865448504983389,1.29444347247364e-05,GSE236713
ENTPD7,GSE54514,18,35,7.43759089061111,7.29322060171429,7.2973423005,7.208391666,-0.144370288896826,Down_in_Sepsis,0.396825396825397,0.228139828404204,GSE236713
ENTPD7,GSE57065,25,28,4.422345,6.42880410714286,4.45402,6.8286625,2.00645910714286,Up_in_Sepsis,0.935714285714285,1.17043442289857e-09,GSE236713
ENTPD7,GSE65682,42,51,2.9498153065873,3.63784008782353,2.91052000816666,3.717916432,0.688024781236229,Up_in_Sepsis,0.750233426704015,3.56415344787041e-05,GSE236713
ENTPD7,GSE95233,22,51,5.60665079636364,6.97980835019608,5.588434605,6.97875042,1.37315755383244,Up_in_Sepsis,0.985739750445633,5.9097281654302e-11,GSE236713
RRM2,GSE137340,14,43,4.337147236,4.6515739972093,4.24850532,4.55224303,0.314426761209303,Up_in_Sepsis,0.833887043189369,8.99233343862789e-05,GSE236713
RRM2,GSE54514,18,35,7.13655450605556,7.12649999342857,7.1400215625,7.107349396,-0.0100545126269846,Down_in_Sepsis,0.46031746031746,0.645409408015276,GSE236713
RRM2,GSE57065,25,28,4.7588116,6.87964535714286,4.67664,7.05569,2.12083375714286,Up_in_Sepsis,0.931428571428571,1.97128964974548e-09,GSE236713
RRM2,GSE65682,42,51,2.61442700425,3.78064603736275,2.59710932225,3.4323888365,1.16621903311275,Up_in_Sepsis,0.912231559290383,9.56541538812258e-12,GSE236713
RRM2,GSE95233,22,51,5.07743014909091,6.52327403401961,5.13031851,6.453740195,1.4458438849287,Up_in_Sepsis,0.86541889483066,8.52155754906933e-07,GSE236713
ANO10,GSE137340,14,43,5.15383677092857,6.10055063772093,4.9256867195,6.074163634,0.946713866792359,Up_in_Sepsis,0.830564784053156,0.00010836477926158,GSE236713
ANO10,GSE54514,18,35,7.36830812038889,7.5295210022,7.31502676,7.529758453,0.161212881811111,Up_in_Sepsis,0.704761904761905,0.0147864871531677,GSE236713
ANO10,GSE57065,25,28,4.9363088,6.03943857142857,4.91257,6.0836,1.10312977142857,Up_in_Sepsis,0.991428571428571,6.63763687397464e-14,GSE236713
ANO10,GSE65682,42,51,2.98120317669048,3.36567598568627,2.924295543,3.336391735,0.384472808995798,Up_in_Sepsis,0.77217553688142,6.89525296366914e-06,GSE236713
ANO10,GSE95233,22,51,5.52363376181818,6.61790185509804,5.512899705,6.6623749,1.09426809327986,Up_in_Sepsis,0.97415329768271,1.66193362226705e-10,GSE236713
CEACAM21,GSE137340,14,43,4.5989876,5.31516287046512,4.5829797295,5.284763396,0.716175270465116,Up_in_Sepsis,0.872093023255814,8.24463721259666e-06,GSE236713
CEACAM21,GSE54514,18,35,7.33996544933333,7.38182868962857,7.311114788,7.320550919,0.0418632402952381,Up_in_Sepsis,0.531746031746032,0.716774420138131,GSE236713
CEACAM21,GSE57065,25,28,5.5590978,6.72001089285714,5.66902,6.6757,1.16091309285714,Up_in_Sepsis,0.932857142857143,1.66003315635981e-09,GSE236713
CEACAM21,GSE65682,42,51,5.13949675040476,5.94129864666013,5.15070234566667,5.885316478,0.801801896255369,Up_in_Sepsis,0.810924369747899,2.7818649988931e-07,GSE236713
CEACAM21,GSE95233,22,51,5.32123945045455,6.15174236666667,5.3119983275,6.152428205,0.830502916212121,Up_in_Sepsis,0.912655971479501,2.6947242706669e-08,GSE236713
PPM1M,GSE137340,14,43,9.07543439192857,10.5349944026279,8.7713526495,10.49819769,1.45956001069934,Up_in_Sepsis,0.882059800664452,2.09337137534822e-05,GSE236713
PPM1M,GSE54514,18,35,10.9248002377778,10.8185370306286,10.809113505,10.7588892,-0.106263207149206,Down_in_Sepsis,0.473015873015873,0.758901012021438,GSE236713
PPM1M,GSE57065,25,28,7.7803,8.47089571428571,7.75202,8.55493,0.690595714285714,Up_in_Sepsis,0.891428571428572,1.29627503509389e-07,GSE236713
PPM1M,GSE65682,42,51,5.46876704527381,6.33149049846078,5.37923874875,6.4618319055,0.862723453186975,Up_in_Sepsis,0.853408029878619,5.2145872322023e-09,GSE236713
PPM1M,GSE95233,22,51,7.79718937818182,8.96922042784314,7.874698875,9.01694169,1.17203104966132,Up_in_Sepsis,0.969696969696969,2.45787230860139e-10,GSE236713
LAIR1,GSE137340,14,43,9.57394493732143,9.91217118466279,9.41391727525,9.979673495,0.338226247341362,Up_in_Sepsis,0.722591362126246,0.0121436159405964,GSE236713
LAIR1,GSE54514,18,35,10.9968985851667,11.0406450473714,10.93478882375,11.028947353,0.0437464622047621,Up_in_Sepsis,0.587301587301587,0.309195100119527,GSE236713
LAIR1,GSE57065,25,28,6.7431726,7.60467160714286,6.770545,7.619225,0.861499007142856,Up_in_Sepsis,0.877142857142858,4.59762785817473e-07,GSE236713
LAIR1,GSE65682,42,51,4.84521210076191,6.12802099523529,4.731518972625,6.12633336525,1.28280889447339,Up_in_Sepsis,0.824463118580766,8.25173484308114e-08,GSE236713
LAIR1,GSE95233,22,51,6.92242194022727,8.35862656156863,6.8946952675,8.45690259,1.43620462134135,Up_in_Sepsis,0.959001782531194,6.19679960010317e-10,GSE236713
PIWIL4,GSE137340,14,43,4.39417417192857,4.9965286905814,4.2912337535,4.9067399745,0.602354518652824,Up_in_Sepsis,0.897009966777409,1.28968008164182e-06,GSE236713
PIWIL4,GSE54514,18,35,7.26665939213889,7.26530179977143,7.2467957735,7.210833788,-0.00135759236746047,Down_in_Sepsis,0.466666666666667,0.702910846357363,GSE236713
PIWIL4,GSE57065,25,28,4.0354232,4.9855975,4.0224,4.999055,0.9501743,Up_in_Sepsis,0.907142857142857,2.84159513496848e-08,GSE236713
PIWIL4,GSE65682,42,51,2.28694445457143,2.73687358992157,2.25719149,2.574037715,0.44992913535014,Up_in_Sepsis,0.776377217553689,4.96227278767466e-06,GSE236713
PIWIL4,GSE95233,22,51,4.25932495272727,5.38390900823529,4.27067339,5.37026287,1.12458405550802,Up_in_Sepsis,0.949197860962567,1.42085083033673e-09,GSE236713
RRAGD,GSE137340,14,43,7.49338384642857,9.16312652434884,7.3092842215,9.077501204,1.66974267792027,Up_in_Sepsis,0.890365448504983,2.17438941765078e-06,GSE236713
RRAGD,GSE54514,18,35,9.35117636783333,9.17742276874286,9.2870311735,9.187093735,-0.173753599090476,Down_in_Sepsis,0.40952380952381,0.288617416434751,GSE236713
RRAGD,GSE57065,25,28,6.5973646,7.62097803571429,6.53781,7.640225,1.02361343571429,Up_in_Sepsis,0.958571428571429,5.09106748233855e-11,GSE236713
RRAGD,GSE65682,42,51,5.74549301452381,6.2454681195817,5.76460633333333,6.36344077233333,0.49997510505789,Up_in_Sepsis,0.749299719887956,3.81153364064026e-05,GSE236713
RRAGD,GSE95233,22,51,6.57400350727273,7.82329893362745,6.6507286375,7.808264165,1.24929542635472,Up_in_Sepsis,0.979500891265597,1.03431303688478e-10,GSE236713
KLRK1,GSE137340,14,43,4.3346446165,4.62277292206977,4.2772545955,4.486210933,0.288128305569767,Up_in_Sepsis,0.789036544850498,0.000882837458545004,GSE236713
KLRK1,GSE54514,18,35,7.18348781277778,7.21565678462857,7.162181854,7.185688972,0.0321689718507932,Up_in_Sepsis,0.612698412698413,0.187329444556183,GSE236713
KLRK1,GSE57065,25,28,7.992852,6.32736642857143,8.03981,6.17271,-1.66548557142857,Down_in_Sepsis,0.0985714285714286,5.01696910811419e-08,GSE236713
KLRK1,GSE65682,42,51,4.53547238501191,3.35462442711765,4.25834983825,3.1569445535,-1.18084795789426,Down_in_Sepsis,0.19187675070028,3.55549239738882e-07,GSE236713
KLRK1,GSE95233,22,51,8.45150311590909,6.24926033901961,8.42232565,6.03444901,-2.20224277688948,Down_in_Sepsis,0.0089126559714795,3.63757408976493e-11,GSE236713
SIGLEC5,GSE137340,14,43,5.64303503042857,6.67996813468605,5.3354653065,6.831768214,1.03693310425748,Up_in_Sepsis,0.802325581395349,0.000471533014356313,GSE236713
SIGLEC5,GSE54514,18,35,8.09787909180556,8.26050394608572,8.06792688375,8.2851572035,0.162624854280159,Up_in_Sepsis,0.634920634920635,0.113099435153609,GSE236713
SIGLEC5,GSE57065,25,28,8.3267848,9.49934392857143,8.39725,9.5337,1.17255912857143,Up_in_Sepsis,0.958571428571428,5.09106748233855e-11,GSE236713
SIGLEC5,GSE65682,42,51,8.26945584485714,8.77752901276471,8.3570166165,8.845822242,0.508073167907563,Up_in_Sepsis,0.707749766573296,0.000600170513027404,GSE236713
SIGLEC5,GSE95233,22,51,8.64087915090909,10.2324821978431,8.783868005,10.26555641,1.59160304693405,Up_in_Sepsis,0.982174688057041,8.14407368438532e-11,GSE236713
PPA2,GSE137340,14,43,6.92597776095238,7.70180650954264,6.77350517216667,7.64624395566667,0.775828748590254,Up_in_Sepsis,0.878737541528239,5.16186693059591e-06,GSE236713
PPA2,GSE54514,18,35,10.4734603433611,10.4910053254,10.5285670765,10.4688920965,0.0175449820388884,Up_in_Sepsis,0.474603174603175,0.773107646476209,GSE236713
PPA2,GSE57065,25,28,4.8954196,5.38640064285714,4.868274,5.402435,0.490981042857142,Up_in_Sepsis,0.877142857142857,4.59762785817473e-07,GSE236713
PPA2,GSE65682,42,51,4.40071743285238,4.97142946314118,4.4273800016,4.955346398,0.570712030288796,Up_in_Sepsis,0.798786181139123,7.93594324122344e-07,GSE236713
PPA2,GSE95233,22,51,4.01541682836364,4.7068519847451,4.020032479,4.65120922,0.691435156381462,Up_in_Sepsis,0.975935828877005,1.41972918224125e-10,GSE236713
CD3G,GSE137340,14,43,7.149762827,7.10332487439535,6.938175635,6.807411888,-0.0464379526046512,Down_in_Sepsis,0.460132890365448,0.666553111249036,GSE236713
CD3G,GSE54514,18,35,7.444454723,7.29931347717143,7.439926863,7.228958607,-0.145141245828571,Down_in_Sepsis,0.314285714285714,0.0276873816875773,GSE236713
CD3G,GSE57065,25,28,8.0465556,6.2357425,8.06283,6.105385,-1.8108131,Down_in_Sepsis,0.0485714285714286,1.46118725598053e-10,GSE236713
CD3G,GSE65682,42,51,5.10648394111905,4.06275310296078,4.948626137,3.922238456,-1.04373083815826,Down_in_Sepsis,0.236694677871148,1.36003111070665e-05,GSE236713
CD3G,GSE95233,22,51,9.56972165,7.05596450352941,9.45041639,6.93287937,-2.51375714647059,Down_in_Sepsis,0,1.60188706567253e-11,GSE236713
RAB10,GSE137340,14,43,8.79558552342857,10.2523279211628,8.426435158,10.25554562,1.45674239773422,Up_in_Sepsis,0.855481727574751,2.47165216210598e-05,GSE236713
RAB10,GSE54514,18,35,10.4873482373889,10.4632246282,10.48743677,10.55504131,-0.024123609188889,Down_in_Sepsis,0.496031746031746,0.970033559122737,GSE236713
RAB10,GSE57065,25,28,8.855107,9.66133982142857,8.912165,9.6830175,0.806232821428571,Up_in_Sepsis,0.945714285714286,3.22170980952107e-10,GSE236713
RAB10,GSE65682,42,51,6.97233763475,7.49706606494118,7.027013175,7.549005475,0.524728430191177,Up_in_Sepsis,0.786647992530346,2.17745168959178e-06,GSE236713
RAB10,GSE95233,22,51,8.43456357477273,9.25498804284314,8.4169917975,9.31937715,0.82042446807041,Up_in_Sepsis,0.97415329768271,1.66193362226705e-10,GSE236713
UBASH3A,GSE137340,14,43,5.39224559514286,5.19659726448837,5.43575279225,5.275701419,-0.195648330654485,Down_in_Sepsis,0.415282392026578,0.353216514656515,GSE236713
UBASH3A,GSE54514,18,35,7.32096642927778,7.31353842874286,7.2673709395,7.267463207,-0.00742800053492054,Down_in_Sepsis,0.43968253968254,0.484892703673966,GSE236713
UBASH3A,GSE57065,25,28,6.8672084,4.96445464285714,6.71541,4.86264,-1.90275375714286,Down_in_Sepsis,0.02,1.12397317732637e-12,GSE236713
UBASH3A,GSE65682,42,51,3.2372283442381,2.69926535778431,3.003216896,2.590155179,-0.537962986453782,Down_in_Sepsis,0.242296918767507,2.06654776808725e-05,GSE236713
UBASH3A,GSE95233,22,51,5.84160664636364,4.77803255313726,5.90643271,4.69278598,-1.06357409322638,Down_in_Sepsis,0.0347593582887701,3.62218000785115e-10,GSE236713
PRF1,GSE137340,14,43,9.32492551192857,8.69386502541861,9.053954235,8.525522612,-0.631060486509966,Down_in_Sepsis,0.315614617940199,0.0395278901132636,GSE236713
PRF1,GSE54514,18,35,8.4960291385,8.33293646388571,8.535378933,8.141581535,-0.163092674614287,Down_in_Sepsis,0.382539682539682,0.169030570051923,GSE236713
PRF1,GSE57065,25,28,9.5355144,7.68502321428572,9.43972,7.6176,-1.85049118571429,Down_in_Sepsis,0.0671428571428572,1.66003315635981e-09,GSE236713
PRF1,GSE65682,42,51,6.02112690760714,4.77303257662745,6.00905596475,4.554959574,-1.24809433097969,Down_in_Sepsis,0.166666666666667,3.62489033813588e-08,GSE236713
PRF1,GSE95233,22,51,9.62513631886364,7.26471138068628,9.689502325,7.22537834,-2.36042493817736,Down_in_Sepsis,0.00267379679144385,2.05178515500888e-11,GSE236713
GAS7,GSE137340,14,43,4.94509987846429,5.47363013090116,4.8768627575,5.46097038875,0.528530252436878,Up_in_Sepsis,0.820598006644518,0.000186294412620237,GSE236713
GAS7,GSE54514,18,35,8.19506548505556,8.11208923218571,8.18478071675,8.1916143895,-0.0829762528698428,Down_in_Sepsis,0.463492063492063,0.675476268134141,GSE236713
GAS7,GSE57065,25,28,6.76868656,8.27497428571429,6.800868,8.29664,1.50628772571429,Up_in_Sepsis,0.981428571428571,2.02633968567665e-09,GSE236713
GAS7,GSE65682,42,51,6.07455635046429,6.56497371547386,6.09621841458334,6.670171722,0.49041736500957,Up_in_Sepsis,0.730625583566761,0.000139069668039901,GSE236713
GAS7,GSE95233,22,51,7.77902189409091,9.16146701560784,7.799475818,9.26772071,1.38244512151694,Up_in_Sepsis,0.968805704099822,2.6568328672965e-10,GSE236713
MERTK,GSE137340,14,43,4.52140659260714,5.19461795568605,4.37054603375,5.0905564935,0.673211363078904,Up_in_Sepsis,0.867109634551495,1.15818527714491e-05,GSE236713
MERTK,GSE54514,18,35,7.54052025747222,7.5604057789,7.4285660985,7.5038194655,0.0198855214277778,Up_in_Sepsis,0.544444444444444,0.608776071190231,GSE236713
MERTK,GSE57065,25,28,3.48729946666667,4.69206702380952,3.49133666666667,4.63908666666667,1.20476755714286,Up_in_Sepsis,0.974285714285714,3.53343536257917e-12,GSE236713
MERTK,GSE65682,42,51,2.64790451404762,3.66078210762745,2.482494099,3.49556805,1.01287759357983,Up_in_Sepsis,0.786647992530346,2.17745168959178e-06,GSE236713
MERTK,GSE95233,22,51,3.83729485939394,5.05348745202614,3.862245875,5.10078372,1.2161925926322,Up_in_Sepsis,0.968805704099821,2.6568328672965e-10,GSE236713
FAM20A,GSE137340,14,43,4.60387537064286,5.51444685655814,4.2362247565,5.166399941,0.910571485915282,Up_in_Sepsis,0.848837209302326,3.73425195502401e-05,GSE236713
FAM20A,GSE54514,18,35,7.29186911072222,7.43903177805714,7.2659902575,7.255633831,0.14716266733492,Up_in_Sepsis,0.593650793650794,0.274780752688366,GSE236713
FAM20A,GSE57065,25,28,3.3005982,4.90246303571429,3.3136225,4.93922125,1.60186483571429,Up_in_Sepsis,0.992857142857143,4.20383668685061e-14,GSE236713
FAM20A,GSE65682,42,51,2.89132879747619,3.72394495086928,2.76738356083333,3.58584260066667,0.83261615339309,Up_in_Sepsis,0.788982259570495,1.79871376878615e-06,GSE236713
FAM20A,GSE95233,22,51,5.09433562613636,6.14140299980392,5.10718502,6.0436982575,1.04706737366756,Up_in_Sepsis,0.970588235294118,2.27348975174705e-10,GSE236713
FKBP5,GSE137340,14,43,8.98427448996429,10.6316965455233,8.68653668175,10.569545925,1.64742205555897,Up_in_Sepsis,0.870431893687708,9.24335675110831e-06,GSE236713
FKBP5,GSE54514,18,35,10.5303719307222,10.7150913784,10.63995886,10.90611935,0.184719447677779,Up_in_Sepsis,0.538888888888889,0.652163958851931,GSE236713
FKBP5,GSE57065,25,28,7.68961813333333,9.52760333333333,7.62078333333333,9.56023333333334,1.8379852,Up_in_Sepsis,0.944285714285714,3.90036392897249e-10,GSE236713
FKBP5,GSE65682,42,51,6.06332153619048,6.48986142538889,6.35335386716667,6.526923938,0.426539889198412,Up_in_Sepsis,0.621848739495798,0.0443192845349304,GSE236713
FKBP5,GSE95233,22,51,8.4358889089394,10.4362166120915,8.53580598,10.52179544,2.00032770315211,Up_in_Sepsis,0.993761140819965,2.84841857067922e-11,GSE236713
RSPH9,GSE137340,14,43,4.53381353435714,5.25932196581395,4.3535309685,5.02485914,0.72550843145681,Up_in_Sepsis,0.847176079734219,4.13098133247111e-05,GSE236713
RSPH9,GSE54514,18,35,7.2138817575,7.22506825585714,7.194389343,7.22298193,0.0111864983571426,Up_in_Sepsis,0.550793650793651,0.557589681355557,GSE236713
RSPH9,GSE57065,25,28,3.5401948,4.46714035714286,3.50504,4.48348,0.926945557142857,Up_in_Sepsis,0.941428571428571,5.67619729823566e-10,GSE236713
RSPH9,GSE65682,42,51,2.40720124847619,2.68466593094118,2.345513618,2.630564711,0.277464682464986,Up_in_Sepsis,0.750233426704015,3.56415344787041e-05,GSE236713
RSPH9,GSE95233,22,51,3.97336395636364,5.27368659921569,3.93409189,5.31890062,1.30032264285205,Up_in_Sepsis,0.979500891265597,1.03431303688478e-10,GSE236713
TXNDC17,GSE137340,14,43,7.03225274635714,9.14898522227907,6.5838791895,9.222294509,2.11673247592193,Up_in_Sepsis,0.870431893687708,9.24335675110831e-06,GSE236713
TXNDC17,GSE54514,18,35,10.2471583146111,10.1449401584,10.046120165,10.22599506,-0.10221815621111,Down_in_Sepsis,0.463492063492063,0.675476268134141,GSE236713
TXNDC17,GSE57065,25,28,5.974522,6.53416339285714,5.98062,6.585895,0.559641392857142,Up_in_Sepsis,0.921428571428571,6.24469762121784e-09,GSE236713
TXNDC17,GSE65682,42,51,5.1395717385,5.82473677570588,5.0820939155,5.90884205,0.685165037205882,Up_in_Sepsis,0.80952380952381,3.14579710940919e-07,GSE236713
TXNDC17,GSE95233,22,51,6.02313176045455,7.13906931470588,6.004351235,7.146795485,1.11593755425134,Up_in_Sepsis,0.994652406417112,2.62469054871502e-11,GSE236713
TSEN54,GSE137340,14,43,6.42324827178571,5.87021958697674,6.4437740375,5.85201709,-0.55302868480897,Down_in_Sepsis,0.269102990033223,0.0091254474349773,GSE236713
TSEN54,GSE54514,18,35,7.255215009,7.29880080902857,7.2327387335,7.24778223,0.0435858000285716,Up_in_Sepsis,0.541269841269841,0.635114297097459,GSE236713
TSEN54,GSE57065,25,28,6.55861253333333,5.84650238095238,6.55367,5.752225,-0.712110152380953,Down_in_Sepsis,0.07,2.33646588000407e-09,GSE236713
TSEN54,GSE65682,42,51,3.95500163419048,3.360699128,3.8425869405,3.34273128,-0.594302506190477,Down_in_Sepsis,0.214285714285714,2.34946181807094e-06,GSE236713
TSEN54,GSE95233,22,51,6.88718881924242,5.64676556960784,6.93623899666667,5.60041233666667,-1.24042324963458,Down_in_Sepsis,0.0035650623885918,2.22762533627504e-11,GSE236713
ZBTB8OS,GSE137340,14,43,4.43118600717857,4.83144525065504,4.32716044233333,4.68700454,0.400259243476468,Up_in_Sepsis,0.882059800664452,4.05663071297044e-06,GSE236713
ZBTB8OS,GSE54514,18,35,7.24049439702778,7.24007785661429,7.1937617065,7.2229328155,-0.00041654041349215,Down_in_Sepsis,0.544444444444445,0.608776071190231,GSE236713
ZBTB8OS,GSE57065,25,28,4.7366192,5.76419928571429,4.80386,5.816665,1.02758008571429,Up_in_Sepsis,0.872857142857143,6.59704088772431e-07,GSE236713
ZBTB8OS,GSE65682,42,51,3.46137587542857,4.06068646721569,3.391314426,4.094507529,0.599310591787115,Up_in_Sepsis,0.785714285714286,2.34946181807094e-06,GSE236713
ZBTB8OS,GSE95233,22,51,5.56323834636364,6.48216824431373,5.53107066,6.42587499,0.918929897950089,Up_in_Sepsis,0.943850267379679,2.21753737820061e-09,GSE236713
ZWINT,GSE137340,14,43,4.4211263165,4.70178937488372,4.30790036866667,4.57007198833333,0.280663058383721,Up_in_Sepsis,0.805647840531561,0.000400631980255359,GSE236713
ZWINT,GSE54514,18,35,7.12908252083333,7.15075888642857,7.12643253825,7.1509063245,0.0216763655952379,Up_in_Sepsis,0.634920634920635,0.113099435153609,GSE236713
ZWINT,GSE57065,25,28,5.116212,6.38689142857143,4.99398,6.46209,1.27067942857143,Up_in_Sepsis,0.871428571428572,7.42742658489078e-07,GSE236713
ZWINT,GSE65682,42,51,2.4293483385,3.66247698731373,2.3696375695,3.54250791,1.23312864881373,Up_in_Sepsis,0.878618113912232,3.9231473659526e-10,GSE236713
ZWINT,GSE95233,22,51,4.92970971227273,6.20707143392157,5.07010163,6.15420607,1.27736172164884,Up_in_Sepsis,0.888591800356506,1.64449381198676e-07,GSE236713
CAPG,GSE137340,14,43,5.57086209407143,6.706051909,5.325048907,6.849126129,1.13518981492857,Up_in_Sepsis,0.799003322259136,0.0005535902217946,GSE236713
CAPG,GSE54514,18,35,7.91161372922222,8.08401865274286,7.763672829,7.902925014,0.172404923520635,Up_in_Sepsis,0.56031746031746,0.484892703673966,GSE236713
CAPG,GSE57065,25,28,7.8382164,8.94107071428572,7.83655,8.86612,1.10285431428571,Up_in_Sepsis,0.924285714285714,4.53013185284708e-09,GSE236713
CAPG,GSE65682,42,51,7.3190051262381,8.14237732068137,7.45337929975,8.09616291875,0.823372194443278,Up_in_Sepsis,0.840802987861812,1.78405020234226e-08,GSE236713
CAPG,GSE95233,22,51,7.59492214227273,8.74562714196079,7.52760107,8.76812248,1.15070499968806,Up_in_Sepsis,0.955436720142602,8.39602113585593e-10,GSE236713
PRKCH,GSE137340,14,43,8.90525688528572,8.28652624374419,8.730410681,8.246701809,-0.618730641541529,Down_in_Sepsis,0.327242524916944,0.054341758859444,GSE236713
PRKCH,GSE54514,18,35,8.50714723288889,8.33224923265714,8.57349062,8.322511673,-0.174898000231746,Down_in_Sepsis,0.39047619047619,0.200299536283,GSE236713
PRKCH,GSE57065,25,28,6.57589333333333,5.61210880952381,6.52890666666667,5.60573,-0.963784523809524,Down_in_Sepsis,0.00285714285714286,8.85018249863286e-15,GSE236713
PRKCH,GSE65682,42,51,4.98949451569048,3.90648814362092,4.99943868266667,3.91666646166667,-1.08300637206956,Down_in_Sepsis,0.140522875816993,2.84092725693963e-09,GSE236713
PRKCH,GSE95233,22,51,7.17771039666667,5.98511199986928,7.20247338666667,5.93408341666667,-1.19259839679739,Down_in_Sepsis,0,1.60188706567253e-11,GSE236713
OAT,GSE137340,14,43,5.45235773109524,6.09246382203101,5.199614816,6.09713723766667,0.640106090935769,Up_in_Sepsis,0.810631229235881,0.000312251163096141,GSE236713
OAT,GSE54514,18,35,8.25999657319444,8.04623992781429,8.14889872075,7.9761343,-0.213756645380158,Down_in_Sepsis,0.366666666666667,0.117500725327251,GSE236713
OAT,GSE57065,25,28,8.2103032,9.60116285714286,8.14065,9.752785,1.39085965714286,Up_in_Sepsis,0.941428571428571,5.67619729823566e-10,GSE236713
OAT,GSE65682,42,51,7.62296615288095,8.00559160096078,7.637126201,7.998924766,0.382625448079832,Up_in_Sepsis,0.665732959850607,0.00620517149002877,GSE236713
OAT,GSE95233,22,51,7.00555787227273,8.95300993705882,6.982371195,9.08015822,1.9474520647861,Up_in_Sepsis,1,1.60188706567253e-11,GSE236713
P2RY10,GSE137340,14,43,5.22870422189286,5.07467455475581,5.20885770375,5.076721172,-0.154029667137044,Down_in_Sepsis,0.383720930232558,0.200000657368105,GSE236713
P2RY10,GSE54514,18,35,7.23527383811111,7.2064361299619,7.22071623816667,7.18002065,-0.0288377081492071,Down_in_Sepsis,0.40952380952381,0.29165367273141,GSE236713
P2RY10,GSE57065,25,28,6.2908392,4.44726595238095,6.26264,4.31115333333333,-1.84357324761905,Down_in_Sepsis,0.0228571428571429,2.02447924656227e-12,GSE236713
P2RY10,GSE65682,42,51,2.86786147078571,2.52487895017647,2.537433278,2.372884737,-0.342982520609244,Down_in_Sepsis,0.359010270774977,0.0199345125634883,GSE236713
P2RY10,GSE95233,22,51,6.54158134469697,4.66785335287582,6.58741538333333,4.59033880666667,-1.87372799182115,Down_in_Sepsis,0,1.60188706567253e-11,GSE236713
OLAH,GSE137340,14,43,4.69426092571429,5.85085577318605,4.3346094625,4.996071678,1.15659484747176,Up_in_Sepsis,0.782392026578073,0.0011910207519427,GSE236713
OLAH,GSE54514,18,35,8.14875949727778,8.42373714437143,7.7577610015,8.232910156,0.274977647093651,Up_in_Sepsis,0.555555555555555,0.520600333060429,GSE236713
OLAH,GSE57065,25,28,3.17378386666667,6.39807595238095,3.18472,6.61012833333333,3.22429208571429,Up_in_Sepsis,0.961428571428571,3.26107099618374e-11,GSE236713
OLAH,GSE65682,42,51,3.97283181542857,5.692985117,3.6834860235,5.98110319,1.72015330157143,Up_in_Sepsis,0.776844070961719,4.78279497877484e-06,GSE236713
OLAH,GSE95233,22,51,3.96071946833333,6.49699370058824,3.90941330833334,6.53217998666667,2.5362742322549,Up_in_Sepsis,0.967023172905526,3.10305804161485e-10,GSE236713
HMGB3,GSE137340,14,43,4.30279909792857,4.58526838734219,4.260812913,4.44462123385714,0.282469289413622,Up_in_Sepsis,0.878737541528239,5.16186693059591e-06,GSE236713
HMGB3,GSE54514,18,35,7.16323335955556,7.21915967117143,7.1877787115,7.200767517,0.055926311615873,Up_in_Sepsis,0.649206349206349,0.0789959304049665,GSE236713
HMGB3,GSE57065,25,28,4.2543436,4.91887392857143,4.248305,4.86261,0.664530328571428,Up_in_Sepsis,0.96,4.0828104411818e-11,GSE236713
HMGB3,GSE65682,42,51,2.49300907483333,3.26759644539216,2.439562411,3.000443047,0.774587370558824,Up_in_Sepsis,0.831465919701214,4.31777489377655e-08,GSE236713
HMGB3,GSE95233,22,51,4.62541109659091,5.48070635421569,4.6084107725,5.329346685,0.855295257624777,Up_in_Sepsis,0.948306595365419,1.53088505184395e-09,GSE236713
HLA-DPA1,GSE137340,14,43,10.6967885564286,10.2423249065349,10.672699315,10.36299526,-0.454463649893688,Down_in_Sepsis,0.358803986710964,0.11803996685988,GSE236713
HLA-DPA1,GSE54514,18,35,9.34623000361111,9.5561307226,9.4723677635,9.466587067,0.209900718988889,Up_in_Sepsis,0.555555555555555,0.520600333060429,GSE236713
HLA-DPA1,GSE57065,25,28,9.6452656,7.53064154761905,9.67798,7.445925,-2.11462405238095,Down_in_Sepsis,0.0142857142857143,3.07543841827492e-13,GSE236713
HLA-DPA1,GSE65682,42,51,8.99584355726786,7.73614581129902,8.90278210675,7.6643193495,-1.25969774596884,Down_in_Sepsis,0.148926237161531,6.56947070631456e-09,GSE236713
HLA-DPA1,GSE95233,22,51,9.14406467060606,7.02634107333333,9.21945868666666,6.93200443666667,-2.11772359727273,Down_in_Sepsis,0.00267379679144385,2.05178515500888e-11,GSE236713
TRIB2,GSE137340,14,43,6.50527396892857,6.28440411755814,6.257338748,6.319690867,-0.220869851370431,Down_in_Sepsis,0.456810631229236,0.64006068634829,GSE236713
TRIB2,GSE54514,18,35,7.37152046627778,7.45347833631429,7.330051422,7.416750431,0.0819578700365078,Up_in_Sepsis,0.563492063492063,0.461830916701879,GSE236713
TRIB2,GSE57065,25,28,6.9758544,5.08410125,6.984465,5.0714925,-1.89175315,Down_in_Sepsis,0.0114285714285714,1.482405568521e-13,GSE236713
TRIB2,GSE65682,42,51,3.61341414883333,3.01302365968627,3.50258498675,2.949073536,-0.600390489147059,Down_in_Sepsis,0.233893557422969,1.09991828891113e-05,GSE236713
TRIB2,GSE95233,22,51,7.45005756068182,5.77557273813726,7.4162056675,5.730705985,-1.67448482254456,Down_in_Sepsis,0.00980392156862745,3.94540435484238e-11,GSE236713
PLBD1,GSE137340,14,43,10.258135156,12.034041004,9.921839318,12.14475792,1.775905848,Up_in_Sepsis,0.862126245847176,1.61210294818759e-05,GSE236713
PLBD1,GSE54514,18,35,12.2836093916667,12.2705257695714,12.39730406,12.44756794,-0.0130836220952393,Down_in_Sepsis,0.525396825396825,0.770927794053364,GSE236713
PLBD1,GSE57065,25,28,6.7267004,7.79688660714286,6.710275,7.8310725,1.07018620714286,Up_in_Sepsis,0.998571428571429,4.42509124931643e-15,GSE236713
PLBD1,GSE65682,42,51,10.8770541978571,11.189726593902,10.905307265,11.31271528,0.312672396044817,Up_in_Sepsis,0.736227824463119,9.52211705749336e-05,GSE236713
PLBD1,GSE95233,22,51,8.301056265,9.91972977303922,8.4108737775,9.98209676,1.61867350803922,Up_in_Sepsis,0.988413547237077,4.63944869067713e-11,GSE236713
SIRPG,GSE137340,14,43,5.53829973739286,5.22613784293023,5.4603445555,5.1543049035,-0.312161894462625,Down_in_Sepsis,0.3421926910299,0.0797088540367424,GSE236713
SIRPG,GSE54514,18,35,7.37006315477778,7.37517223810476,7.37295993166667,7.35558430366667,0.00510908332698357,Up_in_Sepsis,0.495238095238095,0.962919951586959,GSE236713
SIRPG,GSE57065,25,28,4.724395,3.84974428571429,4.74329,3.7910475,-0.874650714285714,Down_in_Sepsis,0.0142857142857143,3.07543841827492e-13,GSE236713
SIRPG,GSE65682,42,51,2.99200060589286,2.59238306782353,2.81468079275,2.541052698,-0.399617538069328,Down_in_Sepsis,0.238095238095238,1.51115113635559e-05,GSE236713
SIRPG,GSE95233,22,51,6.34738291318182,5.14828518176471,6.2947945325,5.132012205,-1.19909773141711,Down_in_Sepsis,0.0142602495543672,5.9097281654302e-11,GSE236713
SIDT1,GSE137340,14,43,5.19826414907143,5.06925116255814,5.1256360285,5.125943739,-0.129012986513289,Down_in_Sepsis,0.431893687707641,0.457093279438225,GSE236713
SIDT1,GSE54514,18,35,7.21231280427778,7.23488567902857,7.2446279525,7.237391949,0.0225728747507938,Up_in_Sepsis,0.528571428571429,0.744773717603001,GSE236713
SIDT1,GSE57065,25,28,6.4559348,4.85432571428571,6.48708,4.78906,-1.60160908571429,Down_in_Sepsis,0.0142857142857143,3.07543841827492e-13,GSE236713
SIDT1,GSE65682,42,51,3.44466366047619,3.07977148256863,3.257517761,2.98105362,-0.364892177907563,Down_in_Sepsis,0.316526610644258,0.00244474684663438,GSE236713
SIDT1,GSE95233,22,51,5.09084156272727,3.74275931509804,5.14480229,3.76897821,-1.34808224762923,Down_in_Sepsis,0.00623885918003565,2.84841857067922e-11,GSE236713
MKNK1,GSE137340,14,43,6.46608333292857,7.18252987925581,6.32867992275,7.2093653015,0.716446546327243,Up_in_Sepsis,0.81063122923588,0.000312251163096141,GSE236713
MKNK1,GSE54514,18,35,8.37736335036111,8.43010051591429,8.283297062,8.408137798,0.0527371655531734,Up_in_Sepsis,0.561904761904762,0.473286065359816,GSE236713
MKNK1,GSE57065,25,28,6.9918668,8.68497130952381,7.06774333333333,8.86729833333333,1.69310450952381,Up_in_Sepsis,1,2.21254562465821e-15,GSE236713
MKNK1,GSE65682,42,51,5.40454258902381,5.69559095493627,5.515866989125,5.6949900815,0.291048365912465,Up_in_Sepsis,0.612044817927171,0.0644666844060643,GSE236713
MKNK1,GSE95233,22,51,7.09009474439394,8.67478624555556,7.05014280333334,8.72999900666667,1.58469150116161,Up_in_Sepsis,0.988413547237077,4.63944869067713e-11,GSE236713
NDST2,GSE137340,14,43,5.20678947217857,5.99129690981395,5.106917747,6.02337956,0.784507437635382,Up_in_Sepsis,0.868770764119601,1.0352095404657e-05,GSE236713
NDST2,GSE54514,18,35,8.43623047411111,8.558761515,8.266138077,8.473205566,0.122531040888889,Up_in_Sepsis,0.577777777777778,0.365828622459723,GSE236713
NDST2,GSE57065,25,28,5.291112,6.29394214285714,5.271295,6.398975,1.00283014285714,Up_in_Sepsis,0.981428571428571,8.25279517997514e-13,GSE236713
NDST2,GSE65682,42,51,5.04624420984524,5.44335230143137,5.096814666,5.445633335,0.397108091586134,Up_in_Sepsis,0.662464985994398,0.00730309246733773,GSE236713
NDST2,GSE95233,22,51,5.47293090113636,6.81028055931373,5.5298272575,6.86557027,1.33734965817736,Up_in_Sepsis,0.982174688057041,8.14407368438532e-11,GSE236713
BCL2A1,GSE137340,14,43,4.60990932578571,5.01017809439535,4.283226649,4.858933987,0.400268768609635,Up_in_Sepsis,0.803986710963455,0.000434777002978728,GSE236713
BCL2A1,GSE54514,18,35,8.15509226577778,7.88597145082857,8.0920963285,7.862134457,-0.269120814949207,Down_in_Sepsis,0.33968253968254,0.0586025873125773,GSE236713
BCL2A1,GSE57065,25,28,7.1701396,9.93450321428571,7.36959,10.1972,2.76436361428571,Up_in_Sepsis,0.968571428571428,9.97415567595923e-12,GSE236713
BCL2A1,GSE65682,42,51,8.2640164355,8.65264045066667,8.2646633865,8.844380911,0.388624015166666,Up_in_Sepsis,0.602707749766573,0.0901629673682237,GSE236713
BCL2A1,GSE95233,22,51,6.66538162136364,10.3014807092157,6.625251835,10.52057087,3.63609908785205,Up_in_Sepsis,0.998217468805704,1.88955739655682e-11,GSE236713
RABL2B,GSE137340,14,43,4.66204659688571,4.94943991250233,4.645477971,4.9044226918,0.287393315616611,Up_in_Sepsis,0.81063122923588,0.000312251163096141,GSE236713
RABL2B,GSE54514,18,35,7.29149692597222,7.30163084438572,7.29642152775,7.2982661725,0.0101339184134925,Up_in_Sepsis,0.520634920634921,0.816159107237985,GSE236713
RABL2B,GSE57065,25,28,5.9160856,4.1631975,5.91069,4.214295,-1.7528881,Down_in_Sepsis,0,2.21254562465821e-15,GSE236713
RABL2B,GSE65682,42,51,3.21249524816667,2.9046360022549,3.114753163,2.894786443,-0.307859245911765,Down_in_Sepsis,0.310457516339869,0.00174534211500642,GSE236713
RABL2B,GSE95233,22,51,5.03739524227273,3.63175564784314,4.99916329,3.69971398,-1.40563959442959,Down_in_Sepsis,0.0017825311942959,1.88955739655682e-11,GSE236713
BIRC5,GSE137340,14,43,4.52756565285714,4.98071241698837,4.325112062,4.867693405,0.45314676413123,Up_in_Sepsis,0.830564784053156,0.00010836477926158,GSE236713
BIRC5,GSE54514,18,35,7.20506466755556,7.23895402637143,7.1394002435,7.223152161,0.0338893588158724,Up_in_Sepsis,0.59047619047619,0.29165367273141,GSE236713
BIRC5,GSE57065,25,28,4.1526876,4.86279758928571,4.16335,4.84574375,0.710109989285714,Up_in_Sepsis,0.96,4.0828104411818e-11,GSE236713
BIRC5,GSE65682,42,51,2.58871697386905,3.06642294804248,2.55050054641667,2.90975098633333,0.477705974173435,Up_in_Sepsis,0.92156862745098,3.23093684896482e-12,GSE236713
BIRC5,GSE95233,22,51,4.90342176829546,6.21419952470588,4.7746819175,6.210039365,1.31077775641043,Up_in_Sepsis,0.950089126559715,1.3185393727247e-09,GSE236713
SLCO4C1,GSE137340,14,43,4.88865174314286,5.33623229976744,4.6664025065,5.215381697,0.447580556624585,Up_in_Sepsis,0.732558139534884,0.00860715367594649,GSE236713
SLCO4C1,GSE54514,18,35,7.48037219044444,7.43850637162857,7.438369751,7.366875648,-0.0418658188158725,Down_in_Sepsis,0.449206349206349,0.557589681355557,GSE236713
SLCO4C1,GSE57065,25,28,5.3874728,6.97702821428571,5.4475,7.055285,1.58955541428571,Up_in_Sepsis,0.911428571428571,1.83042638376968e-08,GSE236713
SLCO4C1,GSE65682,42,51,3.9819771555,4.68626474835294,4.015089264,4.777656152,0.704287592852941,Up_in_Sepsis,0.788048552754436,1.94192092211731e-06,GSE236713
SLCO4C1,GSE95233,22,51,5.43566399363636,6.88748365313726,5.543561645,6.94813056,1.45181965950089,Up_in_Sepsis,0.954545454545455,9.05517246612493e-10,GSE236713
TMLHE,GSE137340,14,43,4.94872299423214,5.71235371681977,4.7940575935,5.6541957485,0.763630722587624,Up_in_Sepsis,0.86046511627907,1.79643132928885e-05,GSE236713
TMLHE,GSE54514,18,35,7.47209261083333,7.54804008574286,7.445637385,7.50146563866667,0.0759474749095244,Up_in_Sepsis,0.617460317460318,0.169030570051923,GSE236713
TMLHE,GSE57065,25,28,4.39150066666667,5.07716226190476,4.37217333333333,5.07749,0.685661595238094,Up_in_Sepsis,0.982857142857143,6.01812409907034e-13,GSE236713
TMLHE,GSE65682,42,51,2.87905271447619,3.29596448245098,2.94594981625,3.3508227645,0.41691176797479,Up_in_Sepsis,0.755368814192344,2.45413606004188e-05,GSE236713
TMLHE,GSE95233,22,51,5.36408994560606,5.99878280529412,5.33876877166667,6.04220128666667,0.634692859688057,Up_in_Sepsis,0.942067736185383,2.57031114409445e-09,GSE236713
PGS1,GSE137340,14,43,8.43182872021429,10.0261665437907,8.0436998105,10.0920772,1.59433782357641,Up_in_Sepsis,0.815614617940199,0.000241926158971228,GSE236713
PGS1,GSE54514,18,35,10.5180931088333,10.5196286884571,10.477882385,10.66875744,0.00153557962380901,Up_in_Sepsis,0.512698412698413,0.889073268134695,GSE236713
PGS1,GSE57065,25,28,7.4472288,9.26768196428571,7.395885,9.3763525,1.82045316428571,Up_in_Sepsis,1,2.21254562465821e-15,GSE236713
PGS1,GSE65682,42,51,5.51548677969524,5.93931786396863,5.5902225897,6.0059945358,0.423831084273389,Up_in_Sepsis,0.716619981325864,0.000345945887486959,GSE236713
PGS1,GSE95233,22,51,7.06467226022727,8.55857568656863,7.03997457,8.61002375,1.49390342634135,Up_in_Sepsis,0.983957219251337,6.93948969640165e-11,GSE236713
MMADHC,GSE137340,14,43,7.5795182622381,8.56481672667442,7.211310968,8.67528432033333,0.985298464436323,Up_in_Sepsis,0.820598006644518,0.000186294412620237,GSE236713
MMADHC,GSE54514,18,35,10.1005443995556,9.79734725962857,10.065638302,9.8295702935,-0.303197139926985,Down_in_Sepsis,0.357142857142857,0.0929739554316109,GSE236713
MMADHC,GSE57065,25,28,8.959158,10.2472160714286,9.00517,10.29655,1.28805807142857,Up_in_Sepsis,0.964285714285714,2.05678241268228e-11,GSE236713
MMADHC,GSE65682,42,51,8.91926553695238,9.47360801382353,8.912549882,9.497361989,0.554342476871149,Up_in_Sepsis,0.814659197012139,1.99915688810139e-07,GSE236713
MMADHC,GSE95233,22,51,8.477508885,10.0432242143137,8.53652373,10.1098532,1.56571532931373,Up_in_Sepsis,1,1.60188706567253e-11,GSE236713
RASGRP1,GSE137340,14,43,5.76315659492857,5.74034018081395,5.649684841,5.684216414,-0.0228164141146179,Down_in_Sepsis,0.476744186046512,0.804590920857132,GSE236713
RASGRP1,GSE54514,18,35,7.58946365777778,7.50196955548571,7.474839449,7.396328449,-0.0874941022920632,Down_in_Sepsis,0.396825396825397,0.228139828404204,GSE236713
RASGRP1,GSE57065,25,28,8.6735592,6.59675214285714,8.74139,6.466325,-2.07680705714286,Down_in_Sepsis,0.04,4.0828104411818e-11,GSE236713
RASGRP1,GSE65682,42,51,4.0937187339,3.49476184095294,4.0467968729,3.4622469572,-0.598956892947059,Down_in_Sepsis,0.225023342670401,5.54023063653005e-06,GSE236713
RASGRP1,GSE95233,22,51,8.88486916045455,7.01190822862745,8.927970105,7.08088049,-1.87296093182709,Down_in_Sepsis,0.0017825311942959,1.88955739655682e-11,GSE236713
CD4,GSE137340,14,43,6.17750543142857,5.24339995665116,6.3336965765,5.136112206,-0.934105474777408,Down_in_Sepsis,0.174418604651163,0.000142549672571846,GSE236713
CD4,GSE54514,18,35,7.41429781911111,7.55217966354286,7.261749983,7.517261982,0.137881844431746,Up_in_Sepsis,0.612698412698413,0.187329444556183,GSE236713
CD4,GSE57065,25,28,5.655319,4.78826839285714,5.70353,4.78138,-0.867050607142857,Down_in_Sepsis,0.0228571428571429,2.02447924656227e-12,GSE236713
CD4,GSE65682,42,51,2.96461791157143,2.71212943901961,3.002856902,2.697364969,-0.252488472551821,Down_in_Sepsis,0.283846872082166,0.000356304227316836,GSE236713
CD4,GSE95233,22,51,5.78955792363636,4.43294481509804,5.82380931,4.41106811,-1.35661310853832,Down_in_Sepsis,0.0035650623885918,2.22762533627504e-11,GSE236713
ZFP36L2,GSE137340,14,43,6.59409513371429,6.02455704746512,6.4750594495,6.054060115,-0.569538086249169,Down_in_Sepsis,0.299003322259136,0.0242885889055146,GSE236713
ZFP36L2,GSE54514,18,35,8.25290526283333,8.09853185922857,8.172334671,8.095665932,-0.154373403604763,Down_in_Sepsis,0.411111111111111,0.300340734781541,GSE236713
ZFP36L2,GSE57065,25,28,7.6984718,6.56479517857143,7.68452,6.454525,-1.13367662142857,Down_in_Sepsis,0.0657142857142857,1.39529985982383e-09,GSE236713
ZFP36L2,GSE65682,42,51,6.36778742449405,5.60495070059314,6.414635820625,5.63003844825,-0.762836723900911,Down_in_Sepsis,0.197478991596639,5.77192824662421e-07,GSE236713
ZFP36L2,GSE95233,22,51,7.93881169477273,6.8475329622549,7.86346332125,6.789800965,-1.09127873251783,Down_in_Sepsis,0.0089126559714795,3.63757408976493e-11,GSE236713
MAN1A1,GSE137340,14,43,5.13464665171429,5.65894574311628,4.8625548995,5.577880882,0.524299091401993,Up_in_Sepsis,0.744186046511628,0.00564374679021193,GSE236713
MAN1A1,GSE54514,18,35,7.79152949661111,7.75925510954286,7.749751568,7.825304985,-0.032274387068254,Down_in_Sepsis,0.502380952380952,0.985015344860853,GSE236713
MAN1A1,GSE57065,25,28,6.1761716,7.2944425,6.21096,7.2677225,1.1182709,Up_in_Sepsis,0.937142857142857,9.7986344315551e-10,GSE236713
MAN1A1,GSE65682,42,51,4.80973082888095,5.65856288477941,4.6331179925,5.779392985,0.848832055898459,Up_in_Sepsis,0.795518207282913,1.04538904539685e-06,GSE236713
MAN1A1,GSE95233,22,51,6.61289860522727,7.83762681490196,6.7148550325,7.88069167,1.22472820967469,Up_in_Sepsis,0.951871657754011,1.1350067909103e-09,GSE236713
FGF13,GSE137340,14,43,4.30185742744643,4.60361055773256,4.25523978225,4.39199137925,0.30175313028613,Up_in_Sepsis,0.827242524916944,0.000130195088864173,GSE236713
FGF13,GSE54514,18,35,7.44594842861111,7.25893823075714,7.28998279575,7.2224493025,-0.187010197853969,Down_in_Sepsis,0.336507936507936,0.0536371037869218,GSE236713
FGF13,GSE57065,25,28,2.9004768,4.12180071428571,2.856415,4.0138875,1.22132391428571,Up_in_Sepsis,0.921428571428571,6.24469762121784e-09,GSE236713
FGF13,GSE65682,42,51,2.80877961715873,3.75684415039869,2.6509292725,3.767244189,0.948064533239963,Up_in_Sepsis,0.817927170868348,1.49271414358995e-07,GSE236713
FGF13,GSE95233,22,51,3.26019512409091,4.7265285595098,3.1230154175,4.736748405,1.46633343541889,Up_in_Sepsis,0.938502673796792,3.44535746390565e-09,GSE236713
AGFG1,GSE137340,14,43,4.74188288128571,5.39128608286628,4.69135413,5.2843860365,0.649403201580565,Up_in_Sepsis,0.863787375415283,1.44528445939708e-05,GSE236713
AGFG1,GSE54514,18,35,7.49244509808333,7.5059408665,7.51445770275,7.4754185675,0.0134957684166661,Up_in_Sepsis,0.526984126984127,0.758901012021438,GSE236713
AGFG1,GSE57065,25,28,5.89312048,7.50844507142857,5.84209,7.63395,1.61532459142857,Up_in_Sepsis,0.987142857142857,2.14616925591847e-13,GSE236713
AGFG1,GSE65682,42,51,5.80056460604365,6.05422142280065,6.04882896466667,6.07080310883333,0.253656816757004,Up_in_Sepsis,0.557889822595705,0.340377687090325,GSE236713
AGFG1,GSE95233,22,51,5.96337498672727,7.93956070215686,6.012289086,8.02738925,1.97618571542959,Up_in_Sepsis,1,1.60188706567253e-11,GSE236713
