file_path,file_name,dir_name,extension,size_mb,modified_time,sc_file_class,is_sc_candidate,is_metadata_candidate,detected_target_genes_in_preview,n_detected_target_genes_in_preview,possible_metadata_table
/Users/felix/Documents/Sepsis_CrossCohort_scRNA/02_processed_data/bulk_gene_matrix/GSE100159_expr.csv,GSE100159_expr.csv,/Users/felix/Documents/Sepsis_CrossCohort_scRNA/02_processed_data/bulk_gene_matrix,csv,17.521,2026-05-06 14:15:38.50473,tabular_expression_or_metadata_candidate,TRUE,FALSE,"",0,FALSE
/Users/felix/Documents/Sepsis_CrossCohort_scRNA/02_processed_data/bulk_gene_matrix/GSE131761_expr.csv,GSE131761_expr.csv,/Users/felix/Documents/Sepsis_CrossCohort_scRNA/02_processed_data/bulk_gene_matrix,csv,71.411,2026-05-06 14:15:40.211109,tabular_expression_or_metadata_candidate,TRUE,FALSE,,,FALSE
/Users/felix/Documents/Sepsis_CrossCohort_scRNA/02_processed_data/bulk_gene_matrix/GSE134347_expr.csv,GSE134347_expr.csv,/Users/felix/Documents/Sepsis_CrossCohort_scRNA/02_processed_data/bulk_gene_matrix,csv,239.505,2026-05-06 14:15:45.753448,tabular_expression_or_metadata_candidate,TRUE,FALSE,,,FALSE
/Users/felix/Documents/Sepsis_CrossCohort_scRNA/02_processed_data/bulk_gene_matrix/GSE134358_expr.csv,GSE134358_expr.csv,/Users/felix/Documents/Sepsis_CrossCohort_scRNA/02_processed_data/bulk_gene_matrix,csv,191.64,2026-05-06 14:15:50.921093,tabular_expression_or_metadata_candidate,TRUE,FALSE,,,FALSE
/Users/felix/Documents/Sepsis_CrossCohort_scRNA/02_processed_data/bulk_gene_matrix/GSE134364_expr.csv,GSE134364_expr.csv,/Users/felix/Documents/Sepsis_CrossCohort_scRNA/02_processed_data/bulk_gene_matrix,csv,268.292,2026-05-06 14:16:03.637287,tabular_expression_or_metadata_candidate,TRUE,FALSE,,,FALSE
/Users/felix/Documents/Sepsis_CrossCohort_scRNA/02_processed_data/bulk_gene_matrix/GSE137342_expr.csv,GSE137342_expr.csv,/Users/felix/Documents/Sepsis_CrossCohort_scRNA/02_processed_data/bulk_gene_matrix,csv,29.743,2026-05-06 14:16:05.248981,tabular_expression_or_metadata_candidate,TRUE,FALSE,"",0,FALSE
/Users/felix/Documents/Sepsis_CrossCohort_scRNA/02_processed_data/bulk_gene_matrix/GSE13904_expr.csv,GSE13904_expr.csv,/Users/felix/Documents/Sepsis_CrossCohort_scRNA/02_processed_data/bulk_gene_matrix,csv,120.293,2026-05-06 14:16:08.619056,tabular_expression_or_metadata_candidate,TRUE,FALSE,,,FALSE
/Users/felix/Documents/Sepsis_CrossCohort_scRNA/02_processed_data/bulk_gene_matrix/GSE145227_expr.csv,GSE145227_expr.csv,/Users/felix/Documents/Sepsis_CrossCohort_scRNA/02_processed_data/bulk_gene_matrix,csv,19.66,2026-05-06 14:16:09.293043,tabular_expression_or_metadata_candidate,TRUE,FALSE,"",0,FALSE
/Users/felix/Documents/Sepsis_CrossCohort_scRNA/02_processed_data/bulk_gene_matrix/GSE174507_expr.csv,GSE174507_expr.csv,/Users/felix/Documents/Sepsis_CrossCohort_scRNA/02_processed_data/bulk_gene_matrix,csv,0.608,2026-05-06 14:16:09.308939,tabular_expression_or_metadata_candidate,TRUE,FALSE,"",0,FALSE
/Users/felix/Documents/Sepsis_CrossCohort_scRNA/02_processed_data/bulk_gene_matrix/GSE26378_expr.csv,GSE26378_expr.csv,/Users/felix/Documents/Sepsis_CrossCohort_scRNA/02_processed_data/bulk_gene_matrix,csv,32.076,2026-05-06 14:16:10.879469,tabular_expression_or_metadata_candidate,TRUE,FALSE,"",0,FALSE
/Users/felix/Documents/Sepsis_CrossCohort_scRNA/02_processed_data/bulk_gene_matrix/GSE26440_expr.csv,GSE26440_expr.csv,/Users/felix/Documents/Sepsis_CrossCohort_scRNA/02_processed_data/bulk_gene_matrix,csv,40.573,2026-05-06 14:16:12.773974,tabular_expression_or_metadata_candidate,TRUE,FALSE,"",0,FALSE
/Users/felix/Documents/Sepsis_CrossCohort_scRNA/02_processed_data/bulk_gene_matrix/GSE28750_expr.csv,GSE28750_expr.csv,/Users/felix/Documents/Sepsis_CrossCohort_scRNA/02_processed_data/bulk_gene_matrix,csv,26.087,2026-05-06 14:16:13.559768,tabular_expression_or_metadata_candidate,TRUE,FALSE,"",0,FALSE
/Users/felix/Documents/Sepsis_CrossCohort_scRNA/02_processed_data/bulk_gene_matrix/GSE4607_expr.csv,GSE4607_expr.csv,/Users/felix/Documents/Sepsis_CrossCohort_scRNA/02_processed_data/bulk_gene_matrix,csv,38.226,2026-05-06 14:16:15.34304,tabular_expression_or_metadata_candidate,TRUE,FALSE,"",0,FALSE
/Users/felix/Documents/Sepsis_CrossCohort_scRNA/02_processed_data/bulk_gene_matrix/GSE54514_expr.csv,GSE54514_expr.csv,/Users/felix/Documents/Sepsis_CrossCohort_scRNA/02_processed_data/bulk_gene_matrix,csv,46.26,2026-05-06 14:16:16.429155,tabular_expression_or_metadata_candidate,TRUE,FALSE,"",0,FALSE
/Users/felix/Documents/Sepsis_CrossCohort_scRNA/02_processed_data/bulk_gene_matrix/GSE57065_expr.csv,GSE57065_expr.csv,/Users/felix/Documents/Sepsis_CrossCohort_scRNA/02_processed_data/bulk_gene_matrix,csv,44.683,2026-05-06 14:16:18.114795,tabular_expression_or_metadata_candidate,TRUE,FALSE,"",0,FALSE
/Users/felix/Documents/Sepsis_CrossCohort_scRNA/02_processed_data/bulk_gene_matrix/GSE63042_expr.csv,GSE63042_expr.csv,/Users/felix/Documents/Sepsis_CrossCohort_scRNA/02_processed_data/bulk_gene_matrix,csv,0.002,2026-05-06 14:16:18.117699,tabular_expression_or_metadata_candidate,TRUE,FALSE,"",0,FALSE
/Users/felix/Documents/Sepsis_CrossCohort_scRNA/02_processed_data/bulk_gene_matrix/GSE65682_expr.csv,GSE65682_expr.csv,/Users/felix/Documents/Sepsis_CrossCohort_scRNA/02_processed_data/bulk_gene_matrix,csv,224.489,2026-05-06 14:16:23.181596,tabular_expression_or_metadata_candidate,TRUE,FALSE,,,FALSE
/Users/felix/Documents/Sepsis_CrossCohort_scRNA/02_processed_data/bulk_gene_matrix/GSE69528_expr.csv,GSE69528_expr.csv,/Users/felix/Documents/Sepsis_CrossCohort_scRNA/02_processed_data/bulk_gene_matrix,csv,29.938,2026-05-06 14:16:23.920777,tabular_expression_or_metadata_candidate,TRUE,FALSE,"",0,FALSE
/Users/felix/Documents/Sepsis_CrossCohort_scRNA/02_processed_data/bulk_gene_matrix/GSE74224_expr.csv,GSE74224_expr.csv,/Users/felix/Documents/Sepsis_CrossCohort_scRNA/02_processed_data/bulk_gene_matrix,csv,12.872,2026-05-06 14:16:24.42705,tabular_expression_or_metadata_candidate,TRUE,FALSE,"",0,FALSE
/Users/felix/Documents/Sepsis_CrossCohort_scRNA/02_processed_data/bulk_gene_matrix/GSE95233_expr.csv,GSE95233_expr.csv,/Users/felix/Documents/Sepsis_CrossCohort_scRNA/02_processed_data/bulk_gene_matrix,csv,71.207,2026-05-06 14:16:26.358454,tabular_expression_or_metadata_candidate,TRUE,FALSE,,,FALSE
/Users/felix/Documents/Sepsis_CrossCohort_scRNA/02_processed_data/eset_rds/GSE137340_expr_matrix_numeric.rds,GSE137340_expr_matrix_numeric.rds,/Users/felix/Documents/Sepsis_CrossCohort_scRNA/02_processed_data/eset_rds,rds,18.091,2026-05-06 23:44:14.32498,rds_possible_seurat_or_sce,TRUE,FALSE,,,FALSE
/Users/felix/Documents/Sepsis_CrossCohort_scRNA/02_processed_data/eset_rds/GSE137340_series_matrix_eset.rds,GSE137340_series_matrix_eset.rds,/Users/felix/Documents/Sepsis_CrossCohort_scRNA/02_processed_data/eset_rds,rds,29.084,2026-05-06 23:44:13.717929,rds_possible_seurat_or_sce,TRUE,FALSE,,,FALSE
/Users/felix/Documents/Sepsis_CrossCohort_scRNA/02_processed_data/eset_rds/GSE236713_expr_matrix_numeric.rds,GSE236713_expr_matrix_numeric.rds,/Users/felix/Documents/Sepsis_CrossCohort_scRNA/02_processed_data/eset_rds,rds,157.679,2026-05-06 23:44:49.898033,rds_possible_seurat_or_sce,TRUE,FALSE,,,FALSE
/Users/felix/Documents/Sepsis_CrossCohort_scRNA/02_processed_data/eset_rds/GSE236713_series_matrix_eset.rds,GSE236713_series_matrix_eset.rds,/Users/felix/Documents/Sepsis_CrossCohort_scRNA/02_processed_data/eset_rds,rds,164.286,2026-05-06 23:44:46.200234,rds_possible_seurat_or_sce,TRUE,FALSE,,,FALSE
/Users/felix/Documents/Sepsis_CrossCohort_scRNA/02_processed_data/eset_rds/GSE54514_expr_matrix_numeric.rds,GSE54514_expr_matrix_numeric.rds,/Users/felix/Documents/Sepsis_CrossCohort_scRNA/02_processed_data/eset_rds,rds,20.479,2026-05-06 23:43:16.187806,rds_possible_seurat_or_sce,TRUE,FALSE,,,FALSE
/Users/felix/Documents/Sepsis_CrossCohort_scRNA/02_processed_data/eset_rds/GSE54514_series_matrix_eset.rds,GSE54514_series_matrix_eset.rds,/Users/felix/Documents/Sepsis_CrossCohort_scRNA/02_processed_data/eset_rds,rds,24.397,2026-05-06 23:43:15.421696,rds_possible_seurat_or_sce,TRUE,FALSE,,,FALSE
/Users/felix/Documents/Sepsis_CrossCohort_scRNA/02_processed_data/eset_rds/GSE57065_expr_matrix_numeric.rds,GSE57065_expr_matrix_numeric.rds,/Users/felix/Documents/Sepsis_CrossCohort_scRNA/02_processed_data/eset_rds,rds,25.753,2026-05-06 23:43:28.211873,rds_possible_seurat_or_sce,TRUE,FALSE,,,FALSE
/Users/felix/Documents/Sepsis_CrossCohort_scRNA/02_processed_data/eset_rds/GSE57065_series_matrix_eset.rds,GSE57065_series_matrix_eset.rds,/Users/felix/Documents/Sepsis_CrossCohort_scRNA/02_processed_data/eset_rds,rds,35.69,2026-05-06 23:43:27.461571,rds_possible_seurat_or_sce,TRUE,FALSE,,,FALSE
/Users/felix/Documents/Sepsis_CrossCohort_scRNA/02_processed_data/eset_rds/GSE65682_expr_matrix_numeric.rds,GSE65682_expr_matrix_numeric.rds,/Users/felix/Documents/Sepsis_CrossCohort_scRNA/02_processed_data/eset_rds,rds,141.994,2026-05-06 23:43:11.929461,rds_possible_seurat_or_sce,TRUE,FALSE,,,FALSE
/Users/felix/Documents/Sepsis_CrossCohort_scRNA/02_processed_data/eset_rds/GSE65682_series_matrix_eset.rds,GSE65682_series_matrix_eset.rds,/Users/felix/Documents/Sepsis_CrossCohort_scRNA/02_processed_data/eset_rds,rds,153.255,2026-05-06 23:43:08.79774,rds_possible_seurat_or_sce,TRUE,FALSE,,,FALSE
/Users/felix/Documents/Sepsis_CrossCohort_scRNA/02_processed_data/eset_rds/GSE95233_expr_matrix_numeric.rds,GSE95233_expr_matrix_numeric.rds,/Users/felix/Documents/Sepsis_CrossCohort_scRNA/02_processed_data/eset_rds,rds,48.63,2026-05-06 23:43:22.855381,rds_possible_seurat_or_sce,TRUE,FALSE,,,FALSE
/Users/felix/Documents/Sepsis_CrossCohort_scRNA/02_processed_data/eset_rds/GSE95233_series_matrix_eset.rds,GSE95233_series_matrix_eset.rds,/Users/felix/Documents/Sepsis_CrossCohort_scRNA/02_processed_data/eset_rds,rds,58.565,2026-05-06 23:43:21.754498,rds_possible_seurat_or_sce,TRUE,FALSE,,,FALSE
/Users/felix/Documents/Sepsis_CrossCohort_scRNA/02_processed_data/main_expr/GSE137340_main_expr.csv,GSE137340_main_expr.csv,/Users/felix/Documents/Sepsis_CrossCohort_scRNA/02_processed_data/main_expr,csv,29.714,2026-05-07 20:45:10.259466,tabular_expression_or_metadata_candidate,TRUE,FALSE,"",0,FALSE
/Users/felix/Documents/Sepsis_CrossCohort_scRNA/02_processed_data/main_expr/GSE236713_main_expr.csv,GSE236713_main_expr.csv,/Users/felix/Documents/Sepsis_CrossCohort_scRNA/02_processed_data/main_expr,csv,82.944,2026-05-07 20:45:10.830836,tabular_expression_or_metadata_candidate,TRUE,FALSE,,,FALSE
/Users/felix/Documents/Sepsis_CrossCohort_scRNA/02_processed_data/main_expr/GSE54514_main_expr.csv,GSE54514_main_expr.csv,/Users/felix/Documents/Sepsis_CrossCohort_scRNA/02_processed_data/main_expr,csv,15.278,2026-05-07 20:45:11.01167,tabular_expression_or_metadata_candidate,TRUE,FALSE,"",0,FALSE
/Users/felix/Documents/Sepsis_CrossCohort_scRNA/02_processed_data/main_expr/GSE57065_main_expr.csv,GSE57065_main_expr.csv,/Users/felix/Documents/Sepsis_CrossCohort_scRNA/02_processed_data/main_expr,csv,22.454,2026-05-07 20:45:11.165098,tabular_expression_or_metadata_candidate,TRUE,FALSE,"",0,FALSE
/Users/felix/Documents/Sepsis_CrossCohort_scRNA/02_processed_data/main_expr/GSE65682_main_expr.csv,GSE65682_main_expr.csv,/Users/felix/Documents/Sepsis_CrossCohort_scRNA/02_processed_data/main_expr,csv,26.36,2026-05-07 20:45:11.612867,tabular_expression_or_metadata_candidate,TRUE,FALSE,"",0,FALSE
/Users/felix/Documents/Sepsis_CrossCohort_scRNA/02_processed_data/main_expr/GSE95233_main_expr.csv,GSE95233_main_expr.csv,/Users/felix/Documents/Sepsis_CrossCohort_scRNA/02_processed_data/main_expr,csv,42.188,2026-05-07 20:45:11.857664,tabular_expression_or_metadata_candidate,TRUE,FALSE,"",0,FALSE
/Users/felix/Documents/Sepsis_CrossCohort_scRNA/02_processed_data/main_pheno/GSE137340_main_pheno.csv,GSE137340_main_pheno.csv,/Users/felix/Documents/Sepsis_CrossCohort_scRNA/02_processed_data/main_pheno,csv,0.074,2026-05-07 20:45:10.261248,metadata_candidate,TRUE,TRUE,"",0,TRUE
/Users/felix/Documents/Sepsis_CrossCohort_scRNA/02_processed_data/main_pheno/GSE236713_main_pheno.csv,GSE236713_main_pheno.csv,/Users/felix/Documents/Sepsis_CrossCohort_scRNA/02_processed_data/main_pheno,csv,0.399,2026-05-07 20:45:10.833437,metadata_candidate,TRUE,TRUE,"",0,TRUE
/Users/felix/Documents/Sepsis_CrossCohort_scRNA/02_processed_data/main_pheno/GSE54514_main_pheno.csv,GSE54514_main_pheno.csv,/Users/felix/Documents/Sepsis_CrossCohort_scRNA/02_processed_data/main_pheno,csv,0.068,2026-05-07 20:45:11.013923,metadata_candidate,TRUE,TRUE,"",0,TRUE
/Users/felix/Documents/Sepsis_CrossCohort_scRNA/02_processed_data/main_pheno/GSE57065_main_pheno.csv,GSE57065_main_pheno.csv,/Users/felix/Documents/Sepsis_CrossCohort_scRNA/02_processed_data/main_pheno,csv,0.047,2026-05-07 20:45:11.167019,metadata_candidate,TRUE,TRUE,"",0,FALSE
/Users/felix/Documents/Sepsis_CrossCohort_scRNA/02_processed_data/main_pheno/GSE65682_main_pheno.csv,GSE65682_main_pheno.csv,/Users/felix/Documents/Sepsis_CrossCohort_scRNA/02_processed_data/main_pheno,csv,0.191,2026-05-07 20:45:11.61558,metadata_candidate,TRUE,TRUE,"",0,FALSE
/Users/felix/Documents/Sepsis_CrossCohort_scRNA/02_processed_data/main_pheno/GSE95233_main_pheno.csv,GSE95233_main_pheno.csv,/Users/felix/Documents/Sepsis_CrossCohort_scRNA/02_processed_data/main_pheno,csv,0.093,2026-05-07 20:45:11.859434,metadata_candidate,TRUE,TRUE,"",0,FALSE
/Users/felix/Documents/Sepsis_CrossCohort_scRNA/02_processed_data/phenotype/GSE100159_pheno_harmonized.csv,GSE100159_pheno_harmonized.csv,/Users/felix/Documents/Sepsis_CrossCohort_scRNA/02_processed_data/phenotype,csv,0.005,2026-05-06 21:04:58.016831,metadata_candidate,TRUE,TRUE,"",0,TRUE
/Users/felix/Documents/Sepsis_CrossCohort_scRNA/02_processed_data/phenotype/GSE100159_pheno.csv,GSE100159_pheno.csv,/Users/felix/Documents/Sepsis_CrossCohort_scRNA/02_processed_data/phenotype,csv,0.036,2026-05-06 14:15:38.505758,metadata_candidate,TRUE,TRUE,"",0,TRUE
/Users/felix/Documents/Sepsis_CrossCohort_scRNA/02_processed_data/phenotype/GSE131761_pheno_harmonized.csv,GSE131761_pheno_harmonized.csv,/Users/felix/Documents/Sepsis_CrossCohort_scRNA/02_processed_data/phenotype,csv,0.01,2026-05-06 21:04:58.213106,metadata_candidate,TRUE,TRUE,"",0,TRUE
/Users/felix/Documents/Sepsis_CrossCohort_scRNA/02_processed_data/phenotype/GSE131761_pheno.csv,GSE131761_pheno.csv,/Users/felix/Documents/Sepsis_CrossCohort_scRNA/02_processed_data/phenotype,csv,0.232,2026-05-06 14:15:40.215413,metadata_candidate,TRUE,TRUE,"",0,TRUE
/Users/felix/Documents/Sepsis_CrossCohort_scRNA/02_processed_data/phenotype/GSE134347_pheno_harmonized.csv,GSE134347_pheno_harmonized.csv,/Users/felix/Documents/Sepsis_CrossCohort_scRNA/02_processed_data/phenotype,csv,0.02,2026-05-06 21:04:59.091939,metadata_candidate,TRUE,TRUE,"",0,TRUE
/Users/felix/Documents/Sepsis_CrossCohort_scRNA/02_processed_data/phenotype/GSE134347_pheno.csv,GSE134347_pheno.csv,/Users/felix/Documents/Sepsis_CrossCohort_scRNA/02_processed_data/phenotype,csv,0.426,2026-05-06 14:15:45.75538,metadata_candidate,TRUE,TRUE,"",0,FALSE
/Users/felix/Documents/Sepsis_CrossCohort_scRNA/02_processed_data/phenotype/GSE134358_pheno_harmonized.csv,GSE134358_pheno_harmonized.csv,/Users/felix/Documents/Sepsis_CrossCohort_scRNA/02_processed_data/phenotype,csv,0.039,2026-05-06 21:04:59.710822,metadata_candidate,TRUE,TRUE,"",0,TRUE
/Users/felix/Documents/Sepsis_CrossCohort_scRNA/02_processed_data/phenotype/GSE134358_pheno.csv,GSE134358_pheno.csv,/Users/felix/Documents/Sepsis_CrossCohort_scRNA/02_processed_data/phenotype,csv,0.755,2026-05-06 14:15:50.924332,metadata_candidate,TRUE,TRUE,"",0,FALSE
/Users/felix/Documents/Sepsis_CrossCohort_scRNA/02_processed_data/phenotype/GSE134364_pheno_harmonized.csv,GSE134364_pheno_harmonized.csv,/Users/felix/Documents/Sepsis_CrossCohort_scRNA/02_processed_data/phenotype,csv,0.039,2026-05-06 21:05:01.126295,metadata_candidate,TRUE,TRUE,"",0,TRUE
/Users/felix/Documents/Sepsis_CrossCohort_scRNA/02_processed_data/phenotype/GSE134364_pheno.csv,GSE134364_pheno.csv,/Users/felix/Documents/Sepsis_CrossCohort_scRNA/02_processed_data/phenotype,csv,0.48,2026-05-06 14:16:03.63941,metadata_candidate,TRUE,TRUE,"",0,FALSE
/Users/felix/Documents/Sepsis_CrossCohort_scRNA/02_processed_data/phenotype/GSE137342_pheno_harmonized.csv,GSE137342_pheno_harmonized.csv,/Users/felix/Documents/Sepsis_CrossCohort_scRNA/02_processed_data/phenotype,csv,0.001,2026-05-06 21:05:01.411469,metadata_candidate,TRUE,TRUE,"",0,TRUE
/Users/felix/Documents/Sepsis_CrossCohort_scRNA/02_processed_data/phenotype/GSE137342_pheno.csv,GSE137342_pheno.csv,/Users/felix/Documents/Sepsis_CrossCohort_scRNA/02_processed_data/phenotype,csv,0.078,2026-05-06 14:16:05.251899,metadata_candidate,TRUE,TRUE,"",0,TRUE
/Users/felix/Documents/Sepsis_CrossCohort_scRNA/02_processed_data/phenotype/GSE13904_pheno_harmonized.csv,GSE13904_pheno_harmonized.csv,/Users/felix/Documents/Sepsis_CrossCohort_scRNA/02_processed_data/phenotype,csv,0.014,2026-05-06 21:05:01.900007,metadata_candidate,TRUE,TRUE,"",0,TRUE
/Users/felix/Documents/Sepsis_CrossCohort_scRNA/02_processed_data/phenotype/GSE13904_pheno.csv,GSE13904_pheno.csv,/Users/felix/Documents/Sepsis_CrossCohort_scRNA/02_processed_data/phenotype,csv,0.773,2026-05-06 14:16:08.621072,metadata_candidate,TRUE,TRUE,"",0,FALSE
/Users/felix/Documents/Sepsis_CrossCohort_scRNA/02_processed_data/phenotype/GSE145227_pheno_harmonized.csv,GSE145227_pheno_harmonized.csv,/Users/felix/Documents/Sepsis_CrossCohort_scRNA/02_processed_data/phenotype,csv,0.002,2026-05-06 21:05:02.166724,metadata_candidate,TRUE,TRUE,"",0,TRUE
/Users/felix/Documents/Sepsis_CrossCohort_scRNA/02_processed_data/phenotype/GSE145227_pheno.csv,GSE145227_pheno.csv,/Users/felix/Documents/Sepsis_CrossCohort_scRNA/02_processed_data/phenotype,csv,0.038,2026-05-06 14:16:09.294571,metadata_candidate,TRUE,TRUE,"",0,FALSE
/Users/felix/Documents/Sepsis_CrossCohort_scRNA/02_processed_data/phenotype/GSE174507_pheno_harmonized.csv,GSE174507_pheno_harmonized.csv,/Users/felix/Documents/Sepsis_CrossCohort_scRNA/02_processed_data/phenotype,csv,0.001,2026-05-06 21:05:02.169299,metadata_candidate,TRUE,TRUE,"",0,TRUE
/Users/felix/Documents/Sepsis_CrossCohort_scRNA/02_processed_data/phenotype/GSE174507_pheno.csv,GSE174507_pheno.csv,/Users/felix/Documents/Sepsis_CrossCohort_scRNA/02_processed_data/phenotype,csv,0.078,2026-05-06 14:16:09.309641,metadata_candidate,TRUE,TRUE,"",0,TRUE
/Users/felix/Documents/Sepsis_CrossCohort_scRNA/02_processed_data/phenotype/GSE26378_pheno_harmonized.csv,GSE26378_pheno_harmonized.csv,/Users/felix/Documents/Sepsis_CrossCohort_scRNA/02_processed_data/phenotype,csv,0.007,2026-05-06 21:05:02.460005,metadata_candidate,TRUE,TRUE,"",0,TRUE
/Users/felix/Documents/Sepsis_CrossCohort_scRNA/02_processed_data/phenotype/GSE26378_pheno.csv,GSE26378_pheno.csv,/Users/felix/Documents/Sepsis_CrossCohort_scRNA/02_processed_data/phenotype,csv,0.145,2026-05-06 14:16:10.880954,metadata_candidate,TRUE,TRUE,"",0,FALSE
/Users/felix/Documents/Sepsis_CrossCohort_scRNA/02_processed_data/phenotype/GSE26440_pheno_harmonized.csv,GSE26440_pheno_harmonized.csv,/Users/felix/Documents/Sepsis_CrossCohort_scRNA/02_processed_data/phenotype,csv,0.009,2026-05-06 21:05:02.749577,metadata_candidate,TRUE,TRUE,"",0,TRUE
/Users/felix/Documents/Sepsis_CrossCohort_scRNA/02_processed_data/phenotype/GSE26440_pheno.csv,GSE26440_pheno.csv,/Users/felix/Documents/Sepsis_CrossCohort_scRNA/02_processed_data/phenotype,csv,0.184,2026-05-06 14:16:12.776579,metadata_candidate,TRUE,TRUE,"",0,TRUE
/Users/felix/Documents/Sepsis_CrossCohort_scRNA/02_processed_data/phenotype/GSE28750_pheno_harmonized.csv,GSE28750_pheno_harmonized.csv,/Users/felix/Documents/Sepsis_CrossCohort_scRNA/02_processed_data/phenotype,csv,0.003,2026-05-06 21:05:03.015333,metadata_candidate,TRUE,TRUE,"",0,TRUE
/Users/felix/Documents/Sepsis_CrossCohort_scRNA/02_processed_data/phenotype/GSE28750_pheno.csv,GSE28750_pheno.csv,/Users/felix/Documents/Sepsis_CrossCohort_scRNA/02_processed_data/phenotype,csv,0.07,2026-05-06 14:16:13.560661,metadata_candidate,TRUE,TRUE,"",0,FALSE
/Users/felix/Documents/Sepsis_CrossCohort_scRNA/02_processed_data/phenotype/GSE4607_pheno_harmonized.csv,GSE4607_pheno_harmonized.csv,/Users/felix/Documents/Sepsis_CrossCohort_scRNA/02_processed_data/phenotype,csv,0.007,2026-05-06 21:05:03.287984,metadata_candidate,TRUE,TRUE,"",0,TRUE
/Users/felix/Documents/Sepsis_CrossCohort_scRNA/02_processed_data/phenotype/GSE4607_pheno.csv,GSE4607_pheno.csv,/Users/felix/Documents/Sepsis_CrossCohort_scRNA/02_processed_data/phenotype,csv,0.384,2026-05-06 14:16:15.346869,metadata_candidate,TRUE,TRUE,"",0,TRUE
/Users/felix/Documents/Sepsis_CrossCohort_scRNA/02_processed_data/phenotype/GSE54514_pheno_harmonized.csv,GSE54514_pheno_harmonized.csv,/Users/felix/Documents/Sepsis_CrossCohort_scRNA/02_processed_data/phenotype,csv,0.012,2026-05-06 21:05:03.469433,metadata_candidate,TRUE,TRUE,"",0,TRUE
/Users/felix/Documents/Sepsis_CrossCohort_scRNA/02_processed_data/phenotype/GSE54514_pheno.csv,GSE54514_pheno.csv,/Users/felix/Documents/Sepsis_CrossCohort_scRNA/02_processed_data/phenotype,csv,0.222,2026-05-06 14:16:16.432767,metadata_candidate,TRUE,TRUE,"",0,TRUE
/Users/felix/Documents/Sepsis_CrossCohort_scRNA/02_processed_data/phenotype/GSE57065_pheno_harmonized.csv,GSE57065_pheno_harmonized.csv,/Users/felix/Documents/Sepsis_CrossCohort_scRNA/02_processed_data/phenotype,csv,0.007,2026-05-06 21:05:03.774805,metadata_candidate,TRUE,TRUE,"",0,TRUE
/Users/felix/Documents/Sepsis_CrossCohort_scRNA/02_processed_data/phenotype/GSE57065_pheno.csv,GSE57065_pheno.csv,/Users/felix/Documents/Sepsis_CrossCohort_scRNA/02_processed_data/phenotype,csv,0.102,2026-05-06 14:16:18.115714,metadata_candidate,TRUE,TRUE,"",0,FALSE
/Users/felix/Documents/Sepsis_CrossCohort_scRNA/02_processed_data/phenotype/GSE63042_pheno_harmonized.csv,GSE63042_pheno_harmonized.csv,/Users/felix/Documents/Sepsis_CrossCohort_scRNA/02_processed_data/phenotype,csv,0.008,2026-05-06 21:05:03.776665,metadata_candidate,TRUE,TRUE,"",0,TRUE
/Users/felix/Documents/Sepsis_CrossCohort_scRNA/02_processed_data/phenotype/GSE63042_pheno.csv,GSE63042_pheno.csv,/Users/felix/Documents/Sepsis_CrossCohort_scRNA/02_processed_data/phenotype,csv,0.595,2026-05-06 14:16:18.119249,metadata_candidate,TRUE,TRUE,"",0,TRUE
/Users/felix/Documents/Sepsis_CrossCohort_scRNA/02_processed_data/phenotype/GSE65682_pheno_harmonized.csv,GSE65682_pheno_harmonized.csv,/Users/felix/Documents/Sepsis_CrossCohort_scRNA/02_processed_data/phenotype,csv,0.05,2026-05-06 21:05:04.492032,metadata_candidate,TRUE,TRUE,"",0,TRUE
/Users/felix/Documents/Sepsis_CrossCohort_scRNA/02_processed_data/phenotype/GSE65682_pheno.csv,GSE65682_pheno.csv,/Users/felix/Documents/Sepsis_CrossCohort_scRNA/02_processed_data/phenotype,csv,1.697,2026-05-06 14:16:23.187404,metadata_candidate,TRUE,TRUE,"",0,TRUE
/Users/felix/Documents/Sepsis_CrossCohort_scRNA/02_processed_data/phenotype/GSE69528_pheno_harmonized.csv,GSE69528_pheno_harmonized.csv,/Users/felix/Documents/Sepsis_CrossCohort_scRNA/02_processed_data/phenotype,csv,0.01,2026-05-06 21:05:04.628598,metadata_candidate,TRUE,TRUE,"",0,TRUE
/Users/felix/Documents/Sepsis_CrossCohort_scRNA/02_processed_data/phenotype/GSE69528_pheno.csv,GSE69528_pheno.csv,/Users/felix/Documents/Sepsis_CrossCohort_scRNA/02_processed_data/phenotype,csv,0.164,2026-05-06 14:16:23.922066,metadata_candidate,TRUE,TRUE,"",0,TRUE
/Users/felix/Documents/Sepsis_CrossCohort_scRNA/02_processed_data/phenotype/GSE74224_pheno_harmonized.csv,GSE74224_pheno_harmonized.csv,/Users/felix/Documents/Sepsis_CrossCohort_scRNA/02_processed_data/phenotype,csv,0.007,2026-05-06 21:05:04.767415,metadata_candidate,TRUE,TRUE,"",0,TRUE
/Users/felix/Documents/Sepsis_CrossCohort_scRNA/02_processed_data/phenotype/GSE74224_pheno.csv,GSE74224_pheno.csv,/Users/felix/Documents/Sepsis_CrossCohort_scRNA/02_processed_data/phenotype,csv,0.151,2026-05-06 14:16:24.430243,metadata_candidate,TRUE,TRUE,"",0,TRUE
/Users/felix/Documents/Sepsis_CrossCohort_scRNA/02_processed_data/phenotype/GSE95233_pheno_harmonized.csv,GSE95233_pheno_harmonized.csv,/Users/felix/Documents/Sepsis_CrossCohort_scRNA/02_processed_data/phenotype,csv,0.008,2026-05-06 21:05:05.103114,metadata_candidate,TRUE,TRUE,"",0,TRUE
/Users/felix/Documents/Sepsis_CrossCohort_scRNA/02_processed_data/phenotype/GSE95233_pheno.csv,GSE95233_pheno.csv,/Users/felix/Documents/Sepsis_CrossCohort_scRNA/02_processed_data/phenotype,csv,0.164,2026-05-06 14:16:26.361624,metadata_candidate,TRUE,TRUE,"",0,FALSE
/Users/felix/Documents/Sepsis_CrossCohort_scRNA/02_processed_data/phenotype/P00_GSE137340_pheno_raw.csv,P00_GSE137340_pheno_raw.csv,/Users/felix/Documents/Sepsis_CrossCohort_scRNA/02_processed_data/phenotype,csv,0.079,2026-05-06 23:44:14.326894,metadata_candidate,TRUE,TRUE,"",0,TRUE
/Users/felix/Documents/Sepsis_CrossCohort_scRNA/02_processed_data/phenotype/P00_GSE236713_pheno_raw.csv,P00_GSE236713_pheno_raw.csv,/Users/felix/Documents/Sepsis_CrossCohort_scRNA/02_processed_data/phenotype,csv,1.186,2026-05-06 23:44:49.9053,metadata_candidate,TRUE,TRUE,"",0,TRUE
/Users/felix/Documents/Sepsis_CrossCohort_scRNA/02_processed_data/phenotype/P00_GSE54514_pheno_raw.csv,P00_GSE54514_pheno_raw.csv,/Users/felix/Documents/Sepsis_CrossCohort_scRNA/02_processed_data/phenotype,csv,0.225,2026-05-06 23:43:16.192353,metadata_candidate,TRUE,TRUE,"",0,TRUE
/Users/felix/Documents/Sepsis_CrossCohort_scRNA/02_processed_data/phenotype/P00_GSE57065_pheno_raw.csv,P00_GSE57065_pheno_raw.csv,/Users/felix/Documents/Sepsis_CrossCohort_scRNA/02_processed_data/phenotype,csv,0.104,2026-05-06 23:43:28.213672,metadata_candidate,TRUE,TRUE,"",0,TRUE
/Users/felix/Documents/Sepsis_CrossCohort_scRNA/02_processed_data/phenotype/P00_GSE65682_pheno_raw.csv,P00_GSE65682_pheno_raw.csv,/Users/felix/Documents/Sepsis_CrossCohort_scRNA/02_processed_data/phenotype,csv,1.714,2026-05-06 23:43:11.943737,metadata_candidate,TRUE,TRUE,"",0,TRUE
/Users/felix/Documents/Sepsis_CrossCohort_scRNA/02_processed_data/phenotype/P00_GSE95233_pheno_raw.csv,P00_GSE95233_pheno_raw.csv,/Users/felix/Documents/Sepsis_CrossCohort_scRNA/02_processed_data/phenotype,csv,0.167,2026-05-06 23:43:22.857173,metadata_candidate,TRUE,TRUE,"",0,TRUE
/Users/felix/Downloads/GPL17077_full_table.txt,GPL17077_full_table.txt,/Users/felix/Downloads,txt,26.461,2026-05-07 21:23:37.969575,unknown,FALSE,FALSE,"",0,FALSE
/Users/felix/Downloads/晏梓豪 伦理审查/07 项目组成员信息.xlsx,07 项目组成员信息.xlsx,/Users/felix/Downloads/晏梓豪 伦理审查,xlsx,0.01,2026-04-11 15:54:50.9025,unknown,FALSE,FALSE,"",0,FALSE
/Users/felix/Downloads/李欣卓 伦理审查/项目组成员信息.xlsx,项目组成员信息.xlsx,/Users/felix/Downloads/李欣卓 伦理审查,xlsx,0.01,2026-04-11 22:11:40.982774,unknown,FALSE,FALSE,"",0,FALSE
/Users/felix/Documents/NLRP/脓毒症患者信息收集表含评分.xlsx,脓毒症患者信息收集表含评分.xlsx,/Users/felix/Documents/NLRP,xlsx,0.036,2025-05-13 14:03:02.619817,unknown,FALSE,FALSE,"",0,FALSE
/Users/felix/Documents/NLRP/脓毒症患者血小板相关参数.xlsx,脓毒症患者血小板相关参数.xlsx,/Users/felix/Documents/NLRP,xlsx,0.976,2025-01-12 21:54:34.85,unknown,FALSE,FALSE,"",0,FALSE
/Users/felix/Documents/Sepsis_CrossCohort_scRNA/00_admin/T01_dataset_screening_log_cleaned.xlsx,T01_dataset_screening_log_cleaned.xlsx,/Users/felix/Documents/Sepsis_CrossCohort_scRNA/00_admin,xlsx,0.008,2026-05-06 20:46:51.733526,unknown,FALSE,FALSE,"",0,TRUE
/Users/felix/Documents/Sepsis_CrossCohort_scRNA/00_admin/T01_dataset_screening_log.xlsx,T01_dataset_screening_log.xlsx,/Users/felix/Documents/Sepsis_CrossCohort_scRNA/00_admin,xlsx,0.008,2026-05-06 14:12:25.150056,unknown,FALSE,FALSE,"",0,TRUE
/Users/felix/Documents/Sepsis_CrossCohort_scRNA/00_admin/T02_harmonized_phenotype_overview.xlsx,T02_harmonized_phenotype_overview.xlsx,/Users/felix/Documents/Sepsis_CrossCohort_scRNA/00_admin,xlsx,0.148,2026-05-06 21:05:05.160735,metadata_candidate,TRUE,TRUE,"",0,TRUE
/Users/felix/Documents/Sepsis_CrossCohort_scRNA/02_clean_data/analysis_ready/combat_expr_DE_fixed.rds,combat_expr_DE_fixed.rds,/Users/felix/Documents/Sepsis_CrossCohort_scRNA/02_clean_data/analysis_ready,rds,0.138,2026-05-06 22:00:15.597736,rds_possible_seurat_or_sce,TRUE,FALSE,,,FALSE
/Users/felix/Documents/Sepsis_CrossCohort_scRNA/02_clean_data/analysis_ready/combat_expr_DE.rds,combat_expr_DE.rds,/Users/felix/Documents/Sepsis_CrossCohort_scRNA/02_clean_data/analysis_ready,rds,0.138,2026-05-06 21:32:51.419481,rds_possible_seurat_or_sce,TRUE,FALSE,,,FALSE
/Users/felix/Documents/Sepsis_CrossCohort_scRNA/02_clean_data/analysis_ready/merged_expr_DE.rds,merged_expr_DE.rds,/Users/felix/Documents/Sepsis_CrossCohort_scRNA/02_clean_data/analysis_ready,rds,5.747,2026-05-06 21:06:18.623421,rds_possible_seurat_or_sce,TRUE,FALSE,,,FALSE
/Users/felix/Documents/Sepsis_CrossCohort_scRNA/02_clean_data/analysis_ready/merged_pheno_DE_fixed.rds,merged_pheno_DE_fixed.rds,/Users/felix/Documents/Sepsis_CrossCohort_scRNA/02_clean_data/analysis_ready,rds,0,2026-05-06 22:00:15.598217,rds_possible_seurat_or_sce,TRUE,FALSE,,,FALSE
/Users/felix/Documents/Sepsis_CrossCohort_scRNA/02_clean_data/analysis_ready/merged_pheno_DE.rds,merged_pheno_DE.rds,/Users/felix/Documents/Sepsis_CrossCohort_scRNA/02_clean_data/analysis_ready,rds,0,2026-05-06 21:32:51.420056,rds_possible_seurat_or_sce,TRUE,FALSE,,,FALSE
/Users/felix/Documents/Sepsis_CrossCohort_scRNA/04_results/models/M08_LODO_model_objects.rds,M08_LODO_model_objects.rds,/Users/felix/Documents/Sepsis_CrossCohort_scRNA/04_results/models,rds,0.822,2026-05-07 22:31:47.240596,rds_possible_seurat_or_sce,TRUE,FALSE,,,FALSE
/Users/felix/Documents/Sepsis_CrossCohort_scRNA/04_results/processed_cohorts/single_cell_cohort.xlsx,single_cell_cohort.xlsx,/Users/felix/Documents/Sepsis_CrossCohort_scRNA/04_results/processed_cohorts,xlsx,0.007,2026-05-06 14:05:04.167128,tabular_expression_or_metadata_candidate,TRUE,FALSE,"",0,TRUE
/Users/felix/Documents/Sepsis_CrossCohort_scRNA/04_results/processed_cohorts/train_val_cohort.xlsx,train_val_cohort.xlsx,/Users/felix/Documents/Sepsis_CrossCohort_scRNA/04_results/processed_cohorts,xlsx,0.008,2026-05-06 14:05:04.154713,unknown,FALSE,FALSE,"",0,TRUE
/Users/felix/Documents/Sepsis_CrossCohort_scRNA/04_results/RNAseq_validation/T16a_candidate_expression_files.csv,T16a_candidate_expression_files.csv,/Users/felix/Documents/Sepsis_CrossCohort_scRNA/04_results/RNAseq_validation,csv,0.008,2026-05-08 14:42:49.691581,tabular_expression_or_metadata_candidate,TRUE,FALSE,"",0,TRUE
/Users/felix/Documents/Sepsis_CrossCohort_scRNA/04_results/RNAseq_validation/T16a_candidate_pheno_files.csv,T16a_candidate_pheno_files.csv,/Users/felix/Documents/Sepsis_CrossCohort_scRNA/04_results/RNAseq_validation,csv,0.008,2026-05-08 14:42:49.691748,metadata_candidate,TRUE,TRUE,"",0,TRUE
/Users/felix/Documents/Sepsis_CrossCohort_scRNA/04_results/RNAseq_validation/T16a_gene_detection_summary.csv,T16a_gene_detection_summary.csv,/Users/felix/Documents/Sepsis_CrossCohort_scRNA/04_results/RNAseq_validation,csv,0,2026-05-08 14:42:49.691898,unknown,FALSE,FALSE,RAB31;VNN1;TCN1;EMILIN2;ZDHHC19;ANKRD22;PGLYRP1;FAM20A;RNASE3;HK3;CD177;TDRD9;LILRA6;ARG1;C3AR1;WFDC1,16,FALSE
/Users/felix/Documents/Sepsis_CrossCohort_scRNA/04_results/RNAseq_validation/T16a_local_RNAseq_file_inventory.csv,T16a_local_RNAseq_file_inventory.csv,/Users/felix/Documents/Sepsis_CrossCohort_scRNA/04_results/RNAseq_validation,csv,0.037,2026-05-08 14:42:49.691375,unknown,FALSE,FALSE,"",0,TRUE
/Users/felix/Documents/Sepsis_CrossCohort_scRNA/04_results/RNAseq_validation/T16a_RNAseq_scan_summary.xlsx,T16a_RNAseq_scan_summary.xlsx,/Users/felix/Documents/Sepsis_CrossCohort_scRNA/04_results/RNAseq_validation,xlsx,0.029,2026-05-08 14:42:49.715342,unknown,FALSE,FALSE,"",0,FALSE
/Users/felix/Documents/Sepsis_CrossCohort_scRNA/04_results/RNAseq_validation/T16a_scan_summary.csv,T16a_scan_summary.csv,/Users/felix/Documents/Sepsis_CrossCohort_scRNA/04_results/RNAseq_validation,csv,0,2026-05-08 14:42:49.692034,unknown,FALSE,FALSE,"",0,FALSE
/Users/felix/Documents/Sepsis_CrossCohort_scRNA/04_results/tables/T00_core_series_matrix_parse_overview.xlsx,T00_core_series_matrix_parse_overview.xlsx,/Users/felix/Documents/Sepsis_CrossCohort_scRNA/04_results/tables,xlsx,0.081,2026-05-06 23:44:51.621011,tabular_expression_or_metadata_candidate,TRUE,FALSE,"",0,TRUE
/Users/felix/Documents/Sepsis_CrossCohort_scRNA/04_results/tables/T00_local_geo_download_scan_candidate_status.csv,T00_local_geo_download_scan_candidate_status.csv,/Users/felix/Documents/Sepsis_CrossCohort_scRNA/04_results/tables,csv,0.003,2026-05-06 23:39:11.644962,unknown,FALSE,FALSE,"",0,FALSE
/Users/felix/Documents/Sepsis_CrossCohort_scRNA/04_results/tables/T00_local_geo_download_scan.xlsx,T00_local_geo_download_scan.xlsx,/Users/felix/Documents/Sepsis_CrossCohort_scRNA/04_results/tables,xlsx,0.017,2026-05-06 23:39:11.673835,unknown,FALSE,FALSE,"",0,FALSE
/Users/felix/Documents/Sepsis_CrossCohort_scRNA/04_results/tables/T01_core_included_sample_map.csv,T01_core_included_sample_map.csv,/Users/felix/Documents/Sepsis_CrossCohort_scRNA/04_results/tables,csv,0.186,2026-05-07 00:00:12.382408,unknown,FALSE,FALSE,"",0,TRUE
/Users/felix/Documents/Sepsis_CrossCohort_scRNA/04_results/tables/T01_core_sample_group_harmonization.csv,T01_core_sample_group_harmonization.csv,/Users/felix/Documents/Sepsis_CrossCohort_scRNA/04_results/tables,csv,0.766,2026-05-07 00:00:12.379339,unknown,FALSE,FALSE,"",0,TRUE
/Users/felix/Documents/Sepsis_CrossCohort_scRNA/04_results/tables/T01_core_sample_group_harmonization.xlsx,T01_core_sample_group_harmonization.xlsx,/Users/felix/Documents/Sepsis_CrossCohort_scRNA/04_results/tables,xlsx,0.219,2026-05-07 00:00:12.491968,unknown,FALSE,FALSE,"",0,TRUE
/Users/felix/Documents/Sepsis_CrossCohort_scRNA/04_results/tables/T01b_debug_pheno_GSE57065_GSE236713.xlsx,T01b_debug_pheno_GSE57065_GSE236713.xlsx,/Users/felix/Documents/Sepsis_CrossCohort_scRNA/04_results/tables,xlsx,0.085,2026-05-06 23:54:38.232536,metadata_candidate,TRUE,TRUE,"",0,TRUE
/Users/felix/Documents/Sepsis_CrossCohort_scRNA/04_results/tables/T03_QC_DEG_visualization_summary.xlsx,T03_QC_DEG_visualization_summary.xlsx,/Users/felix/Documents/Sepsis_CrossCohort_scRNA/04_results/tables,xlsx,0.154,2026-05-07 22:02:51.004813,unknown,FALSE,FALSE,"",0,FALSE
/Users/felix/Documents/Sepsis_CrossCohort_scRNA/04_results/tables/T03_QC_PCA_coordinates.csv,T03_QC_PCA_coordinates.csv,/Users/felix/Documents/Sepsis_CrossCohort_scRNA/04_results/tables,csv,0.394,2026-05-07 22:02:47.038268,unknown,FALSE,FALSE,"",0,TRUE
/Users/felix/Documents/Sepsis_CrossCohort_scRNA/04_results/tables/T03_QC_possible_outlier_samples.csv,T03_QC_possible_outlier_samples.csv,/Users/felix/Documents/Sepsis_CrossCohort_scRNA/04_results/tables,csv,0,2026-05-07 22:02:50.520513,unknown,FALSE,FALSE,"",0,TRUE
/Users/felix/Documents/Sepsis_CrossCohort_scRNA/04_results/tables/T03_QC_sample_expression_summary.csv,T03_QC_sample_expression_summary.csv,/Users/felix/Documents/Sepsis_CrossCohort_scRNA/04_results/tables,csv,0.393,2026-05-07 22:02:50.046877,tabular_expression_or_metadata_candidate,TRUE,FALSE,"",0,TRUE
/Users/felix/Documents/Sepsis_CrossCohort_scRNA/04_results/tables/T03_QC_top50_DEG_heatmap_genes.csv,T03_QC_top50_DEG_heatmap_genes.csv,/Users/felix/Documents/Sepsis_CrossCohort_scRNA/04_results/tables,csv,0,2026-05-07 22:02:50.928768,unknown,FALSE,FALSE,VNN1;TCN1;ANKRD22;CD177;TDRD9;LILRA6;ARG1,7,FALSE
/Users/felix/Documents/SepSMART_restart/00_protocol/GSE26378_pheno_field_report.csv,GSE26378_pheno_field_report.csv,/Users/felix/Documents/SepSMART_restart/00_protocol,csv,0.005,2026-01-25 14:03:08.480977,metadata_candidate,TRUE,TRUE,"",0,TRUE
/Users/felix/Documents/SepSMART_restart/00_protocol/GSE28750_pheno_field_report.csv,GSE28750_pheno_field_report.csv,/Users/felix/Documents/SepSMART_restart/00_protocol,csv,0.005,2026-01-25 14:03:13.196286,metadata_candidate,TRUE,TRUE,"",0,TRUE
/Users/felix/Documents/SepSMART_restart/01_data_raw/GSE26378/GSE26378_eset.rds,GSE26378_eset.rds,/Users/felix/Documents/SepSMART_restart/01_data_raw/GSE26378,rds,21.334,2026-01-25 14:03:08.409899,rds_possible_seurat_or_sce,TRUE,FALSE,,,FALSE
/Users/felix/Documents/SepSMART_restart/01_data_raw/GSE28750/GSE28750_eset.rds,GSE28750_eset.rds,/Users/felix/Documents/SepSMART_restart/01_data_raw/GSE28750,rds,25.422,2026-01-25 14:03:13.154028,rds_possible_seurat_or_sce,TRUE,FALSE,,,FALSE
/Users/felix/Documents/SepSMART_restart/01_data_raw/GSE65682_single_platform_ExpressionSet.rds,GSE65682_single_platform_ExpressionSet.rds,/Users/felix/Documents/SepSMART_restart/01_data_raw,rds,153.255,2026-01-25 12:49:04.681839,rds_possible_seurat_or_sce,TRUE,FALSE,,,FALSE
/Users/felix/Documents/SepSMART_restart/01_data_raw/GSE65682/GSE65682_eset.rds,GSE65682_eset.rds,/Users/felix/Documents/SepSMART_restart/01_data_raw/GSE65682,rds,153.255,2026-01-25 14:40:38.777599,rds_possible_seurat_or_sce,TRUE,FALSE,,,FALSE
/Users/felix/Documents/SepSMART_restart/02_data_clean/GSE26378_pheno_labeled.csv,GSE26378_pheno_labeled.csv,/Users/felix/Documents/SepSMART_restart/02_data_clean,csv,0.138,2026-01-25 14:08:11.121678,metadata_candidate,TRUE,TRUE,"",0,FALSE
/Users/felix/Documents/SepSMART_restart/02_data_clean/GSE26378_pheno.csv,GSE26378_pheno.csv,/Users/felix/Documents/SepSMART_restart/02_data_clean,csv,0.136,2026-01-25 14:03:08.412685,metadata_candidate,TRUE,TRUE,"",0,FALSE
/Users/felix/Documents/SepSMART_restart/02_data_clean/GSE26378_platform.txt,GSE26378_platform.txt,/Users/felix/Documents/SepSMART_restart/02_data_clean,txt,0,2026-01-25 14:03:08.410221,unknown,FALSE,FALSE,"",0,FALSE
/Users/felix/Documents/SepSMART_restart/02_data_clean/GSE26378_SepSMART_expr.csv,GSE26378_SepSMART_expr.csv,/Users/felix/Documents/SepSMART_restart/02_data_clean,csv,0.012,2026-03-18 12:12:03.962599,tabular_expression_or_metadata_candidate,TRUE,FALSE,HK3,1,FALSE
/Users/felix/Documents/SepSMART_restart/02_data_clean/GSE28750_pheno_labeled.csv,GSE28750_pheno_labeled.csv,/Users/felix/Documents/SepSMART_restart/02_data_clean,csv,0.069,2026-01-25 14:08:11.128374,metadata_candidate,TRUE,TRUE,"",0,FALSE
/Users/felix/Documents/SepSMART_restart/02_data_clean/GSE28750_pheno.csv,GSE28750_pheno.csv,/Users/felix/Documents/SepSMART_restart/02_data_clean,csv,0.067,2026-01-25 14:03:13.156712,metadata_candidate,TRUE,TRUE,"",0,FALSE
/Users/felix/Documents/SepSMART_restart/02_data_clean/GSE28750_platform.txt,GSE28750_platform.txt,/Users/felix/Documents/SepSMART_restart/02_data_clean,txt,0,2026-01-25 14:03:13.155007,unknown,FALSE,FALSE,"",0,FALSE
/Users/felix/Documents/SepSMART_restart/02_data_clean/GSE28750_SepSMART_expr.csv,GSE28750_SepSMART_expr.csv,/Users/felix/Documents/SepSMART_restart/02_data_clean,csv,0.003,2026-03-18 12:12:04.414246,tabular_expression_or_metadata_candidate,TRUE,FALSE,HK3,1,FALSE
/Users/felix/Documents/SepSMART_restart/02_data_clean/GSE65682_abdo_casecontrol_expr.rds,GSE65682_abdo_casecontrol_expr.rds,/Users/felix/Documents/SepSMART_restart/02_data_clean,rds,7.733,2026-01-25 12:58:35.893646,rds_possible_seurat_or_sce,TRUE,FALSE,,,FALSE
/Users/felix/Documents/SepSMART_restart/02_data_clean/GSE65682_abdo_casecontrol_meta.rds,GSE65682_abdo_casecontrol_meta.rds,/Users/felix/Documents/SepSMART_restart/02_data_clean,rds,0.008,2026-01-25 12:58:35.897112,rds_possible_seurat_or_sce,TRUE,FALSE,,,FALSE
/Users/felix/Documents/SepSMART_restart/02_data_clean/GSE65682_abdo_casecontrol_samples.csv,GSE65682_abdo_casecontrol_samples.csv,/Users/felix/Documents/SepSMART_restart/02_data_clean,csv,0.001,2026-01-25 12:58:35.897485,unknown,FALSE,FALSE,"",0,TRUE
/Users/felix/Documents/SepSMART_restart/02_data_clean/GSE65682_abdo_final_glm_model.rds,GSE65682_abdo_final_glm_model.rds,/Users/felix/Documents/SepSMART_restart/02_data_clean,rds,0.018,2026-01-25 13:08:02.014874,rds_possible_seurat_or_sce,TRUE,FALSE,,,FALSE
/Users/felix/Documents/SepSMART_restart/02_data_clean/GSE65682_abdo_final_lasso_model.rds,GSE65682_abdo_final_lasso_model.rds,/Users/felix/Documents/SepSMART_restart/02_data_clean,rds,0.006,2026-01-25 13:08:02.02841,rds_possible_seurat_or_sce,TRUE,FALSE,,,FALSE
/Users/felix/Documents/SepSMART_restart/02_data_clean/GSE65682_mortality_final_glm_model.rds,GSE65682_mortality_final_glm_model.rds,/Users/felix/Documents/SepSMART_restart/02_data_clean,rds,0.089,2026-01-25 13:24:15.975446,rds_possible_seurat_or_sce,TRUE,FALSE,,,FALSE
/Users/felix/Documents/SepSMART_restart/02_data_clean/GSE65682_mortality_final_lasso_model.rds,GSE65682_mortality_final_lasso_model.rds,/Users/felix/Documents/SepSMART_restart/02_data_clean,rds,0.005,2026-01-25 13:24:15.977364,rds_possible_seurat_or_sce,TRUE,FALSE,,,FALSE
/Users/felix/Documents/SepSMART_restart/02_data_clean/GSE65682_mortality28d_expr.rds,GSE65682_mortality28d_expr.rds,/Users/felix/Documents/SepSMART_restart/02_data_clean,rds,39.622,2026-01-25 12:58:36.92094,rds_possible_seurat_or_sce,TRUE,FALSE,,,FALSE
/Users/felix/Documents/SepSMART_restart/02_data_clean/GSE65682_mortality28d_meta.rds,GSE65682_mortality28d_meta.rds,/Users/felix/Documents/SepSMART_restart/02_data_clean,rds,0.029,2026-01-25 12:58:36.927741,rds_possible_seurat_or_sce,TRUE,FALSE,,,FALSE
/Users/felix/Documents/SepSMART_restart/02_data_clean/GSE65682_mortality28d_samples.csv,GSE65682_mortality28d_samples.csv,/Users/felix/Documents/SepSMART_restart/02_data_clean,csv,0.007,2026-01-25 12:58:36.929029,unknown,FALSE,FALSE,"",0,TRUE
/Users/felix/Documents/SepSMART_restart/02_data_clean/GSE65682_SepSMART_expr.csv,GSE65682_SepSMART_expr.csv,/Users/felix/Documents/SepSMART_restart/02_data_clean,csv,0.068,2026-01-25 14:45:58.372234,tabular_expression_or_metadata_candidate,TRUE,FALSE,HK3,1,FALSE
/Users/felix/Documents/SepSMART_restart/02_data_clean/GSE65682_single_platform_expr_clean.rds,GSE65682_single_platform_expr_clean.rds,/Users/felix/Documents/SepSMART_restart/02_data_clean,rds,66.308,2026-01-25 12:49:07.763925,rds_possible_seurat_or_sce,TRUE,FALSE,,,FALSE
/Users/felix/Documents/SepSMART_restart/02_data_clean/GSE65682_single_platform_pheno.csv,GSE65682_single_platform_pheno.csv,/Users/felix/Documents/SepSMART_restart/02_data_clean,csv,1.61,2026-01-25 12:49:07.776994,metadata_candidate,TRUE,TRUE,"",0,FALSE
/Users/felix/Documents/SepSMART_restart/02_data_clean/GSE65682_single_platform_pheno.rds,GSE65682_single_platform_pheno.rds,/Users/felix/Documents/SepSMART_restart/02_data_clean,rds,0.044,2026-01-25 12:49:07.775197,rds_possible_seurat_or_sce,TRUE,FALSE,,,FALSE
/Users/felix/Documents/SepSMART_restart/04_results/audit_all_gse_mentions.csv,audit_all_gse_mentions.csv,/Users/felix/Documents/SepSMART_restart/04_results,csv,0.071,2026-03-28 17:34:03.610399,unknown,FALSE,FALSE,"",0,FALSE
/Users/felix/Documents/SepSMART_restart/04_results/audit_origin_chain_accession_summary.csv,audit_origin_chain_accession_summary.csv,/Users/felix/Documents/SepSMART_restart/04_results,csv,0.021,2026-03-28 17:34:03.619673,unknown,FALSE,FALSE,"",0,FALSE
/Users/felix/Documents/SepSMART_restart/04_results/audit_origin_chain_clean_check.csv,audit_origin_chain_clean_check.csv,/Users/felix/Documents/SepSMART_restart/04_results,csv,0,2026-03-28 17:58:25.208487,unknown,FALSE,FALSE,"",0,FALSE
/Users/felix/Documents/SepSMART_restart/04_results/audit_origin_chain_clean_hits.csv,audit_origin_chain_clean_hits.csv,/Users/felix/Documents/SepSMART_restart/04_results,csv,0.118,2026-03-28 17:58:25.204721,unknown,FALSE,FALSE,"",0,FALSE
/Users/felix/Documents/SepSMART_restart/04_results/audit_origin_chain_clean_summary.csv,audit_origin_chain_clean_summary.csv,/Users/felix/Documents/SepSMART_restart/04_results,csv,0.035,2026-03-28 17:58:25.207698,unknown,FALSE,FALSE,"",0,FALSE
/Users/felix/Documents/SepSMART_restart/04_results/audit_origin_chain_gse_hits.csv,audit_origin_chain_gse_hits.csv,/Users/felix/Documents/SepSMART_restart/04_results,csv,0.071,2026-03-28 17:34:03.61677,unknown,FALSE,FALSE,"",0,FALSE
/Users/felix/Documents/SepSMART_restart/04_results/audit_requested_three_accessions_check.csv,audit_requested_three_accessions_check.csv,/Users/felix/Documents/SepSMART_restart/04_results,csv,0,2026-03-28 17:34:03.620581,unknown,FALSE,FALSE,"",0,FALSE
/Users/felix/Documents/SepSMART_restart/04_results/F0_GSE65682_single_platform_SepSMART_gene_presence.csv,F0_GSE65682_single_platform_SepSMART_gene_presence.csv,/Users/felix/Documents/SepSMART_restart/04_results,csv,0,2026-01-25 12:49:09.911139,unknown,FALSE,FALSE,HK3,1,FALSE
/Users/felix/Documents/SepSMART_restart/04_results/Figures_inventory.csv,Figures_inventory.csv,/Users/felix/Documents/SepSMART_restart/04_results,csv,0.002,2026-02-04 13:49:00.730204,unknown,FALSE,FALSE,"",0,FALSE
/Users/felix/Documents/SepSMART_restart/04_results/GSE65682_abdo_final_glm_model_coefficients.csv,GSE65682_abdo_final_glm_model_coefficients.csv,/Users/felix/Documents/SepSMART_restart/04_results,csv,0,2026-03-08 14:34:29.051764,unknown,FALSE,FALSE,HK3,1,FALSE
/Users/felix/Documents/SepSMART_restart/04_results/GSE65682_abdo_final_glm_model_deep_structure.csv,GSE65682_abdo_final_glm_model_deep_structure.csv,/Users/felix/Documents/SepSMART_restart/04_results,csv,0.005,2026-03-08 14:33:56.457538,unknown,FALSE,FALSE,"",0,FALSE
/Users/felix/Documents/SepSMART_restart/04_results/GSE65682_abdo_final_lasso_model_deep_structure.csv,GSE65682_abdo_final_lasso_model_deep_structure.csv,/Users/felix/Documents/SepSMART_restart/04_results,csv,0.002,2026-03-08 14:33:56.464537,unknown,FALSE,FALSE,"",0,FALSE
/Users/felix/Documents/SepSMART_restart/04_results/GSE65682_mortality_final_glm_model_coefficients.csv,GSE65682_mortality_final_glm_model_coefficients.csv,/Users/felix/Documents/SepSMART_restart/04_results,csv,0,2026-03-08 14:34:29.053561,unknown,FALSE,FALSE,HK3,1,FALSE
/Users/felix/Documents/SepSMART_restart/04_results/GSE65682_mortality_final_glm_model_deep_structure.csv,GSE65682_mortality_final_glm_model_deep_structure.csv,/Users/felix/Documents/SepSMART_restart/04_results,csv,0.005,2026-03-08 14:33:56.479123,unknown,FALSE,FALSE,"",0,FALSE
/Users/felix/Documents/SepSMART_restart/04_results/GSE65682_mortality_final_lasso_model_deep_structure.csv,GSE65682_mortality_final_lasso_model_deep_structure.csv,/Users/felix/Documents/SepSMART_restart/04_results,csv,0.002,2026-03-08 14:33:56.485075,unknown,FALSE,FALSE,"",0,FALSE
/Users/felix/Documents/SepSMART_restart/04_results/Methods_AUROC_CI_evidence.txt,Methods_AUROC_CI_evidence.txt,/Users/felix/Documents/SepSMART_restart/04_results,txt,0.004,2026-02-04 15:12:51.684123,unknown,FALSE,FALSE,"",0,FALSE
/Users/felix/Documents/SepSMART_restart/04_results/Methods_calibration_plot_evidence.txt,Methods_calibration_plot_evidence.txt,/Users/felix/Documents/SepSMART_restart/04_results,txt,0.004,2026-02-04 15:12:51.703292,unknown,FALSE,FALSE,"",0,FALSE
/Users/felix/Documents/SepSMART_restart/04_results/Methods_CV_probe_evidence.txt,Methods_CV_probe_evidence.txt,/Users/felix/Documents/SepSMART_restart/04_results,txt,0.01,2026-02-04 15:12:51.709322,unknown,FALSE,FALSE,"",0,FALSE
/Users/felix/Documents/SepSMART_restart/04_results/Methods_evidence_SUMMARY.txt,Methods_evidence_SUMMARY.txt,/Users/felix/Documents/SepSMART_restart/04_results,txt,0.001,2026-02-04 15:12:51.710242,unknown,FALSE,FALSE,"",0,FALSE
/Users/felix/Documents/SepSMART_restart/04_results/Methods_evidence/Methods_AUROC_CI_evidence.txt,Methods_AUROC_CI_evidence.txt,/Users/felix/Documents/SepSMART_restart/04_results/Methods_evidence,txt,0,2026-02-04 15:25:00.418945,unknown,FALSE,FALSE,"",0,FALSE
/Users/felix/Documents/SepSMART_restart/04_results/Methods_evidence/Methods_calibration_plot_evidence.txt,Methods_calibration_plot_evidence.txt,/Users/felix/Documents/SepSMART_restart/04_results/Methods_evidence,txt,0.002,2026-02-04 15:25:00.426575,unknown,FALSE,FALSE,"",0,FALSE
/Users/felix/Documents/SepSMART_restart/04_results/Methods_evidence/Methods_CV_probe_evidence.txt,Methods_CV_probe_evidence.txt,/Users/felix/Documents/SepSMART_restart/04_results/Methods_evidence,txt,0.024,2026-02-04 15:25:00.484166,unknown,FALSE,FALSE,"",0,FALSE
/Users/felix/Documents/SepSMART_restart/04_results/Methods_evidence/Methods_DCA_evidence.txt,Methods_DCA_evidence.txt,/Users/felix/Documents/SepSMART_restart/04_results/Methods_evidence,txt,0,2026-02-04 15:25:00.424169,unknown,FALSE,FALSE,"",0,FALSE
/Users/felix/Documents/SepSMART_restart/04_results/Methods_evidence/Methods_evidence_SUMMARY.txt,Methods_evidence_SUMMARY.txt,/Users/felix/Documents/SepSMART_restart/04_results/Methods_evidence,txt,0.001,2026-02-04 15:25:00.484706,unknown,FALSE,FALSE,"",0,FALSE
/Users/felix/Documents/SepSMART_restart/04_results/Methods_evidence/Methods_recalibration_scope.txt,Methods_recalibration_scope.txt,/Users/felix/Documents/SepSMART_restart/04_results/Methods_evidence,txt,0.001,2026-02-04 15:58:06.132233,unknown,FALSE,FALSE,"",0,FALSE
/Users/felix/Documents/SepSMART_restart/04_results/Methods_evidence/Methods_survival_evidence.txt,Methods_survival_evidence.txt,/Users/felix/Documents/SepSMART_restart/04_results/Methods_evidence,txt,0.055,2026-02-04 16:04:27.489756,unknown,FALSE,FALSE,"",0,FALSE
/Users/felix/Documents/SepSMART_restart/04_results/methods_model_keyword_hits.csv,methods_model_keyword_hits.csv,/Users/felix/Documents/SepSMART_restart/04_results,csv,0.299,2026-03-08 14:30:16.803932,unknown,FALSE,FALSE,"",0,FALSE
/Users/felix/Documents/SepSMART_restart/04_results/Methods_software_versions.txt,Methods_software_versions.txt,/Users/felix/Documents/SepSMART_restart/04_results,txt,0,2026-02-04 13:49:00.733903,unknown,FALSE,FALSE,"",0,FALSE
/Users/felix/Documents/SepSMART_restart/04_results/possible_supp_files.txt,possible_supp_files.txt,/Users/felix/Documents/SepSMART_restart/04_results,txt,0.006,2026-03-08 14:36:32.050828,unknown,FALSE,FALSE,"",0,FALSE
/Users/felix/Documents/SepSMART_restart/04_results/probe_to_gene_aggregation_high_signal_hits.csv,probe_to_gene_aggregation_high_signal_hits.csv,/Users/felix/Documents/SepSMART_restart/04_results,csv,0.001,2026-03-08 14:55:42.309884,unknown,FALSE,FALSE,"",0,FALSE
/Users/felix/Documents/SepSMART_restart/04_results/probe_to_gene_aggregation_hits.csv,probe_to_gene_aggregation_hits.csv,/Users/felix/Documents/SepSMART_restart/04_results,csv,0.055,2026-03-08 14:54:30.363269,unknown,FALSE,FALSE,"",0,FALSE
/Users/felix/Documents/SepSMART_restart/04_results/probe_to_gene_aggregation_inference.csv,probe_to_gene_aggregation_inference.csv,/Users/felix/Documents/SepSMART_restart/04_results,csv,0.001,2026-03-08 14:56:04.368534,unknown,FALSE,FALSE,"",0,FALSE
/Users/felix/Documents/SepSMART_restart/04_results/S_scripts_trace_CV_probe_calib_recal_survival.txt,S_scripts_trace_CV_probe_calib_recal_survival.txt,/Users/felix/Documents/SepSMART_restart/04_results,txt,0.124,2026-02-04 13:49:00.874972,unknown,FALSE,FALSE,"",0,FALSE
/Users/felix/Documents/SepSMART_restart/04_results/S4_candidate_files.txt,S4_candidate_files.txt,/Users/felix/Documents/SepSMART_restart/04_results,txt,0,2026-03-08 14:30:20.328759,unknown,FALSE,FALSE,"",0,FALSE
/Users/felix/Documents/SepSMART_restart/04_results/S6_initial_probe_manifest_clean.csv,S6_initial_probe_manifest_clean.csv,/Users/felix/Documents/SepSMART_restart/04_results,csv,0.001,2026-03-29 15:07:03.820148,unknown,FALSE,FALSE,HK3,1,FALSE
/Users/felix/Documents/SepSMART_restart/04_results/S6_initial_probe_manifest_from_eset.csv,S6_initial_probe_manifest_from_eset.csv,/Users/felix/Documents/SepSMART_restart/04_results,csv,0.002,2026-03-29 15:02:57.991413,unknown,FALSE,FALSE,HK3,1,FALSE
/Users/felix/Documents/SepSMART_restart/04_results/S6_probe_logic_hits_in_scripts.csv,S6_probe_logic_hits_in_scripts.csv,/Users/felix/Documents/SepSMART_restart/04_results,csv,0.009,2026-03-29 14:55:34.922039,unknown,FALSE,FALSE,"",0,FALSE
/Users/felix/Documents/SepSMART_restart/04_results/S6_probe_manifest_candidates.csv,S6_probe_manifest_candidates.csv,/Users/felix/Documents/SepSMART_restart/04_results,csv,0.002,2026-03-29 14:58:36.171366,unknown,FALSE,FALSE,"",0,FALSE
/Users/felix/Documents/SepSMART_restart/04_results/S6_probe_manifest_draft.csv,S6_probe_manifest_draft.csv,/Users/felix/Documents/SepSMART_restart/04_results,csv,0.006,2026-03-29 15:10:57.416159,unknown,FALSE,FALSE,"",0,FALSE
/Users/felix/Documents/SepSMART_restart/04_results/S6_probe_related_file_inventory.csv,S6_probe_related_file_inventory.csv,/Users/felix/Documents/SepSMART_restart/04_results,csv,0.002,2026-03-29 14:55:18.15576,unknown,FALSE,FALSE,"",0,FALSE
/Users/felix/Documents/SepSMART_restart/04_results/S6_refined_submission_table.csv,S6_refined_submission_table.csv,/Users/felix/Documents/SepSMART_restart/04_results,csv,0.006,2026-03-29 16:34:41.172449,unknown,FALSE,FALSE,"",0,FALSE
/Users/felix/Documents/SepSMART_restart/04_results/S7_candidate_accessions_expanded.csv,S7_candidate_accessions_expanded.csv,/Users/felix/Documents/SepSMART_restart/04_results,csv,0.034,2026-03-26 21:04:28.846156,unknown,FALSE,FALSE,"",0,TRUE
/Users/felix/Documents/SepSMART_restart/04_results/S7_candidate_gds_uids_from_rerun.csv,S7_candidate_gds_uids_from_rerun.csv,/Users/felix/Documents/SepSMART_restart/04_results,csv,0.003,2026-03-26 20:48:34.949507,unknown,FALSE,FALSE,"",0,FALSE
/Users/felix/Documents/SepSMART_restart/04_results/S7_dataset_screening_log_curated.csv,S7_dataset_screening_log_curated.csv,/Users/felix/Documents/SepSMART_restart/04_results,csv,0.004,2026-03-26 21:10:44.861881,unknown,FALSE,FALSE,"",0,FALSE
/Users/felix/Documents/SepSMART_restart/04_results/S7_dataset_screening_log_expanded_final.csv,S7_dataset_screening_log_expanded_final.csv,/Users/felix/Documents/SepSMART_restart/04_results,csv,0.006,2026-03-26 21:23:04.553535,unknown,FALSE,FALSE,"",0,FALSE
/Users/felix/Documents/SepSMART_restart/04_results/S7_dataset_screening_log_expanded.csv,S7_dataset_screening_log_expanded.csv,/Users/felix/Documents/SepSMART_restart/04_results,csv,0.006,2026-03-26 21:19:39.600956,unknown,FALSE,FALSE,"",0,FALSE
/Users/felix/Documents/SepSMART_restart/04_results/S7_GEO_search_strategy_and_dataset_screening_log.xlsx,S7_GEO_search_strategy_and_dataset_screening_log.xlsx,/Users/felix/Documents/SepSMART_restart/04_results,xlsx,0.036,2026-03-26 21:23:04.606873,unknown,FALSE,FALSE,"",0,FALSE
/Users/felix/Documents/SepSMART_restart/04_results/S8_eset_provenance_summary.csv,S8_eset_provenance_summary.csv,/Users/felix/Documents/SepSMART_restart/04_results,csv,0.026,2026-03-29 15:02:55.338381,unknown,FALSE,FALSE,"",0,FALSE
/Users/felix/Documents/SepSMART_restart/04_results/S8_expression_object_summaries_full.csv,S8_expression_object_summaries_full.csv,/Users/felix/Documents/SepSMART_restart/04_results,csv,0.001,2026-03-29 14:58:36.170366,tabular_expression_or_metadata_candidate,TRUE,FALSE,"",0,FALSE
/Users/felix/Documents/SepSMART_restart/04_results/S8_expression_object_summaries.csv,S8_expression_object_summaries.csv,/Users/felix/Documents/SepSMART_restart/04_results,csv,0.001,2026-03-29 14:54:12.240193,tabular_expression_or_metadata_candidate,TRUE,FALSE,"",0,FALSE
/Users/felix/Documents/SepSMART_restart/04_results/S8_meta_object_summaries.csv,S8_meta_object_summaries.csv,/Users/felix/Documents/SepSMART_restart/04_results,csv,0.003,2026-03-29 14:54:35.672557,metadata_candidate,TRUE,TRUE,"",0,TRUE
/Users/felix/Documents/SepSMART_restart/04_results/S8_object_manifest_draft.csv,S8_object_manifest_draft.csv,/Users/felix/Documents/SepSMART_restart/04_results,csv,0.001,2026-03-29 14:53:43.162568,unknown,FALSE,FALSE,"",0,FALSE
/Users/felix/Documents/SepSMART_restart/04_results/S8_per_cohort_preprocessing_provenance_draft.csv,S8_per_cohort_preprocessing_provenance_draft.csv,/Users/felix/Documents/SepSMART_restart/04_results,csv,0.005,2026-03-29 15:10:57.404672,unknown,FALSE,FALSE,"",0,FALSE
/Users/felix/Documents/SepSMART_restart/04_results/S8_raw_download_trace_inventory.csv,S8_raw_download_trace_inventory.csv,/Users/felix/Documents/SepSMART_restart/04_results,csv,0,2026-03-29 14:55:01.134191,unknown,FALSE,FALSE,"",0,FALSE
/Users/felix/Documents/SepSMART_restart/04_results/S8_refined_submission_table.csv,S8_refined_submission_table.csv,/Users/felix/Documents/SepSMART_restart/04_results,csv,0.004,2026-03-29 16:34:41.147035,unknown,FALSE,FALSE,"",0,FALSE
/Users/felix/Documents/SepSMART_restart/04_results/S8_relevant_files_inventory.csv,S8_relevant_files_inventory.csv,/Users/felix/Documents/SepSMART_restart/04_results,csv,0.018,2026-03-29 14:53:01.51181,unknown,FALSE,FALSE,"",0,FALSE
/Users/felix/Documents/SepSMART_restart/04_results/saved_rds_model_classes.csv,saved_rds_model_classes.csv,/Users/felix/Documents/SepSMART_restart/04_results,csv,0.015,2026-03-08 14:30:20.322784,unknown,FALSE,FALSE,"",0,FALSE
/Users/felix/Documents/SepSMART_restart/04_results/script_manuscript_model_hits.csv,script_manuscript_model_hits.csv,/Users/felix/Documents/SepSMART_restart/04_results,csv,0.016,2026-03-08 14:35:04.923339,unknown,FALSE,FALSE,"",0,FALSE
/Users/felix/Documents/SepSMART_restart/04_results/Supplementary_Table_S2_PanelA_locked_coefficients.csv,Supplementary_Table_S2_PanelA_locked_coefficients.csv,/Users/felix/Documents/SepSMART_restart/04_results,csv,0,2026-03-20 11:44:35.023147,unknown,FALSE,FALSE,HK3,1,FALSE
/Users/felix/Documents/SepSMART_restart/04_results/Supplementary_Table_S2_PanelB_training_standardization.csv,Supplementary_Table_S2_PanelB_training_standardization.csv,/Users/felix/Documents/SepSMART_restart/04_results,csv,0,2026-03-20 11:44:35.024877,unknown,FALSE,FALSE,HK3,1,FALSE
/Users/felix/Documents/SepSMART_restart/04_results/Supplementary_Table_S4_exploratory_local_updating_display_revised.csv,Supplementary_Table_S4_exploratory_local_updating_display_revised.csv,/Users/felix/Documents/SepSMART_restart/04_results,csv,0.001,2026-03-20 11:57:47.634657,unknown,FALSE,FALSE,"",0,FALSE
/Users/felix/Documents/SepSMART_restart/04_results/Supplementary_Table_S4_exploratory_local_updating_display.csv,Supplementary_Table_S4_exploratory_local_updating_display.csv,/Users/felix/Documents/SepSMART_restart/04_results,csv,0.001,2026-03-20 11:54:38.27535,unknown,FALSE,FALSE,"",0,FALSE
/Users/felix/Documents/SepSMART_restart/04_results/Supplementary_Table_S4_exploratory_local_updating_raw_revised.csv,Supplementary_Table_S4_exploratory_local_updating_raw_revised.csv,/Users/felix/Documents/SepSMART_restart/04_results,csv,0.001,2026-03-20 11:57:47.633579,unknown,FALSE,FALSE,"",0,FALSE
/Users/felix/Documents/SepSMART_restart/04_results/Supplementary_Table_S4_exploratory_local_updating_raw.csv,Supplementary_Table_S4_exploratory_local_updating_raw.csv,/Users/felix/Documents/SepSMART_restart/04_results,csv,0.001,2026-03-20 11:54:38.274367,unknown,FALSE,FALSE,"",0,FALSE
/Users/felix/Documents/SepSMART_restart/04_results/Supplementary_Table_S5_sample_inclusion_manifest_FINAL.csv,Supplementary_Table_S5_sample_inclusion_manifest_FINAL.csv,/Users/felix/Documents/SepSMART_restart/04_results,csv,0.015,2026-03-20 12:50:21.285666,unknown,FALSE,FALSE,"",0,TRUE
/Users/felix/Documents/SepSMART_restart/04_results/Supplementary_Table_S5_sample_inclusion_manifest_revised.csv,Supplementary_Table_S5_sample_inclusion_manifest_revised.csv,/Users/felix/Documents/SepSMART_restart/04_results,csv,0.009,2026-03-20 12:37:02.369616,unknown,FALSE,FALSE,"",0,TRUE
/Users/felix/Documents/SepSMART_restart/04_results/Supplementary_Table_S5_sample_inclusion_manifest.csv,Supplementary_Table_S5_sample_inclusion_manifest.csv,/Users/felix/Documents/SepSMART_restart/04_results,csv,0.009,2026-03-20 12:31:42.933451,unknown,FALSE,FALSE,"",0,TRUE
/Users/felix/Documents/SepSMART_restart/04_results/T_AUC_2x2_locked_model_summary_FINAL.csv,T_AUC_2x2_locked_model_summary_FINAL.csv,/Users/felix/Documents/SepSMART_restart/04_results,csv,0,2026-04-06 21:57:36.059283,unknown,FALSE,FALSE,"",0,FALSE
/Users/felix/Documents/SepSMART_restart/04_results/T0_GSE65682_flow_counts.csv,T0_GSE65682_flow_counts.csv,/Users/felix/Documents/SepSMART_restart/04_results,csv,0,2026-01-25 12:58:36.929194,tabular_expression_or_metadata_candidate,TRUE,FALSE,"",0,FALSE
/Users/felix/Documents/SepSMART_restart/04_results/T0_GSE65682_SepSMART_gene_presence_aligned.csv,T0_GSE65682_SepSMART_gene_presence_aligned.csv,/Users/felix/Documents/SepSMART_restart/04_results,csv,0,2026-01-25 12:58:36.930046,unknown,FALSE,FALSE,HK3,1,FALSE
/Users/felix/Documents/SepSMART_restart/04_results/T1_GSE65682_abdo_performance_summary.csv,T1_GSE65682_abdo_performance_summary.csv,/Users/felix/Documents/SepSMART_restart/04_results,csv,0,2026-01-25 13:08:01.693457,unknown,FALSE,FALSE,"",0,TRUE
/Users/felix/Documents/SepSMART_restart/04_results/T10_external_candidates_screening_top.tsv,T10_external_candidates_screening_top.tsv,/Users/felix/Documents/SepSMART_restart/04_results,tsv,0.001,2026-01-25 13:57:35.752471,unknown,FALSE,FALSE,"",0,TRUE
/Users/felix/Documents/SepSMART_restart/04_results/T10_external_candidates_screening.csv,T10_external_candidates_screening.csv,/Users/felix/Documents/SepSMART_restart/04_results,csv,0.001,2026-01-25 13:57:35.751285,unknown,FALSE,FALSE,"",0,TRUE
/Users/felix/Documents/SepSMART_restart/04_results/T11_external_flow_counts.csv,T11_external_flow_counts.csv,/Users/felix/Documents/SepSMART_restart/04_results,csv,0,2026-01-25 14:08:11.131552,tabular_expression_or_metadata_candidate,TRUE,FALSE,"",0,TRUE
/Users/felix/Documents/SepSMART_restart/04_results/T12_external_ROC_summary.csv,T12_external_ROC_summary.csv,/Users/felix/Documents/SepSMART_restart/04_results,csv,0.001,2026-03-18 12:12:04.431373,unknown,FALSE,FALSE,"",0,FALSE
/Users/felix/Documents/SepSMART_restart/04_results/T13_external_threshold_metrics.csv,T13_external_threshold_metrics.csv,/Users/felix/Documents/SepSMART_restart/04_results,csv,0.001,2026-01-25 14:32:52.846347,unknown,FALSE,FALSE,"",0,FALSE
/Users/felix/Documents/SepSMART_restart/04_results/T14_GSE65682_dx_model_coefficients.csv,T14_GSE65682_dx_model_coefficients.csv,/Users/felix/Documents/SepSMART_restart/04_results,csv,0.001,2026-01-25 14:45:58.600828,unknown,FALSE,FALSE,HK3,1,FALSE
/Users/felix/Documents/SepSMART_restart/04_results/T14b_GSE65682_dx_internal_cv_predictions.csv,T14b_GSE65682_dx_internal_cv_predictions.csv,/Users/felix/Documents/SepSMART_restart/04_results,csv,0.003,2026-01-25 14:45:58.602688,unknown,FALSE,FALSE,"",0,TRUE
/Users/felix/Documents/SepSMART_restart/04_results/T15_GSE65682_dx_scaling_params.csv,T15_GSE65682_dx_scaling_params.csv,/Users/felix/Documents/SepSMART_restart/04_results,csv,0,2026-01-25 14:45:58.598906,unknown,FALSE,FALSE,HK3,1,FALSE
/Users/felix/Documents/SepSMART_restart/04_results/T16_fixed_model_external_summary.csv,T16_fixed_model_external_summary.csv,/Users/felix/Documents/SepSMART_restart/04_results,csv,0.001,2026-03-18 12:13:46.517597,unknown,FALSE,FALSE,"",0,FALSE
/Users/felix/Documents/SepSMART_restart/04_results/T17_fixed_model_external_threshold_metrics.csv,T17_fixed_model_external_threshold_metrics.csv,/Users/felix/Documents/SepSMART_restart/04_results,csv,0.001,2026-03-18 12:56:40.239649,unknown,FALSE,FALSE,"",0,FALSE
/Users/felix/Documents/SepSMART_restart/04_results/T17b_fixed_model_external_threshold_metrics_with_CI.csv,T17b_fixed_model_external_threshold_metrics_with_CI.csv,/Users/felix/Documents/SepSMART_restart/04_results,csv,0.002,2026-03-18 12:56:40.241057,unknown,FALSE,FALSE,"",0,FALSE
/Users/felix/Documents/SepSMART_restart/04_results/T18_external_calibration_summary.csv,T18_external_calibration_summary.csv,/Users/felix/Documents/SepSMART_restart/04_results,csv,0.001,2026-03-18 12:26:05.10576,unknown,FALSE,FALSE,"",0,FALSE
/Users/felix/Documents/SepSMART_restart/04_results/T18_GSE26378_calibration_curve_redo.csv,T18_GSE26378_calibration_curve_redo.csv,/Users/felix/Documents/SepSMART_restart/04_results,csv,0.001,2026-03-19 20:23:43.569814,unknown,FALSE,FALSE,"",0,FALSE
/Users/felix/Documents/SepSMART_restart/04_results/T18_GSE28750A_calibration_curve_redo.csv,T18_GSE28750A_calibration_curve_redo.csv,/Users/felix/Documents/SepSMART_restart/04_results,csv,0,2026-03-19 20:32:39.388413,unknown,FALSE,FALSE,"",0,FALSE
/Users/felix/Documents/SepSMART_restart/04_results/T18_GSE28750B_calibration_curve_redo.csv,T18_GSE28750B_calibration_curve_redo.csv,/Users/felix/Documents/SepSMART_restart/04_results,csv,0.001,2026-03-19 20:35:28.456772,unknown,FALSE,FALSE,"",0,FALSE
/Users/felix/Documents/SepSMART_restart/04_results/T18b_external_calibration_in_the_large_summary.csv,T18b_external_calibration_in_the_large_summary.csv,/Users/felix/Documents/SepSMART_restart/04_results,csv,0,2026-03-18 12:32:13.949838,unknown,FALSE,FALSE,"",0,FALSE
/Users/felix/Documents/SepSMART_restart/04_results/T18b_GSE26378_predicted_risk_distribution.csv,T18b_GSE26378_predicted_risk_distribution.csv,/Users/felix/Documents/SepSMART_restart/04_results,csv,0.003,2026-03-19 20:26:45.353088,unknown,FALSE,FALSE,"",0,TRUE
/Users/felix/Documents/SepSMART_restart/04_results/T18c_exploratory_local_updating_summary.csv,T18c_exploratory_local_updating_summary.csv,/Users/felix/Documents/SepSMART_restart/04_results,csv,0.002,2026-03-18 22:56:11.517533,unknown,FALSE,FALSE,"",0,FALSE
/Users/felix/Documents/SepSMART_restart/04_results/T18c_GSE26378_locked_GLM_score_distribution.csv,T18c_GSE26378_locked_GLM_score_distribution.csv,/Users/felix/Documents/SepSMART_restart/04_results,csv,0.005,2026-03-19 20:38:59.369459,unknown,FALSE,FALSE,"",0,TRUE
/Users/felix/Documents/SepSMART_restart/04_results/T18c_GSE28750A_locked_GLM_score_distribution.csv,T18c_GSE28750A_locked_GLM_score_distribution.csv,/Users/felix/Documents/SepSMART_restart/04_results,csv,0.001,2026-03-19 20:43:01.827624,unknown,FALSE,FALSE,"",0,TRUE
/Users/felix/Documents/SepSMART_restart/04_results/T18c_GSE28750B_locked_GLM_score_distribution.csv,T18c_GSE28750B_locked_GLM_score_distribution.csv,/Users/felix/Documents/SepSMART_restart/04_results,csv,0.002,2026-03-19 20:45:30.891035,unknown,FALSE,FALSE,"",0,TRUE
/Users/felix/Documents/SepSMART_restart/04_results/T18d_exploratory_local_updating_coefficients.csv,T18d_exploratory_local_updating_coefficients.csv,/Users/felix/Documents/SepSMART_restart/04_results,csv,0,2026-03-18 22:56:11.519073,unknown,FALSE,FALSE,"",0,FALSE
/Users/felix/Documents/SepSMART_restart/04_results/T19_external_exploratory_thresholds.csv,T19_external_exploratory_thresholds.csv,/Users/felix/Documents/SepSMART_restart/04_results,csv,0,2026-03-18 12:26:05.570825,unknown,FALSE,FALSE,"",0,FALSE
/Users/felix/Documents/SepSMART_restart/04_results/T2_GSE65682_abdo_DCA_values.csv,T2_GSE65682_abdo_DCA_values.csv,/Users/felix/Documents/SepSMART_restart/04_results,csv,0.003,2026-01-25 13:08:01.899848,unknown,FALSE,FALSE,"",0,FALSE
/Users/felix/Documents/SepSMART_restart/04_results/T20_DCA_net_benefit_points.csv,T20_DCA_net_benefit_points.csv,/Users/felix/Documents/SepSMART_restart/04_results,csv,0.001,2026-03-18 12:58:14.954983,unknown,FALSE,FALSE,"",0,FALSE
/Users/felix/Documents/SepSMART_restart/04_results/T20_GSE26378_DCA_points_redo.csv,T20_GSE26378_DCA_points_redo.csv,/Users/felix/Documents/SepSMART_restart/04_results,csv,0.023,2026-03-19 22:00:54.381104,unknown,FALSE,FALSE,"",0,FALSE
/Users/felix/Documents/SepSMART_restart/04_results/T20_GSE28750A_DCA_points_redo.csv,T20_GSE28750A_DCA_points_redo.csv,/Users/felix/Documents/SepSMART_restart/04_results,csv,0.025,2026-03-19 22:00:54.383381,unknown,FALSE,FALSE,"",0,FALSE
/Users/felix/Documents/SepSMART_restart/04_results/T20_GSE28750B_adjusted_DCA_points_redo.csv,T20_GSE28750B_adjusted_DCA_points_redo.csv,/Users/felix/Documents/SepSMART_restart/04_results,csv,0.025,2026-03-19 22:00:54.387505,unknown,FALSE,FALSE,"",0,FALSE
/Users/felix/Documents/SepSMART_restart/04_results/T20_GSE28750B_combined_DCA_points_redo.csv,T20_GSE28750B_combined_DCA_points_redo.csv,/Users/felix/Documents/SepSMART_restart/04_results,csv,0.048,2026-03-19 22:00:55.461608,unknown,FALSE,FALSE,"",0,FALSE
/Users/felix/Documents/SepSMART_restart/04_results/T20_GSE28750B_DCA_points_redo.csv,T20_GSE28750B_DCA_points_redo.csv,/Users/felix/Documents/SepSMART_restart/04_results,csv,0.025,2026-03-19 22:00:54.385486,unknown,FALSE,FALSE,"",0,FALSE
/Users/felix/Documents/SepSMART_restart/04_results/T21_DCA_net_benefit_curve.csv,T21_DCA_net_benefit_curve.csv,/Users/felix/Documents/SepSMART_restart/04_results,csv,0.047,2026-03-18 12:58:13.242256,unknown,FALSE,FALSE,"",0,FALSE
/Users/felix/Documents/SepSMART_restart/04_results/T21b_DCA_net_benefit_curve_with_bootstrap_CI.csv,T21b_DCA_net_benefit_curve_with_bootstrap_CI.csv,/Users/felix/Documents/SepSMART_restart/04_results,csv,0.019,2026-03-18 12:58:14.952237,unknown,FALSE,FALSE,"",0,FALSE
/Users/felix/Documents/SepSMART_restart/04_results/T22_Table2_DCA_keypoints_wide.csv,T22_Table2_DCA_keypoints_wide.csv,/Users/felix/Documents/SepSMART_restart/04_results,csv,0.002,2026-02-04 01:21:06.389466,unknown,FALSE,FALSE,"",0,FALSE
/Users/felix/Documents/SepSMART_restart/04_results/T22_Table2_DCA_keypoints.csv,T22_Table2_DCA_keypoints.csv,/Users/felix/Documents/SepSMART_restart/04_results,csv,0.005,2026-02-04 01:21:06.38831,unknown,FALSE,FALSE,"",0,FALSE
/Users/felix/Documents/SepSMART_restart/04_results/T22_Table2_DCA_pt_interval_summary.csv,T22_Table2_DCA_pt_interval_summary.csv,/Users/felix/Documents/SepSMART_restart/04_results,csv,0,2026-03-18 12:58:14.966145,unknown,FALSE,FALSE,"",0,FALSE
/Users/felix/Documents/SepSMART_restart/04_results/T3_GSE65682_abdo_model_coefficients.csv,T3_GSE65682_abdo_model_coefficients.csv,/Users/felix/Documents/SepSMART_restart/04_results,csv,0.001,2026-01-25 13:08:02.030628,unknown,FALSE,FALSE,HK3,1,FALSE
/Users/felix/Documents/SepSMART_restart/04_results/T4_GSE65682_abdo_scaling_params.csv,T4_GSE65682_abdo_scaling_params.csv,/Users/felix/Documents/SepSMART_restart/04_results,csv,0,2026-01-25 13:08:01.557329,unknown,FALSE,FALSE,HK3,1,FALSE
/Users/felix/Documents/SepSMART_restart/04_results/T5_GSE65682_mortality_performance_summary.csv,T5_GSE65682_mortality_performance_summary.csv,/Users/felix/Documents/SepSMART_restart/04_results,csv,0,2026-01-25 13:24:15.577311,unknown,FALSE,FALSE,"",0,FALSE
/Users/felix/Documents/SepSMART_restart/04_results/T6_GSE65682_mortality_DCA_values.csv,T6_GSE65682_mortality_DCA_values.csv,/Users/felix/Documents/SepSMART_restart/04_results,csv,0.002,2026-01-25 13:24:15.862298,unknown,FALSE,FALSE,"",0,FALSE
/Users/felix/Documents/SepSMART_restart/04_results/T7_GSE65682_mortality_model_coefficients.csv,T7_GSE65682_mortality_model_coefficients.csv,/Users/felix/Documents/SepSMART_restart/04_results,csv,0.001,2026-01-25 13:24:15.979503,unknown,FALSE,FALSE,HK3,1,FALSE
/Users/felix/Documents/SepSMART_restart/04_results/T8_GSE65682_mortality_scaling_params.csv,T8_GSE65682_mortality_scaling_params.csv,/Users/felix/Documents/SepSMART_restart/04_results,csv,0,2026-01-25 13:24:15.442211,unknown,FALSE,FALSE,HK3,1,FALSE
/Users/felix/Documents/SepSMART_restart/04_results/T9_GSE65682_mortality_Cox_HR.csv,T9_GSE65682_mortality_Cox_HR.csv,/Users/felix/Documents/SepSMART_restart/04_results,csv,0,2026-01-25 13:33:08.178598,unknown,FALSE,FALSE,"",0,FALSE
/Users/felix/Documents/SepSMART_restart/04_results/T99_audit_CV_hits.csv,T99_audit_CV_hits.csv,/Users/felix/Documents/SepSMART_restart/04_results,csv,0.005,2026-02-02 19:35:40.488406,unknown,FALSE,FALSE,"",0,FALSE
/Users/felix/Documents/SepSMART_restart/04_results/T99_audit_probe_hits.csv,T99_audit_probe_hits.csv,/Users/felix/Documents/SepSMART_restart/04_results,csv,0.006,2026-02-02 19:35:40.491463,unknown,FALSE,FALSE,"",0,FALSE
/Users/felix/Documents/SepSMART_restart/04_results/T99_audit_summary.txt,T99_audit_summary.txt,/Users/felix/Documents/SepSMART_restart/04_results,txt,0.003,2026-02-02 19:35:40.49386,unknown,FALSE,FALSE,"",0,FALSE
/Users/felix/Documents/SepSMART_restart/04_results/T99_probe_aggregation_rule_extract.txt,T99_probe_aggregation_rule_extract.txt,/Users/felix/Documents/SepSMART_restart/04_results,txt,0.033,2026-02-02 19:27:58.157521,unknown,FALSE,FALSE,"",0,FALSE
/Users/felix/Documents/SepSMART_restart/04_results/Table_cohort_heterogeneity_submission_ready.csv,Table_cohort_heterogeneity_submission_ready.csv,/Users/felix/Documents/SepSMART_restart/04_results,csv,0.002,2026-03-18 12:47:33.356496,unknown,FALSE,FALSE,"",0,FALSE
/Users/felix/Documents/SepSMART_restart/04_results/Table_cohort_heterogeneity_submission_ready.xlsx,Table_cohort_heterogeneity_submission_ready.xlsx,/Users/felix/Documents/SepSMART_restart/04_results,xlsx,0.007,2026-03-18 12:47:33.386673,unknown,FALSE,FALSE,"",0,TRUE
/Users/felix/Documents/SepSMART_restart/04_results/Table1_calibration_final.csv,Table1_calibration_final.csv,/Users/felix/Documents/SepSMART_restart/04_results,csv,0.001,2026-02-04 14:26:55.902121,unknown,FALSE,FALSE,"",0,FALSE
/Users/felix/Documents/SepSMART_restart/04_results/Table1_calibration_main_A.csv,Table1_calibration_main_A.csv,/Users/felix/Documents/SepSMART_restart/04_results,csv,0,2026-02-04 15:20:41.376976,unknown,FALSE,FALSE,"",0,FALSE
/Users/felix/Documents/SepSMART_restart/04_results/Table1_cohort_characteristics_submission_ready.csv,Table1_cohort_characteristics_submission_ready.csv,/Users/felix/Documents/SepSMART_restart/04_results,csv,0.002,2026-03-18 15:18:53.924666,unknown,FALSE,FALSE,"",0,FALSE
/Users/felix/Documents/SepSMART_restart/04_results/Table1_cohort_characteristics_submission_ready.xlsx,Table1_cohort_characteristics_submission_ready.xlsx,/Users/felix/Documents/SepSMART_restart/04_results,xlsx,0.008,2026-03-18 15:18:53.95307,unknown,FALSE,FALSE,"",0,TRUE
/Users/felix/Documents/SepSMART_restart/04_results/Table1_submission_ready.csv,Table1_submission_ready.csv,/Users/felix/Documents/SepSMART_restart/04_results,csv,0,2026-03-18 12:34:14.763311,unknown,FALSE,FALSE,"",0,TRUE
/Users/felix/Documents/SepSMART_restart/04_results/Table1_submission_ready.xlsx,Table1_submission_ready.xlsx,/Users/felix/Documents/SepSMART_restart/04_results,xlsx,0.007,2026-03-18 12:34:14.807489,unknown,FALSE,FALSE,"",0,TRUE
/Users/felix/Documents/SepSMART_restart/04_results/Table2_DCA_interval_summary_final.csv,Table2_DCA_interval_summary_final.csv,/Users/felix/Documents/SepSMART_restart/04_results,csv,0,2026-02-04 13:49:00.707453,unknown,FALSE,FALSE,"",0,FALSE
/Users/felix/Documents/SepSMART_restart/04_results/Table2_DCA_interval_summary_main_A.csv,Table2_DCA_interval_summary_main_A.csv,/Users/felix/Documents/SepSMART_restart/04_results,csv,0.001,2026-02-04 15:20:41.422189,unknown,FALSE,FALSE,"",0,FALSE
/Users/felix/Documents/SepSMART_restart/04_results/Table2_DCA_keypoints_final.csv,Table2_DCA_keypoints_final.csv,/Users/felix/Documents/SepSMART_restart/04_results,csv,0.005,2026-02-04 13:49:00.689623,unknown,FALSE,FALSE,"",0,FALSE
/Users/felix/Documents/SepSMART_restart/04_results/Table2_DCA_keypoints_main_A.csv,Table2_DCA_keypoints_main_A.csv,/Users/felix/Documents/SepSMART_restart/04_results,csv,0.001,2026-02-04 15:20:41.420683,unknown,FALSE,FALSE,"",0,FALSE
/Users/felix/Documents/SepSMART_restart/04_results/Table2_DCA_keypoints_wide_final.csv,Table2_DCA_keypoints_wide_final.csv,/Users/felix/Documents/SepSMART_restart/04_results,csv,0.002,2026-02-04 13:49:00.701659,unknown,FALSE,FALSE,"",0,FALSE
/Users/felix/Documents/SepSMART_restart/04_results/Table2_submission_ready.csv,Table2_submission_ready.csv,/Users/felix/Documents/SepSMART_restart/04_results,csv,0.001,2026-03-18 13:03:13.091979,unknown,FALSE,FALSE,"",0,TRUE
/Users/felix/Documents/SepSMART_restart/04_results/Table2_submission_ready.xlsx,Table2_submission_ready.xlsx,/Users/felix/Documents/SepSMART_restart/04_results,xlsx,0.007,2026-03-18 13:03:13.10704,unknown,FALSE,FALSE,"",0,TRUE
/Users/felix/Documents/SepSMART_restart/04_results/Table3_fixed_threshold_0737_main_A.csv,Table3_fixed_threshold_0737_main_A.csv,/Users/felix/Documents/SepSMART_restart/04_results,csv,0,2026-02-04 15:20:41.434536,unknown,FALSE,FALSE,"",0,FALSE
/Users/felix/Documents/SepSMART_restart/04_results/Table3_locked_threshold_0737_confusion_metrics_final.csv,Table3_locked_threshold_0737_confusion_metrics_final.csv,/Users/felix/Documents/SepSMART_restart/04_results,csv,0.001,2026-02-04 13:49:00.728135,unknown,FALSE,FALSE,"",0,FALSE
/Users/felix/Documents/SepSMART_restart/04_results/TableS_survival_summary.csv,TableS_survival_summary.csv,/Users/felix/Documents/SepSMART_restart/04_results,csv,0,2026-02-04 16:04:27.456856,unknown,FALSE,FALSE,"",0,FALSE
/Users/felix/Documents/SepSMART_restart/04_results/TableS1_calibration_full_B.csv,TableS1_calibration_full_B.csv,/Users/felix/Documents/SepSMART_restart/04_results,csv,0.001,2026-02-04 15:20:41.384074,unknown,FALSE,FALSE,"",0,FALSE
/Users/felix/Documents/SepSMART_restart/04_results/TableS1_condensed_decision_curve_summary_completed.csv,TableS1_condensed_decision_curve_summary_completed.csv,/Users/felix/Documents/SepSMART_restart/04_results,csv,0,2026-03-20 11:18:49.697721,unknown,FALSE,FALSE,"",0,FALSE
/Users/felix/Documents/SepSMART_restart/04_results/TableS2_DCA_curve_full_B.csv,TableS2_DCA_curve_full_B.csv,/Users/felix/Documents/SepSMART_restart/04_results,csv,0.025,2026-02-04 15:20:41.424937,unknown,FALSE,FALSE,"",0,FALSE
/Users/felix/Documents/SepSMART_restart/04_results/TableS2_DCA_interval_summary_full_B.csv,TableS2_DCA_interval_summary_full_B.csv,/Users/felix/Documents/SepSMART_restart/04_results,csv,0.001,2026-02-04 15:20:41.426001,unknown,FALSE,FALSE,"",0,FALSE
/Users/felix/Documents/SepSMART_restart/04_results/TableS2_DCA_keypoints_full_B.csv,TableS2_DCA_keypoints_full_B.csv,/Users/felix/Documents/SepSMART_restart/04_results,csv,0.001,2026-02-04 14:31:27.375828,unknown,FALSE,FALSE,"",0,FALSE
/Users/felix/Documents/SepSMART_restart/04_results/TableS3_fixed_threshold_0737_full_B.csv,TableS3_fixed_threshold_0737_full_B.csv,/Users/felix/Documents/SepSMART_restart/04_results,csv,0.001,2026-02-04 15:20:41.435422,unknown,FALSE,FALSE,"",0,FALSE
/Users/felix/Documents/SepSMART_restart/04_results/WARNINGS_external_chain_for_pub_figs.txt,WARNINGS_external_chain_for_pub_figs.txt,/Users/felix/Documents/SepSMART_restart/04_results,txt,0,2026-02-04 14:38:41.377877,unknown,FALSE,FALSE,"",0,FALSE
/Users/felix/Documents/SepSMART_restart/04_results/WARNINGS_pub_export_F11_F14.txt,WARNINGS_pub_export_F11_F14.txt,/Users/felix/Documents/SepSMART_restart/04_results,txt,0.004,2026-02-04 14:38:12.17779,unknown,FALSE,FALSE,"",0,FALSE
/Users/felix/Documents/SepSMART_restart/05_manuscript/Fig5_caption_EN.txt,Fig5_caption_EN.txt,/Users/felix/Documents/SepSMART_restart/05_manuscript,txt,0.001,2026-01-27 22:38:49.212123,unknown,FALSE,FALSE,"",0,FALSE
/Users/felix/Documents/SepSMART_restart/05_manuscript/Fig5_caption_ZH_mirror.txt,Fig5_caption_ZH_mirror.txt,/Users/felix/Documents/SepSMART_restart/05_manuscript,txt,0.001,2026-01-27 22:38:49.21232,unknown,FALSE,FALSE,"",0,FALSE
/Users/felix/Documents/SepSMART_restart/audit/calibration_audit_key_findings.csv,calibration_audit_key_findings.csv,/Users/felix/Documents/SepSMART_restart/audit,csv,0.001,2026-03-18 11:59:04.90749,unknown,FALSE,FALSE,"",0,FALSE
/Users/felix/Documents/SepSMART_restart/audit/candidate_scored_files.csv,candidate_scored_files.csv,/Users/felix/Documents/SepSMART_restart/audit,csv,0.001,2026-03-18 11:25:23.024304,unknown,FALSE,FALSE,"",0,FALSE
/Users/felix/Documents/SepSMART_restart/audit/candidate_table1_files.csv,candidate_table1_files.csv,/Users/felix/Documents/SepSMART_restart/audit,csv,0.001,2026-03-18 11:25:23.024503,unknown,FALSE,FALSE,"",0,FALSE
/Users/felix/Documents/SepSMART_restart/audit/external_candidate_files_strict.csv,external_candidate_files_strict.csv,/Users/felix/Documents/SepSMART_restart/audit,csv,0.002,2026-03-18 11:27:05.060619,unknown,FALSE,FALSE,"",0,FALSE
/Users/felix/Documents/SepSMART_restart/audit/external_candidate_inspection.csv,external_candidate_inspection.csv,/Users/felix/Documents/SepSMART_restart/audit,csv,0.002,2026-03-18 11:27:06.055351,unknown,FALSE,FALSE,"",0,FALSE
/Users/felix/Documents/SepSMART_restart/audit/hits_main_single_threshold.csv,hits_main_single_threshold.csv,/Users/felix/Documents/SepSMART_restart/audit,csv,0.01,2026-03-18 11:09:47.184242,unknown,FALSE,FALSE,"",0,FALSE
/Users/felix/Documents/SepSMART_restart/audit/hits_main_two_threshold.csv,hits_main_two_threshold.csv,/Users/felix/Documents/SepSMART_restart/audit,csv,0.003,2026-03-18 11:09:47.183158,unknown,FALSE,FALSE,"",0,FALSE
/Users/felix/Documents/SepSMART_restart/audit/hits_supp_threshold.csv,hits_supp_threshold.csv,/Users/felix/Documents/SepSMART_restart/audit,csv,0,2026-03-18 11:09:47.185133,unknown,FALSE,FALSE,"",0,FALSE
/Users/felix/Documents/SepSMART_restart/audit/inspected_candidate_scored_files.csv,inspected_candidate_scored_files.csv,/Users/felix/Documents/SepSMART_restart/audit,csv,0.002,2026-03-18 11:25:23.061765,unknown,FALSE,FALSE,"",0,FALSE
/Users/felix/Documents/SepSMART_restart/audit/recalculated_table1_from_auto_detected_file.csv,recalculated_table1_from_auto_detected_file.csv,/Users/felix/Documents/SepSMART_restart/audit,csv,0,2026-03-18 11:25:23.096279,unknown,FALSE,FALSE,"",0,FALSE
/Users/felix/Documents/SepSMART_restart/audit/recalculated_table1_from_auto_detected_file.xlsx,recalculated_table1_from_auto_detected_file.xlsx,/Users/felix/Documents/SepSMART_restart/audit,xlsx,0.006,2026-03-18 11:25:23.109997,unknown,FALSE,FALSE,"",0,FALSE
/Users/felix/Documents/SepSMART_restart/audit/search_GSE26378_expr_generation.csv,search_GSE26378_expr_generation.csv,/Users/felix/Documents/SepSMART_restart/audit,csv,0.039,2026-03-18 11:48:01.68661,tabular_expression_or_metadata_candidate,TRUE,FALSE,"",0,FALSE
/Users/felix/Documents/SepSMART_restart/audit/search_T18_generation_code.csv,search_T18_generation_code.csv,/Users/felix/Documents/SepSMART_restart/audit,csv,0.038,2026-03-18 11:33:24.587084,unknown,FALSE,FALSE,"",0,FALSE
/Users/felix/Documents/SepSMART_restart/audit/threshold_consistency_summary.csv,threshold_consistency_summary.csv,/Users/felix/Documents/SepSMART_restart/audit,csv,0,2026-03-18 11:09:47.186682,unknown,FALSE,FALSE,"",0,FALSE
/Users/felix/Documents/SepSMART_restart/backup_before_external_redo/20260318_120154/02_data_clean/GSE26378_SepSMART_expr.csv,GSE26378_SepSMART_expr.csv,/Users/felix/Documents/SepSMART_restart/backup_before_external_redo/20260318_120154/02_data_clean,csv,0.012,2026-03-18 12:01:54.06517,tabular_expression_or_metadata_candidate,TRUE,FALSE,HK3,1,FALSE
/Users/felix/Documents/SepSMART_restart/backup_before_external_redo/20260318_120154/02_data_clean/GSE28750_SepSMART_expr.csv,GSE28750_SepSMART_expr.csv,/Users/felix/Documents/SepSMART_restart/backup_before_external_redo/20260318_120154/02_data_clean,csv,0.003,2026-03-18 12:01:54.065464,tabular_expression_or_metadata_candidate,TRUE,FALSE,HK3,1,FALSE
/Users/felix/Documents/SepSMART_restart/backup_before_external_redo/20260318_120154/04_results/T12_external_ROC_summary.csv,T12_external_ROC_summary.csv,/Users/felix/Documents/SepSMART_restart/backup_before_external_redo/20260318_120154/04_results,csv,0.001,2026-03-18 12:01:54.06382,unknown,FALSE,FALSE,"",0,FALSE
/Users/felix/Documents/SepSMART_restart/backup_before_external_redo/20260318_120154/04_results/T16_fixed_model_external_summary.csv,T16_fixed_model_external_summary.csv,/Users/felix/Documents/SepSMART_restart/backup_before_external_redo/20260318_120154/04_results,csv,0.001,2026-03-18 12:01:54.064107,unknown,FALSE,FALSE,"",0,FALSE
/Users/felix/Documents/SepSMART_restart/backup_before_external_redo/20260318_120154/04_results/T17_fixed_model_external_threshold_metrics.csv,T17_fixed_model_external_threshold_metrics.csv,/Users/felix/Documents/SepSMART_restart/backup_before_external_redo/20260318_120154/04_results,csv,0.001,2026-03-18 12:01:54.064386,unknown,FALSE,FALSE,"",0,FALSE
/Users/felix/Documents/SepSMART_restart/backup_before_external_redo/20260318_120154/04_results/T18_external_calibration_summary.csv,T18_external_calibration_summary.csv,/Users/felix/Documents/SepSMART_restart/backup_before_external_redo/20260318_120154/04_results,csv,0.001,2026-03-18 12:01:54.064659,unknown,FALSE,FALSE,"",0,FALSE
/Users/felix/Documents/SepSMART_restart/backup_before_external_redo/20260318_120154/04_results/T19_external_exploratory_thresholds.csv,T19_external_exploratory_thresholds.csv,/Users/felix/Documents/SepSMART_restart/backup_before_external_redo/20260318_120154/04_results,csv,0,2026-03-18 12:01:54.064875,unknown,FALSE,FALSE,"",0,FALSE
/Users/felix/Documents/SepSMART_restart/renv_backup_20260127_221029/library/macos/R-4.5/aarch64-apple-darwin20/renv/help/aliases.rds,aliases.rds,/Users/felix/Documents/SepSMART_restart/renv_backup_20260127_221029/library/macos/R-4.5/aarch64-apple-darwin20/renv/help,rds,0,2026-01-25 12:40:59.870128,rds_possible_seurat_or_sce,TRUE,FALSE,,,FALSE
/Users/felix/Documents/SepSMART_restart/renv_backup_20260127_221029/library/macos/R-4.5/aarch64-apple-darwin20/renv/help/paths.rds,paths.rds,/Users/felix/Documents/SepSMART_restart/renv_backup_20260127_221029/library/macos/R-4.5/aarch64-apple-darwin20/renv/help,rds,0,2026-01-25 12:40:59.870723,rds_possible_seurat_or_sce,TRUE,FALSE,,,FALSE
/Users/felix/Documents/SepSMART_restart/renv_backup_20260127_221029/library/macos/R-4.5/aarch64-apple-darwin20/renv/Meta/features.rds,features.rds,/Users/felix/Documents/SepSMART_restart/renv_backup_20260127_221029/library/macos/R-4.5/aarch64-apple-darwin20/renv/Meta,rds,0,2026-01-25 12:40:59.859401,rds_possible_seurat_or_sce,TRUE,FALSE,,,FALSE
/Users/felix/Documents/SepSMART_restart/renv_backup_20260127_221029/library/macos/R-4.5/aarch64-apple-darwin20/renv/Meta/hsearch.rds,hsearch.rds,/Users/felix/Documents/SepSMART_restart/renv_backup_20260127_221029/library/macos/R-4.5/aarch64-apple-darwin20/renv/Meta,rds,0.002,2026-01-25 12:40:59.860025,rds_possible_seurat_or_sce,TRUE,FALSE,,,FALSE
/Users/felix/Documents/SepSMART_restart/renv_backup_20260127_221029/library/macos/R-4.5/aarch64-apple-darwin20/renv/Meta/links.rds,links.rds,/Users/felix/Documents/SepSMART_restart/renv_backup_20260127_221029/library/macos/R-4.5/aarch64-apple-darwin20/renv/Meta,rds,0.001,2026-01-25 12:40:59.8592,rds_possible_seurat_or_sce,TRUE,FALSE,,,FALSE
/Users/felix/Documents/SepSMART_restart/renv_backup_20260127_221029/library/macos/R-4.5/aarch64-apple-darwin20/renv/Meta/nsInfo.rds,nsInfo.rds,/Users/felix/Documents/SepSMART_restart/renv_backup_20260127_221029/library/macos/R-4.5/aarch64-apple-darwin20/renv/Meta,rds,0.001,2026-01-25 12:40:59.859598,rds_possible_seurat_or_sce,TRUE,FALSE,,,FALSE
/Users/felix/Documents/SepSMART_restart/renv_backup_20260127_221029/library/macos/R-4.5/aarch64-apple-darwin20/renv/Meta/package.rds,package.rds,/Users/felix/Documents/SepSMART_restart/renv_backup_20260127_221029/library/macos/R-4.5/aarch64-apple-darwin20/renv/Meta,rds,0.002,2026-01-25 12:40:59.859797,rds_possible_seurat_or_sce,TRUE,FALSE,,,FALSE
/Users/felix/Documents/SepSMART_restart/renv_backup_20260127_221029/library/macos/R-4.5/aarch64-apple-darwin20/renv/Meta/Rd.rds,Rd.rds,/Users/felix/Documents/SepSMART_restart/renv_backup_20260127_221029/library/macos/R-4.5/aarch64-apple-darwin20/renv/Meta,rds,0.002,2026-01-25 12:40:59.860223,rds_possible_seurat_or_sce,TRUE,FALSE,,,FALSE
/Users/felix/Documents/SepSMART_restart/renv_backup_20260127_221029/library/macos/R-4.5/aarch64-apple-darwin20/renv/Meta/vignette.rds,vignette.rds,/Users/felix/Documents/SepSMART_restart/renv_backup_20260127_221029/library/macos/R-4.5/aarch64-apple-darwin20/renv/Meta,rds,0,2026-01-25 12:40:59.858998,rds_possible_seurat_or_sce,TRUE,FALSE,,,FALSE
/Users/felix/Documents/SepSMART_restart/renv_backup_20260127_221029/library/macos/R-4.5/aarch64-apple-darwin20/renv/repos/src/contrib/PACKAGES.rds,PACKAGES.rds,/Users/felix/Documents/SepSMART_restart/renv_backup_20260127_221029/library/macos/R-4.5/aarch64-apple-darwin20/renv/repos/src/contrib,rds,0,2026-01-25 12:40:59.852176,rds_possible_seurat_or_sce,TRUE,FALSE,,,FALSE
/Users/felix/Documents/SepSMART_restart/renv/library/macos/R-4.5/aarch64-apple-darwin20/askpass/help/aliases.rds,aliases.rds,/Users/felix/Documents/SepSMART_restart/renv/library/macos/R-4.5/aarch64-apple-darwin20/askpass/help,rds,0,2026-02-02 17:55:59.44593,rds_possible_seurat_or_sce,TRUE,FALSE,,,FALSE
/Users/felix/Documents/SepSMART_restart/renv/library/macos/R-4.5/aarch64-apple-darwin20/askpass/help/paths.rds,paths.rds,/Users/felix/Documents/SepSMART_restart/renv/library/macos/R-4.5/aarch64-apple-darwin20/askpass/help,rds,0,2026-02-02 17:55:59.441489,rds_possible_seurat_or_sce,TRUE,FALSE,,,FALSE
/Users/felix/Documents/SepSMART_restart/renv/library/macos/R-4.5/aarch64-apple-darwin20/askpass/Meta/features.rds,features.rds,/Users/felix/Documents/SepSMART_restart/renv/library/macos/R-4.5/aarch64-apple-darwin20/askpass/Meta,rds,0,2026-02-02 17:55:59.161126,rds_possible_seurat_or_sce,TRUE,FALSE,,,FALSE
/Users/felix/Documents/SepSMART_restart/renv/library/macos/R-4.5/aarch64-apple-darwin20/askpass/Meta/hsearch.rds,hsearch.rds,/Users/felix/Documents/SepSMART_restart/renv/library/macos/R-4.5/aarch64-apple-darwin20/askpass/Meta,rds,0,2026-02-02 17:55:59.534179,rds_possible_seurat_or_sce,TRUE,FALSE,,,FALSE
/Users/felix/Documents/SepSMART_restart/renv/library/macos/R-4.5/aarch64-apple-darwin20/askpass/Meta/links.rds,links.rds,/Users/felix/Documents/SepSMART_restart/renv/library/macos/R-4.5/aarch64-apple-darwin20/askpass/Meta,rds,0,2026-02-02 17:55:59.534299,rds_possible_seurat_or_sce,TRUE,FALSE,,,FALSE
/Users/felix/Documents/SepSMART_restart/renv/library/macos/R-4.5/aarch64-apple-darwin20/askpass/Meta/nsInfo.rds,nsInfo.rds,/Users/felix/Documents/SepSMART_restart/renv/library/macos/R-4.5/aarch64-apple-darwin20/askpass/Meta,rds,0,2026-02-02 17:55:59.542516,rds_possible_seurat_or_sce,TRUE,FALSE,,,FALSE
/Users/felix/Documents/SepSMART_restart/renv/library/macos/R-4.5/aarch64-apple-darwin20/askpass/Meta/package.rds,package.rds,/Users/felix/Documents/SepSMART_restart/renv/library/macos/R-4.5/aarch64-apple-darwin20/askpass/Meta,rds,0.001,2026-02-02 17:55:59.161032,rds_possible_seurat_or_sce,TRUE,FALSE,,,FALSE
/Users/felix/Documents/SepSMART_restart/renv/library/macos/R-4.5/aarch64-apple-darwin20/askpass/Meta/Rd.rds,Rd.rds,/Users/felix/Documents/SepSMART_restart/renv/library/macos/R-4.5/aarch64-apple-darwin20/askpass/Meta,rds,0,2026-02-02 17:55:59.533612,rds_possible_seurat_or_sce,TRUE,FALSE,,,FALSE
/Users/felix/Documents/SepSMART_restart/renv/library/macos/R-4.5/aarch64-apple-darwin20/officer/doc_examples/text.txt,text.txt,/Users/felix/Documents/SepSMART_restart/renv/library/macos/R-4.5/aarch64-apple-darwin20/officer/doc_examples,txt,0.003,2026-02-02 17:32:22.495281,unknown,FALSE,FALSE,"",0,FALSE
/Users/felix/Documents/SepSMART_restart/renv/library/macos/R-4.5/aarch64-apple-darwin20/officer/help/aliases.rds,aliases.rds,/Users/felix/Documents/SepSMART_restart/renv/library/macos/R-4.5/aarch64-apple-darwin20/officer/help,rds,0.002,2026-02-02 17:32:26.859126,rds_possible_seurat_or_sce,TRUE,FALSE,,,FALSE
/Users/felix/Documents/SepSMART_restart/renv/library/macos/R-4.5/aarch64-apple-darwin20/officer/help/paths.rds,paths.rds,/Users/felix/Documents/SepSMART_restart/renv/library/macos/R-4.5/aarch64-apple-darwin20/officer/help,rds,0.002,2026-02-02 17:32:26.696012,rds_possible_seurat_or_sce,TRUE,FALSE,,,FALSE
/Users/felix/Documents/SepSMART_restart/renv/library/macos/R-4.5/aarch64-apple-darwin20/officer/Meta/features.rds,features.rds,/Users/felix/Documents/SepSMART_restart/renv/library/macos/R-4.5/aarch64-apple-darwin20/officer/Meta,rds,0,2026-02-02 17:32:22.459363,rds_possible_seurat_or_sce,TRUE,FALSE,,,FALSE
/Users/felix/Documents/SepSMART_restart/renv/library/macos/R-4.5/aarch64-apple-darwin20/officer/Meta/hsearch.rds,hsearch.rds,/Users/felix/Documents/SepSMART_restart/renv/library/macos/R-4.5/aarch64-apple-darwin20/officer/Meta,rds,0.005,2026-02-02 17:32:27.038967,rds_possible_seurat_or_sce,TRUE,FALSE,,,FALSE
/Users/felix/Documents/SepSMART_restart/renv/library/macos/R-4.5/aarch64-apple-darwin20/officer/Meta/links.rds,links.rds,/Users/felix/Documents/SepSMART_restart/renv/library/macos/R-4.5/aarch64-apple-darwin20/officer/Meta,rds,0.003,2026-02-02 17:32:27.039431,rds_possible_seurat_or_sce,TRUE,FALSE,,,FALSE
/Users/felix/Documents/SepSMART_restart/renv/library/macos/R-4.5/aarch64-apple-darwin20/officer/Meta/nsInfo.rds,nsInfo.rds,/Users/felix/Documents/SepSMART_restart/renv/library/macos/R-4.5/aarch64-apple-darwin20/officer/Meta,rds,0.002,2026-02-02 17:32:27.051662,rds_possible_seurat_or_sce,TRUE,FALSE,,,FALSE
/Users/felix/Documents/SepSMART_restart/renv/library/macos/R-4.5/aarch64-apple-darwin20/officer/Meta/package.rds,package.rds,/Users/felix/Documents/SepSMART_restart/renv/library/macos/R-4.5/aarch64-apple-darwin20/officer/Meta,rds,0.002,2026-02-02 17:32:22.459263,rds_possible_seurat_or_sce,TRUE,FALSE,,,FALSE
/Users/felix/Documents/SepSMART_restart/renv/library/macos/R-4.5/aarch64-apple-darwin20/officer/Meta/Rd.rds,Rd.rds,/Users/felix/Documents/SepSMART_restart/renv/library/macos/R-4.5/aarch64-apple-darwin20/officer/Meta,rds,0.005,2026-02-02 17:32:27.037699,rds_possible_seurat_or_sce,TRUE,FALSE,,,FALSE
/Users/felix/Documents/SepSMART_restart/renv/library/macos/R-4.5/aarch64-apple-darwin20/officer/template/template.xlsx,template.xlsx,/Users/felix/Documents/SepSMART_restart/renv/library/macos/R-4.5/aarch64-apple-darwin20/officer/template,xlsx,0.025,2026-02-02 17:32:22.498355,unknown,FALSE,FALSE,"",0,FALSE
/Users/felix/Documents/SepSMART_restart/renv/library/macos/R-4.5/aarch64-apple-darwin20/openssl/help/aliases.rds,aliases.rds,/Users/felix/Documents/SepSMART_restart/renv/library/macos/R-4.5/aarch64-apple-darwin20/openssl/help,rds,0.001,2026-02-02 17:54:06.105176,rds_possible_seurat_or_sce,TRUE,FALSE,,,FALSE
/Users/felix/Documents/SepSMART_restart/renv/library/macos/R-4.5/aarch64-apple-darwin20/openssl/help/paths.rds,paths.rds,/Users/felix/Documents/SepSMART_restart/renv/library/macos/R-4.5/aarch64-apple-darwin20/openssl/help,rds,0,2026-02-02 17:54:06.085501,rds_possible_seurat_or_sce,TRUE,FALSE,,,FALSE
/Users/felix/Documents/SepSMART_restart/renv/library/macos/R-4.5/aarch64-apple-darwin20/openssl/Meta/features.rds,features.rds,/Users/felix/Documents/SepSMART_restart/renv/library/macos/R-4.5/aarch64-apple-darwin20/openssl/Meta,rds,0,2026-02-02 17:53:59.809617,rds_possible_seurat_or_sce,TRUE,FALSE,,,FALSE
/Users/felix/Documents/SepSMART_restart/renv/library/macos/R-4.5/aarch64-apple-darwin20/openssl/Meta/hsearch.rds,hsearch.rds,/Users/felix/Documents/SepSMART_restart/renv/library/macos/R-4.5/aarch64-apple-darwin20/openssl/Meta,rds,0.001,2026-02-02 17:54:06.212146,rds_possible_seurat_or_sce,TRUE,FALSE,,,FALSE
/Users/felix/Documents/SepSMART_restart/renv/library/macos/R-4.5/aarch64-apple-darwin20/openssl/Meta/links.rds,links.rds,/Users/felix/Documents/SepSMART_restart/renv/library/macos/R-4.5/aarch64-apple-darwin20/openssl/Meta,rds,0.001,2026-02-02 17:54:06.217278,rds_possible_seurat_or_sce,TRUE,FALSE,,,FALSE
/Users/felix/Documents/SepSMART_restart/renv/library/macos/R-4.5/aarch64-apple-darwin20/openssl/Meta/nsInfo.rds,nsInfo.rds,/Users/felix/Documents/SepSMART_restart/renv/library/macos/R-4.5/aarch64-apple-darwin20/openssl/Meta,rds,0.002,2026-02-02 17:54:06.233663,rds_possible_seurat_or_sce,TRUE,FALSE,,,FALSE
/Users/felix/Documents/SepSMART_restart/renv/library/macos/R-4.5/aarch64-apple-darwin20/openssl/Meta/package.rds,package.rds,/Users/felix/Documents/SepSMART_restart/renv/library/macos/R-4.5/aarch64-apple-darwin20/openssl/Meta,rds,0.001,2026-02-02 17:53:59.809531,rds_possible_seurat_or_sce,TRUE,FALSE,,,FALSE
/Users/felix/Documents/SepSMART_restart/renv/library/macos/R-4.5/aarch64-apple-darwin20/openssl/Meta/Rd.rds,Rd.rds,/Users/felix/Documents/SepSMART_restart/renv/library/macos/R-4.5/aarch64-apple-darwin20/openssl/Meta,rds,0.001,2026-02-02 17:54:06.210407,rds_possible_seurat_or_sce,TRUE,FALSE,,,FALSE
/Users/felix/Documents/SepSMART_restart/renv/library/macos/R-4.5/aarch64-apple-darwin20/openssl/Meta/vignette.rds,vignette.rds,/Users/felix/Documents/SepSMART_restart/renv/library/macos/R-4.5/aarch64-apple-darwin20/openssl/Meta,rds,0,2026-02-02 17:54:06.226957,rds_possible_seurat_or_sce,TRUE,FALSE,,,FALSE
/Users/felix/Documents/SepSMART_restart/renv/library/macos/R-4.5/aarch64-apple-darwin20/ragg/help/aliases.rds,aliases.rds,/Users/felix/Documents/SepSMART_restart/renv/library/macos/R-4.5/aarch64-apple-darwin20/ragg/help,rds,0,2026-02-02 18:03:19.967542,rds_possible_seurat_or_sce,TRUE,FALSE,,,FALSE
/Users/felix/Documents/SepSMART_restart/renv/library/macos/R-4.5/aarch64-apple-darwin20/ragg/help/paths.rds,paths.rds,/Users/felix/Documents/SepSMART_restart/renv/library/macos/R-4.5/aarch64-apple-darwin20/ragg/help,rds,0,2026-02-02 18:03:19.952594,rds_possible_seurat_or_sce,TRUE,FALSE,,,FALSE
/Users/felix/Documents/SepSMART_restart/renv/library/macos/R-4.5/aarch64-apple-darwin20/ragg/Meta/features.rds,features.rds,/Users/felix/Documents/SepSMART_restart/renv/library/macos/R-4.5/aarch64-apple-darwin20/ragg/Meta,rds,0,2026-02-02 18:02:43.487823,rds_possible_seurat_or_sce,TRUE,FALSE,,,FALSE
/Users/felix/Documents/SepSMART_restart/renv/library/macos/R-4.5/aarch64-apple-darwin20/ragg/Meta/hsearch.rds,hsearch.rds,/Users/felix/Documents/SepSMART_restart/renv/library/macos/R-4.5/aarch64-apple-darwin20/ragg/Meta,rds,0.001,2026-02-02 18:03:20.064723,rds_possible_seurat_or_sce,TRUE,FALSE,,,FALSE
/Users/felix/Documents/SepSMART_restart/renv/library/macos/R-4.5/aarch64-apple-darwin20/ragg/Meta/links.rds,links.rds,/Users/felix/Documents/SepSMART_restart/renv/library/macos/R-4.5/aarch64-apple-darwin20/ragg/Meta,rds,0,2026-02-02 18:03:20.064871,rds_possible_seurat_or_sce,TRUE,FALSE,,,FALSE
/Users/felix/Documents/SepSMART_restart/renv/library/macos/R-4.5/aarch64-apple-darwin20/ragg/Meta/nsInfo.rds,nsInfo.rds,/Users/felix/Documents/SepSMART_restart/renv/library/macos/R-4.5/aarch64-apple-darwin20/ragg/Meta,rds,0,2026-02-02 18:03:20.073307,rds_possible_seurat_or_sce,TRUE,FALSE,,,FALSE
/Users/felix/Documents/SepSMART_restart/renv/library/macos/R-4.5/aarch64-apple-darwin20/ragg/Meta/package.rds,package.rds,/Users/felix/Documents/SepSMART_restart/renv/library/macos/R-4.5/aarch64-apple-darwin20/ragg/Meta,rds,0.001,2026-02-02 18:02:43.487652,rds_possible_seurat_or_sce,TRUE,FALSE,,,FALSE
/Users/felix/Documents/SepSMART_restart/renv/library/macos/R-4.5/aarch64-apple-darwin20/ragg/Meta/Rd.rds,Rd.rds,/Users/felix/Documents/SepSMART_restart/renv/library/macos/R-4.5/aarch64-apple-darwin20/ragg/Meta,rds,0.001,2026-02-02 18:03:20.064029,rds_possible_seurat_or_sce,TRUE,FALSE,,,FALSE
/Users/felix/Documents/SepSMART_restart/renv/library/macos/R-4.5/aarch64-apple-darwin20/renv/help/aliases.rds,aliases.rds,/Users/felix/Documents/SepSMART_restart/renv/library/macos/R-4.5/aarch64-apple-darwin20/renv/help,rds,0,2026-02-04 14:54:55.419664,rds_possible_seurat_or_sce,TRUE,FALSE,,,FALSE
/Users/felix/Documents/SepSMART_restart/renv/library/macos/R-4.5/aarch64-apple-darwin20/renv/help/paths.rds,paths.rds,/Users/felix/Documents/SepSMART_restart/renv/library/macos/R-4.5/aarch64-apple-darwin20/renv/help,rds,0,2026-02-04 14:54:55.420244,rds_possible_seurat_or_sce,TRUE,FALSE,,,FALSE
/Users/felix/Documents/SepSMART_restart/renv/library/macos/R-4.5/aarch64-apple-darwin20/renv/Meta/features.rds,features.rds,/Users/felix/Documents/SepSMART_restart/renv/library/macos/R-4.5/aarch64-apple-darwin20/renv/Meta,rds,0,2026-02-04 14:54:55.409391,rds_possible_seurat_or_sce,TRUE,FALSE,,,FALSE
/Users/felix/Documents/SepSMART_restart/renv/library/macos/R-4.5/aarch64-apple-darwin20/renv/Meta/hsearch.rds,hsearch.rds,/Users/felix/Documents/SepSMART_restart/renv/library/macos/R-4.5/aarch64-apple-darwin20/renv/Meta,rds,0.002,2026-02-04 14:54:55.409987,rds_possible_seurat_or_sce,TRUE,FALSE,,,FALSE
/Users/felix/Documents/SepSMART_restart/renv/library/macos/R-4.5/aarch64-apple-darwin20/renv/Meta/links.rds,links.rds,/Users/felix/Documents/SepSMART_restart/renv/library/macos/R-4.5/aarch64-apple-darwin20/renv/Meta,rds,0.001,2026-02-04 14:54:55.409154,rds_possible_seurat_or_sce,TRUE,FALSE,,,FALSE
/Users/felix/Documents/SepSMART_restart/renv/library/macos/R-4.5/aarch64-apple-darwin20/renv/Meta/nsInfo.rds,nsInfo.rds,/Users/felix/Documents/SepSMART_restart/renv/library/macos/R-4.5/aarch64-apple-darwin20/renv/Meta,rds,0.001,2026-02-04 14:54:55.409599,rds_possible_seurat_or_sce,TRUE,FALSE,,,FALSE
/Users/felix/Documents/SepSMART_restart/renv/library/macos/R-4.5/aarch64-apple-darwin20/renv/Meta/package.rds,package.rds,/Users/felix/Documents/SepSMART_restart/renv/library/macos/R-4.5/aarch64-apple-darwin20/renv/Meta,rds,0.002,2026-02-04 14:54:55.409795,rds_possible_seurat_or_sce,TRUE,FALSE,,,FALSE
/Users/felix/Documents/SepSMART_restart/renv/library/macos/R-4.5/aarch64-apple-darwin20/renv/Meta/Rd.rds,Rd.rds,/Users/felix/Documents/SepSMART_restart/renv/library/macos/R-4.5/aarch64-apple-darwin20/renv/Meta,rds,0.002,2026-02-04 14:54:55.410179,rds_possible_seurat_or_sce,TRUE,FALSE,,,FALSE
/Users/felix/Documents/SepSMART_restart/renv/library/macos/R-4.5/aarch64-apple-darwin20/renv/Meta/vignette.rds,vignette.rds,/Users/felix/Documents/SepSMART_restart/renv/library/macos/R-4.5/aarch64-apple-darwin20/renv/Meta,rds,0,2026-02-04 14:54:55.408857,rds_possible_seurat_or_sce,TRUE,FALSE,,,FALSE
/Users/felix/Documents/SepSMART_restart/renv/library/macos/R-4.5/aarch64-apple-darwin20/renv/repos/src/contrib/PACKAGES.rds,PACKAGES.rds,/Users/felix/Documents/SepSMART_restart/renv/library/macos/R-4.5/aarch64-apple-darwin20/renv/repos/src/contrib,rds,0,2026-02-04 14:54:55.40351,rds_possible_seurat_or_sce,TRUE,FALSE,,,FALSE
/Users/felix/Documents/SepSMART_restart/renv/library/macos/R-4.5/aarch64-apple-darwin20/systemfonts/help/aliases.rds,aliases.rds,/Users/felix/Documents/SepSMART_restart/renv/library/macos/R-4.5/aarch64-apple-darwin20/systemfonts/help,rds,0,2026-02-02 18:04:13.205578,rds_possible_seurat_or_sce,TRUE,FALSE,,,FALSE
/Users/felix/Documents/SepSMART_restart/renv/library/macos/R-4.5/aarch64-apple-darwin20/systemfonts/help/paths.rds,paths.rds,/Users/felix/Documents/SepSMART_restart/renv/library/macos/R-4.5/aarch64-apple-darwin20/systemfonts/help,rds,0,2026-02-02 18:04:13.176594,rds_possible_seurat_or_sce,TRUE,FALSE,,,FALSE
/Users/felix/Documents/SepSMART_restart/renv/library/macos/R-4.5/aarch64-apple-darwin20/systemfonts/Meta/features.rds,features.rds,/Users/felix/Documents/SepSMART_restart/renv/library/macos/R-4.5/aarch64-apple-darwin20/systemfonts/Meta,rds,0,2026-02-02 18:04:04.752678,rds_possible_seurat_or_sce,TRUE,FALSE,,,FALSE
/Users/felix/Documents/SepSMART_restart/renv/library/macos/R-4.5/aarch64-apple-darwin20/systemfonts/Meta/hsearch.rds,hsearch.rds,/Users/felix/Documents/SepSMART_restart/renv/library/macos/R-4.5/aarch64-apple-darwin20/systemfonts/Meta,rds,0.001,2026-02-02 18:04:13.305776,rds_possible_seurat_or_sce,TRUE,FALSE,,,FALSE
/Users/felix/Documents/SepSMART_restart/renv/library/macos/R-4.5/aarch64-apple-darwin20/systemfonts/Meta/links.rds,links.rds,/Users/felix/Documents/SepSMART_restart/renv/library/macos/R-4.5/aarch64-apple-darwin20/systemfonts/Meta,rds,0.001,2026-02-02 18:04:13.305949,rds_possible_seurat_or_sce,TRUE,FALSE,,,FALSE
/Users/felix/Documents/SepSMART_restart/renv/library/macos/R-4.5/aarch64-apple-darwin20/systemfonts/Meta/nsInfo.rds,nsInfo.rds,/Users/felix/Documents/SepSMART_restart/renv/library/macos/R-4.5/aarch64-apple-darwin20/systemfonts/Meta,rds,0.001,2026-02-02 18:04:13.315356,rds_possible_seurat_or_sce,TRUE,FALSE,,,FALSE
/Users/felix/Documents/SepSMART_restart/renv/library/macos/R-4.5/aarch64-apple-darwin20/systemfonts/Meta/package.rds,package.rds,/Users/felix/Documents/SepSMART_restart/renv/library/macos/R-4.5/aarch64-apple-darwin20/systemfonts/Meta,rds,0.002,2026-02-02 18:04:04.752593,rds_possible_seurat_or_sce,TRUE,FALSE,,,FALSE
/Users/felix/Documents/SepSMART_restart/renv/library/macos/R-4.5/aarch64-apple-darwin20/systemfonts/Meta/Rd.rds,Rd.rds,/Users/felix/Documents/SepSMART_restart/renv/library/macos/R-4.5/aarch64-apple-darwin20/systemfonts/Meta,rds,0.001,2026-02-02 18:04:13.305054,rds_possible_seurat_or_sce,TRUE,FALSE,,,FALSE
/Users/felix/Documents/SepSMART_restart/renv/library/macos/R-4.5/aarch64-apple-darwin20/systemfonts/Meta/vignette.rds,vignette.rds,/Users/felix/Documents/SepSMART_restart/renv/library/macos/R-4.5/aarch64-apple-darwin20/systemfonts/Meta,rds,0,2026-02-02 18:04:13.313191,rds_possible_seurat_or_sce,TRUE,FALSE,,,FALSE
/Users/felix/Documents/SepSMART_restart/renv/library/macos/R-4.5/aarch64-apple-darwin20/textshaping/help/aliases.rds,aliases.rds,/Users/felix/Documents/SepSMART_restart/renv/library/macos/R-4.5/aarch64-apple-darwin20/textshaping/help,rds,0,2026-02-02 18:04:35.054108,rds_possible_seurat_or_sce,TRUE,FALSE,,,FALSE
/Users/felix/Documents/SepSMART_restart/renv/library/macos/R-4.5/aarch64-apple-darwin20/textshaping/help/paths.rds,paths.rds,/Users/felix/Documents/SepSMART_restart/renv/library/macos/R-4.5/aarch64-apple-darwin20/textshaping/help,rds,0,2026-02-02 18:04:35.044211,rds_possible_seurat_or_sce,TRUE,FALSE,,,FALSE
/Users/felix/Documents/SepSMART_restart/renv/library/macos/R-4.5/aarch64-apple-darwin20/textshaping/lorem/arabic.txt,arabic.txt,/Users/felix/Documents/SepSMART_restart/renv/library/macos/R-4.5/aarch64-apple-darwin20/textshaping/lorem,txt,0.004,2026-02-02 18:04:34.803213,unknown,FALSE,FALSE,"",0,FALSE
/Users/felix/Documents/SepSMART_restart/renv/library/macos/R-4.5/aarch64-apple-darwin20/textshaping/lorem/armenian.txt,armenian.txt,/Users/felix/Documents/SepSMART_restart/renv/library/macos/R-4.5/aarch64-apple-darwin20/textshaping/lorem,txt,0.006,2026-02-02 18:04:34.803282,unknown,FALSE,FALSE,"",0,FALSE
/Users/felix/Documents/SepSMART_restart/renv/library/macos/R-4.5/aarch64-apple-darwin20/textshaping/lorem/chinese.txt,chinese.txt,/Users/felix/Documents/SepSMART_restart/renv/library/macos/R-4.5/aarch64-apple-darwin20/textshaping/lorem,txt,0.004,2026-02-02 18:04:34.80335,unknown,FALSE,FALSE,"",0,FALSE
/Users/felix/Documents/SepSMART_restart/renv/library/macos/R-4.5/aarch64-apple-darwin20/textshaping/lorem/cyrillic.txt,cyrillic.txt,/Users/felix/Documents/SepSMART_restart/renv/library/macos/R-4.5/aarch64-apple-darwin20/textshaping/lorem,txt,0.005,2026-02-02 18:04:34.803417,unknown,FALSE,FALSE,"",0,FALSE
/Users/felix/Documents/SepSMART_restart/renv/library/macos/R-4.5/aarch64-apple-darwin20/textshaping/lorem/devanagari.txt,devanagari.txt,/Users/felix/Documents/SepSMART_restart/renv/library/macos/R-4.5/aarch64-apple-darwin20/textshaping/lorem,txt,0.008,2026-02-02 18:04:34.803482,unknown,FALSE,FALSE,"",0,FALSE
/Users/felix/Documents/SepSMART_restart/renv/library/macos/R-4.5/aarch64-apple-darwin20/textshaping/lorem/georgian.txt,georgian.txt,/Users/felix/Documents/SepSMART_restart/renv/library/macos/R-4.5/aarch64-apple-darwin20/textshaping/lorem,txt,0.006,2026-02-02 18:04:34.803584,unknown,FALSE,FALSE,"",0,FALSE
/Users/felix/Documents/SepSMART_restart/renv/library/macos/R-4.5/aarch64-apple-darwin20/textshaping/lorem/greek.txt,greek.txt,/Users/felix/Documents/SepSMART_restart/renv/library/macos/R-4.5/aarch64-apple-darwin20/textshaping/lorem,txt,0.005,2026-02-02 18:04:34.803644,unknown,FALSE,FALSE,"",0,FALSE
/Users/felix/Documents/SepSMART_restart/renv/library/macos/R-4.5/aarch64-apple-darwin20/textshaping/lorem/hangul.txt,hangul.txt,/Users/felix/Documents/SepSMART_restart/renv/library/macos/R-4.5/aarch64-apple-darwin20/textshaping/lorem,txt,0.003,2026-02-02 18:04:34.803705,unknown,FALSE,FALSE,"",0,FALSE
/Users/felix/Documents/SepSMART_restart/renv/library/macos/R-4.5/aarch64-apple-darwin20/textshaping/lorem/hebrew.txt,hebrew.txt,/Users/felix/Documents/SepSMART_restart/renv/library/macos/R-4.5/aarch64-apple-darwin20/textshaping/lorem,txt,0.004,2026-02-02 18:04:34.803758,unknown,FALSE,FALSE,"",0,FALSE
/Users/felix/Documents/SepSMART_restart/renv/library/macos/R-4.5/aarch64-apple-darwin20/textshaping/lorem/kana.txt,kana.txt,/Users/felix/Documents/SepSMART_restart/renv/library/macos/R-4.5/aarch64-apple-darwin20/textshaping/lorem,txt,0.005,2026-02-02 18:04:34.803816,unknown,FALSE,FALSE,"",0,FALSE
/Users/felix/Documents/SepSMART_restart/renv/library/macos/R-4.5/aarch64-apple-darwin20/textshaping/lorem/latin.txt,latin.txt,/Users/felix/Documents/SepSMART_restart/renv/library/macos/R-4.5/aarch64-apple-darwin20/textshaping/lorem,txt,0.003,2026-02-02 18:04:34.803883,unknown,FALSE,FALSE,"",0,FALSE
/Users/felix/Documents/SepSMART_restart/renv/library/macos/R-4.5/aarch64-apple-darwin20/textshaping/Meta/features.rds,features.rds,/Users/felix/Documents/SepSMART_restart/renv/library/macos/R-4.5/aarch64-apple-darwin20/textshaping/Meta,rds,0,2026-02-02 18:04:30.966148,rds_possible_seurat_or_sce,TRUE,FALSE,,,FALSE
/Users/felix/Documents/SepSMART_restart/renv/library/macos/R-4.5/aarch64-apple-darwin20/textshaping/Meta/hsearch.rds,hsearch.rds,/Users/felix/Documents/SepSMART_restart/renv/library/macos/R-4.5/aarch64-apple-darwin20/textshaping/Meta,rds,0.001,2026-02-02 18:04:35.167975,rds_possible_seurat_or_sce,TRUE,FALSE,,,FALSE
/Users/felix/Documents/SepSMART_restart/renv/library/macos/R-4.5/aarch64-apple-darwin20/textshaping/Meta/links.rds,links.rds,/Users/felix/Documents/SepSMART_restart/renv/library/macos/R-4.5/aarch64-apple-darwin20/textshaping/Meta,rds,0,2026-02-02 18:04:35.168112,rds_possible_seurat_or_sce,TRUE,FALSE,,,FALSE
/Users/felix/Documents/SepSMART_restart/renv/library/macos/R-4.5/aarch64-apple-darwin20/textshaping/Meta/nsInfo.rds,nsInfo.rds,/Users/felix/Documents/SepSMART_restart/renv/library/macos/R-4.5/aarch64-apple-darwin20/textshaping/Meta,rds,0,2026-02-02 18:04:35.177466,rds_possible_seurat_or_sce,TRUE,FALSE,,,FALSE
/Users/felix/Documents/SepSMART_restart/renv/library/macos/R-4.5/aarch64-apple-darwin20/textshaping/Meta/package.rds,package.rds,/Users/felix/Documents/SepSMART_restart/renv/library/macos/R-4.5/aarch64-apple-darwin20/textshaping/Meta,rds,0.001,2026-02-02 18:04:30.966069,rds_possible_seurat_or_sce,TRUE,FALSE,,,FALSE
/Users/felix/Documents/SepSMART_restart/renv/library/macos/R-4.5/aarch64-apple-darwin20/textshaping/Meta/Rd.rds,Rd.rds,/Users/felix/Documents/SepSMART_restart/renv/library/macos/R-4.5/aarch64-apple-darwin20/textshaping/Meta,rds,0.001,2026-02-02 18:04:35.167325,rds_possible_seurat_or_sce,TRUE,FALSE,,,FALSE
/Users/felix/Documents/SepSMART_restart/renv/library/macos/R-4.5/aarch64-apple-darwin20/textshaping/Meta/vignette.rds,vignette.rds,/Users/felix/Documents/SepSMART_restart/renv/library/macos/R-4.5/aarch64-apple-darwin20/textshaping/Meta,rds,0,2026-02-02 18:04:35.175372,rds_possible_seurat_or_sce,TRUE,FALSE,,,FALSE
/Users/felix/Documents/SepSMART_restart/renv/library/macos/R-4.5/aarch64-apple-darwin20/uuid/help/aliases.rds,aliases.rds,/Users/felix/Documents/SepSMART_restart/renv/library/macos/R-4.5/aarch64-apple-darwin20/uuid/help,rds,0,2026-02-02 18:05:30.396485,rds_possible_seurat_or_sce,TRUE,FALSE,,,FALSE
/Users/felix/Documents/SepSMART_restart/renv/library/macos/R-4.5/aarch64-apple-darwin20/uuid/help/paths.rds,paths.rds,/Users/felix/Documents/SepSMART_restart/renv/library/macos/R-4.5/aarch64-apple-darwin20/uuid/help,rds,0,2026-02-02 18:05:30.390215,rds_possible_seurat_or_sce,TRUE,FALSE,,,FALSE
/Users/felix/Documents/SepSMART_restart/renv/library/macos/R-4.5/aarch64-apple-darwin20/uuid/Meta/features.rds,features.rds,/Users/felix/Documents/SepSMART_restart/renv/library/macos/R-4.5/aarch64-apple-darwin20/uuid/Meta,rds,0,2026-02-02 18:05:29.46003,rds_possible_seurat_or_sce,TRUE,FALSE,,,FALSE
/Users/felix/Documents/SepSMART_restart/renv/library/macos/R-4.5/aarch64-apple-darwin20/uuid/Meta/hsearch.rds,hsearch.rds,/Users/felix/Documents/SepSMART_restart/renv/library/macos/R-4.5/aarch64-apple-darwin20/uuid/Meta,rds,0,2026-02-02 18:05:30.485646,rds_possible_seurat_or_sce,TRUE,FALSE,,,FALSE
/Users/felix/Documents/SepSMART_restart/renv/library/macos/R-4.5/aarch64-apple-darwin20/uuid/Meta/links.rds,links.rds,/Users/felix/Documents/SepSMART_restart/renv/library/macos/R-4.5/aarch64-apple-darwin20/uuid/Meta,rds,0,2026-02-02 18:05:30.485779,rds_possible_seurat_or_sce,TRUE,FALSE,,,FALSE
/Users/felix/Documents/SepSMART_restart/renv/library/macos/R-4.5/aarch64-apple-darwin20/uuid/Meta/nsInfo.rds,nsInfo.rds,/Users/felix/Documents/SepSMART_restart/renv/library/macos/R-4.5/aarch64-apple-darwin20/uuid/Meta,rds,0,2026-02-02 18:05:30.493979,rds_possible_seurat_or_sce,TRUE,FALSE,,,FALSE
/Users/felix/Documents/SepSMART_restart/renv/library/macos/R-4.5/aarch64-apple-darwin20/uuid/Meta/package.rds,package.rds,/Users/felix/Documents/SepSMART_restart/renv/library/macos/R-4.5/aarch64-apple-darwin20/uuid/Meta,rds,0.001,2026-02-02 18:05:29.45994,rds_possible_seurat_or_sce,TRUE,FALSE,,,FALSE
/Users/felix/Documents/SepSMART_restart/renv/library/macos/R-4.5/aarch64-apple-darwin20/uuid/Meta/Rd.rds,Rd.rds,/Users/felix/Documents/SepSMART_restart/renv/library/macos/R-4.5/aarch64-apple-darwin20/uuid/Meta,rds,0,2026-02-02 18:05:30.48506,rds_possible_seurat_or_sce,TRUE,FALSE,,,FALSE
/Users/felix/Documents/SepSMART_restart/renv/library/macos/R-4.5/aarch64-apple-darwin20/xml2/help/aliases.rds,aliases.rds,/Users/felix/Documents/SepSMART_restart/renv/library/macos/R-4.5/aarch64-apple-darwin20/xml2/help,rds,0.001,2026-02-02 18:06:46.855601,rds_possible_seurat_or_sce,TRUE,FALSE,,,FALSE
/Users/felix/Documents/SepSMART_restart/renv/library/macos/R-4.5/aarch64-apple-darwin20/xml2/help/paths.rds,paths.rds,/Users/felix/Documents/SepSMART_restart/renv/library/macos/R-4.5/aarch64-apple-darwin20/xml2/help,rds,0,2026-02-02 18:06:46.831915,rds_possible_seurat_or_sce,TRUE,FALSE,,,FALSE
/Users/felix/Documents/SepSMART_restart/renv/library/macos/R-4.5/aarch64-apple-darwin20/xml2/Meta/features.rds,features.rds,/Users/felix/Documents/SepSMART_restart/renv/library/macos/R-4.5/aarch64-apple-darwin20/xml2/Meta,rds,0,2026-02-02 18:06:43.891908,rds_possible_seurat_or_sce,TRUE,FALSE,,,FALSE
/Users/felix/Documents/SepSMART_restart/renv/library/macos/R-4.5/aarch64-apple-darwin20/xml2/Meta/hsearch.rds,hsearch.rds,/Users/felix/Documents/SepSMART_restart/renv/library/macos/R-4.5/aarch64-apple-darwin20/xml2/Meta,rds,0.001,2026-02-02 18:06:46.980342,rds_possible_seurat_or_sce,TRUE,FALSE,,,FALSE
/Users/felix/Documents/SepSMART_restart/renv/library/macos/R-4.5/aarch64-apple-darwin20/xml2/Meta/links.rds,links.rds,/Users/felix/Documents/SepSMART_restart/renv/library/macos/R-4.5/aarch64-apple-darwin20/xml2/Meta,rds,0.001,2026-02-02 18:06:46.98057,rds_possible_seurat_or_sce,TRUE,FALSE,,,FALSE
/Users/felix/Documents/SepSMART_restart/renv/library/macos/R-4.5/aarch64-apple-darwin20/xml2/Meta/nsInfo.rds,nsInfo.rds,/Users/felix/Documents/SepSMART_restart/renv/library/macos/R-4.5/aarch64-apple-darwin20/xml2/Meta,rds,0.001,2026-02-02 18:06:46.993212,rds_possible_seurat_or_sce,TRUE,FALSE,,,FALSE
/Users/felix/Documents/SepSMART_restart/renv/library/macos/R-4.5/aarch64-apple-darwin20/xml2/Meta/package.rds,package.rds,/Users/felix/Documents/SepSMART_restart/renv/library/macos/R-4.5/aarch64-apple-darwin20/xml2/Meta,rds,0.002,2026-02-02 18:06:43.891814,rds_possible_seurat_or_sce,TRUE,FALSE,,,FALSE
/Users/felix/Documents/SepSMART_restart/renv/library/macos/R-4.5/aarch64-apple-darwin20/xml2/Meta/Rd.rds,Rd.rds,/Users/felix/Documents/SepSMART_restart/renv/library/macos/R-4.5/aarch64-apple-darwin20/xml2/Meta,rds,0.001,2026-02-02 18:06:46.979492,rds_possible_seurat_or_sce,TRUE,FALSE,,,FALSE
/Users/felix/Documents/SepSMART_restart/renv/library/macos/R-4.5/aarch64-apple-darwin20/xml2/Meta/vignette.rds,vignette.rds,/Users/felix/Documents/SepSMART_restart/renv/library/macos/R-4.5/aarch64-apple-darwin20/xml2/Meta,rds,0,2026-02-02 18:06:46.988869,rds_possible_seurat_or_sce,TRUE,FALSE,,,FALSE
/Users/felix/Documents/SepSMART_restart/renv/library/macos/R-4.5/aarch64-apple-darwin20/zip/help/aliases.rds,aliases.rds,/Users/felix/Documents/SepSMART_restart/renv/library/macos/R-4.5/aarch64-apple-darwin20/zip/help,rds,0,2026-02-02 18:08:05.964305,rds_possible_seurat_or_sce,TRUE,FALSE,,,FALSE
/Users/felix/Documents/SepSMART_restart/renv/library/macos/R-4.5/aarch64-apple-darwin20/zip/help/paths.rds,paths.rds,/Users/felix/Documents/SepSMART_restart/renv/library/macos/R-4.5/aarch64-apple-darwin20/zip/help,rds,0,2026-02-02 18:08:05.954595,rds_possible_seurat_or_sce,TRUE,FALSE,,,FALSE
/Users/felix/Documents/SepSMART_restart/renv/library/macos/R-4.5/aarch64-apple-darwin20/zip/Meta/features.rds,features.rds,/Users/felix/Documents/SepSMART_restart/renv/library/macos/R-4.5/aarch64-apple-darwin20/zip/Meta,rds,0,2026-02-02 18:08:03.586201,rds_possible_seurat_or_sce,TRUE,FALSE,,,FALSE
/Users/felix/Documents/SepSMART_restart/renv/library/macos/R-4.5/aarch64-apple-darwin20/zip/Meta/hsearch.rds,hsearch.rds,/Users/felix/Documents/SepSMART_restart/renv/library/macos/R-4.5/aarch64-apple-darwin20/zip/Meta,rds,0,2026-02-02 18:08:06.056897,rds_possible_seurat_or_sce,TRUE,FALSE,,,FALSE
/Users/felix/Documents/SepSMART_restart/renv/library/macos/R-4.5/aarch64-apple-darwin20/zip/Meta/links.rds,links.rds,/Users/felix/Documents/SepSMART_restart/renv/library/macos/R-4.5/aarch64-apple-darwin20/zip/Meta,rds,0,2026-02-02 18:08:06.057035,rds_possible_seurat_or_sce,TRUE,FALSE,,,FALSE
/Users/felix/Documents/SepSMART_restart/renv/library/macos/R-4.5/aarch64-apple-darwin20/zip/Meta/nsInfo.rds,nsInfo.rds,/Users/felix/Documents/SepSMART_restart/renv/library/macos/R-4.5/aarch64-apple-darwin20/zip/Meta,rds,0,2026-02-02 18:08:06.065241,rds_possible_seurat_or_sce,TRUE,FALSE,,,FALSE
/Users/felix/Documents/SepSMART_restart/renv/library/macos/R-4.5/aarch64-apple-darwin20/zip/Meta/package.rds,package.rds,/Users/felix/Documents/SepSMART_restart/renv/library/macos/R-4.5/aarch64-apple-darwin20/zip/Meta,rds,0.001,2026-02-02 18:08:03.586112,rds_possible_seurat_or_sce,TRUE,FALSE,,,FALSE
/Users/felix/Documents/SepSMART_restart/renv/library/macos/R-4.5/aarch64-apple-darwin20/zip/Meta/Rd.rds,Rd.rds,/Users/felix/Documents/SepSMART_restart/renv/library/macos/R-4.5/aarch64-apple-darwin20/zip/Meta,rds,0,2026-02-02 18:08:06.056275,rds_possible_seurat_or_sce,TRUE,FALSE,,,FALSE
/Users/felix/Documents/存档/2025考核/年度考核/附件1-7.xlsx,附件1-7.xlsx,/Users/felix/Documents/存档/2025考核/年度考核,xlsx,0.176,2025-12-19 18:09:49.848903,unknown,FALSE,FALSE,"",0,FALSE
/Users/felix/Documents/存档/2025考核/病历评分表.xlsx,病历评分表.xlsx,/Users/felix/Documents/存档/2025考核,xlsx,0.012,2025-12-19 18:22:24.91412,unknown,FALSE,FALSE,"",0,FALSE
/Users/felix/Documents/存档/2026-4-1/github-recovery-codes.txt,github-recovery-codes.txt,/Users/felix/Documents/存档/2026-4-1,txt,0,2026-04-01 21:13:56.411862,unknown,FALSE,FALSE,"",0,FALSE
/Users/felix/Documents/存档/旧研究/丁香园课程目录.txt,丁香园课程目录.txt,/Users/felix/Documents/存档/旧研究,txt,0.013,2025-01-18 16:12:42.92,unknown,FALSE,FALSE,"",0,FALSE
/Users/felix/Documents/存档/研究生录取/临床检验诊断学.xlsx,临床检验诊断学.xlsx,/Users/felix/Documents/存档/研究生录取,xlsx,0.014,2024-07-12 14:44:21,unknown,FALSE,FALSE,"",0,FALSE
/Users/felix/Documents/存档/研究生录取/总花名册统招研究生（请牢记序号）.xlsx,总花名册统招研究生（请牢记序号）.xlsx,/Users/felix/Documents/存档/研究生录取,xlsx,0.078,2025-07-07 17:25:11,unknown,FALSE,FALSE,"",0,FALSE
/Users/felix/Documents/存档/研究生录取/研究生报考材料/临床检验诊断学.xlsx,临床检验诊断学.xlsx,/Users/felix/Documents/存档/研究生录取/研究生报考材料,xlsx,0.014,2024-05-28 14:09:24.31,unknown,FALSE,FALSE,"",0,FALSE
/Users/felix/Documents/存档/考公/湖北省2024年度省市县乡考试录用公务员招考职位表.xlsx,湖北省2024年度省市县乡考试录用公务员招考职位表.xlsx,/Users/felix/Documents/存档/考公,xlsx,0.824,2024-11-16 16:21:25.58,unknown,FALSE,FALSE,"",0,FALSE
/Users/felix/Documents/宿主基因表达_脓毒症综述_文献整理模板.xlsx,宿主基因表达_脓毒症综述_文献整理模板.xlsx,/Users/felix/Documents,xlsx,0.009,2025-10-09 15:10:05.08427,unknown,FALSE,FALSE,"",0,FALSE
/Users/felix/Documents/沈传惠/CTC相关/CTC 数据收集-.xlsx,CTC 数据收集-.xlsx,/Users/felix/Documents/沈传惠/CTC相关,xlsx,0.07,2025-07-07 16:45:42.230352,unknown,FALSE,FALSE,"",0,FALSE
