copy_group,source,target,copied,reason,size_mb
selected_scripts,/Users/felix/Documents/Sepsis_CrossCohort_scRNA/03_scripts/01b_parse_local_series_matrix_core.R,/Users/felix/Documents/Sepsis_CrossCohort_scRNA/repository_release_v1/code/01b_parse_local_series_matrix_core.R,TRUE,copied,0.008042335510253906
selected_scripts,/Users/felix/Documents/Sepsis_CrossCohort_scRNA/03_scripts/02_harmonize_core_phenotype_sepsis_control.R,/Users/felix/Documents/Sepsis_CrossCohort_scRNA/repository_release_v1/code/02_harmonize_core_phenotype_sepsis_control.R,TRUE,copied,0.011975288391113281
selected_scripts,/Users/felix/Documents/Sepsis_CrossCohort_scRNA/03_scripts/04_expression_annotation_merge_DEG.R,/Users/felix/Documents/Sepsis_CrossCohort_scRNA/repository_release_v1/code/04_expression_annotation_merge_DEG.R,TRUE,copied,0.015625953674316406
selected_scripts,/Users/felix/Documents/Sepsis_CrossCohort_scRNA/03_scripts/05_DEG_QC_and_visualization.R,/Users/felix/Documents/Sepsis_CrossCohort_scRNA/repository_release_v1/code/05_DEG_QC_and_visualization.R,TRUE,copied,0.022774696350097656
selected_scripts,/Users/felix/Documents/Sepsis_CrossCohort_scRNA/03_scripts/05b_outlier_sensitivity_DEG.R,/Users/felix/Documents/Sepsis_CrossCohort_scRNA/repository_release_v1/code/05b_outlier_sensitivity_DEG.R,TRUE,copied,0.015176773071289062
selected_scripts,/Users/felix/Documents/Sepsis_CrossCohort_scRNA/03_scripts/07_candidate_gene_selection_preparation.R,/Users/felix/Documents/Sepsis_CrossCohort_scRNA/repository_release_v1/code/07_candidate_gene_selection_preparation.R,TRUE,copied,0.018227577209472656
selected_scripts,/Users/felix/Documents/Sepsis_CrossCohort_scRNA/03_scripts/07b_candidate_gene_refinement_for_modeling.R,/Users/felix/Documents/Sepsis_CrossCohort_scRNA/repository_release_v1/code/07b_candidate_gene_refinement_for_modeling.R,TRUE,copied,0.015730857849121094
selected_scripts,/Users/felix/Documents/Sepsis_CrossCohort_scRNA/03_scripts/08_LODO_diagnostic_modeling.R,/Users/felix/Documents/Sepsis_CrossCohort_scRNA/repository_release_v1/code/08_LODO_diagnostic_modeling.R,TRUE,copied,0.022968292236328125
selected_scripts,/Users/felix/Documents/Sepsis_CrossCohort_scRNA/03_scripts/09_LODO_calibration_threshold_analysis.R,/Users/felix/Documents/Sepsis_CrossCohort_scRNA/repository_release_v1/code/09_LODO_calibration_threshold_analysis.R,TRUE,copied,0.017208099365234375
selected_scripts,/Users/felix/Documents/Sepsis_CrossCohort_scRNA/03_scripts/10_final_compact_model_training.R,/Users/felix/Documents/Sepsis_CrossCohort_scRNA/repository_release_v1/code/10_final_compact_model_training.R,TRUE,copied,0.0201416015625
selected_scripts,/Users/felix/Documents/Sepsis_CrossCohort_scRNA/03_scripts/14_nested_LODO_full_pipeline.R,/Users/felix/Documents/Sepsis_CrossCohort_scRNA/repository_release_v1/code/14_nested_LODO_full_pipeline.R,TRUE,copied,0.046123504638671875
selected_scripts,/Users/felix/Documents/Sepsis_CrossCohort_scRNA/03_scripts/17_nested_LODO_calibration_threshold_DCA.R,/Users/felix/Documents/Sepsis_CrossCohort_scRNA/repository_release_v1/code/17_nested_LODO_calibration_threshold_DCA.R,TRUE,copied,0.03127765655517578
selected_scripts,/Users/felix/Documents/Sepsis_CrossCohort_scRNA/41_complete_Table1_bulk_GEO_background.R,/Users/felix/Documents/Sepsis_CrossCohort_scRNA/repository_release_v1/code/41_complete_Table1_bulk_GEO_background.R,TRUE,copied,0.02673053741455078
selected_scripts,/Users/felix/Documents/Sepsis_CrossCohort_scRNA/03_scripts/42_finalize_Table1_for_BMC_Genomics.R,/Users/felix/Documents/Sepsis_CrossCohort_scRNA/repository_release_v1/code/42_finalize_Table1_for_BMC_Genomics.R,TRUE,copied,0.016542434692382812
selected_scripts,/Users/felix/Documents/Sepsis_CrossCohort_scRNA/03_scripts/43_cleanup_Table1_manuscript_language.R,/Users/felix/Documents/Sepsis_CrossCohort_scRNA/repository_release_v1/code/43_cleanup_Table1_manuscript_language.R,TRUE,copied,0.016292572021484375
selected_scripts,/Users/felix/Documents/Sepsis_CrossCohort_scRNA/03_scripts/44_make_Table1_main_text_compact.R,/Users/felix/Documents/Sepsis_CrossCohort_scRNA/repository_release_v1/code/44_make_Table1_main_text_compact.R,TRUE,copied,0.015208244323730469
selected_scripts,/Users/felix/Documents/Sepsis_CrossCohort_scRNA/03_scripts/45_make_Table1_insertion_package.R,/Users/felix/Documents/Sepsis_CrossCohort_scRNA/repository_release_v1/code/45_make_Table1_insertion_package.R,TRUE,copied,0.015135765075683594
selected_scripts,/Users/felix/Documents/Sepsis_CrossCohort_scRNA/03_scripts/46c_define_signature_from_forced_sources.R,/Users/felix/Documents/Sepsis_CrossCohort_scRNA/repository_release_v1/code/46c_define_signature_from_forced_sources.R,TRUE,copied,0.03087139129638672
selected_scripts,/Users/felix/Documents/Sepsis_CrossCohort_scRNA/03_scripts/46d_finalize_signature_text_package.R,/Users/felix/Documents/Sepsis_CrossCohort_scRNA/repository_release_v1/code/46d_finalize_signature_text_package.R,TRUE,copied,0.020076751708984375
selected_scripts,/Users/felix/Documents/Sepsis_CrossCohort_scRNA/03_scripts/47d_finalize_nested_LODO_methods_text.R,/Users/felix/Documents/Sepsis_CrossCohort_scRNA/repository_release_v1/code/47d_finalize_nested_LODO_methods_text.R,TRUE,copied,0.01667499542236328
selected_scripts,/Users/felix/Documents/Sepsis_CrossCohort_scRNA/03_scripts/48c_force_finalize_DEG_candidate_thresholds.R,/Users/felix/Documents/Sepsis_CrossCohort_scRNA/repository_release_v1/code/48c_force_finalize_DEG_candidate_thresholds.R,TRUE,copied,0.027067184448242188
all_scripts,/Users/felix/Documents/Sepsis_CrossCohort_scRNA/03_scripts/01_download_geo_datasets_core.R,/Users/felix/Documents/Sepsis_CrossCohort_scRNA/repository_release_v1/code/all_project_scripts/01_download_geo_datasets_core.R,TRUE,copied,0.00059986114501953125
all_scripts,/Users/felix/Documents/Sepsis_CrossCohort_scRNA/03_scripts/01b_parse_local_series_matrix_core.R,/Users/felix/Documents/Sepsis_CrossCohort_scRNA/repository_release_v1/code/all_project_scripts/01b_parse_local_series_matrix_core.R,TRUE,copied,0.008042335510253906
all_scripts,/Users/felix/Documents/Sepsis_CrossCohort_scRNA/03_scripts/02_harmonize_core_phenotype_sepsis_control.R,/Users/felix/Documents/Sepsis_CrossCohort_scRNA/repository_release_v1/code/all_project_scripts/02_harmonize_core_phenotype_sepsis_control.R,TRUE,copied,0.011975288391113281
all_scripts,/Users/felix/Documents/Sepsis_CrossCohort_scRNA/03_scripts/03_prepare_main_expr_by_dataset.R,/Users/felix/Documents/Sepsis_CrossCohort_scRNA/repository_release_v1/code/all_project_scripts/03_prepare_main_expr_by_dataset.R,TRUE,copied,0.003612518310546875
all_scripts,/Users/felix/Documents/Sepsis_CrossCohort_scRNA/03_scripts/04_expression_annotation_merge_DEG.R,/Users/felix/Documents/Sepsis_CrossCohort_scRNA/repository_release_v1/code/all_project_scripts/04_expression_annotation_merge_DEG.R,TRUE,copied,0.015625953674316406
all_scripts,/Users/felix/Documents/Sepsis_CrossCohort_scRNA/03_scripts/05_DEG_QC_and_visualization.R,/Users/felix/Documents/Sepsis_CrossCohort_scRNA/repository_release_v1/code/all_project_scripts/05_DEG_QC_and_visualization.R,TRUE,copied,0.022774696350097656
all_scripts,/Users/felix/Documents/Sepsis_CrossCohort_scRNA/03_scripts/05b_outlier_sensitivity_DEG.R,/Users/felix/Documents/Sepsis_CrossCohort_scRNA/repository_release_v1/code/all_project_scripts/05b_outlier_sensitivity_DEG.R,TRUE,copied,0.015176773071289062
all_scripts,/Users/felix/Documents/Sepsis_CrossCohort_scRNA/03_scripts/06_functional_enrichment_GO_KEGG.R,/Users/felix/Documents/Sepsis_CrossCohort_scRNA/repository_release_v1/code/all_project_scripts/06_functional_enrichment_GO_KEGG.R,TRUE,copied,0.01671886444091797
all_scripts,/Users/felix/Documents/Sepsis_CrossCohort_scRNA/03_scripts/07_candidate_gene_selection_preparation.R,/Users/felix/Documents/Sepsis_CrossCohort_scRNA/repository_release_v1/code/all_project_scripts/07_candidate_gene_selection_preparation.R,TRUE,copied,0.018227577209472656
all_scripts,/Users/felix/Documents/Sepsis_CrossCohort_scRNA/03_scripts/07b_candidate_gene_refinement_for_modeling.R,/Users/felix/Documents/Sepsis_CrossCohort_scRNA/repository_release_v1/code/all_project_scripts/07b_candidate_gene_refinement_for_modeling.R,TRUE,copied,0.015730857849121094
all_scripts,/Users/felix/Documents/Sepsis_CrossCohort_scRNA/03_scripts/08_LODO_diagnostic_modeling.R,/Users/felix/Documents/Sepsis_CrossCohort_scRNA/repository_release_v1/code/all_project_scripts/08_LODO_diagnostic_modeling.R,TRUE,copied,0.022968292236328125
all_scripts,/Users/felix/Documents/Sepsis_CrossCohort_scRNA/03_scripts/09_LODO_calibration_threshold_analysis.R,/Users/felix/Documents/Sepsis_CrossCohort_scRNA/repository_release_v1/code/all_project_scripts/09_LODO_calibration_threshold_analysis.R,TRUE,copied,0.017208099365234375
all_scripts,/Users/felix/Documents/Sepsis_CrossCohort_scRNA/03_scripts/10_final_compact_model_training.R,/Users/felix/Documents/Sepsis_CrossCohort_scRNA/repository_release_v1/code/all_project_scripts/10_final_compact_model_training.R,TRUE,copied,0.0201416015625
all_scripts,/Users/felix/Documents/Sepsis_CrossCohort_scRNA/03_scripts/11_model_reporting_tables_and_figures.R,/Users/felix/Documents/Sepsis_CrossCohort_scRNA/repository_release_v1/code/all_project_scripts/11_model_reporting_tables_and_figures.R,TRUE,copied,0.028656959533691406
all_scripts,/Users/felix/Documents/Sepsis_CrossCohort_scRNA/03_scripts/12_manuscript_structure_and_results_draft.R,/Users/felix/Documents/Sepsis_CrossCohort_scRNA/repository_release_v1/code/all_project_scripts/12_manuscript_structure_and_results_draft.R,TRUE,copied,0.035424232482910156
all_scripts,/Users/felix/Documents/Sepsis_CrossCohort_scRNA/03_scripts/13_export_manuscript_to_word.R,/Users/felix/Documents/Sepsis_CrossCohort_scRNA/repository_release_v1/code/all_project_scripts/13_export_manuscript_to_word.R,TRUE,copied,0.01413726806640625
all_scripts,/Users/felix/Documents/Sepsis_CrossCohort_scRNA/03_scripts/14_nested_LODO_full_pipeline.R,/Users/felix/Documents/Sepsis_CrossCohort_scRNA/repository_release_v1/code/all_project_scripts/14_nested_LODO_full_pipeline.R,TRUE,copied,0.046123504638671875
all_scripts,/Users/felix/Documents/Sepsis_CrossCohort_scRNA/03_scripts/15_cohort_control_type_eligibility_table.R,/Users/felix/Documents/Sepsis_CrossCohort_scRNA/repository_release_v1/code/all_project_scripts/15_cohort_control_type_eligibility_table.R,TRUE,copied,0.019290924072265625
all_scripts,/Users/felix/Documents/Sepsis_CrossCohort_scRNA/03_scripts/15b_update_cohort_control_type_eligibility_table.R,/Users/felix/Documents/Sepsis_CrossCohort_scRNA/repository_release_v1/code/all_project_scripts/15b_update_cohort_control_type_eligibility_table.R,TRUE,copied,0.021928787231445312
all_scripts,/Users/felix/Documents/Sepsis_CrossCohort_scRNA/03_scripts/16a_scan_local_RNAseq_files.R,/Users/felix/Documents/Sepsis_CrossCohort_scRNA/repository_release_v1/code/all_project_scripts/16a_scan_local_RNAseq_files.R,TRUE,copied,0.01795673370361328
all_scripts,/Users/felix/Documents/Sepsis_CrossCohort_scRNA/03_scripts/16b_dataset_platform_classification_and_RNAseq_eligibility.R,/Users/felix/Documents/Sepsis_CrossCohort_scRNA/repository_release_v1/code/all_project_scripts/16b_dataset_platform_classification_and_RNAseq_eligibility.R,TRUE,copied,0.0290679931640625
all_scripts,/Users/felix/Documents/Sepsis_CrossCohort_scRNA/03_scripts/17_nested_LODO_calibration_threshold_DCA.R,/Users/felix/Documents/Sepsis_CrossCohort_scRNA/repository_release_v1/code/all_project_scripts/17_nested_LODO_calibration_threshold_DCA.R,TRUE,copied,0.03127765655517578
all_scripts,/Users/felix/Documents/Sepsis_CrossCohort_scRNA/03_scripts/18_prepare_scRNA_dataset.R,/Users/felix/Documents/Sepsis_CrossCohort_scRNA/repository_release_v1/code/all_project_scripts/18_prepare_scRNA_dataset.R,TRUE,copied,0.01747608184814453
all_scripts,/Users/felix/Documents/Sepsis_CrossCohort_scRNA/03_scripts/18a_scan_local_scRNA_files.R,/Users/felix/Documents/Sepsis_CrossCohort_scRNA/repository_release_v1/code/all_project_scripts/18a_scan_local_scRNA_files.R,TRUE,copied,0.01671123504638672
all_scripts,/Users/felix/Documents/Sepsis_CrossCohort_scRNA/03_scripts/18b_download_or_prepare_GSE167363_scRNA.R,/Users/felix/Documents/Sepsis_CrossCohort_scRNA/repository_release_v1/code/all_project_scripts/18b_download_or_prepare_GSE167363_scRNA.R,TRUE,copied,0.014811515808105469
all_scripts,/Users/felix/Documents/Sepsis_CrossCohort_scRNA/03_scripts/18c_reorganize_GSE167363_10x_MEX.R,/Users/felix/Documents/Sepsis_CrossCohort_scRNA/repository_release_v1/code/all_project_scripts/18c_reorganize_GSE167363_10x_MEX.R,TRUE,copied,0.007353782653808594
all_scripts,/Users/felix/Documents/Sepsis_CrossCohort_scRNA/03_scripts/19_scRNA_signature_localization_module_score.R,/Users/felix/Documents/Sepsis_CrossCohort_scRNA/repository_release_v1/code/all_project_scripts/19_scRNA_signature_localization_module_score.R,TRUE,copied,0.02306842803955078
all_scripts,/Users/felix/Documents/Sepsis_CrossCohort_scRNA/03_scripts/20_freeze_final_results_and_tables.R,/Users/felix/Documents/Sepsis_CrossCohort_scRNA/repository_release_v1/code/all_project_scripts/20_freeze_final_results_and_tables.R,TRUE,copied,0.0234832763671875
all_scripts,/Users/felix/Documents/Sepsis_CrossCohort_scRNA/03_scripts/20_update_manuscript_tables_and_results_after_nested_LODO_scRNA.R,/Users/felix/Documents/Sepsis_CrossCohort_scRNA/repository_release_v1/code/all_project_scripts/20_update_manuscript_tables_and_results_after_nested_LODO_scRNA.R,TRUE,copied,0.02733325958251953
all_scripts,/Users/felix/Documents/Sepsis_CrossCohort_scRNA/03_scripts/21_final_sanity_check_before_manuscript.R,/Users/felix/Documents/Sepsis_CrossCohort_scRNA/repository_release_v1/code/all_project_scripts/21_final_sanity_check_before_manuscript.R,TRUE,copied,0.021224021911621094
all_scripts,/Users/felix/Documents/Sepsis_CrossCohort_scRNA/03_scripts/22_prepare_BMC_Genomics_manuscript_framework.R.R,/Users/felix/Documents/Sepsis_CrossCohort_scRNA/repository_release_v1/code/all_project_scripts/22_prepare_BMC_Genomics_manuscript_framework.R.R,TRUE,copied,0.029817581176757812
all_scripts,/Users/felix/Documents/Sepsis_CrossCohort_scRNA/03_scripts/23_BMC_Genomics_methods_results_draft.R,/Users/felix/Documents/Sepsis_CrossCohort_scRNA/repository_release_v1/code/all_project_scripts/23_BMC_Genomics_methods_results_draft.R,TRUE,copied,0.02961444854736328
all_scripts,/Users/felix/Documents/Sepsis_CrossCohort_scRNA/03_scripts/24_BMC_Genomics_background_discussion_draft.R,/Users/felix/Documents/Sepsis_CrossCohort_scRNA/repository_release_v1/code/all_project_scripts/24_BMC_Genomics_background_discussion_draft.R,TRUE,copied,0.027109146118164062
all_scripts,/Users/felix/Documents/Sepsis_CrossCohort_scRNA/03_scripts/25_BMC_Genomics_full_manuscript_assembly.R.R,/Users/felix/Documents/Sepsis_CrossCohort_scRNA/repository_release_v1/code/all_project_scripts/25_BMC_Genomics_full_manuscript_assembly.R.R,TRUE,copied,0.014711380004882812
all_scripts,/Users/felix/Documents/Sepsis_CrossCohort_scRNA/03_scripts/26_BMC_Genomics_citation_replacement_plan.R.R,/Users/felix/Documents/Sepsis_CrossCohort_scRNA/repository_release_v1/code/all_project_scripts/26_BMC_Genomics_citation_replacement_plan.R.R,TRUE,copied,0.017833709716796875
all_scripts,/Users/felix/Documents/Sepsis_CrossCohort_scRNA/03_scripts/27_BMC_Genomics_reference_insertion_v0.3.R,/Users/felix/Documents/Sepsis_CrossCohort_scRNA/repository_release_v1/code/all_project_scripts/27_BMC_Genomics_reference_insertion_v0.3.R,TRUE,copied,0.016961097717285156
all_scripts,/Users/felix/Documents/Sepsis_CrossCohort_scRNA/03_scripts/28_BMC_Genomics_language_and_claim_polish.R.R,/Users/felix/Documents/Sepsis_CrossCohort_scRNA/repository_release_v1/code/all_project_scripts/28_BMC_Genomics_language_and_claim_polish.R.R,TRUE,copied,0.021484375
all_scripts,/Users/felix/Documents/Sepsis_CrossCohort_scRNA/03_scripts/28b_BMC_Genomics_language_claim_fix.R,/Users/felix/Documents/Sepsis_CrossCohort_scRNA/repository_release_v1/code/all_project_scripts/28b_BMC_Genomics_language_claim_fix.R,TRUE,copied,0.01567554473876953
all_scripts,/Users/felix/Documents/Sepsis_CrossCohort_scRNA/03_scripts/29_BMC_Genomics_table_figure_caption_draft.R.R,/Users/felix/Documents/Sepsis_CrossCohort_scRNA/repository_release_v1/code/all_project_scripts/29_BMC_Genomics_table_figure_caption_draft.R.R,TRUE,copied,0.02413463592529297
all_scripts,/Users/felix/Documents/Sepsis_CrossCohort_scRNA/03_scripts/30_BMC_Genomics_submission_package_check.R,/Users/felix/Documents/Sepsis_CrossCohort_scRNA/repository_release_v1/code/all_project_scripts/30_BMC_Genomics_submission_package_check.R,TRUE,copied,0.02377033233642578
all_scripts,/Users/felix/Documents/Sepsis_CrossCohort_scRNA/03_scripts/30b_BMC_Genomics_submission_package_fix.R,/Users/felix/Documents/Sepsis_CrossCohort_scRNA/repository_release_v1/code/all_project_scripts/30b_BMC_Genomics_submission_package_fix.R,TRUE,copied,0.02684497833251953
all_scripts,/Users/felix/Documents/Sepsis_CrossCohort_scRNA/03_scripts/30c_BMC_Genomics_failed_check_diagnosis.R,/Users/felix/Documents/Sepsis_CrossCohort_scRNA/repository_release_v1/code/all_project_scripts/30c_BMC_Genomics_failed_check_diagnosis.R,TRUE,copied,0.0018177032470703125
all_scripts,/Users/felix/Documents/Sepsis_CrossCohort_scRNA/03_scripts/30d_BMC_Genomics_declarations_heading_fix.R,/Users/felix/Documents/Sepsis_CrossCohort_scRNA/repository_release_v1/code/all_project_scripts/30d_BMC_Genomics_declarations_heading_fix.R,TRUE,copied,0.009067535400390625
all_scripts,/Users/felix/Documents/Sepsis_CrossCohort_scRNA/03_scripts/31_BMC_Genomics_markdown_to_word_export.R,/Users/felix/Documents/Sepsis_CrossCohort_scRNA/repository_release_v1/code/all_project_scripts/31_BMC_Genomics_markdown_to_word_export.R,TRUE,copied,0.01638031005859375
all_scripts,/Users/felix/Documents/Sepsis_CrossCohort_scRNA/03_scripts/32_BMC_Genomics_manual_fields_completion_plan.R.R,/Users/felix/Documents/Sepsis_CrossCohort_scRNA/repository_release_v1/code/all_project_scripts/32_BMC_Genomics_manual_fields_completion_plan.R.R,TRUE,copied,0.021802902221679688
all_scripts,/Users/felix/Documents/Sepsis_CrossCohort_scRNA/03_scripts/33_BMC_Genomics_final_submission_check_after_manual_edit.R,/Users/felix/Documents/Sepsis_CrossCohort_scRNA/repository_release_v1/code/all_project_scripts/33_BMC_Genomics_final_submission_check_after_manual_edit.R,TRUE,copied,0.021083831787109375
all_scripts,/Users/felix/Documents/Sepsis_CrossCohort_scRNA/03_scripts/33b_BMC_Genomics_final_submission_check_fix.R,/Users/felix/Documents/Sepsis_CrossCohort_scRNA/repository_release_v1/code/all_project_scripts/33b_BMC_Genomics_final_submission_check_fix.R,TRUE,copied,0.01861858367919922
all_scripts,/Users/felix/Documents/Sepsis_CrossCohort_scRNA/03_scripts/34_BMC_Genomics_final_submission_package_builder.R,/Users/felix/Documents/Sepsis_CrossCohort_scRNA/repository_release_v1/code/all_project_scripts/34_BMC_Genomics_final_submission_package_builder.R,TRUE,copied,0.028581619262695312
all_scripts,/Users/felix/Documents/Sepsis_CrossCohort_scRNA/03_scripts/35_BMC_Genomics_final_upload_file_selector.R,/Users/felix/Documents/Sepsis_CrossCohort_scRNA/repository_release_v1/code/all_project_scripts/35_BMC_Genomics_final_upload_file_selector.R,TRUE,copied,0.027196884155273438
all_scripts,/Users/felix/Documents/Sepsis_CrossCohort_scRNA/03_scripts/36_BMC_Genomics_final_figures_and_supplements_builder.R,/Users/felix/Documents/Sepsis_CrossCohort_scRNA/repository_release_v1/code/all_project_scripts/36_BMC_Genomics_final_figures_and_supplements_builder.R,TRUE,copied,0.026391983032226562
all_scripts,/Users/felix/Documents/Sepsis_CrossCohort_scRNA/03_scripts/37_BMC_Genomics_composite_main_figures_builder.R,/Users/felix/Documents/Sepsis_CrossCohort_scRNA/repository_release_v1/code/all_project_scripts/37_BMC_Genomics_composite_main_figures_builder.R,TRUE,copied,0.033527374267578125
all_scripts,/Users/felix/Documents/Sepsis_CrossCohort_scRNA/03_scripts/38_BMC_Genomics_final_visual_and_upload_checklist.R,/Users/felix/Documents/Sepsis_CrossCohort_scRNA/repository_release_v1/code/all_project_scripts/38_BMC_Genomics_final_visual_and_upload_checklist.R,TRUE,copied,0.019231796264648438
all_scripts,/Users/felix/Documents/Sepsis_CrossCohort_scRNA/03_scripts/39_BMC_Genomics_major_revision_fig2_fig4_rebuild.R,/Users/felix/Documents/Sepsis_CrossCohort_scRNA/repository_release_v1/code/all_project_scripts/39_BMC_Genomics_major_revision_fig2_fig4_rebuild.R,TRUE,copied,0.0284271240234375
all_scripts,/Users/felix/Documents/Sepsis_CrossCohort_scRNA/03_scripts/39_check_nested_lodo_model_algorithm.R,/Users/felix/Documents/Sepsis_CrossCohort_scRNA/repository_release_v1/code/all_project_scripts/39_check_nested_lodo_model_algorithm.R,TRUE,copied,0.020295143127441406
all_scripts,/Users/felix/Documents/Sepsis_CrossCohort_scRNA/03_scripts/40_restore_after_rstudio_closed.R.R,/Users/felix/Documents/Sepsis_CrossCohort_scRNA/repository_release_v1/code/all_project_scripts/40_restore_after_rstudio_closed.R.R,TRUE,copied,0.015877723693847656
all_scripts,/Users/felix/Documents/Sepsis_CrossCohort_scRNA/03_scripts/42_finalize_Table1_for_BMC_Genomics.R,/Users/felix/Documents/Sepsis_CrossCohort_scRNA/repository_release_v1/code/all_project_scripts/42_finalize_Table1_for_BMC_Genomics.R,TRUE,copied,0.016542434692382812
all_scripts,/Users/felix/Documents/Sepsis_CrossCohort_scRNA/03_scripts/43_cleanup_Table1_manuscript_language.R,/Users/felix/Documents/Sepsis_CrossCohort_scRNA/repository_release_v1/code/all_project_scripts/43_cleanup_Table1_manuscript_language.R,TRUE,copied,0.016292572021484375
all_scripts,/Users/felix/Documents/Sepsis_CrossCohort_scRNA/03_scripts/44_make_Table1_main_text_compact.R,/Users/felix/Documents/Sepsis_CrossCohort_scRNA/repository_release_v1/code/all_project_scripts/44_make_Table1_main_text_compact.R,TRUE,copied,0.015208244323730469
all_scripts,/Users/felix/Documents/Sepsis_CrossCohort_scRNA/03_scripts/45_make_Table1_insertion_package.R,/Users/felix/Documents/Sepsis_CrossCohort_scRNA/repository_release_v1/code/all_project_scripts/45_make_Table1_insertion_package.R,TRUE,copied,0.015135765075683594
all_scripts,/Users/felix/Documents/Sepsis_CrossCohort_scRNA/03_scripts/46_define_final_10_gene_signature.R,/Users/felix/Documents/Sepsis_CrossCohort_scRNA/repository_release_v1/code/all_project_scripts/46_define_final_10_gene_signature.R,TRUE,copied,0.034096717834472656
all_scripts,/Users/felix/Documents/Sepsis_CrossCohort_scRNA/03_scripts/46b_locate_definitive_signature_sources.R,/Users/felix/Documents/Sepsis_CrossCohort_scRNA/repository_release_v1/code/all_project_scripts/46b_locate_definitive_signature_sources.R,TRUE,copied,0.01945209503173828
all_scripts,/Users/felix/Documents/Sepsis_CrossCohort_scRNA/03_scripts/46c_define_signature_from_forced_sources.R,/Users/felix/Documents/Sepsis_CrossCohort_scRNA/repository_release_v1/code/all_project_scripts/46c_define_signature_from_forced_sources.R,TRUE,copied,0.03087139129638672
all_scripts,/Users/felix/Documents/Sepsis_CrossCohort_scRNA/03_scripts/46d_finalize_signature_text_package.R,/Users/felix/Documents/Sepsis_CrossCohort_scRNA/repository_release_v1/code/all_project_scripts/46d_finalize_signature_text_package.R,TRUE,copied,0.020076751708984375
all_scripts,/Users/felix/Documents/Sepsis_CrossCohort_scRNA/03_scripts/47_nested_LODO_methods_audit_package.R,/Users/felix/Documents/Sepsis_CrossCohort_scRNA/repository_release_v1/code/all_project_scripts/47_nested_LODO_methods_audit_package.R,TRUE,copied,0.027822494506835938
all_scripts,/Users/felix/Documents/Sepsis_CrossCohort_scRNA/03_scripts/47b_force_extract_cv_weights_methods.R,/Users/felix/Documents/Sepsis_CrossCohort_scRNA/repository_release_v1/code/all_project_scripts/47b_force_extract_cv_weights_methods.R,TRUE,copied,0.027963638305664062
all_scripts,/Users/felix/Documents/Sepsis_CrossCohort_scRNA/03_scripts/47c_force_trace_foldid_lambda_methods.R,/Users/felix/Documents/Sepsis_CrossCohort_scRNA/repository_release_v1/code/all_project_scripts/47c_force_trace_foldid_lambda_methods.R,TRUE,copied,0.02057361602783203
all_scripts,/Users/felix/Documents/Sepsis_CrossCohort_scRNA/03_scripts/47d_finalize_nested_LODO_methods_text.R,/Users/felix/Documents/Sepsis_CrossCohort_scRNA/repository_release_v1/code/all_project_scripts/47d_finalize_nested_LODO_methods_text.R,TRUE,copied,0.01667499542236328
all_scripts,/Users/felix/Documents/Sepsis_CrossCohort_scRNA/03_scripts/48_DEG_candidate_selection_methods_audit.R,/Users/felix/Documents/Sepsis_CrossCohort_scRNA/repository_release_v1/code/all_project_scripts/48_DEG_candidate_selection_methods_audit.R,TRUE,copied,0.02957916259765625
all_scripts,/Users/felix/Documents/Sepsis_CrossCohort_scRNA/03_scripts/48b_finalize_DEG_candidate_selection_methods.R,/Users/felix/Documents/Sepsis_CrossCohort_scRNA/repository_release_v1/code/all_project_scripts/48b_finalize_DEG_candidate_selection_methods.R,TRUE,copied,0.027042388916015625
all_scripts,/Users/felix/Documents/Sepsis_CrossCohort_scRNA/03_scripts/48c_force_finalize_DEG_candidate_thresholds.R,/Users/felix/Documents/Sepsis_CrossCohort_scRNA/repository_release_v1/code/all_project_scripts/48c_force_finalize_DEG_candidate_thresholds.R,TRUE,copied,0.027067184448242188
all_scripts,/Users/felix/Documents/Sepsis_CrossCohort_scRNA/03_scripts/49_prepare_repository_release_v1.R,/Users/felix/Documents/Sepsis_CrossCohort_scRNA/repository_release_v1/code/all_project_scripts/49_prepare_repository_release_v1.R,TRUE,copied,0.026953697204589844
result_directories,/Users/felix/Documents/Sepsis_CrossCohort_scRNA/04_results/table1_compact_for_BMC_Genomics/T44_Table1_BMC_Genomics_additional_file_S1.csv,/Users/felix/Documents/Sepsis_CrossCohort_scRNA/repository_release_v1/frozen_results/audit_outputs/table1_compact_for_BMC_Genomics/T44_Table1_BMC_Genomics_additional_file_S1.csv,TRUE,copied,0.007049560546875
result_directories,/Users/felix/Documents/Sepsis_CrossCohort_scRNA/04_results/table1_compact_for_BMC_Genomics/T44_Table1_BMC_Genomics_compact_workbook.xlsx,/Users/felix/Documents/Sepsis_CrossCohort_scRNA/repository_release_v1/frozen_results/audit_outputs/table1_compact_for_BMC_Genomics/T44_Table1_BMC_Genomics_compact_workbook.xlsx,TRUE,copied,0.01364898681640625
result_directories,/Users/felix/Documents/Sepsis_CrossCohort_scRNA/04_results/table1_compact_for_BMC_Genomics/T44_Table1_BMC_Genomics_main_text_compact.csv,/Users/felix/Documents/Sepsis_CrossCohort_scRNA/repository_release_v1/frozen_results/audit_outputs/table1_compact_for_BMC_Genomics/T44_Table1_BMC_Genomics_main_text_compact.csv,TRUE,copied,0.0021009445190429688
result_directories,/Users/felix/Documents/Sepsis_CrossCohort_scRNA/04_results/table1_compact_for_BMC_Genomics/T44_Table1_BMC_Genomics_main_text_compact.docx,/Users/felix/Documents/Sepsis_CrossCohort_scRNA/repository_release_v1/frozen_results/audit_outputs/table1_compact_for_BMC_Genomics/T44_Table1_BMC_Genomics_main_text_compact.docx,TRUE,copied,0.014306068420410156
result_directories,/Users/felix/Documents/Sepsis_CrossCohort_scRNA/04_results/table1_compact_for_BMC_Genomics/T44_Table1_compact_checks.csv,/Users/felix/Documents/Sepsis_CrossCohort_scRNA/repository_release_v1/frozen_results/audit_outputs/table1_compact_for_BMC_Genomics/T44_Table1_compact_checks.csv,TRUE,copied,7.43865966796875e-4
result_directories,/Users/felix/Documents/Sepsis_CrossCohort_scRNA/04_results/table1_compact_for_BMC_Genomics/T44_Table1_compact_overall_status.csv,/Users/felix/Documents/Sepsis_CrossCohort_scRNA/repository_release_v1/frozen_results/audit_outputs/table1_compact_for_BMC_Genomics/T44_Table1_compact_overall_status.csv,TRUE,copied,5.8746337890625e-4
result_directories,/Users/felix/Documents/Sepsis_CrossCohort_scRNA/04_results/table1_insertion_package_for_BMC_Genomics/T45_Additional_file_1_description.txt,/Users/felix/Documents/Sepsis_CrossCohort_scRNA/repository_release_v1/frozen_results/audit_outputs/table1_insertion_package_for_BMC_Genomics/T45_Additional_file_1_description.txt,TRUE,copied,3.833770751953125e-4
result_directories,/Users/felix/Documents/Sepsis_CrossCohort_scRNA/04_results/table1_insertion_package_for_BMC_Genomics/T45_Methods_Table1_reference_paragraph.txt,/Users/felix/Documents/Sepsis_CrossCohort_scRNA/repository_release_v1/frozen_results/audit_outputs/table1_insertion_package_for_BMC_Genomics/T45_Methods_Table1_reference_paragraph.txt,TRUE,copied,3.4332275390625e-4
result_directories,/Users/felix/Documents/Sepsis_CrossCohort_scRNA/04_results/table1_insertion_package_for_BMC_Genomics/T45_Table1_caption_and_footnote.csv,/Users/felix/Documents/Sepsis_CrossCohort_scRNA/repository_release_v1/frozen_results/audit_outputs/table1_insertion_package_for_BMC_Genomics/T45_Table1_caption_and_footnote.csv,TRUE,copied,0.0014362335205078125
result_directories,/Users/felix/Documents/Sepsis_CrossCohort_scRNA/04_results/table1_insertion_package_for_BMC_Genomics/T45_Table1_insertion_package_checks.csv,/Users/felix/Documents/Sepsis_CrossCohort_scRNA/repository_release_v1/frozen_results/audit_outputs/table1_insertion_package_for_BMC_Genomics/T45_Table1_insertion_package_checks.csv,TRUE,copied,0.00096225738525390625
result_directories,/Users/felix/Documents/Sepsis_CrossCohort_scRNA/04_results/table1_insertion_package_for_BMC_Genomics/T45_Table1_insertion_package_overall_status.csv,/Users/felix/Documents/Sepsis_CrossCohort_scRNA/repository_release_v1/frozen_results/audit_outputs/table1_insertion_package_for_BMC_Genomics/T45_Table1_insertion_package_overall_status.csv,TRUE,copied,6.90460205078125e-4
result_directories,/Users/felix/Documents/Sepsis_CrossCohort_scRNA/04_results/table1_insertion_package_for_BMC_Genomics/T45_Table1_insertion_package_workbook.xlsx,/Users/felix/Documents/Sepsis_CrossCohort_scRNA/repository_release_v1/frozen_results/audit_outputs/table1_insertion_package_for_BMC_Genomics/T45_Table1_insertion_package_workbook.xlsx,TRUE,copied,0.013509750366210938
result_directories,/Users/felix/Documents/Sepsis_CrossCohort_scRNA/04_results/table1_insertion_package_for_BMC_Genomics/T45_Table1_insertion_text.docx,/Users/felix/Documents/Sepsis_CrossCohort_scRNA/repository_release_v1/frozen_results/audit_outputs/table1_insertion_package_for_BMC_Genomics/T45_Table1_insertion_text.docx,TRUE,copied,0.015181541442871094
result_directories,/Users/felix/Documents/Sepsis_CrossCohort_scRNA/04_results/table1_insertion_package_for_BMC_Genomics/T45_Table1_insertion_text.txt,/Users/felix/Documents/Sepsis_CrossCohort_scRNA/repository_release_v1/frozen_results/audit_outputs/table1_insertion_package_for_BMC_Genomics/T45_Table1_insertion_text.txt,TRUE,copied,0.001415252685546875
result_directories,/Users/felix/Documents/Sepsis_CrossCohort_scRNA/04_results/signature_definition_final_10_genes_46c/~$6c_final_10_gene_signature_definition.docx,/Users/felix/Documents/Sepsis_CrossCohort_scRNA/repository_release_v1/frozen_results/audit_outputs/signature_definition_final_10_genes_46c/~$6c_final_10_gene_signature_definition.docx,TRUE,copied,1.544952392578125e-4
result_directories,/Users/felix/Documents/Sepsis_CrossCohort_scRNA/04_results/signature_definition_final_10_genes_46c/T46c_checks.csv,/Users/felix/Documents/Sepsis_CrossCohort_scRNA/repository_release_v1/frozen_results/audit_outputs/signature_definition_final_10_genes_46c/T46c_checks.csv,TRUE,copied,0.0012788772583007812
result_directories,/Users/felix/Documents/Sepsis_CrossCohort_scRNA/04_results/signature_definition_final_10_genes_46c/T46c_final_10_gene_signature_definition.csv,/Users/felix/Documents/Sepsis_CrossCohort_scRNA/repository_release_v1/frozen_results/audit_outputs/signature_definition_final_10_genes_46c/T46c_final_10_gene_signature_definition.csv,TRUE,copied,0.0050029754638671875
result_directories,/Users/felix/Documents/Sepsis_CrossCohort_scRNA/04_results/signature_definition_final_10_genes_46c/T46c_final_10_gene_signature_definition.docx,/Users/felix/Documents/Sepsis_CrossCohort_scRNA/repository_release_v1/frozen_results/audit_outputs/signature_definition_final_10_genes_46c/T46c_final_10_gene_signature_definition.docx,TRUE,copied,0.015081405639648438
result_directories,/Users/felix/Documents/Sepsis_CrossCohort_scRNA/04_results/signature_definition_final_10_genes_46c/T46c_final_10_gene_signature_workbook.xlsx,/Users/felix/Documents/Sepsis_CrossCohort_scRNA/repository_release_v1/frozen_results/audit_outputs/signature_definition_final_10_genes_46c/T46c_final_10_gene_signature_workbook.xlsx,TRUE,copied,0.01646709442138672
result_directories,/Users/felix/Documents/Sepsis_CrossCohort_scRNA/04_results/signature_definition_final_10_genes_46c/T46c_overall_status.csv,/Users/felix/Documents/Sepsis_CrossCohort_scRNA/repository_release_v1/frozen_results/audit_outputs/signature_definition_final_10_genes_46c/T46c_overall_status.csv,TRUE,copied,8.068084716796875e-4
result_directories,/Users/felix/Documents/Sepsis_CrossCohort_scRNA/04_results/signature_definition_final_10_genes_46c/T46c_signature_definition_insertion_text.docx,/Users/felix/Documents/Sepsis_CrossCohort_scRNA/repository_release_v1/frozen_results/audit_outputs/signature_definition_final_10_genes_46c/T46c_signature_definition_insertion_text.docx,TRUE,copied,0.012897491455078125
result_directories,/Users/felix/Documents/Sepsis_CrossCohort_scRNA/04_results/signature_definition_final_10_genes_46c/T46c_signature_definition_insertion_text.txt,/Users/felix/Documents/Sepsis_CrossCohort_scRNA/repository_release_v1/frozen_results/audit_outputs/signature_definition_final_10_genes_46c/T46c_signature_definition_insertion_text.txt,TRUE,copied,0.0020847320556640625
result_directories,/Users/felix/Documents/Sepsis_CrossCohort_scRNA/04_results/signature_definition_final_10_genes_46d/T46d_signature_text_checks.csv,/Users/felix/Documents/Sepsis_CrossCohort_scRNA/repository_release_v1/frozen_results/audit_outputs/signature_definition_final_10_genes_46d/T46d_signature_text_checks.csv,TRUE,copied,0.0012674331665039062
result_directories,/Users/felix/Documents/Sepsis_CrossCohort_scRNA/04_results/signature_definition_final_10_genes_46d/T46d_signature_text_overall_status.csv,/Users/felix/Documents/Sepsis_CrossCohort_scRNA/repository_release_v1/frozen_results/audit_outputs/signature_definition_final_10_genes_46d/T46d_signature_text_overall_status.csv,TRUE,copied,9.365081787109375e-4
result_directories,/Users/felix/Documents/Sepsis_CrossCohort_scRNA/04_results/signature_definition_final_10_genes_46d/T46d_signature_text_package_workbook.xlsx,/Users/felix/Documents/Sepsis_CrossCohort_scRNA/repository_release_v1/frozen_results/audit_outputs/signature_definition_final_10_genes_46d/T46d_signature_text_package_workbook.xlsx,TRUE,copied,0.011908531188964844
result_directories,/Users/felix/Documents/Sepsis_CrossCohort_scRNA/04_results/signature_definition_final_10_genes_46d/T46d_signature_text_package.csv,/Users/felix/Documents/Sepsis_CrossCohort_scRNA/repository_release_v1/frozen_results/audit_outputs/signature_definition_final_10_genes_46d/T46d_signature_text_package.csv,TRUE,copied,0.0030050277709960938
result_directories,/Users/felix/Documents/Sepsis_CrossCohort_scRNA/04_results/signature_definition_final_10_genes_46d/T46d_signature_text_package.docx,/Users/felix/Documents/Sepsis_CrossCohort_scRNA/repository_release_v1/frozen_results/audit_outputs/signature_definition_final_10_genes_46d/T46d_signature_text_package.docx,TRUE,copied,0.01689434051513672
result_directories,/Users/felix/Documents/Sepsis_CrossCohort_scRNA/04_results/signature_definition_final_10_genes_46d/T46d_signature_text_package.txt,/Users/felix/Documents/Sepsis_CrossCohort_scRNA/repository_release_v1/frozen_results/audit_outputs/signature_definition_final_10_genes_46d/T46d_signature_text_package.txt,TRUE,copied,0.0029954910278320312
result_directories,/Users/felix/Documents/Sepsis_CrossCohort_scRNA/04_results/nested_LODO_methods_audit_47d/T47d_checks.csv,/Users/felix/Documents/Sepsis_CrossCohort_scRNA/repository_release_v1/frozen_results/audit_outputs/nested_LODO_methods_audit_47d/T47d_checks.csv,TRUE,copied,9.2315673828125e-4
result_directories,/Users/felix/Documents/Sepsis_CrossCohort_scRNA/04_results/nested_LODO_methods_audit_47d/T47d_nested_LODO_methods_final_audit.csv,/Users/felix/Documents/Sepsis_CrossCohort_scRNA/repository_release_v1/frozen_results/audit_outputs/nested_LODO_methods_audit_47d/T47d_nested_LODO_methods_final_audit.csv,TRUE,copied,0.0028944015502929688
result_directories,/Users/felix/Documents/Sepsis_CrossCohort_scRNA/04_results/nested_LODO_methods_audit_47d/T47d_nested_LODO_methods_final_text.docx,/Users/felix/Documents/Sepsis_CrossCohort_scRNA/repository_release_v1/frozen_results/audit_outputs/nested_LODO_methods_audit_47d/T47d_nested_LODO_methods_final_text.docx,TRUE,copied,0.015880584716796875
result_directories,/Users/felix/Documents/Sepsis_CrossCohort_scRNA/04_results/nested_LODO_methods_audit_47d/T47d_nested_LODO_methods_final_text.txt,/Users/felix/Documents/Sepsis_CrossCohort_scRNA/repository_release_v1/frozen_results/audit_outputs/nested_LODO_methods_audit_47d/T47d_nested_LODO_methods_final_text.txt,TRUE,copied,0.0021343231201171875
result_directories,/Users/felix/Documents/Sepsis_CrossCohort_scRNA/04_results/nested_LODO_methods_audit_47d/T47d_nested_LODO_methods_final_workbook.xlsx,/Users/felix/Documents/Sepsis_CrossCohort_scRNA/repository_release_v1/frozen_results/audit_outputs/nested_LODO_methods_audit_47d/T47d_nested_LODO_methods_final_workbook.xlsx,TRUE,copied,0.034938812255859375
result_directories,/Users/felix/Documents/Sepsis_CrossCohort_scRNA/04_results/nested_LODO_methods_audit_47d/T47d_overall_status.csv,/Users/felix/Documents/Sepsis_CrossCohort_scRNA/repository_release_v1/frozen_results/audit_outputs/nested_LODO_methods_audit_47d/T47d_overall_status.csv,TRUE,copied,5.550384521484375e-4
result_directories,/Users/felix/Documents/Sepsis_CrossCohort_scRNA/04_results/DEG_candidate_selection_methods_audit_48c/T48c_checks.csv,/Users/felix/Documents/Sepsis_CrossCohort_scRNA/repository_release_v1/frozen_results/audit_outputs/DEG_candidate_selection_methods_audit_48c/T48c_checks.csv,TRUE,copied,0.0013093948364257812
result_directories,/Users/felix/Documents/Sepsis_CrossCohort_scRNA/04_results/DEG_candidate_selection_methods_audit_48c/T48c_DEG_candidate_selection_final_audit.csv,/Users/felix/Documents/Sepsis_CrossCohort_scRNA/repository_release_v1/frozen_results/audit_outputs/DEG_candidate_selection_methods_audit_48c/T48c_DEG_candidate_selection_final_audit.csv,TRUE,copied,0.0027437210083007812
result_directories,/Users/felix/Documents/Sepsis_CrossCohort_scRNA/04_results/DEG_candidate_selection_methods_audit_48c/T48c_DEG_candidate_selection_final_text.docx,/Users/felix/Documents/Sepsis_CrossCohort_scRNA/repository_release_v1/frozen_results/audit_outputs/DEG_candidate_selection_methods_audit_48c/T48c_DEG_candidate_selection_final_text.docx,TRUE,copied,0.015590667724609375
result_directories,/Users/felix/Documents/Sepsis_CrossCohort_scRNA/04_results/DEG_candidate_selection_methods_audit_48c/T48c_DEG_candidate_selection_final_text.txt,/Users/felix/Documents/Sepsis_CrossCohort_scRNA/repository_release_v1/frozen_results/audit_outputs/DEG_candidate_selection_methods_audit_48c/T48c_DEG_candidate_selection_final_text.txt,TRUE,copied,0.0020771026611328125
result_directories,/Users/felix/Documents/Sepsis_CrossCohort_scRNA/04_results/DEG_candidate_selection_methods_audit_48c/T48c_DEG_candidate_selection_final_workbook.xlsx,/Users/felix/Documents/Sepsis_CrossCohort_scRNA/repository_release_v1/frozen_results/audit_outputs/DEG_candidate_selection_methods_audit_48c/T48c_DEG_candidate_selection_final_workbook.xlsx,TRUE,copied,0.032634735107421875
result_directories,/Users/felix/Documents/Sepsis_CrossCohort_scRNA/04_results/DEG_candidate_selection_methods_audit_48c/T48c_overall_status.csv,/Users/felix/Documents/Sepsis_CrossCohort_scRNA/repository_release_v1/frozen_results/audit_outputs/DEG_candidate_selection_methods_audit_48c/T48c_overall_status.csv,TRUE,copied,8.697509765625e-4
result_directories,/Users/felix/Documents/Sepsis_CrossCohort_scRNA/04_results/candidate_selection/T06_candidate_gene_dataset_level_metrics.csv,/Users/felix/Documents/Sepsis_CrossCohort_scRNA/repository_release_v1/frozen_results/audit_outputs/candidate_selection/T06_candidate_gene_dataset_level_metrics.csv,TRUE,copied,0.2501096725463867
result_directories,/Users/felix/Documents/Sepsis_CrossCohort_scRNA/04_results/candidate_selection/T06_candidate_gene_priority_table.csv,/Users/felix/Documents/Sepsis_CrossCohort_scRNA/repository_release_v1/frozen_results/audit_outputs/candidate_selection/T06_candidate_gene_priority_table.csv,TRUE,copied,0.07201290130615234
result_directories,/Users/felix/Documents/Sepsis_CrossCohort_scRNA/04_results/candidate_selection/T06_candidate_gene_screening_table.xlsx,/Users/felix/Documents/Sepsis_CrossCohort_scRNA/repository_release_v1/frozen_results/audit_outputs/candidate_selection/T06_candidate_gene_screening_table.xlsx,TRUE,copied,0.2851133346557617
result_directories,/Users/felix/Documents/Sepsis_CrossCohort_scRNA/04_results/candidate_selection/T07_refined_candidate_AUROC_matrix.csv,/Users/felix/Documents/Sepsis_CrossCohort_scRNA/repository_release_v1/frozen_results/audit_outputs/candidate_selection/T07_refined_candidate_AUROC_matrix.csv,TRUE,copied,0.0025854110717773438
result_directories,/Users/felix/Documents/Sepsis_CrossCohort_scRNA/04_results/candidate_selection/T07_refined_candidate_correlation_matrix.csv,/Users/felix/Documents/Sepsis_CrossCohort_scRNA/repository_release_v1/frozen_results/audit_outputs/candidate_selection/T07_refined_candidate_correlation_matrix.csv,TRUE,copied,0.010446548461914062
result_directories,/Users/felix/Documents/Sepsis_CrossCohort_scRNA/04_results/candidate_selection/T07_refined_candidate_summary.xlsx,/Users/felix/Documents/Sepsis_CrossCohort_scRNA/repository_release_v1/frozen_results/audit_outputs/candidate_selection/T07_refined_candidate_summary.xlsx,TRUE,copied,0.07212066650390625
result_directories,/Users/felix/Documents/Sepsis_CrossCohort_scRNA/04_results/candidate_selection/T07_refined_modeling_candidate_genes.csv,/Users/felix/Documents/Sepsis_CrossCohort_scRNA/repository_release_v1/frozen_results/audit_outputs/candidate_selection/T07_refined_modeling_candidate_genes.csv,TRUE,copied,0.006138801574707031
result_directories,/Users/felix/Documents/Sepsis_CrossCohort_scRNA/04_results/nested_LODO/fold_GSE137340/DEG_train_only_heldout_GSE137340.csv,/Users/felix/Documents/Sepsis_CrossCohort_scRNA/repository_release_v1/frozen_results/audit_outputs/nested_LODO/fold_GSE137340/DEG_train_only_heldout_GSE137340.csv,TRUE,copied,1.0649871826171875
result_directories,/Users/felix/Documents/Sepsis_CrossCohort_scRNA/04_results/nested_LODO/fold_GSE137340/T14_fold_GSE137340_refined_candidate_genes.csv,/Users/felix/Documents/Sepsis_CrossCohort_scRNA/repository_release_v1/frozen_results/audit_outputs/nested_LODO/fold_GSE137340/T14_fold_GSE137340_refined_candidate_genes.csv,TRUE,copied,0.0017728805541992188
result_directories,/Users/felix/Documents/Sepsis_CrossCohort_scRNA/04_results/nested_LODO/fold_GSE137340/T14_fold_GSE137340_train_dataset_level_gene_metrics.csv,/Users/felix/Documents/Sepsis_CrossCohort_scRNA/repository_release_v1/frozen_results/audit_outputs/nested_LODO/fold_GSE137340/T14_fold_GSE137340_train_dataset_level_gene_metrics.csv,TRUE,copied,0.22201156616210938
result_directories,/Users/felix/Documents/Sepsis_CrossCohort_scRNA/04_results/nested_LODO/fold_GSE236713/DEG_train_only_heldout_GSE236713.csv,/Users/felix/Documents/Sepsis_CrossCohort_scRNA/repository_release_v1/frozen_results/audit_outputs/nested_LODO/fold_GSE236713/DEG_train_only_heldout_GSE236713.csv,TRUE,copied,1.0589160919189453
result_directories,/Users/felix/Documents/Sepsis_CrossCohort_scRNA/04_results/nested_LODO/fold_GSE236713/T14_fold_GSE236713_refined_candidate_genes.csv,/Users/felix/Documents/Sepsis_CrossCohort_scRNA/repository_release_v1/frozen_results/audit_outputs/nested_LODO/fold_GSE236713/T14_fold_GSE236713_refined_candidate_genes.csv,TRUE,copied,0.007694244384765625
result_directories,/Users/felix/Documents/Sepsis_CrossCohort_scRNA/04_results/nested_LODO/fold_GSE236713/T14_fold_GSE236713_train_dataset_level_gene_metrics.csv,/Users/felix/Documents/Sepsis_CrossCohort_scRNA/repository_release_v1/frozen_results/audit_outputs/nested_LODO/fold_GSE236713/T14_fold_GSE236713_train_dataset_level_gene_metrics.csv,TRUE,copied,0.2228717803955078
result_directories,/Users/felix/Documents/Sepsis_CrossCohort_scRNA/04_results/nested_LODO/fold_GSE54514/DEG_train_only_heldout_GSE54514.csv,/Users/felix/Documents/Sepsis_CrossCohort_scRNA/repository_release_v1/frozen_results/audit_outputs/nested_LODO/fold_GSE54514/DEG_train_only_heldout_GSE54514.csv,TRUE,copied,1.0620813369750977
result_directories,/Users/felix/Documents/Sepsis_CrossCohort_scRNA/04_results/nested_LODO/fold_GSE54514/T14_fold_GSE54514_refined_candidate_genes.csv,/Users/felix/Documents/Sepsis_CrossCohort_scRNA/repository_release_v1/frozen_results/audit_outputs/nested_LODO/fold_GSE54514/T14_fold_GSE54514_refined_candidate_genes.csv,TRUE,copied,0.00177764892578125
result_directories,/Users/felix/Documents/Sepsis_CrossCohort_scRNA/04_results/nested_LODO/fold_GSE54514/T14_fold_GSE54514_train_dataset_level_gene_metrics.csv,/Users/felix/Documents/Sepsis_CrossCohort_scRNA/repository_release_v1/frozen_results/audit_outputs/nested_LODO/fold_GSE54514/T14_fold_GSE54514_train_dataset_level_gene_metrics.csv,TRUE,copied,0.2208261489868164
result_directories,/Users/felix/Documents/Sepsis_CrossCohort_scRNA/04_results/nested_LODO/fold_GSE57065/DEG_train_only_heldout_GSE57065.csv,/Users/felix/Documents/Sepsis_CrossCohort_scRNA/repository_release_v1/frozen_results/audit_outputs/nested_LODO/fold_GSE57065/DEG_train_only_heldout_GSE57065.csv,TRUE,copied,1.060770034790039
result_directories,/Users/felix/Documents/Sepsis_CrossCohort_scRNA/04_results/nested_LODO/fold_GSE57065/T14_fold_GSE57065_refined_candidate_genes.csv,/Users/felix/Documents/Sepsis_CrossCohort_scRNA/repository_release_v1/frozen_results/audit_outputs/nested_LODO/fold_GSE57065/T14_fold_GSE57065_refined_candidate_genes.csv,TRUE,copied,0.0018024444580078125
result_directories,/Users/felix/Documents/Sepsis_CrossCohort_scRNA/04_results/nested_LODO/fold_GSE57065/T14_fold_GSE57065_train_dataset_level_gene_metrics.csv,/Users/felix/Documents/Sepsis_CrossCohort_scRNA/repository_release_v1/frozen_results/audit_outputs/nested_LODO/fold_GSE57065/T14_fold_GSE57065_train_dataset_level_gene_metrics.csv,TRUE,copied,0.22460269927978516
result_directories,/Users/felix/Documents/Sepsis_CrossCohort_scRNA/04_results/nested_LODO/fold_GSE65682/DEG_train_only_heldout_GSE65682.csv,/Users/felix/Documents/Sepsis_CrossCohort_scRNA/repository_release_v1/frozen_results/audit_outputs/nested_LODO/fold_GSE65682/DEG_train_only_heldout_GSE65682.csv,TRUE,copied,1.0614242553710938
result_directories,/Users/felix/Documents/Sepsis_CrossCohort_scRNA/04_results/nested_LODO/fold_GSE65682/T14_fold_GSE65682_refined_candidate_genes.csv,/Users/felix/Documents/Sepsis_CrossCohort_scRNA/repository_release_v1/frozen_results/audit_outputs/nested_LODO/fold_GSE65682/T14_fold_GSE65682_refined_candidate_genes.csv,TRUE,copied,0.0018014907836914062
result_directories,/Users/felix/Documents/Sepsis_CrossCohort_scRNA/04_results/nested_LODO/fold_GSE65682/T14_fold_GSE65682_train_dataset_level_gene_metrics.csv,/Users/felix/Documents/Sepsis_CrossCohort_scRNA/repository_release_v1/frozen_results/audit_outputs/nested_LODO/fold_GSE65682/T14_fold_GSE65682_train_dataset_level_gene_metrics.csv,TRUE,copied,0.21970176696777344
result_directories,/Users/felix/Documents/Sepsis_CrossCohort_scRNA/04_results/nested_LODO/fold_GSE95233/DEG_train_only_heldout_GSE95233.csv,/Users/felix/Documents/Sepsis_CrossCohort_scRNA/repository_release_v1/frozen_results/audit_outputs/nested_LODO/fold_GSE95233/DEG_train_only_heldout_GSE95233.csv,TRUE,copied,1.060704231262207
result_directories,/Users/felix/Documents/Sepsis_CrossCohort_scRNA/04_results/nested_LODO/fold_GSE95233/T14_fold_GSE95233_refined_candidate_genes.csv,/Users/felix/Documents/Sepsis_CrossCohort_scRNA/repository_release_v1/frozen_results/audit_outputs/nested_LODO/fold_GSE95233/T14_fold_GSE95233_refined_candidate_genes.csv,TRUE,copied,0.001804351806640625
result_directories,/Users/felix/Documents/Sepsis_CrossCohort_scRNA/04_results/nested_LODO/fold_GSE95233/T14_fold_GSE95233_train_dataset_level_gene_metrics.csv,/Users/felix/Documents/Sepsis_CrossCohort_scRNA/repository_release_v1/frozen_results/audit_outputs/nested_LODO/fold_GSE95233/T14_fold_GSE95233_train_dataset_level_gene_metrics.csv,TRUE,copied,0.22092056274414062
result_directories,/Users/felix/Documents/Sepsis_CrossCohort_scRNA/04_results/nested_LODO/M14_nested_LODO_model_objects.rds,/Users/felix/Documents/Sepsis_CrossCohort_scRNA/repository_release_v1/frozen_results/audit_outputs/nested_LODO/M14_nested_LODO_model_objects.rds,TRUE,copied,4.453070640563965
result_directories,/Users/felix/Documents/Sepsis_CrossCohort_scRNA/04_results/nested_LODO/T14_nested_LODO_all_metrics.csv,/Users/felix/Documents/Sepsis_CrossCohort_scRNA/repository_release_v1/frozen_results/audit_outputs/nested_LODO/T14_nested_LODO_all_metrics.csv,TRUE,copied,0.00311279296875
result_directories,/Users/felix/Documents/Sepsis_CrossCohort_scRNA/04_results/nested_LODO/T14_nested_LODO_calibration_bins.csv,/Users/felix/Documents/Sepsis_CrossCohort_scRNA/repository_release_v1/frozen_results/audit_outputs/nested_LODO/T14_nested_LODO_calibration_bins.csv,TRUE,copied,0.0012969970703125
result_directories,/Users/felix/Documents/Sepsis_CrossCohort_scRNA/04_results/nested_LODO/T14_nested_LODO_calibration_metrics.csv,/Users/felix/Documents/Sepsis_CrossCohort_scRNA/repository_release_v1/frozen_results/audit_outputs/nested_LODO/T14_nested_LODO_calibration_metrics.csv,TRUE,copied,0.0012578964233398438
result_directories,/Users/felix/Documents/Sepsis_CrossCohort_scRNA/04_results/nested_LODO/T14_nested_LODO_fold_candidate_genes.csv,/Users/felix/Documents/Sepsis_CrossCohort_scRNA/repository_release_v1/frozen_results/audit_outputs/nested_LODO/T14_nested_LODO_fold_candidate_genes.csv,TRUE,copied,0.015456199645996094
result_directories,/Users/felix/Documents/Sepsis_CrossCohort_scRNA/04_results/nested_LODO/T14_nested_LODO_fold_dataset_level_gene_metrics.csv,/Users/felix/Documents/Sepsis_CrossCohort_scRNA/repository_release_v1/frozen_results/audit_outputs/nested_LODO/T14_nested_LODO_fold_dataset_level_gene_metrics.csv,TRUE,copied,1.3302001953125
result_directories,/Users/felix/Documents/Sepsis_CrossCohort_scRNA/04_results/nested_LODO/T14_nested_LODO_gene_selection_frequency.csv,/Users/felix/Documents/Sepsis_CrossCohort_scRNA/repository_release_v1/frozen_results/audit_outputs/nested_LODO/T14_nested_LODO_gene_selection_frequency.csv,TRUE,copied,0.00050640106201171875
result_directories,/Users/felix/Documents/Sepsis_CrossCohort_scRNA/04_results/nested_LODO/T14_nested_LODO_go_no_go.csv,/Users/felix/Documents/Sepsis_CrossCohort_scRNA/repository_release_v1/frozen_results/audit_outputs/nested_LODO/T14_nested_LODO_go_no_go.csv,TRUE,copied,1.2969970703125e-4
result_directories,/Users/felix/Documents/Sepsis_CrossCohort_scRNA/04_results/nested_LODO/T14_nested_LODO_predictions.csv,/Users/felix/Documents/Sepsis_CrossCohort_scRNA/repository_release_v1/frozen_results/audit_outputs/nested_LODO/T14_nested_LODO_predictions.csv,TRUE,copied,0.045660972595214844
result_directories,/Users/felix/Documents/Sepsis_CrossCohort_scRNA/04_results/nested_LODO/T14_nested_LODO_selected_genes_by_fold.csv,/Users/felix/Documents/Sepsis_CrossCohort_scRNA/repository_release_v1/frozen_results/audit_outputs/nested_LODO/T14_nested_LODO_selected_genes_by_fold.csv,TRUE,copied,0.00075435638427734375
result_directories,/Users/felix/Documents/Sepsis_CrossCohort_scRNA/04_results/nested_LODO/T14_nested_LODO_summary_metrics.csv,/Users/felix/Documents/Sepsis_CrossCohort_scRNA/repository_release_v1/frozen_results/audit_outputs/nested_LODO/T14_nested_LODO_summary_metrics.csv,TRUE,copied,4.1866302490234375e-4
result_directories,/Users/felix/Documents/Sepsis_CrossCohort_scRNA/04_results/nested_LODO/T14_nested_LODO_summary.xlsx,/Users/felix/Documents/Sepsis_CrossCohort_scRNA/repository_release_v1/frozen_results/audit_outputs/nested_LODO/T14_nested_LODO_summary.xlsx,TRUE,copied,0.034903526306152344
result_directories,/Users/felix/Documents/Sepsis_CrossCohort_scRNA/04_results/nested_LODO/T14_nested_LODO_threshold_drift.csv,/Users/felix/Documents/Sepsis_CrossCohort_scRNA/repository_release_v1/frozen_results/audit_outputs/nested_LODO/T14_nested_LODO_threshold_drift.csv,TRUE,copied,0.0012989044189453125
result_directories,/Users/felix/Documents/Sepsis_CrossCohort_scRNA/04_results/nested_LODO/T14_nested_LODO_training_metrics.csv,/Users/felix/Documents/Sepsis_CrossCohort_scRNA/repository_release_v1/frozen_results/audit_outputs/nested_LODO/T14_nested_LODO_training_metrics.csv,TRUE,copied,0.0018606185913085938
result_directories,/Users/felix/Documents/Sepsis_CrossCohort_scRNA/04_results/nested_LODO/T14_nested_LODO_validation_metrics.csv,/Users/felix/Documents/Sepsis_CrossCohort_scRNA/repository_release_v1/frozen_results/audit_outputs/nested_LODO/T14_nested_LODO_validation_metrics.csv,TRUE,copied,0.00147247314453125
result_directories,/Users/felix/Documents/Sepsis_CrossCohort_scRNA/04_results/final_freeze/figures/candidate_selection/F08A_candidate_gene_direction_consistency.pdf,/Users/felix/Documents/Sepsis_CrossCohort_scRNA/repository_release_v1/frozen_results/audit_outputs/final_freeze/figures/candidate_selection/F08A_candidate_gene_direction_consistency.pdf,TRUE,copied,0.0061473846435546875
result_directories,/Users/felix/Documents/Sepsis_CrossCohort_scRNA/04_results/final_freeze/figures/candidate_selection/F08A_candidate_gene_direction_consistency.png,/Users/felix/Documents/Sepsis_CrossCohort_scRNA/repository_release_v1/frozen_results/audit_outputs/final_freeze/figures/candidate_selection/F08A_candidate_gene_direction_consistency.png,TRUE,copied,0.17441368103027344
result_directories,/Users/felix/Documents/Sepsis_CrossCohort_scRNA/04_results/final_freeze/figures/candidate_selection/F08B_candidate_gene_mean_AUROC.pdf,/Users/felix/Documents/Sepsis_CrossCohort_scRNA/repository_release_v1/frozen_results/audit_outputs/final_freeze/figures/candidate_selection/F08B_candidate_gene_mean_AUROC.pdf,TRUE,copied,0.0062580108642578125
result_directories,/Users/felix/Documents/Sepsis_CrossCohort_scRNA/04_results/final_freeze/figures/candidate_selection/F08B_candidate_gene_mean_AUROC.png,/Users/felix/Documents/Sepsis_CrossCohort_scRNA/repository_release_v1/frozen_results/audit_outputs/final_freeze/figures/candidate_selection/F08B_candidate_gene_mean_AUROC.png,TRUE,copied,0.18684768676757812
result_directories,/Users/felix/Documents/Sepsis_CrossCohort_scRNA/04_results/final_freeze/figures/candidate_selection/F08C_top_candidate_gene_AUROC_heatmap.pdf,/Users/felix/Documents/Sepsis_CrossCohort_scRNA/repository_release_v1/frozen_results/audit_outputs/final_freeze/figures/candidate_selection/F08C_top_candidate_gene_AUROC_heatmap.pdf,TRUE,copied,0.008453369140625
result_directories,/Users/felix/Documents/Sepsis_CrossCohort_scRNA/04_results/final_freeze/figures/candidate_selection/F08C_top_candidate_gene_AUROC_heatmap.png,/Users/felix/Documents/Sepsis_CrossCohort_scRNA/repository_release_v1/frozen_results/audit_outputs/final_freeze/figures/candidate_selection/F08C_top_candidate_gene_AUROC_heatmap.png,TRUE,copied,0.207977294921875
result_directories,/Users/felix/Documents/Sepsis_CrossCohort_scRNA/04_results/final_freeze/figures/candidate_selection/F09A_refined_candidate_priority_score.pdf,/Users/felix/Documents/Sepsis_CrossCohort_scRNA/repository_release_v1/frozen_results/audit_outputs/final_freeze/figures/candidate_selection/F09A_refined_candidate_priority_score.pdf,TRUE,copied,0.005443572998046875
result_directories,/Users/felix/Documents/Sepsis_CrossCohort_scRNA/04_results/final_freeze/figures/candidate_selection/F09A_refined_candidate_priority_score.png,/Users/felix/Documents/Sepsis_CrossCohort_scRNA/repository_release_v1/frozen_results/audit_outputs/final_freeze/figures/candidate_selection/F09A_refined_candidate_priority_score.png,TRUE,copied,0.11343765258789062
result_directories,/Users/felix/Documents/Sepsis_CrossCohort_scRNA/04_results/final_freeze/figures/candidate_selection/F09B_refined_candidate_mean_AUROC.pdf,/Users/felix/Documents/Sepsis_CrossCohort_scRNA/repository_release_v1/frozen_results/audit_outputs/final_freeze/figures/candidate_selection/F09B_refined_candidate_mean_AUROC.pdf,TRUE,copied,0.0054683685302734375
result_directories,/Users/felix/Documents/Sepsis_CrossCohort_scRNA/04_results/final_freeze/figures/candidate_selection/F09B_refined_candidate_mean_AUROC.png,/Users/felix/Documents/Sepsis_CrossCohort_scRNA/repository_release_v1/frozen_results/audit_outputs/final_freeze/figures/candidate_selection/F09B_refined_candidate_mean_AUROC.png,TRUE,copied,0.12028217315673828
result_directories,/Users/felix/Documents/Sepsis_CrossCohort_scRNA/04_results/final_freeze/figures/candidate_selection/F09C_refined_candidate_correlation_heatmap.pdf,/Users/felix/Documents/Sepsis_CrossCohort_scRNA/repository_release_v1/frozen_results/audit_outputs/final_freeze/figures/candidate_selection/F09C_refined_candidate_correlation_heatmap.pdf,TRUE,copied,0.010907173156738281
result_directories,/Users/felix/Documents/Sepsis_CrossCohort_scRNA/04_results/final_freeze/figures/candidate_selection/F09C_refined_candidate_correlation_heatmap.png,/Users/felix/Documents/Sepsis_CrossCohort_scRNA/repository_release_v1/frozen_results/audit_outputs/final_freeze/figures/candidate_selection/F09C_refined_candidate_correlation_heatmap.png,TRUE,copied,0.22201061248779297
result_directories,/Users/felix/Documents/Sepsis_CrossCohort_scRNA/04_results/final_freeze/figures/candidate_selection/F09D_refined_candidate_AUROC_heatmap.pdf,/Users/felix/Documents/Sepsis_CrossCohort_scRNA/repository_release_v1/frozen_results/audit_outputs/final_freeze/figures/candidate_selection/F09D_refined_candidate_AUROC_heatmap.pdf,TRUE,copied,0.007477760314941406
result_directories,/Users/felix/Documents/Sepsis_CrossCohort_scRNA/04_results/final_freeze/figures/candidate_selection/F09D_refined_candidate_AUROC_heatmap.png,/Users/felix/Documents/Sepsis_CrossCohort_scRNA/repository_release_v1/frozen_results/audit_outputs/final_freeze/figures/candidate_selection/F09D_refined_candidate_AUROC_heatmap.png,TRUE,copied,0.15267467498779297
result_directories,/Users/felix/Documents/Sepsis_CrossCohort_scRNA/04_results/final_freeze/figures/dca/F17A_pooled_nested_LODO_ROC.pdf,/Users/felix/Documents/Sepsis_CrossCohort_scRNA/repository_release_v1/frozen_results/audit_outputs/final_freeze/figures/dca/F17A_pooled_nested_LODO_ROC.pdf,TRUE,copied,0.006474494934082031
result_directories,/Users/felix/Documents/Sepsis_CrossCohort_scRNA/04_results/final_freeze/figures/dca/F17A_pooled_nested_LODO_ROC.png,/Users/felix/Documents/Sepsis_CrossCohort_scRNA/repository_release_v1/frozen_results/audit_outputs/final_freeze/figures/dca/F17A_pooled_nested_LODO_ROC.png,TRUE,copied,0.10298728942871094
result_directories,/Users/felix/Documents/Sepsis_CrossCohort_scRNA/04_results/final_freeze/figures/dca/F17B_pooled_nested_LODO_PR_curve.pdf,/Users/felix/Documents/Sepsis_CrossCohort_scRNA/repository_release_v1/frozen_results/audit_outputs/final_freeze/figures/dca/F17B_pooled_nested_LODO_PR_curve.pdf,TRUE,copied,0.007205009460449219
result_directories,/Users/felix/Documents/Sepsis_CrossCohort_scRNA/04_results/final_freeze/figures/dca/F17B_pooled_nested_LODO_PR_curve.png,/Users/felix/Documents/Sepsis_CrossCohort_scRNA/repository_release_v1/frozen_results/audit_outputs/final_freeze/figures/dca/F17B_pooled_nested_LODO_PR_curve.png,TRUE,copied,0.09658622741699219
result_directories,/Users/felix/Documents/Sepsis_CrossCohort_scRNA/04_results/final_freeze/figures/dca/F17C_calibration_by_dataset.pdf,/Users/felix/Documents/Sepsis_CrossCohort_scRNA/repository_release_v1/frozen_results/audit_outputs/final_freeze/figures/dca/F17C_calibration_by_dataset.pdf,TRUE,copied,0.0080814361572265625
result_directories,/Users/felix/Documents/Sepsis_CrossCohort_scRNA/04_results/final_freeze/figures/dca/F17C_calibration_by_dataset.png,/Users/felix/Documents/Sepsis_CrossCohort_scRNA/repository_release_v1/frozen_results/audit_outputs/final_freeze/figures/dca/F17C_calibration_by_dataset.png,TRUE,copied,0.26437950134277344
result_directories,/Users/felix/Documents/Sepsis_CrossCohort_scRNA/04_results/final_freeze/figures/dca/F17D_observed_vs_mean_predicted.pdf,/Users/felix/Documents/Sepsis_CrossCohort_scRNA/repository_release_v1/frozen_results/audit_outputs/final_freeze/figures/dca/F17D_observed_vs_mean_predicted.pdf,TRUE,copied,0.005309104919433594
result_directories,/Users/felix/Documents/Sepsis_CrossCohort_scRNA/04_results/final_freeze/figures/dca/F17D_observed_vs_mean_predicted.png,/Users/felix/Documents/Sepsis_CrossCohort_scRNA/repository_release_v1/frozen_results/audit_outputs/final_freeze/figures/dca/F17D_observed_vs_mean_predicted.png,TRUE,copied,0.11348533630371094
result_directories,/Users/felix/Documents/Sepsis_CrossCohort_scRNA/04_results/final_freeze/figures/dca/F17E_threshold_drift_by_dataset.pdf,/Users/felix/Documents/Sepsis_CrossCohort_scRNA/repository_release_v1/frozen_results/audit_outputs/final_freeze/figures/dca/F17E_threshold_drift_by_dataset.pdf,TRUE,copied,0.005448341369628906
result_directories,/Users/felix/Documents/Sepsis_CrossCohort_scRNA/04_results/final_freeze/figures/dca/F17E_threshold_drift_by_dataset.png,/Users/felix/Documents/Sepsis_CrossCohort_scRNA/repository_release_v1/frozen_results/audit_outputs/final_freeze/figures/dca/F17E_threshold_drift_by_dataset.png,TRUE,copied,0.08940792083740234
result_directories,/Users/felix/Documents/Sepsis_CrossCohort_scRNA/04_results/final_freeze/figures/dca/F17F_fixed_threshold_sensitivity_specificity.pdf,/Users/felix/Documents/Sepsis_CrossCohort_scRNA/repository_release_v1/frozen_results/audit_outputs/final_freeze/figures/dca/F17F_fixed_threshold_sensitivity_specificity.pdf,TRUE,copied,0.004923820495605469
result_directories,/Users/felix/Documents/Sepsis_CrossCohort_scRNA/04_results/final_freeze/figures/dca/F17F_fixed_threshold_sensitivity_specificity.png,/Users/felix/Documents/Sepsis_CrossCohort_scRNA/repository_release_v1/frozen_results/audit_outputs/final_freeze/figures/dca/F17F_fixed_threshold_sensitivity_specificity.png,TRUE,copied,0.08450984954833984
result_directories,/Users/felix/Documents/Sepsis_CrossCohort_scRNA/04_results/final_freeze/figures/dca/F17G_DCA_by_dataset.pdf,/Users/felix/Documents/Sepsis_CrossCohort_scRNA/repository_release_v1/frozen_results/audit_outputs/final_freeze/figures/dca/F17G_DCA_by_dataset.pdf,TRUE,copied,0.011475563049316406
result_directories,/Users/felix/Documents/Sepsis_CrossCohort_scRNA/04_results/final_freeze/figures/dca/F17G_DCA_by_dataset.png,/Users/felix/Documents/Sepsis_CrossCohort_scRNA/repository_release_v1/frozen_results/audit_outputs/final_freeze/figures/dca/F17G_DCA_by_dataset.png,TRUE,copied,0.24298954010009766
result_directories,/Users/felix/Documents/Sepsis_CrossCohort_scRNA/04_results/final_freeze/figures/dca/F17H_DCA_pooled.pdf,/Users/felix/Documents/Sepsis_CrossCohort_scRNA/repository_release_v1/frozen_results/audit_outputs/final_freeze/figures/dca/F17H_DCA_pooled.pdf,TRUE,copied,0.0055999755859375
result_directories,/Users/felix/Documents/Sepsis_CrossCohort_scRNA/04_results/final_freeze/figures/dca/F17H_DCA_pooled.png,/Users/felix/Documents/Sepsis_CrossCohort_scRNA/repository_release_v1/frozen_results/audit_outputs/final_freeze/figures/dca/F17H_DCA_pooled.png,TRUE,copied,0.096759796142578125
result_directories,/Users/felix/Documents/Sepsis_CrossCohort_scRNA/04_results/final_freeze/figures/enrichment/F07A_GO_BP_all_DEG_dotplot.pdf,/Users/felix/Documents/Sepsis_CrossCohort_scRNA/repository_release_v1/frozen_results/audit_outputs/final_freeze/figures/enrichment/F07A_GO_BP_all_DEG_dotplot.pdf,TRUE,copied,0.0078296661376953125
result_directories,/Users/felix/Documents/Sepsis_CrossCohort_scRNA/04_results/final_freeze/figures/enrichment/F07A_GO_BP_all_DEG_dotplot.png,/Users/felix/Documents/Sepsis_CrossCohort_scRNA/repository_release_v1/frozen_results/audit_outputs/final_freeze/figures/enrichment/F07A_GO_BP_all_DEG_dotplot.png,TRUE,copied,0.29875850677490234
result_directories,/Users/felix/Documents/Sepsis_CrossCohort_scRNA/04_results/final_freeze/figures/enrichment/F07B_GO_BP_up_DEG_dotplot.pdf,/Users/felix/Documents/Sepsis_CrossCohort_scRNA/repository_release_v1/frozen_results/audit_outputs/final_freeze/figures/enrichment/F07B_GO_BP_up_DEG_dotplot.pdf,TRUE,copied,0.007710456848144531
result_directories,/Users/felix/Documents/Sepsis_CrossCohort_scRNA/04_results/final_freeze/figures/enrichment/F07B_GO_BP_up_DEG_dotplot.png,/Users/felix/Documents/Sepsis_CrossCohort_scRNA/repository_release_v1/frozen_results/audit_outputs/final_freeze/figures/enrichment/F07B_GO_BP_up_DEG_dotplot.png,TRUE,copied,0.26143646240234375
result_directories,/Users/felix/Documents/Sepsis_CrossCohort_scRNA/04_results/final_freeze/figures/enrichment/F07C_GO_BP_down_DEG_dotplot.pdf,/Users/felix/Documents/Sepsis_CrossCohort_scRNA/repository_release_v1/frozen_results/audit_outputs/final_freeze/figures/enrichment/F07C_GO_BP_down_DEG_dotplot.pdf,TRUE,copied,0.007663726806640625
result_directories,/Users/felix/Documents/Sepsis_CrossCohort_scRNA/04_results/final_freeze/figures/enrichment/F07C_GO_BP_down_DEG_dotplot.png,/Users/felix/Documents/Sepsis_CrossCohort_scRNA/repository_release_v1/frozen_results/audit_outputs/final_freeze/figures/enrichment/F07C_GO_BP_down_DEG_dotplot.png,TRUE,copied,0.30103588104248047
result_directories,/Users/felix/Documents/Sepsis_CrossCohort_scRNA/04_results/final_freeze/figures/enrichment/F07G_GO_BP_up_DEG_barplot.pdf,/Users/felix/Documents/Sepsis_CrossCohort_scRNA/repository_release_v1/frozen_results/audit_outputs/final_freeze/figures/enrichment/F07G_GO_BP_up_DEG_barplot.pdf,TRUE,copied,0.0051708221435546875
result_directories,/Users/felix/Documents/Sepsis_CrossCohort_scRNA/04_results/final_freeze/figures/enrichment/F07G_GO_BP_up_DEG_barplot.png,/Users/felix/Documents/Sepsis_CrossCohort_scRNA/repository_release_v1/frozen_results/audit_outputs/final_freeze/figures/enrichment/F07G_GO_BP_up_DEG_barplot.png,TRUE,copied,0.1257486343383789
result_directories,/Users/felix/Documents/Sepsis_CrossCohort_scRNA/04_results/final_freeze/figures/enrichment/F07H_GO_BP_down_DEG_barplot.pdf,/Users/felix/Documents/Sepsis_CrossCohort_scRNA/repository_release_v1/frozen_results/audit_outputs/final_freeze/figures/enrichment/F07H_GO_BP_down_DEG_barplot.pdf,TRUE,copied,0.00519561767578125
result_directories,/Users/felix/Documents/Sepsis_CrossCohort_scRNA/04_results/final_freeze/figures/enrichment/F07H_GO_BP_down_DEG_barplot.png,/Users/felix/Documents/Sepsis_CrossCohort_scRNA/repository_release_v1/frozen_results/audit_outputs/final_freeze/figures/enrichment/F07H_GO_BP_down_DEG_barplot.png,TRUE,copied,0.1452045440673828
result_directories,/Users/felix/Documents/Sepsis_CrossCohort_scRNA/04_results/final_freeze/figures/nested_LODO/F14A_nested_LODO_ROC_by_dataset.pdf,/Users/felix/Documents/Sepsis_CrossCohort_scRNA/repository_release_v1/frozen_results/audit_outputs/final_freeze/figures/nested_LODO/F14A_nested_LODO_ROC_by_dataset.pdf,TRUE,copied,0.006758689880371094
result_directories,/Users/felix/Documents/Sepsis_CrossCohort_scRNA/04_results/final_freeze/figures/nested_LODO/F14A_nested_LODO_ROC_by_dataset.png,/Users/felix/Documents/Sepsis_CrossCohort_scRNA/repository_release_v1/frozen_results/audit_outputs/final_freeze/figures/nested_LODO/F14A_nested_LODO_ROC_by_dataset.png,TRUE,copied,0.2076730728149414
result_directories,/Users/felix/Documents/Sepsis_CrossCohort_scRNA/04_results/final_freeze/figures/nested_LODO/F14B_nested_LODO_AUROC_barplot.pdf,/Users/felix/Documents/Sepsis_CrossCohort_scRNA/repository_release_v1/frozen_results/audit_outputs/final_freeze/figures/nested_LODO/F14B_nested_LODO_AUROC_barplot.pdf,TRUE,copied,0.004740715026855469
result_directories,/Users/felix/Documents/Sepsis_CrossCohort_scRNA/04_results/final_freeze/figures/nested_LODO/F14B_nested_LODO_AUROC_barplot.png,/Users/felix/Documents/Sepsis_CrossCohort_scRNA/repository_release_v1/frozen_results/audit_outputs/final_freeze/figures/nested_LODO/F14B_nested_LODO_AUROC_barplot.png,TRUE,copied,0.07550907135009766
result_directories,/Users/felix/Documents/Sepsis_CrossCohort_scRNA/04_results/final_freeze/figures/nested_LODO/F14C_nested_LODO_AUPRC_barplot.pdf,/Users/felix/Documents/Sepsis_CrossCohort_scRNA/repository_release_v1/frozen_results/audit_outputs/final_freeze/figures/nested_LODO/F14C_nested_LODO_AUPRC_barplot.pdf,TRUE,copied,0.004730224609375
result_directories,/Users/felix/Documents/Sepsis_CrossCohort_scRNA/04_results/final_freeze/figures/nested_LODO/F14C_nested_LODO_AUPRC_barplot.png,/Users/felix/Documents/Sepsis_CrossCohort_scRNA/repository_release_v1/frozen_results/audit_outputs/final_freeze/figures/nested_LODO/F14C_nested_LODO_AUPRC_barplot.png,TRUE,copied,0.07514667510986328
result_directories,/Users/felix/Documents/Sepsis_CrossCohort_scRNA/04_results/final_freeze/figures/nested_LODO/F14D_nested_LODO_Brier_barplot.pdf,/Users/felix/Documents/Sepsis_CrossCohort_scRNA/repository_release_v1/frozen_results/audit_outputs/final_freeze/figures/nested_LODO/F14D_nested_LODO_Brier_barplot.pdf,TRUE,copied,0.004711151123046875
result_directories,/Users/felix/Documents/Sepsis_CrossCohort_scRNA/04_results/final_freeze/figures/nested_LODO/F14D_nested_LODO_Brier_barplot.png,/Users/felix/Documents/Sepsis_CrossCohort_scRNA/repository_release_v1/frozen_results/audit_outputs/final_freeze/figures/nested_LODO/F14D_nested_LODO_Brier_barplot.png,TRUE,copied,0.07314872741699219
result_directories,/Users/felix/Documents/Sepsis_CrossCohort_scRNA/04_results/final_freeze/figures/nested_LODO/F14E_nested_LODO_gene_selection_frequency.pdf,/Users/felix/Documents/Sepsis_CrossCohort_scRNA/repository_release_v1/frozen_results/audit_outputs/final_freeze/figures/nested_LODO/F14E_nested_LODO_gene_selection_frequency.pdf,TRUE,copied,0.005214691162109375
result_directories,/Users/felix/Documents/Sepsis_CrossCohort_scRNA/04_results/final_freeze/figures/nested_LODO/F14E_nested_LODO_gene_selection_frequency.png,/Users/felix/Documents/Sepsis_CrossCohort_scRNA/repository_release_v1/frozen_results/audit_outputs/final_freeze/figures/nested_LODO/F14E_nested_LODO_gene_selection_frequency.png,TRUE,copied,0.10182952880859375
result_directories,/Users/felix/Documents/Sepsis_CrossCohort_scRNA/04_results/final_freeze/figures/nested_LODO/F14F_nested_LODO_prediction_density.pdf,/Users/felix/Documents/Sepsis_CrossCohort_scRNA/repository_release_v1/frozen_results/audit_outputs/final_freeze/figures/nested_LODO/F14F_nested_LODO_prediction_density.pdf,TRUE,copied,0.038292884826660156
result_directories,/Users/felix/Documents/Sepsis_CrossCohort_scRNA/04_results/final_freeze/figures/nested_LODO/F14F_nested_LODO_prediction_density.png,/Users/felix/Documents/Sepsis_CrossCohort_scRNA/repository_release_v1/frozen_results/audit_outputs/final_freeze/figures/nested_LODO/F14F_nested_LODO_prediction_density.png,TRUE,copied,0.2219219207763672
result_directories,/Users/felix/Documents/Sepsis_CrossCohort_scRNA/04_results/final_freeze/figures/nested_LODO/F14G_nested_LODO_threshold_drift.pdf,/Users/felix/Documents/Sepsis_CrossCohort_scRNA/repository_release_v1/frozen_results/audit_outputs/final_freeze/figures/nested_LODO/F14G_nested_LODO_threshold_drift.pdf,TRUE,copied,0.005427360534667969
result_directories,/Users/felix/Documents/Sepsis_CrossCohort_scRNA/04_results/final_freeze/figures/nested_LODO/F14G_nested_LODO_threshold_drift.png,/Users/felix/Documents/Sepsis_CrossCohort_scRNA/repository_release_v1/frozen_results/audit_outputs/final_freeze/figures/nested_LODO/F14G_nested_LODO_threshold_drift.png,TRUE,copied,0.08611297607421875
result_directories,/Users/felix/Documents/Sepsis_CrossCohort_scRNA/04_results/final_freeze/figures/nested_LODO/F14H_nested_LODO_observed_vs_mean_predicted.pdf,/Users/felix/Documents/Sepsis_CrossCohort_scRNA/repository_release_v1/frozen_results/audit_outputs/final_freeze/figures/nested_LODO/F14H_nested_LODO_observed_vs_mean_predicted.pdf,TRUE,copied,0.005309104919433594
result_directories,/Users/felix/Documents/Sepsis_CrossCohort_scRNA/04_results/final_freeze/figures/nested_LODO/F14H_nested_LODO_observed_vs_mean_predicted.png,/Users/felix/Documents/Sepsis_CrossCohort_scRNA/repository_release_v1/frozen_results/audit_outputs/final_freeze/figures/nested_LODO/F14H_nested_LODO_observed_vs_mean_predicted.png,TRUE,copied,0.11348533630371094
result_directories,/Users/felix/Documents/Sepsis_CrossCohort_scRNA/04_results/final_freeze/figures/qc_bulk/F05A_annotation_gene_yield_by_dataset.pdf,/Users/felix/Documents/Sepsis_CrossCohort_scRNA/repository_release_v1/frozen_results/audit_outputs/final_freeze/figures/qc_bulk/F05A_annotation_gene_yield_by_dataset.pdf,TRUE,copied,0.004748344421386719
result_directories,/Users/felix/Documents/Sepsis_CrossCohort_scRNA/04_results/final_freeze/figures/qc_bulk/F05A_annotation_gene_yield_by_dataset.png,/Users/felix/Documents/Sepsis_CrossCohort_scRNA/repository_release_v1/frozen_results/audit_outputs/final_freeze/figures/qc_bulk/F05A_annotation_gene_yield_by_dataset.png,TRUE,copied,0.0992746353149414
result_directories,/Users/felix/Documents/Sepsis_CrossCohort_scRNA/04_results/final_freeze/figures/qc_bulk/F05B_included_samples_by_dataset.pdf,/Users/felix/Documents/Sepsis_CrossCohort_scRNA/repository_release_v1/frozen_results/audit_outputs/final_freeze/figures/qc_bulk/F05B_included_samples_by_dataset.pdf,TRUE,copied,0.0047130584716796875
result_directories,/Users/felix/Documents/Sepsis_CrossCohort_scRNA/04_results/final_freeze/figures/qc_bulk/F05B_included_samples_by_dataset.png,/Users/felix/Documents/Sepsis_CrossCohort_scRNA/repository_release_v1/frozen_results/audit_outputs/final_freeze/figures/qc_bulk/F05B_included_samples_by_dataset.png,TRUE,copied,0.08365821838378906
result_directories,/Users/felix/Documents/Sepsis_CrossCohort_scRNA/04_results/final_freeze/figures/qc_bulk/F05C_enhanced_volcano_Sepsis_vs_Control.pdf,/Users/felix/Documents/Sepsis_CrossCohort_scRNA/repository_release_v1/frozen_results/audit_outputs/final_freeze/figures/qc_bulk/F05C_enhanced_volcano_Sepsis_vs_Control.pdf,TRUE,copied,0.14144325256347656
result_directories,/Users/felix/Documents/Sepsis_CrossCohort_scRNA/04_results/final_freeze/figures/qc_bulk/F05C_enhanced_volcano_Sepsis_vs_Control.png,/Users/felix/Documents/Sepsis_CrossCohort_scRNA/repository_release_v1/frozen_results/audit_outputs/final_freeze/figures/qc_bulk/F05C_enhanced_volcano_Sepsis_vs_Control.png,TRUE,copied,0.2922477722167969
result_directories,/Users/felix/Documents/Sepsis_CrossCohort_scRNA/04_results/final_freeze/figures/qc_bulk/F05D_top50_DEG_heatmap.pdf,/Users/felix/Documents/Sepsis_CrossCohort_scRNA/repository_release_v1/frozen_results/audit_outputs/final_freeze/figures/qc_bulk/F05D_top50_DEG_heatmap.pdf,TRUE,copied,0.1303997039794922
result_directories,/Users/felix/Documents/Sepsis_CrossCohort_scRNA/04_results/final_freeze/figures/qc_bulk/F05D_top50_DEG_heatmap.png,/Users/felix/Documents/Sepsis_CrossCohort_scRNA/repository_release_v1/frozen_results/audit_outputs/final_freeze/figures/qc_bulk/F05D_top50_DEG_heatmap.png,TRUE,copied,0.4392099380493164
result_directories,/Users/felix/Documents/Sepsis_CrossCohort_scRNA/04_results/final_freeze/figures/qc_bulk/F05E_PCA_unadjusted_by_dataset.pdf,/Users/felix/Documents/Sepsis_CrossCohort_scRNA/repository_release_v1/frozen_results/audit_outputs/final_freeze/figures/qc_bulk/F05E_PCA_unadjusted_by_dataset.pdf,TRUE,copied,0.031269073486328125
result_directories,/Users/felix/Documents/Sepsis_CrossCohort_scRNA/04_results/final_freeze/figures/qc_bulk/F05E_PCA_unadjusted_by_dataset.png,/Users/felix/Documents/Sepsis_CrossCohort_scRNA/repository_release_v1/frozen_results/audit_outputs/final_freeze/figures/qc_bulk/F05E_PCA_unadjusted_by_dataset.png,TRUE,copied,0.21542644500732422
result_directories,/Users/felix/Documents/Sepsis_CrossCohort_scRNA/04_results/final_freeze/figures/qc_bulk/F05F_PCA_unadjusted_by_group.pdf,/Users/felix/Documents/Sepsis_CrossCohort_scRNA/repository_release_v1/frozen_results/audit_outputs/final_freeze/figures/qc_bulk/F05F_PCA_unadjusted_by_group.pdf,TRUE,copied,0.030920028686523438
result_directories,/Users/felix/Documents/Sepsis_CrossCohort_scRNA/04_results/final_freeze/figures/qc_bulk/F05F_PCA_unadjusted_by_group.png,/Users/felix/Documents/Sepsis_CrossCohort_scRNA/repository_release_v1/frozen_results/audit_outputs/final_freeze/figures/qc_bulk/F05F_PCA_unadjusted_by_group.png,TRUE,copied,0.19759368896484375
result_directories,/Users/felix/Documents/Sepsis_CrossCohort_scRNA/04_results/final_freeze/figures/qc_bulk/F05G_PCA_combat_by_dataset.pdf,/Users/felix/Documents/Sepsis_CrossCohort_scRNA/repository_release_v1/frozen_results/audit_outputs/final_freeze/figures/qc_bulk/F05G_PCA_combat_by_dataset.pdf,TRUE,copied,0.032398223876953125
result_directories,/Users/felix/Documents/Sepsis_CrossCohort_scRNA/04_results/final_freeze/figures/qc_bulk/F05G_PCA_combat_by_dataset.png,/Users/felix/Documents/Sepsis_CrossCohort_scRNA/repository_release_v1/frozen_results/audit_outputs/final_freeze/figures/qc_bulk/F05G_PCA_combat_by_dataset.png,TRUE,copied,0.427886962890625
result_directories,/Users/felix/Documents/Sepsis_CrossCohort_scRNA/04_results/final_freeze/figures/qc_bulk/F05H_PCA_combat_by_group.pdf,/Users/felix/Documents/Sepsis_CrossCohort_scRNA/repository_release_v1/frozen_results/audit_outputs/final_freeze/figures/qc_bulk/F05H_PCA_combat_by_group.pdf,TRUE,copied,0.032088279724121094
result_directories,/Users/felix/Documents/Sepsis_CrossCohort_scRNA/04_results/final_freeze/figures/qc_bulk/F05H_PCA_combat_by_group.png,/Users/felix/Documents/Sepsis_CrossCohort_scRNA/repository_release_v1/frozen_results/audit_outputs/final_freeze/figures/qc_bulk/F05H_PCA_combat_by_group.png,TRUE,copied,0.38704395294189453
result_directories,/Users/felix/Documents/Sepsis_CrossCohort_scRNA/04_results/final_freeze/figures/qc_bulk/F05I_density_unadjusted_by_dataset.pdf,/Users/felix/Documents/Sepsis_CrossCohort_scRNA/repository_release_v1/frozen_results/audit_outputs/final_freeze/figures/qc_bulk/F05I_density_unadjusted_by_dataset.pdf,TRUE,copied,0.014567375183105469
result_directories,/Users/felix/Documents/Sepsis_CrossCohort_scRNA/04_results/final_freeze/figures/qc_bulk/F05I_density_unadjusted_by_dataset.png,/Users/felix/Documents/Sepsis_CrossCohort_scRNA/repository_release_v1/frozen_results/audit_outputs/final_freeze/figures/qc_bulk/F05I_density_unadjusted_by_dataset.png,TRUE,copied,0.17295074462890625
result_directories,/Users/felix/Documents/Sepsis_CrossCohort_scRNA/04_results/final_freeze/figures/qc_bulk/F05J_density_combat_by_dataset.pdf,/Users/felix/Documents/Sepsis_CrossCohort_scRNA/repository_release_v1/frozen_results/audit_outputs/final_freeze/figures/qc_bulk/F05J_density_combat_by_dataset.pdf,TRUE,copied,0.015810012817382812
result_directories,/Users/felix/Documents/Sepsis_CrossCohort_scRNA/04_results/final_freeze/figures/qc_bulk/F05J_density_combat_by_dataset.png,/Users/felix/Documents/Sepsis_CrossCohort_scRNA/repository_release_v1/frozen_results/audit_outputs/final_freeze/figures/qc_bulk/F05J_density_combat_by_dataset.png,TRUE,copied,0.1680459976196289
result_directories,/Users/felix/Documents/Sepsis_CrossCohort_scRNA/04_results/final_freeze/figures/qc_bulk/F05K_density_combat_by_group.pdf,/Users/felix/Documents/Sepsis_CrossCohort_scRNA/repository_release_v1/frozen_results/audit_outputs/final_freeze/figures/qc_bulk/F05K_density_combat_by_group.pdf,TRUE,copied,0.009140968322753906
result_directories,/Users/felix/Documents/Sepsis_CrossCohort_scRNA/04_results/final_freeze/figures/qc_bulk/F05K_density_combat_by_group.png,/Users/felix/Documents/Sepsis_CrossCohort_scRNA/repository_release_v1/frozen_results/audit_outputs/final_freeze/figures/qc_bulk/F05K_density_combat_by_group.png,TRUE,copied,0.11403656005859375
result_directories,/Users/felix/Documents/Sepsis_CrossCohort_scRNA/04_results/final_freeze/figures/qc_bulk/F05L_sample_median_expression_combat_by_dataset.pdf,/Users/felix/Documents/Sepsis_CrossCohort_scRNA/repository_release_v1/frozen_results/audit_outputs/final_freeze/figures/qc_bulk/F05L_sample_median_expression_combat_by_dataset.pdf,TRUE,copied,0.006882667541503906
result_directories,/Users/felix/Documents/Sepsis_CrossCohort_scRNA/04_results/final_freeze/figures/qc_bulk/F05L_sample_median_expression_combat_by_dataset.png,/Users/felix/Documents/Sepsis_CrossCohort_scRNA/repository_release_v1/frozen_results/audit_outputs/final_freeze/figures/qc_bulk/F05L_sample_median_expression_combat_by_dataset.png,TRUE,copied,0.11464118957519531
result_directories,/Users/felix/Documents/Sepsis_CrossCohort_scRNA/04_results/final_freeze/figures/qc_bulk/F05M_sample_IQR_expression_combat_by_dataset.pdf,/Users/felix/Documents/Sepsis_CrossCohort_scRNA/repository_release_v1/frozen_results/audit_outputs/final_freeze/figures/qc_bulk/F05M_sample_IQR_expression_combat_by_dataset.pdf,TRUE,copied,0.006377220153808594
result_directories,/Users/felix/Documents/Sepsis_CrossCohort_scRNA/04_results/final_freeze/figures/qc_bulk/F05M_sample_IQR_expression_combat_by_dataset.png,/Users/felix/Documents/Sepsis_CrossCohort_scRNA/repository_release_v1/frozen_results/audit_outputs/final_freeze/figures/qc_bulk/F05M_sample_IQR_expression_combat_by_dataset.png,TRUE,copied,0.11234474182128906
result_directories,/Users/felix/Documents/Sepsis_CrossCohort_scRNA/04_results/final_freeze/figures/reporting/F13A_LODO_AUROC_Brier_summary.pdf,/Users/felix/Documents/Sepsis_CrossCohort_scRNA/repository_release_v1/frozen_results/audit_outputs/final_freeze/figures/reporting/F13A_LODO_AUROC_Brier_summary.pdf,TRUE,copied,0.00473785400390625
result_directories,/Users/felix/Documents/Sepsis_CrossCohort_scRNA/04_results/final_freeze/figures/reporting/F13A_LODO_AUROC_Brier_summary.png,/Users/felix/Documents/Sepsis_CrossCohort_scRNA/repository_release_v1/frozen_results/audit_outputs/final_freeze/figures/reporting/F13A_LODO_AUROC_Brier_summary.png,TRUE,copied,0.07831478118896484
result_directories,/Users/felix/Documents/Sepsis_CrossCohort_scRNA/04_results/final_freeze/figures/reporting/F13B_threshold_drift_summary.pdf,/Users/felix/Documents/Sepsis_CrossCohort_scRNA/repository_release_v1/frozen_results/audit_outputs/final_freeze/figures/reporting/F13B_threshold_drift_summary.pdf,TRUE,copied,0.0054492950439453125
result_directories,/Users/felix/Documents/Sepsis_CrossCohort_scRNA/04_results/final_freeze/figures/reporting/F13B_threshold_drift_summary.png,/Users/felix/Documents/Sepsis_CrossCohort_scRNA/repository_release_v1/frozen_results/audit_outputs/final_freeze/figures/reporting/F13B_threshold_drift_summary.png,TRUE,copied,0.09216594696044922
result_directories,/Users/felix/Documents/Sepsis_CrossCohort_scRNA/04_results/final_freeze/figures/reporting/F13C_final_model_coefficients.pdf,/Users/felix/Documents/Sepsis_CrossCohort_scRNA/repository_release_v1/frozen_results/audit_outputs/final_freeze/figures/reporting/F13C_final_model_coefficients.pdf,TRUE,copied,0.004947662353515625
result_directories,/Users/felix/Documents/Sepsis_CrossCohort_scRNA/04_results/final_freeze/figures/reporting/F13C_final_model_coefficients.png,/Users/felix/Documents/Sepsis_CrossCohort_scRNA/repository_release_v1/frozen_results/audit_outputs/final_freeze/figures/reporting/F13C_final_model_coefficients.png,TRUE,copied,0.06487560272216797
result_directories,/Users/felix/Documents/Sepsis_CrossCohort_scRNA/04_results/final_freeze/figures/reporting/F15A_control_type_distribution.pdf,/Users/felix/Documents/Sepsis_CrossCohort_scRNA/repository_release_v1/frozen_results/audit_outputs/final_freeze/figures/reporting/F15A_control_type_distribution.pdf,TRUE,copied,0.0047397613525390625
result_directories,/Users/felix/Documents/Sepsis_CrossCohort_scRNA/04_results/final_freeze/figures/reporting/F15A_control_type_distribution.png,/Users/felix/Documents/Sepsis_CrossCohort_scRNA/repository_release_v1/frozen_results/audit_outputs/final_freeze/figures/reporting/F15A_control_type_distribution.png,TRUE,copied,0.06788825988769531
result_directories,/Users/felix/Documents/Sepsis_CrossCohort_scRNA/04_results/final_freeze/figures/reporting/F15B_AUROC_by_control_type.pdf,/Users/felix/Documents/Sepsis_CrossCohort_scRNA/repository_release_v1/frozen_results/audit_outputs/final_freeze/figures/reporting/F15B_AUROC_by_control_type.pdf,TRUE,copied,0.0050182342529296875
result_directories,/Users/felix/Documents/Sepsis_CrossCohort_scRNA/04_results/final_freeze/figures/reporting/F15B_AUROC_by_control_type.png,/Users/felix/Documents/Sepsis_CrossCohort_scRNA/repository_release_v1/frozen_results/audit_outputs/final_freeze/figures/reporting/F15B_AUROC_by_control_type.png,TRUE,copied,0.11117172241210938
result_directories,/Users/felix/Documents/Sepsis_CrossCohort_scRNA/04_results/final_freeze/figures/reporting/F15b_Brier_by_control_type.pdf,/Users/felix/Documents/Sepsis_CrossCohort_scRNA/repository_release_v1/frozen_results/audit_outputs/final_freeze/figures/reporting/F15b_Brier_by_control_type.pdf,TRUE,copied,0.0049953460693359375
result_directories,/Users/felix/Documents/Sepsis_CrossCohort_scRNA/04_results/final_freeze/figures/reporting/F15b_Brier_by_control_type.png,/Users/felix/Documents/Sepsis_CrossCohort_scRNA/repository_release_v1/frozen_results/audit_outputs/final_freeze/figures/reporting/F15b_Brier_by_control_type.png,TRUE,copied,0.10594558715820312
result_directories,/Users/felix/Documents/Sepsis_CrossCohort_scRNA/04_results/final_freeze/figures/reporting/F15b_control_type_distribution.pdf,/Users/felix/Documents/Sepsis_CrossCohort_scRNA/repository_release_v1/frozen_results/audit_outputs/final_freeze/figures/reporting/F15b_control_type_distribution.pdf,TRUE,copied,0.004764556884765625
result_directories,/Users/felix/Documents/Sepsis_CrossCohort_scRNA/04_results/final_freeze/figures/reporting/F15b_control_type_distribution.png,/Users/felix/Documents/Sepsis_CrossCohort_scRNA/repository_release_v1/frozen_results/audit_outputs/final_freeze/figures/reporting/F15b_control_type_distribution.png,TRUE,copied,0.07363033294677734
result_directories,/Users/felix/Documents/Sepsis_CrossCohort_scRNA/04_results/final_freeze/figures/reporting/F15b_threshold_shift_by_control_type.pdf,/Users/felix/Documents/Sepsis_CrossCohort_scRNA/repository_release_v1/frozen_results/audit_outputs/final_freeze/figures/reporting/F15b_threshold_shift_by_control_type.pdf,TRUE,copied,0.005003929138183594
result_directories,/Users/felix/Documents/Sepsis_CrossCohort_scRNA/04_results/final_freeze/figures/reporting/F15b_threshold_shift_by_control_type.png,/Users/felix/Documents/Sepsis_CrossCohort_scRNA/repository_release_v1/frozen_results/audit_outputs/final_freeze/figures/reporting/F15b_threshold_shift_by_control_type.png,TRUE,copied,0.10702705383300781
result_directories,/Users/felix/Documents/Sepsis_CrossCohort_scRNA/04_results/final_freeze/figures/reporting/F15C_Brier_by_control_type.pdf,/Users/felix/Documents/Sepsis_CrossCohort_scRNA/repository_release_v1/frozen_results/audit_outputs/final_freeze/figures/reporting/F15C_Brier_by_control_type.pdf,TRUE,copied,0.0049610137939453125
result_directories,/Users/felix/Documents/Sepsis_CrossCohort_scRNA/04_results/final_freeze/figures/reporting/F15C_Brier_by_control_type.png,/Users/felix/Documents/Sepsis_CrossCohort_scRNA/repository_release_v1/frozen_results/audit_outputs/final_freeze/figures/reporting/F15C_Brier_by_control_type.png,TRUE,copied,0.099033355712890625
result_directories,/Users/felix/Documents/Sepsis_CrossCohort_scRNA/04_results/final_freeze/figures/reporting/F15D_threshold_shift_by_control_type.pdf,/Users/felix/Documents/Sepsis_CrossCohort_scRNA/repository_release_v1/frozen_results/audit_outputs/final_freeze/figures/reporting/F15D_threshold_shift_by_control_type.pdf,TRUE,copied,0.0049571990966796875
result_directories,/Users/felix/Documents/Sepsis_CrossCohort_scRNA/04_results/final_freeze/figures/reporting/F15D_threshold_shift_by_control_type.png,/Users/felix/Documents/Sepsis_CrossCohort_scRNA/repository_release_v1/frozen_results/audit_outputs/final_freeze/figures/reporting/F15D_threshold_shift_by_control_type.png,TRUE,copied,0.09894561767578125
result_directories,/Users/felix/Documents/Sepsis_CrossCohort_scRNA/04_results/final_freeze/figures/single_cell/F18A_QC_violin_by_sample.pdf,/Users/felix/Documents/Sepsis_CrossCohort_scRNA/repository_release_v1/frozen_results/audit_outputs/final_freeze/figures/single_cell/F18A_QC_violin_by_sample.pdf,TRUE,copied,0.16222095489501953
result_directories,/Users/felix/Documents/Sepsis_CrossCohort_scRNA/04_results/final_freeze/figures/single_cell/F18A_QC_violin_by_sample.png,/Users/felix/Documents/Sepsis_CrossCohort_scRNA/repository_release_v1/frozen_results/audit_outputs/final_freeze/figures/single_cell/F18A_QC_violin_by_sample.png,TRUE,copied,0.8415336608886719
result_directories,/Users/felix/Documents/Sepsis_CrossCohort_scRNA/04_results/final_freeze/figures/single_cell/F18B_QC_scatter_nCount_vs_percentMT.pdf,/Users/felix/Documents/Sepsis_CrossCohort_scRNA/repository_release_v1/frozen_results/audit_outputs/final_freeze/figures/single_cell/F18B_QC_scatter_nCount_vs_percentMT.pdf,TRUE,copied,3.0891761779785156
result_directories,/Users/felix/Documents/Sepsis_CrossCohort_scRNA/04_results/final_freeze/figures/single_cell/F18B_QC_scatter_nCount_vs_percentMT.png,/Users/felix/Documents/Sepsis_CrossCohort_scRNA/repository_release_v1/frozen_results/audit_outputs/final_freeze/figures/single_cell/F18B_QC_scatter_nCount_vs_percentMT.png,TRUE,copied,1.9512739181518555
result_directories,/Users/felix/Documents/Sepsis_CrossCohort_scRNA/04_results/final_freeze/figures/single_cell/F18C_UMAP_by_sample.pdf,/Users/felix/Documents/Sepsis_CrossCohort_scRNA/repository_release_v1/frozen_results/audit_outputs/final_freeze/figures/single_cell/F18C_UMAP_by_sample.pdf,TRUE,copied,0.05743885040283203
result_directories,/Users/felix/Documents/Sepsis_CrossCohort_scRNA/04_results/final_freeze/figures/single_cell/F18C_UMAP_by_sample.png,/Users/felix/Documents/Sepsis_CrossCohort_scRNA/repository_release_v1/frozen_results/audit_outputs/final_freeze/figures/single_cell/F18C_UMAP_by_sample.png,TRUE,copied,0.28155994415283203
result_directories,/Users/felix/Documents/Sepsis_CrossCohort_scRNA/04_results/final_freeze/figures/single_cell/F18D_UMAP_by_group.pdf,/Users/felix/Documents/Sepsis_CrossCohort_scRNA/repository_release_v1/frozen_results/audit_outputs/final_freeze/figures/single_cell/F18D_UMAP_by_group.pdf,TRUE,copied,0.039185523986816406
result_directories,/Users/felix/Documents/Sepsis_CrossCohort_scRNA/04_results/final_freeze/figures/single_cell/F18D_UMAP_by_group.png,/Users/felix/Documents/Sepsis_CrossCohort_scRNA/repository_release_v1/frozen_results/audit_outputs/final_freeze/figures/single_cell/F18D_UMAP_by_group.png,TRUE,copied,0.13878726959228516
result_directories,/Users/felix/Documents/Sepsis_CrossCohort_scRNA/04_results/final_freeze/figures/single_cell/F18E_UMAP_by_cluster.pdf,/Users/felix/Documents/Sepsis_CrossCohort_scRNA/repository_release_v1/frozen_results/audit_outputs/final_freeze/figures/single_cell/F18E_UMAP_by_cluster.pdf,TRUE,copied,0.03534221649169922
result_directories,/Users/felix/Documents/Sepsis_CrossCohort_scRNA/04_results/final_freeze/figures/single_cell/F18E_UMAP_by_cluster.png,/Users/felix/Documents/Sepsis_CrossCohort_scRNA/repository_release_v1/frozen_results/audit_outputs/final_freeze/figures/single_cell/F18E_UMAP_by_cluster.png,TRUE,copied,0.17940902709960938
result_directories,/Users/felix/Documents/Sepsis_CrossCohort_scRNA/04_results/final_freeze/figures/single_cell/F19A_UMAP_celltype_annotation.pdf,/Users/felix/Documents/Sepsis_CrossCohort_scRNA/repository_release_v1/frozen_results/audit_outputs/final_freeze/figures/single_cell/F19A_UMAP_celltype_annotation.pdf,TRUE,copied,0.031355857849121094
result_directories,/Users/felix/Documents/Sepsis_CrossCohort_scRNA/04_results/final_freeze/figures/single_cell/F19A_UMAP_celltype_annotation.png,/Users/felix/Documents/Sepsis_CrossCohort_scRNA/repository_release_v1/frozen_results/audit_outputs/final_freeze/figures/single_cell/F19A_UMAP_celltype_annotation.png,TRUE,copied,0.15897083282470703
result_directories,/Users/felix/Documents/Sepsis_CrossCohort_scRNA/04_results/final_freeze/figures/single_cell/F19B_UMAP_final10_score.pdf,/Users/felix/Documents/Sepsis_CrossCohort_scRNA/repository_release_v1/frozen_results/audit_outputs/final_freeze/figures/single_cell/F19B_UMAP_final10_score.pdf,TRUE,copied,0.05892753601074219
result_directories,/Users/felix/Documents/Sepsis_CrossCohort_scRNA/04_results/final_freeze/figures/single_cell/F19B_UMAP_final10_score.png,/Users/felix/Documents/Sepsis_CrossCohort_scRNA/repository_release_v1/frozen_results/audit_outputs/final_freeze/figures/single_cell/F19B_UMAP_final10_score.png,TRUE,copied,0.1592693328857422
result_directories,/Users/felix/Documents/Sepsis_CrossCohort_scRNA/04_results/final_freeze/figures/single_cell/F19C_UMAP_nested_recurrent_score.pdf,/Users/felix/Documents/Sepsis_CrossCohort_scRNA/repository_release_v1/frozen_results/audit_outputs/final_freeze/figures/single_cell/F19C_UMAP_nested_recurrent_score.pdf,TRUE,copied,0.06044483184814453
result_directories,/Users/felix/Documents/Sepsis_CrossCohort_scRNA/04_results/final_freeze/figures/single_cell/F19C_UMAP_nested_recurrent_score.png,/Users/felix/Documents/Sepsis_CrossCohort_scRNA/repository_release_v1/frozen_results/audit_outputs/final_freeze/figures/single_cell/F19C_UMAP_nested_recurrent_score.png,TRUE,copied,0.1609973907470703
result_directories,/Users/felix/Documents/Sepsis_CrossCohort_scRNA/04_results/final_freeze/figures/single_cell/F19D_signature_scores_by_celltype.pdf,/Users/felix/Documents/Sepsis_CrossCohort_scRNA/repository_release_v1/frozen_results/audit_outputs/final_freeze/figures/single_cell/F19D_signature_scores_by_celltype.pdf,TRUE,copied,0.0798654556274414
result_directories,/Users/felix/Documents/Sepsis_CrossCohort_scRNA/04_results/final_freeze/figures/single_cell/F19D_signature_scores_by_celltype.png,/Users/felix/Documents/Sepsis_CrossCohort_scRNA/repository_release_v1/frozen_results/audit_outputs/final_freeze/figures/single_cell/F19D_signature_scores_by_celltype.png,TRUE,copied,0.37951183319091797
result_directories,/Users/felix/Documents/Sepsis_CrossCohort_scRNA/04_results/final_freeze/figures/single_cell/F19E_signature_scores_by_group.pdf,/Users/felix/Documents/Sepsis_CrossCohort_scRNA/repository_release_v1/frozen_results/audit_outputs/final_freeze/figures/single_cell/F19E_signature_scores_by_group.pdf,TRUE,copied,0.042830467224121094
result_directories,/Users/felix/Documents/Sepsis_CrossCohort_scRNA/04_results/final_freeze/figures/single_cell/F19E_signature_scores_by_group.png,/Users/felix/Documents/Sepsis_CrossCohort_scRNA/repository_release_v1/frozen_results/audit_outputs/final_freeze/figures/single_cell/F19E_signature_scores_by_group.png,TRUE,copied,0.25450992584228516
result_directories,/Users/felix/Documents/Sepsis_CrossCohort_scRNA/04_results/final_freeze/figures/single_cell/F19F_signature_gene_dotplot_by_celltype.pdf,/Users/felix/Documents/Sepsis_CrossCohort_scRNA/repository_release_v1/frozen_results/audit_outputs/final_freeze/figures/single_cell/F19F_signature_gene_dotplot_by_celltype.pdf,TRUE,copied,0.01139068603515625
result_directories,/Users/felix/Documents/Sepsis_CrossCohort_scRNA/04_results/final_freeze/figures/single_cell/F19F_signature_gene_dotplot_by_celltype.png,/Users/felix/Documents/Sepsis_CrossCohort_scRNA/repository_release_v1/frozen_results/audit_outputs/final_freeze/figures/single_cell/F19F_signature_gene_dotplot_by_celltype.png,TRUE,copied,0.1352701187133789
result_directories,/Users/felix/Documents/Sepsis_CrossCohort_scRNA/04_results/final_freeze/figures/single_cell/F19G_canonical_marker_dotplot_by_cluster.pdf,/Users/felix/Documents/Sepsis_CrossCohort_scRNA/repository_release_v1/frozen_results/audit_outputs/final_freeze/figures/single_cell/F19G_canonical_marker_dotplot_by_cluster.pdf,TRUE,copied,0.07007122039794922
result_directories,/Users/felix/Documents/Sepsis_CrossCohort_scRNA/04_results/final_freeze/figures/single_cell/F19G_canonical_marker_dotplot_by_cluster.png,/Users/felix/Documents/Sepsis_CrossCohort_scRNA/repository_release_v1/frozen_results/audit_outputs/final_freeze/figures/single_cell/F19G_canonical_marker_dotplot_by_cluster.png,TRUE,copied,0.6520299911499023
result_directories,/Users/felix/Documents/Sepsis_CrossCohort_scRNA/04_results/final_freeze/figures/single_cell/F19H_signature_score_heatmap_by_cluster.pdf,/Users/felix/Documents/Sepsis_CrossCohort_scRNA/repository_release_v1/frozen_results/audit_outputs/final_freeze/figures/single_cell/F19H_signature_score_heatmap_by_cluster.pdf,TRUE,copied,0.006615638732910156
result_directories,/Users/felix/Documents/Sepsis_CrossCohort_scRNA/04_results/final_freeze/figures/single_cell/F19H_signature_score_heatmap_by_cluster.png,/Users/felix/Documents/Sepsis_CrossCohort_scRNA/repository_release_v1/frozen_results/audit_outputs/final_freeze/figures/single_cell/F19H_signature_score_heatmap_by_cluster.png,TRUE,copied,0.09155845642089844
result_directories,/Users/felix/Documents/Sepsis_CrossCohort_scRNA/04_results/final_freeze/final_freeze_decision_log.csv,/Users/felix/Documents/Sepsis_CrossCohort_scRNA/repository_release_v1/frozen_results/audit_outputs/final_freeze/final_freeze_decision_log.csv,TRUE,copied,0.0014848709106445312
result_directories,/Users/felix/Documents/Sepsis_CrossCohort_scRNA/04_results/final_freeze/final_freeze_figure_copy_manifest.csv,/Users/felix/Documents/Sepsis_CrossCohort_scRNA/repository_release_v1/frozen_results/audit_outputs/final_freeze/final_freeze_figure_copy_manifest.csv,TRUE,copied,0.031050682067871094
result_directories,/Users/felix/Documents/Sepsis_CrossCohort_scRNA/04_results/final_freeze/final_freeze_figure_inventory.csv,/Users/felix/Documents/Sepsis_CrossCohort_scRNA/repository_release_v1/frozen_results/audit_outputs/final_freeze/final_freeze_figure_inventory.csv,TRUE,copied,0.020673751831054688
result_directories,/Users/felix/Documents/Sepsis_CrossCohort_scRNA/04_results/final_freeze/final_freeze_file_copy_manifest.csv,/Users/felix/Documents/Sepsis_CrossCohort_scRNA/repository_release_v1/frozen_results/audit_outputs/final_freeze/final_freeze_file_copy_manifest.csv,TRUE,copied,0.008549690246582031
result_directories,/Users/felix/Documents/Sepsis_CrossCohort_scRNA/04_results/final_freeze/final_freeze_summary_workbook.xlsx,/Users/felix/Documents/Sepsis_CrossCohort_scRNA/repository_release_v1/frozen_results/audit_outputs/final_freeze/final_freeze_summary_workbook.xlsx,TRUE,copied,0.0272674560546875
result_directories,/Users/felix/Documents/Sepsis_CrossCohort_scRNA/04_results/final_freeze/final_freeze_summary.md,/Users/felix/Documents/Sepsis_CrossCohort_scRNA/repository_release_v1/frozen_results/audit_outputs/final_freeze/final_freeze_summary.md,TRUE,copied,0.0017032623291015625
result_directories,/Users/felix/Documents/Sepsis_CrossCohort_scRNA/04_results/final_freeze/final_key_result_snapshot.csv,/Users/felix/Documents/Sepsis_CrossCohort_scRNA/repository_release_v1/frozen_results/audit_outputs/final_freeze/final_key_result_snapshot.csv,TRUE,copied,7.572174072265625e-4
result_directories,/Users/felix/Documents/Sepsis_CrossCohort_scRNA/04_results/final_freeze/logs/sessionInfo_20_freeze_final_results_and_tables.txt,/Users/felix/Documents/Sepsis_CrossCohort_scRNA/repository_release_v1/frozen_results/audit_outputs/final_freeze/logs/sessionInfo_20_freeze_final_results_and_tables.txt,TRUE,copied,0.005749702453613281
result_directories,/Users/felix/Documents/Sepsis_CrossCohort_scRNA/04_results/final_freeze/manuscript_source_index.csv,/Users/felix/Documents/Sepsis_CrossCohort_scRNA/repository_release_v1/frozen_results/audit_outputs/final_freeze/manuscript_source_index.csv,TRUE,copied,0.0019807815551757812
result_directories,/Users/felix/Documents/Sepsis_CrossCohort_scRNA/04_results/final_freeze/manuscript_source/figure_table_plan_v0.2_after_nested_LODO_scRNA.md,/Users/felix/Documents/Sepsis_CrossCohort_scRNA/repository_release_v1/frozen_results/audit_outputs/final_freeze/manuscript_source/figure_table_plan_v0.2_after_nested_LODO_scRNA.md,TRUE,copied,0.0019979476928710938
result_directories,/Users/felix/Documents/Sepsis_CrossCohort_scRNA/04_results/final_freeze/manuscript_source/final_sanity_check_before_manuscript_v0.1.md,/Users/felix/Documents/Sepsis_CrossCohort_scRNA/repository_release_v1/frozen_results/audit_outputs/final_freeze/manuscript_source/final_sanity_check_before_manuscript_v0.1.md,TRUE,copied,0.0021238327026367188
result_directories,/Users/felix/Documents/Sepsis_CrossCohort_scRNA/04_results/final_freeze/manuscript_source/interpretation_notes_v0.2_after_nested_LODO_scRNA.md,/Users/felix/Documents/Sepsis_CrossCohort_scRNA/repository_release_v1/frozen_results/audit_outputs/final_freeze/manuscript_source/interpretation_notes_v0.2_after_nested_LODO_scRNA.md,TRUE,copied,0.0013952255249023438
result_directories,/Users/felix/Documents/Sepsis_CrossCohort_scRNA/04_results/final_freeze/manuscript_source/results_draft_v0.2_after_nested_LODO_scRNA.md,/Users/felix/Documents/Sepsis_CrossCohort_scRNA/repository_release_v1/frozen_results/audit_outputs/final_freeze/manuscript_source/results_draft_v0.2_after_nested_LODO_scRNA.md,TRUE,copied,0.0036611557006835938
result_directories,/Users/felix/Documents/Sepsis_CrossCohort_scRNA/04_results/final_freeze/tables/figure_plan_v02_figure_table_plan_v0.2_after_nested_LODO_scRNA.md,/Users/felix/Documents/Sepsis_CrossCohort_scRNA/repository_release_v1/frozen_results/audit_outputs/final_freeze/tables/figure_plan_v02_figure_table_plan_v0.2_after_nested_LODO_scRNA.md,TRUE,copied,0.0019979476928710938
result_directories,/Users/felix/Documents/Sepsis_CrossCohort_scRNA/04_results/final_freeze/tables/interpretation_v02_interpretation_notes_v0.2_after_nested_LODO_scRNA.md,/Users/felix/Documents/Sepsis_CrossCohort_scRNA/repository_release_v1/frozen_results/audit_outputs/final_freeze/tables/interpretation_v02_interpretation_notes_v0.2_after_nested_LODO_scRNA.md,TRUE,copied,0.0013952255249023438
result_directories,/Users/felix/Documents/Sepsis_CrossCohort_scRNA/04_results/final_freeze/tables/limma_DEG_main_limma_DEG_Sepsis_vs_Control.csv,/Users/felix/Documents/Sepsis_CrossCohort_scRNA/repository_release_v1/frozen_results/audit_outputs/final_freeze/tables/limma_DEG_main_limma_DEG_Sepsis_vs_Control.csv,TRUE,copied,1.108285903930664
result_directories,/Users/felix/Documents/Sepsis_CrossCohort_scRNA/04_results/final_freeze/tables/results_draft_v02_results_draft_v0.2_after_nested_LODO_scRNA.md,/Users/felix/Documents/Sepsis_CrossCohort_scRNA/repository_release_v1/frozen_results/audit_outputs/final_freeze/tables/results_draft_v02_results_draft_v0.2_after_nested_LODO_scRNA.md,TRUE,copied,0.0036611557006835938
result_directories,/Users/felix/Documents/Sepsis_CrossCohort_scRNA/04_results/final_freeze/tables/sanity_md_final_sanity_check_before_manuscript_v0.1.md,/Users/felix/Documents/Sepsis_CrossCohort_scRNA/repository_release_v1/frozen_results/audit_outputs/final_freeze/tables/sanity_md_final_sanity_check_before_manuscript_v0.1.md,TRUE,copied,0.0021238327026367188
result_directories,/Users/felix/Documents/Sepsis_CrossCohort_scRNA/04_results/final_freeze/tables/T04_outlier_sensitivity_T04_outlier_sensitivity_summary.xlsx,/Users/felix/Documents/Sepsis_CrossCohort_scRNA/repository_release_v1/frozen_results/audit_outputs/final_freeze/tables/T04_outlier_sensitivity_T04_outlier_sensitivity_summary.xlsx,TRUE,copied,1.5402841567993164
result_directories,/Users/felix/Documents/Sepsis_CrossCohort_scRNA/04_results/final_freeze/tables/T05_gene_lists_T05_DEG_gene_lists.xlsx,/Users/felix/Documents/Sepsis_CrossCohort_scRNA/repository_release_v1/frozen_results/audit_outputs/final_freeze/tables/T05_gene_lists_T05_DEG_gene_lists.xlsx,TRUE,copied,0.48647117614746094
result_directories,/Users/felix/Documents/Sepsis_CrossCohort_scRNA/04_results/final_freeze/tables/T05_GO_BP_T05_GO_BP_enrichment.xlsx,/Users/felix/Documents/Sepsis_CrossCohort_scRNA/repository_release_v1/frozen_results/audit_outputs/final_freeze/tables/T05_GO_BP_T05_GO_BP_enrichment.xlsx,TRUE,copied,0.16171836853027344
result_directories,/Users/felix/Documents/Sepsis_CrossCohort_scRNA/04_results/final_freeze/tables/T06_candidate_screening_T06_candidate_gene_screening_table.xlsx,/Users/felix/Documents/Sepsis_CrossCohort_scRNA/repository_release_v1/frozen_results/audit_outputs/final_freeze/tables/T06_candidate_screening_T06_candidate_gene_screening_table.xlsx,TRUE,copied,0.2851133346557617
result_directories,/Users/felix/Documents/Sepsis_CrossCohort_scRNA/04_results/final_freeze/tables/T07_refined_candidates_T07_refined_candidate_summary.xlsx,/Users/felix/Documents/Sepsis_CrossCohort_scRNA/repository_release_v1/frozen_results/audit_outputs/final_freeze/tables/T07_refined_candidates_T07_refined_candidate_summary.xlsx,TRUE,copied,0.07212066650390625
result_directories,/Users/felix/Documents/Sepsis_CrossCohort_scRNA/04_results/final_freeze/tables/T14_gene_frequency_T14_nested_LODO_gene_selection_frequency.csv,/Users/felix/Documents/Sepsis_CrossCohort_scRNA/repository_release_v1/frozen_results/audit_outputs/final_freeze/tables/T14_gene_frequency_T14_nested_LODO_gene_selection_frequency.csv,TRUE,copied,0.00050640106201171875
result_directories,/Users/felix/Documents/Sepsis_CrossCohort_scRNA/04_results/final_freeze/tables/T14_nested_metrics_T14_nested_LODO_validation_metrics.csv,/Users/felix/Documents/Sepsis_CrossCohort_scRNA/repository_release_v1/frozen_results/audit_outputs/final_freeze/tables/T14_nested_metrics_T14_nested_LODO_validation_metrics.csv,TRUE,copied,0.00147247314453125
result_directories,/Users/felix/Documents/Sepsis_CrossCohort_scRNA/04_results/final_freeze/tables/T14_nested_predictions_T14_nested_LODO_predictions.csv,/Users/felix/Documents/Sepsis_CrossCohort_scRNA/repository_release_v1/frozen_results/audit_outputs/final_freeze/tables/T14_nested_predictions_T14_nested_LODO_predictions.csv,TRUE,copied,0.045660972595214844
result_directories,/Users/felix/Documents/Sepsis_CrossCohort_scRNA/04_results/final_freeze/tables/T16b_eligibility_T16b_RNAseq_eligibility_table.csv,/Users/felix/Documents/Sepsis_CrossCohort_scRNA/repository_release_v1/frozen_results/audit_outputs/final_freeze/tables/T16b_eligibility_T16b_RNAseq_eligibility_table.csv,TRUE,copied,0.013190269470214844
result_directories,/Users/felix/Documents/Sepsis_CrossCohort_scRNA/04_results/final_freeze/tables/T16b_go_no_go_T16b_RNAseq_go_no_go_summary.csv,/Users/felix/Documents/Sepsis_CrossCohort_scRNA/repository_release_v1/frozen_results/audit_outputs/final_freeze/tables/T16b_go_no_go_T16b_RNAseq_go_no_go_summary.csv,TRUE,copied,4.3773651123046875e-4
result_directories,/Users/felix/Documents/Sepsis_CrossCohort_scRNA/04_results/final_freeze/tables/T17_calibration_T17_nested_LODO_calibration_metrics_final.csv,/Users/felix/Documents/Sepsis_CrossCohort_scRNA/repository_release_v1/frozen_results/audit_outputs/final_freeze/tables/T17_calibration_T17_nested_LODO_calibration_metrics_final.csv,TRUE,copied,0.00335693359375
result_directories,/Users/felix/Documents/Sepsis_CrossCohort_scRNA/04_results/final_freeze/tables/T17_dca_summary_T17_nested_LODO_DCA_summary.csv,/Users/felix/Documents/Sepsis_CrossCohort_scRNA/repository_release_v1/frozen_results/audit_outputs/final_freeze/tables/T17_dca_summary_T17_nested_LODO_DCA_summary.csv,TRUE,copied,0.00058650970458984375
result_directories,/Users/felix/Documents/Sepsis_CrossCohort_scRNA/04_results/final_freeze/tables/T17_pooled_perf_T17_pooled_nested_LODO_performance.csv,/Users/felix/Documents/Sepsis_CrossCohort_scRNA/repository_release_v1/frozen_results/audit_outputs/final_freeze/tables/T17_pooled_perf_T17_pooled_nested_LODO_performance.csv,TRUE,copied,5.98907470703125e-4
result_directories,/Users/felix/Documents/Sepsis_CrossCohort_scRNA/04_results/final_freeze/tables/T17_threshold_T17_nested_LODO_threshold_drift_final.csv,/Users/felix/Documents/Sepsis_CrossCohort_scRNA/repository_release_v1/frozen_results/audit_outputs/final_freeze/tables/T17_threshold_T17_nested_LODO_threshold_drift_final.csv,TRUE,copied,0.0033235549926757812
result_directories,/Users/felix/Documents/Sepsis_CrossCohort_scRNA/04_results/final_freeze/tables/T19_scRNA_celltype_T19_scRNA_signature_score_by_celltype.csv,/Users/felix/Documents/Sepsis_CrossCohort_scRNA/repository_release_v1/frozen_results/audit_outputs/final_freeze/tables/T19_scRNA_celltype_T19_scRNA_signature_score_by_celltype.csv,TRUE,copied,0.0018405914306640625
result_directories,/Users/felix/Documents/Sepsis_CrossCohort_scRNA/04_results/final_freeze/tables/T19_scRNA_cluster_annotation_T19_scRNA_cluster_annotation.csv,/Users/felix/Documents/Sepsis_CrossCohort_scRNA/repository_release_v1/frozen_results/audit_outputs/final_freeze/tables/T19_scRNA_cluster_annotation_T19_scRNA_cluster_annotation.csv,TRUE,copied,0.0024089813232421875
result_directories,/Users/felix/Documents/Sepsis_CrossCohort_scRNA/04_results/final_freeze/tables/T19_scRNA_summary_T19_scRNA_signature_localization_summary.csv,/Users/felix/Documents/Sepsis_CrossCohort_scRNA/repository_release_v1/frozen_results/audit_outputs/final_freeze/tables/T19_scRNA_summary_T19_scRNA_signature_localization_summary.csv,TRUE,copied,3.147125244140625e-4
result_directories,/Users/felix/Documents/Sepsis_CrossCohort_scRNA/04_results/final_freeze/tables/T20_figure_plan_T20_figure_plan_final.csv,/Users/felix/Documents/Sepsis_CrossCohort_scRNA/repository_release_v1/frozen_results/audit_outputs/final_freeze/tables/T20_figure_plan_T20_figure_plan_final.csv,TRUE,copied,0.0015554428100585938
result_directories,/Users/felix/Documents/Sepsis_CrossCohort_scRNA/04_results/final_freeze/tables/T20_integrated_workbook_T20_manuscript_ready_integrated_tables.xlsx,/Users/felix/Documents/Sepsis_CrossCohort_scRNA/repository_release_v1/frozen_results/audit_outputs/final_freeze/tables/T20_integrated_workbook_T20_manuscript_ready_integrated_tables.xlsx,TRUE,copied,0.034587860107421875
result_directories,/Users/felix/Documents/Sepsis_CrossCohort_scRNA/04_results/final_freeze/tables/T20_key_numbers_T20_key_results_numbers.csv,/Users/felix/Documents/Sepsis_CrossCohort_scRNA/repository_release_v1/frozen_results/audit_outputs/final_freeze/tables/T20_key_numbers_T20_key_results_numbers.csv,TRUE,copied,0.0014495849609375
result_directories,/Users/felix/Documents/Sepsis_CrossCohort_scRNA/04_results/final_freeze/tables/T20_table1_T20_table1_cohort_context.csv,/Users/felix/Documents/Sepsis_CrossCohort_scRNA/repository_release_v1/frozen_results/audit_outputs/final_freeze/tables/T20_table1_T20_table1_cohort_context.csv,TRUE,copied,0.004147529602050781
result_directories,/Users/felix/Documents/Sepsis_CrossCohort_scRNA/04_results/final_freeze/tables/T20_table2_T20_table2_nested_LODO_validation.csv,/Users/felix/Documents/Sepsis_CrossCohort_scRNA/repository_release_v1/frozen_results/audit_outputs/final_freeze/tables/T20_table2_T20_table2_nested_LODO_validation.csv,TRUE,copied,0.00133514404296875
result_directories,/Users/felix/Documents/Sepsis_CrossCohort_scRNA/04_results/final_freeze/tables/T20_table3_T20_table3_calibration_threshold_transport.csv,/Users/felix/Documents/Sepsis_CrossCohort_scRNA/repository_release_v1/frozen_results/audit_outputs/final_freeze/tables/T20_table3_T20_table3_calibration_threshold_transport.csv,TRUE,copied,0.0025396347045898438
result_directories,/Users/felix/Documents/Sepsis_CrossCohort_scRNA/04_results/final_freeze/tables/T20_table4_T20_table4_scRNA_localization.csv,/Users/felix/Documents/Sepsis_CrossCohort_scRNA/repository_release_v1/frozen_results/audit_outputs/final_freeze/tables/T20_table4_T20_table4_scRNA_localization.csv,TRUE,copied,0.00094509124755859375
result_directories,/Users/felix/Documents/Sepsis_CrossCohort_scRNA/04_results/final_freeze/tables/T21_claims_T21_recommended_claims_and_restrictions.csv,/Users/felix/Documents/Sepsis_CrossCohort_scRNA/repository_release_v1/frozen_results/audit_outputs/final_freeze/tables/T21_claims_T21_recommended_claims_and_restrictions.csv,TRUE,copied,0.0019578933715820312
result_directories,/Users/felix/Documents/Sepsis_CrossCohort_scRNA/04_results/final_freeze/tables/T21_consistency_T21_key_consistency_checks.csv,/Users/felix/Documents/Sepsis_CrossCohort_scRNA/repository_release_v1/frozen_results/audit_outputs/final_freeze/tables/T21_consistency_T21_key_consistency_checks.csv,TRUE,copied,0.00093746185302734375
result_directories,/Users/felix/Documents/Sepsis_CrossCohort_scRNA/04_results/final_freeze/tables/T21_risk_flags_T21_manuscript_risk_flags.csv,/Users/felix/Documents/Sepsis_CrossCohort_scRNA/repository_release_v1/frozen_results/audit_outputs/final_freeze/tables/T21_risk_flags_T21_manuscript_risk_flags.csv,TRUE,copied,0.0015478134155273438
result_directories,/Users/felix/Documents/Sepsis_CrossCohort_scRNA/04_results/final_freeze/tables/T21_sanity_workbook_T21_final_sanity_check_summary.xlsx,/Users/felix/Documents/Sepsis_CrossCohort_scRNA/repository_release_v1/frozen_results/audit_outputs/final_freeze/tables/T21_sanity_workbook_T21_final_sanity_check_summary.xlsx,TRUE,copied,0.015183448791503906
result_directories,/Users/felix/Documents/Sepsis_CrossCohort_scRNA/04_results/differential_expression/limma_DEG_Sepsis_vs_Control.csv,/Users/felix/Documents/Sepsis_CrossCohort_scRNA/repository_release_v1/frozen_results/audit_outputs/differential_expression/limma_DEG_Sepsis_vs_Control.csv,TRUE,copied,1.108285903930664
result_directories,/Users/felix/Documents/Sepsis_CrossCohort_scRNA/04_results/differential_expression/merged_gene_expression_common_genes_combat_for_visualization.csv,/Users/felix/Documents/Sepsis_CrossCohort_scRNA/repository_release_v1/large_files_for_zenodo_only/differential_expression/merged_gene_expression_common_genes_combat_for_visualization.csv,TRUE,large_file_gt_50MB_moved_to_zenodo_only,66.63055324554443
result_directories,/Users/felix/Documents/Sepsis_CrossCohort_scRNA/04_results/differential_expression/merged_gene_expression_common_genes_unadjusted.csv,/Users/felix/Documents/Sepsis_CrossCohort_scRNA/repository_release_v1/frozen_results/audit_outputs/differential_expression/merged_gene_expression_common_genes_unadjusted.csv,TRUE,copied,47.22177696228027
result_directories,/Users/felix/Documents/Sepsis_CrossCohort_scRNA/04_results/differential_expression/merged_pheno_for_DEG.csv,/Users/felix/Documents/Sepsis_CrossCohort_scRNA/repository_release_v1/frozen_results/audit_outputs/differential_expression/merged_pheno_for_DEG.csv,TRUE,copied,0.18717288970947266
result_directories,/Users/felix/Documents/Sepsis_CrossCohort_scRNA/04_results/differential_expression/T02_annotation_qc_by_dataset.csv,/Users/felix/Documents/Sepsis_CrossCohort_scRNA/repository_release_v1/frozen_results/audit_outputs/differential_expression/T02_annotation_qc_by_dataset.csv,TRUE,copied,3.96728515625e-4
result_directories,/Users/felix/Documents/Sepsis_CrossCohort_scRNA/04_results/differential_expression/T02_DEG_outputs_summary.xlsx,/Users/felix/Documents/Sepsis_CrossCohort_scRNA/repository_release_v1/frozen_results/audit_outputs/differential_expression/T02_DEG_outputs_summary.xlsx,TRUE,copied,0.7405061721801758
result_directories,/Users/felix/Documents/Sepsis_CrossCohort_scRNA/04_results/differential_expression/Volcano_Sepsis_vs_Control.png,/Users/felix/Documents/Sepsis_CrossCohort_scRNA/repository_release_v1/frozen_results/audit_outputs/differential_expression/Volcano_Sepsis_vs_Control.png,TRUE,copied,0.2649803161621094
result_directories,/Users/felix/Documents/Sepsis_CrossCohort_scRNA/04_results/single_cell/T18_GSE167363_cell_metadata.csv,/Users/felix/Documents/Sepsis_CrossCohort_scRNA/repository_release_v1/frozen_results/audit_outputs/single_cell/T18_GSE167363_cell_metadata.csv,TRUE,copied,11.496994972229004
result_directories,/Users/felix/Documents/Sepsis_CrossCohort_scRNA/04_results/single_cell/T18_GSE167363_cluster_composition.csv,/Users/felix/Documents/Sepsis_CrossCohort_scRNA/repository_release_v1/frozen_results/audit_outputs/single_cell/T18_GSE167363_cluster_composition.csv,TRUE,copied,4.8828125e-4
result_directories,/Users/felix/Documents/Sepsis_CrossCohort_scRNA/04_results/single_cell/T18_GSE167363_gene_presence_signature.csv,/Users/felix/Documents/Sepsis_CrossCohort_scRNA/repository_release_v1/frozen_results/audit_outputs/single_cell/T18_GSE167363_gene_presence_signature.csv,TRUE,copied,7.171630859375e-4
result_directories,/Users/felix/Documents/Sepsis_CrossCohort_scRNA/04_results/single_cell/T18_GSE167363_prepare_summary.csv,/Users/felix/Documents/Sepsis_CrossCohort_scRNA/repository_release_v1/frozen_results/audit_outputs/single_cell/T18_GSE167363_prepare_summary.csv,TRUE,copied,4.1675567626953125e-4
result_directories,/Users/felix/Documents/Sepsis_CrossCohort_scRNA/04_results/single_cell/T18_GSE167363_prepare_summary.xlsx,/Users/felix/Documents/Sepsis_CrossCohort_scRNA/repository_release_v1/frozen_results/audit_outputs/single_cell/T18_GSE167363_prepare_summary.xlsx,TRUE,copied,0.3992185592651367
result_directories,/Users/felix/Documents/Sepsis_CrossCohort_scRNA/04_results/single_cell/T18_GSE167363_sample_level_QC.csv,/Users/felix/Documents/Sepsis_CrossCohort_scRNA/repository_release_v1/frozen_results/audit_outputs/single_cell/T18_GSE167363_sample_level_QC.csv,TRUE,copied,0.0021963119506835938
result_directories,/Users/felix/Documents/Sepsis_CrossCohort_scRNA/04_results/single_cell/T18a_10x_mex_candidate_dirs.csv,/Users/felix/Documents/Sepsis_CrossCohort_scRNA/repository_release_v1/frozen_results/audit_outputs/single_cell/T18a_10x_mex_candidate_dirs.csv,TRUE,copied,0
result_directories,/Users/felix/Documents/Sepsis_CrossCohort_scRNA/04_results/single_cell/T18a_gene_detection_summary.csv,/Users/felix/Documents/Sepsis_CrossCohort_scRNA/repository_release_v1/frozen_results/audit_outputs/single_cell/T18a_gene_detection_summary.csv,TRUE,copied,0.001636505126953125
result_directories,/Users/felix/Documents/Sepsis_CrossCohort_scRNA/04_results/single_cell/T18a_h5_candidate_files.csv,/Users/felix/Documents/Sepsis_CrossCohort_scRNA/repository_release_v1/frozen_results/audit_outputs/single_cell/T18a_h5_candidate_files.csv,TRUE,copied,1.9550323486328125e-4
result_directories,/Users/felix/Documents/Sepsis_CrossCohort_scRNA/04_results/single_cell/T18a_h5ad_candidate_files.csv,/Users/felix/Documents/Sepsis_CrossCohort_scRNA/repository_release_v1/frozen_results/audit_outputs/single_cell/T18a_h5ad_candidate_files.csv,TRUE,copied,1.9550323486328125e-4
result_directories,/Users/felix/Documents/Sepsis_CrossCohort_scRNA/04_results/single_cell/T18a_h5seurat_candidate_files.csv,/Users/felix/Documents/Sepsis_CrossCohort_scRNA/repository_release_v1/frozen_results/audit_outputs/single_cell/T18a_h5seurat_candidate_files.csv,TRUE,copied,1.9550323486328125e-4
result_directories,/Users/felix/Documents/Sepsis_CrossCohort_scRNA/04_results/single_cell/T18a_metadata_candidate_files.csv,/Users/felix/Documents/Sepsis_CrossCohort_scRNA/repository_release_v1/frozen_results/audit_outputs/single_cell/T18a_metadata_candidate_files.csv,TRUE,copied,0.0252227783203125
result_directories,/Users/felix/Documents/Sepsis_CrossCohort_scRNA/04_results/single_cell/T18a_rds_candidate_files.csv,/Users/felix/Documents/Sepsis_CrossCohort_scRNA/repository_release_v1/frozen_results/audit_outputs/single_cell/T18a_rds_candidate_files.csv,TRUE,copied,0.03688335418701172
result_directories,/Users/felix/Documents/Sepsis_CrossCohort_scRNA/04_results/single_cell/T18a_scan_summary.csv,/Users/felix/Documents/Sepsis_CrossCohort_scRNA/repository_release_v1/frozen_results/audit_outputs/single_cell/T18a_scan_summary.csv,TRUE,copied,2.7370452880859375e-4
result_directories,/Users/felix/Documents/Sepsis_CrossCohort_scRNA/04_results/single_cell/T18a_scRNA_file_inventory.csv,/Users/felix/Documents/Sepsis_CrossCohort_scRNA/repository_release_v1/frozen_results/audit_outputs/single_cell/T18a_scRNA_file_inventory.csv,TRUE,copied,0.11431026458740234
result_directories,/Users/felix/Documents/Sepsis_CrossCohort_scRNA/04_results/single_cell/T18a_scRNA_scan_summary.xlsx,/Users/felix/Documents/Sepsis_CrossCohort_scRNA/repository_release_v1/frozen_results/audit_outputs/single_cell/T18a_scRNA_scan_summary.xlsx,TRUE,copied,0.05694866180419922
result_directories,/Users/felix/Documents/Sepsis_CrossCohort_scRNA/04_results/single_cell/T18b_GSE167363_10x_candidate_dirs.csv,/Users/felix/Documents/Sepsis_CrossCohort_scRNA/repository_release_v1/frozen_results/audit_outputs/single_cell/T18b_GSE167363_10x_candidate_dirs.csv,TRUE,copied,2.9659271240234375e-4
result_directories,/Users/felix/Documents/Sepsis_CrossCohort_scRNA/04_results/single_cell/T18b_GSE167363_10x_file_inventory.csv,/Users/felix/Documents/Sepsis_CrossCohort_scRNA/repository_release_v1/frozen_results/audit_outputs/single_cell/T18b_GSE167363_10x_file_inventory.csv,TRUE,copied,0.010859489440917969
result_directories,/Users/felix/Documents/Sepsis_CrossCohort_scRNA/04_results/single_cell/T18b_GSE167363_prepare_summary.csv,/Users/felix/Documents/Sepsis_CrossCohort_scRNA/repository_release_v1/frozen_results/audit_outputs/single_cell/T18b_GSE167363_prepare_summary.csv,TRUE,copied,2.6226043701171875e-4
result_directories,/Users/felix/Documents/Sepsis_CrossCohort_scRNA/04_results/single_cell/T18b_GSE167363_prepare_summary.xlsx,/Users/felix/Documents/Sepsis_CrossCohort_scRNA/repository_release_v1/frozen_results/audit_outputs/single_cell/T18b_GSE167363_prepare_summary.xlsx,TRUE,copied,0.01757526397705078
result_directories,/Users/felix/Documents/Sepsis_CrossCohort_scRNA/04_results/single_cell/T18b_GSE167363_sample_detection_summary.csv,/Users/felix/Documents/Sepsis_CrossCohort_scRNA/repository_release_v1/frozen_results/audit_outputs/single_cell/T18b_GSE167363_sample_detection_summary.csv,TRUE,copied,0.00099086761474609375
result_directories,/Users/felix/Documents/Sepsis_CrossCohort_scRNA/04_results/single_cell/T18b_GSE167363_sample_file_counts.csv,/Users/felix/Documents/Sepsis_CrossCohort_scRNA/repository_release_v1/frozen_results/audit_outputs/single_cell/T18b_GSE167363_sample_file_counts.csv,TRUE,copied,0.0010004043579101562
result_directories,/Users/felix/Documents/Sepsis_CrossCohort_scRNA/04_results/single_cell/T18b_GSE167363_sample_metadata.csv,/Users/felix/Documents/Sepsis_CrossCohort_scRNA/repository_release_v1/frozen_results/audit_outputs/single_cell/T18b_GSE167363_sample_metadata.csv,TRUE,copied,0.00087642669677734375
result_directories,/Users/felix/Documents/Sepsis_CrossCohort_scRNA/04_results/single_cell/T18c_GSE167363_10x_copy_log.csv,/Users/felix/Documents/Sepsis_CrossCohort_scRNA/repository_release_v1/frozen_results/audit_outputs/single_cell/T18c_GSE167363_10x_copy_log.csv,TRUE,copied,0.005530357360839844
result_directories,/Users/felix/Documents/Sepsis_CrossCohort_scRNA/04_results/single_cell/T18c_GSE167363_per_sample_10x_dirs.csv,/Users/felix/Documents/Sepsis_CrossCohort_scRNA/repository_release_v1/frozen_results/audit_outputs/single_cell/T18c_GSE167363_per_sample_10x_dirs.csv,TRUE,copied,0.0026350021362304688
result_directories,/Users/felix/Documents/Sepsis_CrossCohort_scRNA/04_results/single_cell/T18c_GSE167363_reorganize_summary.csv,/Users/felix/Documents/Sepsis_CrossCohort_scRNA/repository_release_v1/frozen_results/audit_outputs/single_cell/T18c_GSE167363_reorganize_summary.csv,TRUE,copied,1.9073486328125e-4
result_directories,/Users/felix/Documents/Sepsis_CrossCohort_scRNA/04_results/single_cell/T18c_GSE167363_reorganize_summary.xlsx,/Users/felix/Documents/Sepsis_CrossCohort_scRNA/repository_release_v1/frozen_results/audit_outputs/single_cell/T18c_GSE167363_reorganize_summary.xlsx,TRUE,copied,0.0108795166015625
result_directories,/Users/felix/Documents/Sepsis_CrossCohort_scRNA/04_results/single_cell/T19_scRNA_canonical_marker_gene_sets.csv,/Users/felix/Documents/Sepsis_CrossCohort_scRNA/repository_release_v1/frozen_results/audit_outputs/single_cell/T19_scRNA_canonical_marker_gene_sets.csv,TRUE,copied,8.65936279296875e-4
result_directories,/Users/felix/Documents/Sepsis_CrossCohort_scRNA/04_results/single_cell/T19_scRNA_cell_metadata_with_scores.csv,/Users/felix/Documents/Sepsis_CrossCohort_scRNA/repository_release_v1/frozen_results/audit_outputs/single_cell/T19_scRNA_cell_metadata_with_scores.csv,TRUE,copied,23.159850120544434
result_directories,/Users/felix/Documents/Sepsis_CrossCohort_scRNA/04_results/single_cell/T19_scRNA_cluster_annotation.csv,/Users/felix/Documents/Sepsis_CrossCohort_scRNA/repository_release_v1/frozen_results/audit_outputs/single_cell/T19_scRNA_cluster_annotation.csv,TRUE,copied,0.0024089813232421875
result_directories,/Users/felix/Documents/Sepsis_CrossCohort_scRNA/04_results/single_cell/T19_scRNA_cluster_marker_scores.csv,/Users/felix/Documents/Sepsis_CrossCohort_scRNA/repository_release_v1/frozen_results/audit_outputs/single_cell/T19_scRNA_cluster_marker_scores.csv,TRUE,copied,0.016058921813964844
result_directories,/Users/felix/Documents/Sepsis_CrossCohort_scRNA/04_results/single_cell/T19_scRNA_signature_gene_average_expression_by_celltype.csv,/Users/felix/Documents/Sepsis_CrossCohort_scRNA/repository_release_v1/frozen_results/audit_outputs/single_cell/T19_scRNA_signature_gene_average_expression_by_celltype.csv,TRUE,copied,0.0018291473388671875
result_directories,/Users/felix/Documents/Sepsis_CrossCohort_scRNA/04_results/single_cell/T19_scRNA_signature_gene_average_expression_by_cluster.csv,/Users/felix/Documents/Sepsis_CrossCohort_scRNA/repository_release_v1/frozen_results/audit_outputs/single_cell/T19_scRNA_signature_gene_average_expression_by_cluster.csv,TRUE,copied,0.0062046051025390625
result_directories,/Users/felix/Documents/Sepsis_CrossCohort_scRNA/04_results/single_cell/T19_scRNA_signature_gene_sets.csv,/Users/felix/Documents/Sepsis_CrossCohort_scRNA/repository_release_v1/frozen_results/audit_outputs/single_cell/T19_scRNA_signature_gene_sets.csv,TRUE,copied,0.00074100494384765625
result_directories,/Users/felix/Documents/Sepsis_CrossCohort_scRNA/04_results/single_cell/T19_scRNA_signature_localization_summary.csv,/Users/felix/Documents/Sepsis_CrossCohort_scRNA/repository_release_v1/frozen_results/audit_outputs/single_cell/T19_scRNA_signature_localization_summary.csv,TRUE,copied,3.147125244140625e-4
result_directories,/Users/felix/Documents/Sepsis_CrossCohort_scRNA/04_results/single_cell/T19_scRNA_signature_localization_summary.xlsx,/Users/felix/Documents/Sepsis_CrossCohort_scRNA/repository_release_v1/frozen_results/audit_outputs/single_cell/T19_scRNA_signature_localization_summary.xlsx,TRUE,copied,0.03468513488769531
result_directories,/Users/felix/Documents/Sepsis_CrossCohort_scRNA/04_results/single_cell/T19_scRNA_signature_score_by_celltype_group.csv,/Users/felix/Documents/Sepsis_CrossCohort_scRNA/repository_release_v1/frozen_results/audit_outputs/single_cell/T19_scRNA_signature_score_by_celltype_group.csv,TRUE,copied,0.006361961364746094
result_directories,/Users/felix/Documents/Sepsis_CrossCohort_scRNA/04_results/single_cell/T19_scRNA_signature_score_by_celltype.csv,/Users/felix/Documents/Sepsis_CrossCohort_scRNA/repository_release_v1/frozen_results/audit_outputs/single_cell/T19_scRNA_signature_score_by_celltype.csv,TRUE,copied,0.0018405914306640625
result_directories,/Users/felix/Documents/Sepsis_CrossCohort_scRNA/04_results/single_cell/T19_scRNA_signature_score_by_cluster.csv,/Users/felix/Documents/Sepsis_CrossCohort_scRNA/repository_release_v1/frozen_results/audit_outputs/single_cell/T19_scRNA_signature_score_by_cluster.csv,TRUE,copied,0.006405830383300781
result_directories,/Users/felix/Documents/Sepsis_CrossCohort_scRNA/04_results/single_cell/T19_scRNA_signature_score_by_group.csv,/Users/felix/Documents/Sepsis_CrossCohort_scRNA/repository_release_v1/frozen_results/audit_outputs/single_cell/T19_scRNA_signature_score_by_group.csv,TRUE,copied,0.00098514556884765625
result_directories,/Users/felix/Documents/Sepsis_CrossCohort_scRNA/04_results/single_cell/T19_scRNA_signature_score_by_outcome_timepoint.csv,/Users/felix/Documents/Sepsis_CrossCohort_scRNA/repository_release_v1/frozen_results/audit_outputs/single_cell/T19_scRNA_signature_score_by_outcome_timepoint.csv,TRUE,copied,0.0019140243530273438
figures,/Users/felix/Documents/Sepsis_CrossCohort_scRNA/05_figures/candidate_selection/F08A_candidate_gene_direction_consistency.pdf,/Users/felix/Documents/Sepsis_CrossCohort_scRNA/repository_release_v1/frozen_results/figures/candidate_selection/F08A_candidate_gene_direction_consistency.pdf,TRUE,copied,0.0061473846435546875
figures,/Users/felix/Documents/Sepsis_CrossCohort_scRNA/05_figures/candidate_selection/F08A_candidate_gene_direction_consistency.png,/Users/felix/Documents/Sepsis_CrossCohort_scRNA/repository_release_v1/frozen_results/figures/candidate_selection/F08A_candidate_gene_direction_consistency.png,TRUE,copied,0.17441368103027344
figures,/Users/felix/Documents/Sepsis_CrossCohort_scRNA/05_figures/candidate_selection/F08B_candidate_gene_mean_AUROC.pdf,/Users/felix/Documents/Sepsis_CrossCohort_scRNA/repository_release_v1/frozen_results/figures/candidate_selection/F08B_candidate_gene_mean_AUROC.pdf,TRUE,copied,0.0062580108642578125
figures,/Users/felix/Documents/Sepsis_CrossCohort_scRNA/05_figures/candidate_selection/F08B_candidate_gene_mean_AUROC.png,/Users/felix/Documents/Sepsis_CrossCohort_scRNA/repository_release_v1/frozen_results/figures/candidate_selection/F08B_candidate_gene_mean_AUROC.png,TRUE,copied,0.18684768676757812
figures,/Users/felix/Documents/Sepsis_CrossCohort_scRNA/05_figures/candidate_selection/F08C_top_candidate_gene_AUROC_heatmap.pdf,/Users/felix/Documents/Sepsis_CrossCohort_scRNA/repository_release_v1/frozen_results/figures/candidate_selection/F08C_top_candidate_gene_AUROC_heatmap.pdf,TRUE,copied,0.008453369140625
figures,/Users/felix/Documents/Sepsis_CrossCohort_scRNA/05_figures/candidate_selection/F08C_top_candidate_gene_AUROC_heatmap.png,/Users/felix/Documents/Sepsis_CrossCohort_scRNA/repository_release_v1/frozen_results/figures/candidate_selection/F08C_top_candidate_gene_AUROC_heatmap.png,TRUE,copied,0.207977294921875
figures,/Users/felix/Documents/Sepsis_CrossCohort_scRNA/05_figures/candidate_selection/F09A_refined_candidate_priority_score.pdf,/Users/felix/Documents/Sepsis_CrossCohort_scRNA/repository_release_v1/frozen_results/figures/candidate_selection/F09A_refined_candidate_priority_score.pdf,TRUE,copied,0.005443572998046875
figures,/Users/felix/Documents/Sepsis_CrossCohort_scRNA/05_figures/candidate_selection/F09A_refined_candidate_priority_score.png,/Users/felix/Documents/Sepsis_CrossCohort_scRNA/repository_release_v1/frozen_results/figures/candidate_selection/F09A_refined_candidate_priority_score.png,TRUE,copied,0.11343765258789062
figures,/Users/felix/Documents/Sepsis_CrossCohort_scRNA/05_figures/candidate_selection/F09B_refined_candidate_mean_AUROC.pdf,/Users/felix/Documents/Sepsis_CrossCohort_scRNA/repository_release_v1/frozen_results/figures/candidate_selection/F09B_refined_candidate_mean_AUROC.pdf,TRUE,copied,0.0054683685302734375
figures,/Users/felix/Documents/Sepsis_CrossCohort_scRNA/05_figures/candidate_selection/F09B_refined_candidate_mean_AUROC.png,/Users/felix/Documents/Sepsis_CrossCohort_scRNA/repository_release_v1/frozen_results/figures/candidate_selection/F09B_refined_candidate_mean_AUROC.png,TRUE,copied,0.12028217315673828
figures,/Users/felix/Documents/Sepsis_CrossCohort_scRNA/05_figures/candidate_selection/F09C_refined_candidate_correlation_heatmap.pdf,/Users/felix/Documents/Sepsis_CrossCohort_scRNA/repository_release_v1/frozen_results/figures/candidate_selection/F09C_refined_candidate_correlation_heatmap.pdf,TRUE,copied,0.010907173156738281
figures,/Users/felix/Documents/Sepsis_CrossCohort_scRNA/05_figures/candidate_selection/F09C_refined_candidate_correlation_heatmap.png,/Users/felix/Documents/Sepsis_CrossCohort_scRNA/repository_release_v1/frozen_results/figures/candidate_selection/F09C_refined_candidate_correlation_heatmap.png,TRUE,copied,0.22201061248779297
figures,/Users/felix/Documents/Sepsis_CrossCohort_scRNA/05_figures/candidate_selection/F09D_refined_candidate_AUROC_heatmap.pdf,/Users/felix/Documents/Sepsis_CrossCohort_scRNA/repository_release_v1/frozen_results/figures/candidate_selection/F09D_refined_candidate_AUROC_heatmap.pdf,TRUE,copied,0.007477760314941406
figures,/Users/felix/Documents/Sepsis_CrossCohort_scRNA/05_figures/candidate_selection/F09D_refined_candidate_AUROC_heatmap.png,/Users/felix/Documents/Sepsis_CrossCohort_scRNA/repository_release_v1/frozen_results/figures/candidate_selection/F09D_refined_candidate_AUROC_heatmap.png,TRUE,copied,0.15267467498779297
figures,/Users/felix/Documents/Sepsis_CrossCohort_scRNA/05_figures/dca/F17A_pooled_nested_LODO_ROC.pdf,/Users/felix/Documents/Sepsis_CrossCohort_scRNA/repository_release_v1/frozen_results/figures/dca/F17A_pooled_nested_LODO_ROC.pdf,TRUE,copied,0.006474494934082031
figures,/Users/felix/Documents/Sepsis_CrossCohort_scRNA/05_figures/dca/F17A_pooled_nested_LODO_ROC.png,/Users/felix/Documents/Sepsis_CrossCohort_scRNA/repository_release_v1/frozen_results/figures/dca/F17A_pooled_nested_LODO_ROC.png,TRUE,copied,0.10298728942871094
figures,/Users/felix/Documents/Sepsis_CrossCohort_scRNA/05_figures/dca/F17B_pooled_nested_LODO_PR_curve.pdf,/Users/felix/Documents/Sepsis_CrossCohort_scRNA/repository_release_v1/frozen_results/figures/dca/F17B_pooled_nested_LODO_PR_curve.pdf,TRUE,copied,0.007205009460449219
figures,/Users/felix/Documents/Sepsis_CrossCohort_scRNA/05_figures/dca/F17B_pooled_nested_LODO_PR_curve.png,/Users/felix/Documents/Sepsis_CrossCohort_scRNA/repository_release_v1/frozen_results/figures/dca/F17B_pooled_nested_LODO_PR_curve.png,TRUE,copied,0.09658622741699219
figures,/Users/felix/Documents/Sepsis_CrossCohort_scRNA/05_figures/dca/F17C_calibration_by_dataset.pdf,/Users/felix/Documents/Sepsis_CrossCohort_scRNA/repository_release_v1/frozen_results/figures/dca/F17C_calibration_by_dataset.pdf,TRUE,copied,0.0080814361572265625
figures,/Users/felix/Documents/Sepsis_CrossCohort_scRNA/05_figures/dca/F17C_calibration_by_dataset.png,/Users/felix/Documents/Sepsis_CrossCohort_scRNA/repository_release_v1/frozen_results/figures/dca/F17C_calibration_by_dataset.png,TRUE,copied,0.26437950134277344
figures,/Users/felix/Documents/Sepsis_CrossCohort_scRNA/05_figures/dca/F17D_observed_vs_mean_predicted.pdf,/Users/felix/Documents/Sepsis_CrossCohort_scRNA/repository_release_v1/frozen_results/figures/dca/F17D_observed_vs_mean_predicted.pdf,TRUE,copied,0.005309104919433594
figures,/Users/felix/Documents/Sepsis_CrossCohort_scRNA/05_figures/dca/F17D_observed_vs_mean_predicted.png,/Users/felix/Documents/Sepsis_CrossCohort_scRNA/repository_release_v1/frozen_results/figures/dca/F17D_observed_vs_mean_predicted.png,TRUE,copied,0.11348533630371094
figures,/Users/felix/Documents/Sepsis_CrossCohort_scRNA/05_figures/dca/F17E_threshold_drift_by_dataset.pdf,/Users/felix/Documents/Sepsis_CrossCohort_scRNA/repository_release_v1/frozen_results/figures/dca/F17E_threshold_drift_by_dataset.pdf,TRUE,copied,0.005448341369628906
figures,/Users/felix/Documents/Sepsis_CrossCohort_scRNA/05_figures/dca/F17E_threshold_drift_by_dataset.png,/Users/felix/Documents/Sepsis_CrossCohort_scRNA/repository_release_v1/frozen_results/figures/dca/F17E_threshold_drift_by_dataset.png,TRUE,copied,0.08940792083740234
figures,/Users/felix/Documents/Sepsis_CrossCohort_scRNA/05_figures/dca/F17F_fixed_threshold_sensitivity_specificity.pdf,/Users/felix/Documents/Sepsis_CrossCohort_scRNA/repository_release_v1/frozen_results/figures/dca/F17F_fixed_threshold_sensitivity_specificity.pdf,TRUE,copied,0.004923820495605469
figures,/Users/felix/Documents/Sepsis_CrossCohort_scRNA/05_figures/dca/F17F_fixed_threshold_sensitivity_specificity.png,/Users/felix/Documents/Sepsis_CrossCohort_scRNA/repository_release_v1/frozen_results/figures/dca/F17F_fixed_threshold_sensitivity_specificity.png,TRUE,copied,0.08450984954833984
figures,/Users/felix/Documents/Sepsis_CrossCohort_scRNA/05_figures/dca/F17G_DCA_by_dataset.pdf,/Users/felix/Documents/Sepsis_CrossCohort_scRNA/repository_release_v1/frozen_results/figures/dca/F17G_DCA_by_dataset.pdf,TRUE,copied,0.011475563049316406
figures,/Users/felix/Documents/Sepsis_CrossCohort_scRNA/05_figures/dca/F17G_DCA_by_dataset.png,/Users/felix/Documents/Sepsis_CrossCohort_scRNA/repository_release_v1/frozen_results/figures/dca/F17G_DCA_by_dataset.png,TRUE,copied,0.24298954010009766
figures,/Users/felix/Documents/Sepsis_CrossCohort_scRNA/05_figures/dca/F17H_DCA_pooled.pdf,/Users/felix/Documents/Sepsis_CrossCohort_scRNA/repository_release_v1/frozen_results/figures/dca/F17H_DCA_pooled.pdf,TRUE,copied,0.0055999755859375
figures,/Users/felix/Documents/Sepsis_CrossCohort_scRNA/05_figures/dca/F17H_DCA_pooled.png,/Users/felix/Documents/Sepsis_CrossCohort_scRNA/repository_release_v1/frozen_results/figures/dca/F17H_DCA_pooled.png,TRUE,copied,0.096759796142578125
figures,/Users/felix/Documents/Sepsis_CrossCohort_scRNA/05_figures/enrichment/F07A_GO_BP_all_DEG_dotplot.pdf,/Users/felix/Documents/Sepsis_CrossCohort_scRNA/repository_release_v1/frozen_results/figures/enrichment/F07A_GO_BP_all_DEG_dotplot.pdf,TRUE,copied,0.0078296661376953125
figures,/Users/felix/Documents/Sepsis_CrossCohort_scRNA/05_figures/enrichment/F07A_GO_BP_all_DEG_dotplot.png,/Users/felix/Documents/Sepsis_CrossCohort_scRNA/repository_release_v1/frozen_results/figures/enrichment/F07A_GO_BP_all_DEG_dotplot.png,TRUE,copied,0.29875850677490234
figures,/Users/felix/Documents/Sepsis_CrossCohort_scRNA/05_figures/enrichment/F07B_GO_BP_up_DEG_dotplot.pdf,/Users/felix/Documents/Sepsis_CrossCohort_scRNA/repository_release_v1/frozen_results/figures/enrichment/F07B_GO_BP_up_DEG_dotplot.pdf,TRUE,copied,0.007710456848144531
figures,/Users/felix/Documents/Sepsis_CrossCohort_scRNA/05_figures/enrichment/F07B_GO_BP_up_DEG_dotplot.png,/Users/felix/Documents/Sepsis_CrossCohort_scRNA/repository_release_v1/frozen_results/figures/enrichment/F07B_GO_BP_up_DEG_dotplot.png,TRUE,copied,0.26143646240234375
figures,/Users/felix/Documents/Sepsis_CrossCohort_scRNA/05_figures/enrichment/F07C_GO_BP_down_DEG_dotplot.pdf,/Users/felix/Documents/Sepsis_CrossCohort_scRNA/repository_release_v1/frozen_results/figures/enrichment/F07C_GO_BP_down_DEG_dotplot.pdf,TRUE,copied,0.007663726806640625
figures,/Users/felix/Documents/Sepsis_CrossCohort_scRNA/05_figures/enrichment/F07C_GO_BP_down_DEG_dotplot.png,/Users/felix/Documents/Sepsis_CrossCohort_scRNA/repository_release_v1/frozen_results/figures/enrichment/F07C_GO_BP_down_DEG_dotplot.png,TRUE,copied,0.30103588104248047
figures,/Users/felix/Documents/Sepsis_CrossCohort_scRNA/05_figures/enrichment/F07G_GO_BP_up_DEG_barplot.pdf,/Users/felix/Documents/Sepsis_CrossCohort_scRNA/repository_release_v1/frozen_results/figures/enrichment/F07G_GO_BP_up_DEG_barplot.pdf,TRUE,copied,0.0051708221435546875
figures,/Users/felix/Documents/Sepsis_CrossCohort_scRNA/05_figures/enrichment/F07G_GO_BP_up_DEG_barplot.png,/Users/felix/Documents/Sepsis_CrossCohort_scRNA/repository_release_v1/frozen_results/figures/enrichment/F07G_GO_BP_up_DEG_barplot.png,TRUE,copied,0.1257486343383789
figures,/Users/felix/Documents/Sepsis_CrossCohort_scRNA/05_figures/enrichment/F07H_GO_BP_down_DEG_barplot.pdf,/Users/felix/Documents/Sepsis_CrossCohort_scRNA/repository_release_v1/frozen_results/figures/enrichment/F07H_GO_BP_down_DEG_barplot.pdf,TRUE,copied,0.00519561767578125
figures,/Users/felix/Documents/Sepsis_CrossCohort_scRNA/05_figures/enrichment/F07H_GO_BP_down_DEG_barplot.png,/Users/felix/Documents/Sepsis_CrossCohort_scRNA/repository_release_v1/frozen_results/figures/enrichment/F07H_GO_BP_down_DEG_barplot.png,TRUE,copied,0.1452045440673828
figures,/Users/felix/Documents/Sepsis_CrossCohort_scRNA/05_figures/final_model/F12A_final_model_cv_curve.pdf,/Users/felix/Documents/Sepsis_CrossCohort_scRNA/repository_release_v1/frozen_results/figures/final_model/F12A_final_model_cv_curve.pdf,TRUE,copied,0.012207984924316406
figures,/Users/felix/Documents/Sepsis_CrossCohort_scRNA/05_figures/final_model/F12A_final_model_cv_curve.png,/Users/felix/Documents/Sepsis_CrossCohort_scRNA/repository_release_v1/frozen_results/figures/final_model/F12A_final_model_cv_curve.png,TRUE,copied,0.13393783569335938
figures,/Users/felix/Documents/Sepsis_CrossCohort_scRNA/05_figures/final_model/F12B_final_model_ROC_apparent.pdf,/Users/felix/Documents/Sepsis_CrossCohort_scRNA/repository_release_v1/frozen_results/figures/final_model/F12B_final_model_ROC_apparent.pdf,TRUE,copied,0.0063838958740234375
figures,/Users/felix/Documents/Sepsis_CrossCohort_scRNA/05_figures/final_model/F12B_final_model_ROC_apparent.png,/Users/felix/Documents/Sepsis_CrossCohort_scRNA/repository_release_v1/frozen_results/figures/final_model/F12B_final_model_ROC_apparent.png,TRUE,copied,0.09133148193359375
figures,/Users/felix/Documents/Sepsis_CrossCohort_scRNA/05_figures/final_model/F12C_final_model_prediction_density.pdf,/Users/felix/Documents/Sepsis_CrossCohort_scRNA/repository_release_v1/frozen_results/figures/final_model/F12C_final_model_prediction_density.pdf,TRUE,copied,0.012019157409667969
figures,/Users/felix/Documents/Sepsis_CrossCohort_scRNA/05_figures/final_model/F12C_final_model_prediction_density.png,/Users/felix/Documents/Sepsis_CrossCohort_scRNA/repository_release_v1/frozen_results/figures/final_model/F12C_final_model_prediction_density.png,TRUE,copied,0.091156005859375
figures,/Users/felix/Documents/Sepsis_CrossCohort_scRNA/05_figures/final_model/F12D_final_model_calibration_apparent.pdf,/Users/felix/Documents/Sepsis_CrossCohort_scRNA/repository_release_v1/frozen_results/figures/final_model/F12D_final_model_calibration_apparent.pdf,TRUE,copied,0.005957603454589844
figures,/Users/felix/Documents/Sepsis_CrossCohort_scRNA/05_figures/final_model/F12D_final_model_calibration_apparent.png,/Users/felix/Documents/Sepsis_CrossCohort_scRNA/repository_release_v1/frozen_results/figures/final_model/F12D_final_model_calibration_apparent.png,TRUE,copied,0.12781047821044922
figures,/Users/felix/Documents/Sepsis_CrossCohort_scRNA/05_figures/model_validation/F10A_LODO_ROC_by_dataset.pdf,/Users/felix/Documents/Sepsis_CrossCohort_scRNA/repository_release_v1/frozen_results/figures/model_validation/F10A_LODO_ROC_by_dataset.pdf,TRUE,copied,0.006717681884765625
figures,/Users/felix/Documents/Sepsis_CrossCohort_scRNA/05_figures/model_validation/F10A_LODO_ROC_by_dataset.png,/Users/felix/Documents/Sepsis_CrossCohort_scRNA/repository_release_v1/frozen_results/figures/model_validation/F10A_LODO_ROC_by_dataset.png,TRUE,copied,0.2002716064453125
figures,/Users/felix/Documents/Sepsis_CrossCohort_scRNA/05_figures/model_validation/F10B_LODO_PR_by_dataset.pdf,/Users/felix/Documents/Sepsis_CrossCohort_scRNA/repository_release_v1/frozen_results/figures/model_validation/F10B_LODO_PR_by_dataset.pdf,TRUE,copied,0.0069026947021484375
figures,/Users/felix/Documents/Sepsis_CrossCohort_scRNA/05_figures/model_validation/F10B_LODO_PR_by_dataset.png,/Users/felix/Documents/Sepsis_CrossCohort_scRNA/repository_release_v1/frozen_results/figures/model_validation/F10B_LODO_PR_by_dataset.png,TRUE,copied,0.14022445678710938
figures,/Users/felix/Documents/Sepsis_CrossCohort_scRNA/05_figures/model_validation/F10C_LODO_AUROC_barplot.pdf,/Users/felix/Documents/Sepsis_CrossCohort_scRNA/repository_release_v1/frozen_results/figures/model_validation/F10C_LODO_AUROC_barplot.pdf,TRUE,copied,0.0049419403076171875
figures,/Users/felix/Documents/Sepsis_CrossCohort_scRNA/05_figures/model_validation/F10C_LODO_AUROC_barplot.png,/Users/felix/Documents/Sepsis_CrossCohort_scRNA/repository_release_v1/frozen_results/figures/model_validation/F10C_LODO_AUROC_barplot.png,TRUE,copied,0.08099842071533203
figures,/Users/felix/Documents/Sepsis_CrossCohort_scRNA/05_figures/model_validation/F10D_LODO_prediction_density.pdf,/Users/felix/Documents/Sepsis_CrossCohort_scRNA/repository_release_v1/frozen_results/figures/model_validation/F10D_LODO_prediction_density.pdf,TRUE,copied,0.034702301025390625
figures,/Users/felix/Documents/Sepsis_CrossCohort_scRNA/05_figures/model_validation/F10D_LODO_prediction_density.png,/Users/felix/Documents/Sepsis_CrossCohort_scRNA/repository_release_v1/frozen_results/figures/model_validation/F10D_LODO_prediction_density.png,TRUE,copied,0.20261192321777344
figures,/Users/felix/Documents/Sepsis_CrossCohort_scRNA/05_figures/model_validation/F11A_LODO_calibration_by_dataset.pdf,/Users/felix/Documents/Sepsis_CrossCohort_scRNA/repository_release_v1/frozen_results/figures/model_validation/F11A_LODO_calibration_by_dataset.pdf,TRUE,copied,0.008521080017089844
figures,/Users/felix/Documents/Sepsis_CrossCohort_scRNA/05_figures/model_validation/F11A_LODO_calibration_by_dataset.png,/Users/felix/Documents/Sepsis_CrossCohort_scRNA/repository_release_v1/frozen_results/figures/model_validation/F11A_LODO_calibration_by_dataset.png,TRUE,copied,0.23738479614257812
figures,/Users/felix/Documents/Sepsis_CrossCohort_scRNA/05_figures/model_validation/F11B_LODO_observed_vs_mean_predicted.pdf,/Users/felix/Documents/Sepsis_CrossCohort_scRNA/repository_release_v1/frozen_results/figures/model_validation/F11B_LODO_observed_vs_mean_predicted.pdf,TRUE,copied,0.005322456359863281
figures,/Users/felix/Documents/Sepsis_CrossCohort_scRNA/05_figures/model_validation/F11B_LODO_observed_vs_mean_predicted.png,/Users/felix/Documents/Sepsis_CrossCohort_scRNA/repository_release_v1/frozen_results/figures/model_validation/F11B_LODO_observed_vs_mean_predicted.png,TRUE,copied,0.11272811889648438
figures,/Users/felix/Documents/Sepsis_CrossCohort_scRNA/05_figures/model_validation/F11C_LODO_Brier_by_dataset.pdf,/Users/felix/Documents/Sepsis_CrossCohort_scRNA/repository_release_v1/frozen_results/figures/model_validation/F11C_LODO_Brier_by_dataset.pdf,TRUE,copied,0.004741668701171875
figures,/Users/felix/Documents/Sepsis_CrossCohort_scRNA/05_figures/model_validation/F11C_LODO_Brier_by_dataset.png,/Users/felix/Documents/Sepsis_CrossCohort_scRNA/repository_release_v1/frozen_results/figures/model_validation/F11C_LODO_Brier_by_dataset.png,TRUE,copied,0.07743167877197266
figures,/Users/felix/Documents/Sepsis_CrossCohort_scRNA/05_figures/model_validation/F11D_LODO_threshold_drift.pdf,/Users/felix/Documents/Sepsis_CrossCohort_scRNA/repository_release_v1/frozen_results/figures/model_validation/F11D_LODO_threshold_drift.pdf,TRUE,copied,0.0054454803466796875
figures,/Users/felix/Documents/Sepsis_CrossCohort_scRNA/05_figures/model_validation/F11D_LODO_threshold_drift.png,/Users/felix/Documents/Sepsis_CrossCohort_scRNA/repository_release_v1/frozen_results/figures/model_validation/F11D_LODO_threshold_drift.png,TRUE,copied,0.09116649627685547
figures,/Users/felix/Documents/Sepsis_CrossCohort_scRNA/05_figures/model_validation/F11E_LODO_fixed_threshold_sensitivity_specificity.pdf,/Users/felix/Documents/Sepsis_CrossCohort_scRNA/repository_release_v1/frozen_results/figures/model_validation/F11E_LODO_fixed_threshold_sensitivity_specificity.pdf,TRUE,copied,0.0049648284912109375
figures,/Users/felix/Documents/Sepsis_CrossCohort_scRNA/05_figures/model_validation/F11E_LODO_fixed_threshold_sensitivity_specificity.png,/Users/felix/Documents/Sepsis_CrossCohort_scRNA/repository_release_v1/frozen_results/figures/model_validation/F11E_LODO_fixed_threshold_sensitivity_specificity.png,TRUE,copied,0.0881338119506836
figures,/Users/felix/Documents/Sepsis_CrossCohort_scRNA/05_figures/nested_LODO/F14A_nested_LODO_ROC_by_dataset.pdf,/Users/felix/Documents/Sepsis_CrossCohort_scRNA/repository_release_v1/frozen_results/figures/nested_LODO/F14A_nested_LODO_ROC_by_dataset.pdf,TRUE,copied,0.006758689880371094
figures,/Users/felix/Documents/Sepsis_CrossCohort_scRNA/05_figures/nested_LODO/F14A_nested_LODO_ROC_by_dataset.png,/Users/felix/Documents/Sepsis_CrossCohort_scRNA/repository_release_v1/frozen_results/figures/nested_LODO/F14A_nested_LODO_ROC_by_dataset.png,TRUE,copied,0.2076730728149414
figures,/Users/felix/Documents/Sepsis_CrossCohort_scRNA/05_figures/nested_LODO/F14B_nested_LODO_AUROC_barplot.pdf,/Users/felix/Documents/Sepsis_CrossCohort_scRNA/repository_release_v1/frozen_results/figures/nested_LODO/F14B_nested_LODO_AUROC_barplot.pdf,TRUE,copied,0.004740715026855469
figures,/Users/felix/Documents/Sepsis_CrossCohort_scRNA/05_figures/nested_LODO/F14B_nested_LODO_AUROC_barplot.png,/Users/felix/Documents/Sepsis_CrossCohort_scRNA/repository_release_v1/frozen_results/figures/nested_LODO/F14B_nested_LODO_AUROC_barplot.png,TRUE,copied,0.07550907135009766
figures,/Users/felix/Documents/Sepsis_CrossCohort_scRNA/05_figures/nested_LODO/F14C_nested_LODO_AUPRC_barplot.pdf,/Users/felix/Documents/Sepsis_CrossCohort_scRNA/repository_release_v1/frozen_results/figures/nested_LODO/F14C_nested_LODO_AUPRC_barplot.pdf,TRUE,copied,0.004730224609375
figures,/Users/felix/Documents/Sepsis_CrossCohort_scRNA/05_figures/nested_LODO/F14C_nested_LODO_AUPRC_barplot.png,/Users/felix/Documents/Sepsis_CrossCohort_scRNA/repository_release_v1/frozen_results/figures/nested_LODO/F14C_nested_LODO_AUPRC_barplot.png,TRUE,copied,0.07514667510986328
figures,/Users/felix/Documents/Sepsis_CrossCohort_scRNA/05_figures/nested_LODO/F14D_nested_LODO_Brier_barplot.pdf,/Users/felix/Documents/Sepsis_CrossCohort_scRNA/repository_release_v1/frozen_results/figures/nested_LODO/F14D_nested_LODO_Brier_barplot.pdf,TRUE,copied,0.004711151123046875
figures,/Users/felix/Documents/Sepsis_CrossCohort_scRNA/05_figures/nested_LODO/F14D_nested_LODO_Brier_barplot.png,/Users/felix/Documents/Sepsis_CrossCohort_scRNA/repository_release_v1/frozen_results/figures/nested_LODO/F14D_nested_LODO_Brier_barplot.png,TRUE,copied,0.07314872741699219
figures,/Users/felix/Documents/Sepsis_CrossCohort_scRNA/05_figures/nested_LODO/F14E_nested_LODO_gene_selection_frequency.pdf,/Users/felix/Documents/Sepsis_CrossCohort_scRNA/repository_release_v1/frozen_results/figures/nested_LODO/F14E_nested_LODO_gene_selection_frequency.pdf,TRUE,copied,0.005214691162109375
figures,/Users/felix/Documents/Sepsis_CrossCohort_scRNA/05_figures/nested_LODO/F14E_nested_LODO_gene_selection_frequency.png,/Users/felix/Documents/Sepsis_CrossCohort_scRNA/repository_release_v1/frozen_results/figures/nested_LODO/F14E_nested_LODO_gene_selection_frequency.png,TRUE,copied,0.10182952880859375
figures,/Users/felix/Documents/Sepsis_CrossCohort_scRNA/05_figures/nested_LODO/F14F_nested_LODO_prediction_density.pdf,/Users/felix/Documents/Sepsis_CrossCohort_scRNA/repository_release_v1/frozen_results/figures/nested_LODO/F14F_nested_LODO_prediction_density.pdf,TRUE,copied,0.038292884826660156
figures,/Users/felix/Documents/Sepsis_CrossCohort_scRNA/05_figures/nested_LODO/F14F_nested_LODO_prediction_density.png,/Users/felix/Documents/Sepsis_CrossCohort_scRNA/repository_release_v1/frozen_results/figures/nested_LODO/F14F_nested_LODO_prediction_density.png,TRUE,copied,0.2219219207763672
figures,/Users/felix/Documents/Sepsis_CrossCohort_scRNA/05_figures/nested_LODO/F14G_nested_LODO_threshold_drift.pdf,/Users/felix/Documents/Sepsis_CrossCohort_scRNA/repository_release_v1/frozen_results/figures/nested_LODO/F14G_nested_LODO_threshold_drift.pdf,TRUE,copied,0.005427360534667969
figures,/Users/felix/Documents/Sepsis_CrossCohort_scRNA/05_figures/nested_LODO/F14G_nested_LODO_threshold_drift.png,/Users/felix/Documents/Sepsis_CrossCohort_scRNA/repository_release_v1/frozen_results/figures/nested_LODO/F14G_nested_LODO_threshold_drift.png,TRUE,copied,0.08611297607421875
figures,/Users/felix/Documents/Sepsis_CrossCohort_scRNA/05_figures/nested_LODO/F14H_nested_LODO_observed_vs_mean_predicted.pdf,/Users/felix/Documents/Sepsis_CrossCohort_scRNA/repository_release_v1/frozen_results/figures/nested_LODO/F14H_nested_LODO_observed_vs_mean_predicted.pdf,TRUE,copied,0.005309104919433594
figures,/Users/felix/Documents/Sepsis_CrossCohort_scRNA/05_figures/nested_LODO/F14H_nested_LODO_observed_vs_mean_predicted.png,/Users/felix/Documents/Sepsis_CrossCohort_scRNA/repository_release_v1/frozen_results/figures/nested_LODO/F14H_nested_LODO_observed_vs_mean_predicted.png,TRUE,copied,0.11348533630371094
figures,/Users/felix/Documents/Sepsis_CrossCohort_scRNA/05_figures/qc_bulk/F05A_annotation_gene_yield_by_dataset.pdf,/Users/felix/Documents/Sepsis_CrossCohort_scRNA/repository_release_v1/frozen_results/figures/qc_bulk/F05A_annotation_gene_yield_by_dataset.pdf,TRUE,copied,0.004748344421386719
figures,/Users/felix/Documents/Sepsis_CrossCohort_scRNA/05_figures/qc_bulk/F05A_annotation_gene_yield_by_dataset.png,/Users/felix/Documents/Sepsis_CrossCohort_scRNA/repository_release_v1/frozen_results/figures/qc_bulk/F05A_annotation_gene_yield_by_dataset.png,TRUE,copied,0.0992746353149414
figures,/Users/felix/Documents/Sepsis_CrossCohort_scRNA/05_figures/qc_bulk/F05B_included_samples_by_dataset.pdf,/Users/felix/Documents/Sepsis_CrossCohort_scRNA/repository_release_v1/frozen_results/figures/qc_bulk/F05B_included_samples_by_dataset.pdf,TRUE,copied,0.0047130584716796875
figures,/Users/felix/Documents/Sepsis_CrossCohort_scRNA/05_figures/qc_bulk/F05B_included_samples_by_dataset.png,/Users/felix/Documents/Sepsis_CrossCohort_scRNA/repository_release_v1/frozen_results/figures/qc_bulk/F05B_included_samples_by_dataset.png,TRUE,copied,0.08365821838378906
figures,/Users/felix/Documents/Sepsis_CrossCohort_scRNA/05_figures/qc_bulk/F05C_enhanced_volcano_Sepsis_vs_Control.pdf,/Users/felix/Documents/Sepsis_CrossCohort_scRNA/repository_release_v1/frozen_results/figures/qc_bulk/F05C_enhanced_volcano_Sepsis_vs_Control.pdf,TRUE,copied,0.14144325256347656
figures,/Users/felix/Documents/Sepsis_CrossCohort_scRNA/05_figures/qc_bulk/F05C_enhanced_volcano_Sepsis_vs_Control.png,/Users/felix/Documents/Sepsis_CrossCohort_scRNA/repository_release_v1/frozen_results/figures/qc_bulk/F05C_enhanced_volcano_Sepsis_vs_Control.png,TRUE,copied,0.2922477722167969
figures,/Users/felix/Documents/Sepsis_CrossCohort_scRNA/05_figures/qc_bulk/F05D_top50_DEG_heatmap.pdf,/Users/felix/Documents/Sepsis_CrossCohort_scRNA/repository_release_v1/frozen_results/figures/qc_bulk/F05D_top50_DEG_heatmap.pdf,TRUE,copied,0.1303997039794922
figures,/Users/felix/Documents/Sepsis_CrossCohort_scRNA/05_figures/qc_bulk/F05D_top50_DEG_heatmap.png,/Users/felix/Documents/Sepsis_CrossCohort_scRNA/repository_release_v1/frozen_results/figures/qc_bulk/F05D_top50_DEG_heatmap.png,TRUE,copied,0.4392099380493164
figures,/Users/felix/Documents/Sepsis_CrossCohort_scRNA/05_figures/qc_bulk/F05E_PCA_unadjusted_by_dataset.pdf,/Users/felix/Documents/Sepsis_CrossCohort_scRNA/repository_release_v1/frozen_results/figures/qc_bulk/F05E_PCA_unadjusted_by_dataset.pdf,TRUE,copied,0.031269073486328125
figures,/Users/felix/Documents/Sepsis_CrossCohort_scRNA/05_figures/qc_bulk/F05E_PCA_unadjusted_by_dataset.png,/Users/felix/Documents/Sepsis_CrossCohort_scRNA/repository_release_v1/frozen_results/figures/qc_bulk/F05E_PCA_unadjusted_by_dataset.png,TRUE,copied,0.21542644500732422
figures,/Users/felix/Documents/Sepsis_CrossCohort_scRNA/05_figures/qc_bulk/F05F_PCA_unadjusted_by_group.pdf,/Users/felix/Documents/Sepsis_CrossCohort_scRNA/repository_release_v1/frozen_results/figures/qc_bulk/F05F_PCA_unadjusted_by_group.pdf,TRUE,copied,0.030920028686523438
figures,/Users/felix/Documents/Sepsis_CrossCohort_scRNA/05_figures/qc_bulk/F05F_PCA_unadjusted_by_group.png,/Users/felix/Documents/Sepsis_CrossCohort_scRNA/repository_release_v1/frozen_results/figures/qc_bulk/F05F_PCA_unadjusted_by_group.png,TRUE,copied,0.19759368896484375
figures,/Users/felix/Documents/Sepsis_CrossCohort_scRNA/05_figures/qc_bulk/F05G_PCA_combat_by_dataset.pdf,/Users/felix/Documents/Sepsis_CrossCohort_scRNA/repository_release_v1/frozen_results/figures/qc_bulk/F05G_PCA_combat_by_dataset.pdf,TRUE,copied,0.032398223876953125
figures,/Users/felix/Documents/Sepsis_CrossCohort_scRNA/05_figures/qc_bulk/F05G_PCA_combat_by_dataset.png,/Users/felix/Documents/Sepsis_CrossCohort_scRNA/repository_release_v1/frozen_results/figures/qc_bulk/F05G_PCA_combat_by_dataset.png,TRUE,copied,0.427886962890625
figures,/Users/felix/Documents/Sepsis_CrossCohort_scRNA/05_figures/qc_bulk/F05H_PCA_combat_by_group.pdf,/Users/felix/Documents/Sepsis_CrossCohort_scRNA/repository_release_v1/frozen_results/figures/qc_bulk/F05H_PCA_combat_by_group.pdf,TRUE,copied,0.032088279724121094
figures,/Users/felix/Documents/Sepsis_CrossCohort_scRNA/05_figures/qc_bulk/F05H_PCA_combat_by_group.png,/Users/felix/Documents/Sepsis_CrossCohort_scRNA/repository_release_v1/frozen_results/figures/qc_bulk/F05H_PCA_combat_by_group.png,TRUE,copied,0.38704395294189453
figures,/Users/felix/Documents/Sepsis_CrossCohort_scRNA/05_figures/qc_bulk/F05I_density_unadjusted_by_dataset.pdf,/Users/felix/Documents/Sepsis_CrossCohort_scRNA/repository_release_v1/frozen_results/figures/qc_bulk/F05I_density_unadjusted_by_dataset.pdf,TRUE,copied,0.014567375183105469
figures,/Users/felix/Documents/Sepsis_CrossCohort_scRNA/05_figures/qc_bulk/F05I_density_unadjusted_by_dataset.png,/Users/felix/Documents/Sepsis_CrossCohort_scRNA/repository_release_v1/frozen_results/figures/qc_bulk/F05I_density_unadjusted_by_dataset.png,TRUE,copied,0.17295074462890625
figures,/Users/felix/Documents/Sepsis_CrossCohort_scRNA/05_figures/qc_bulk/F05J_density_combat_by_dataset.pdf,/Users/felix/Documents/Sepsis_CrossCohort_scRNA/repository_release_v1/frozen_results/figures/qc_bulk/F05J_density_combat_by_dataset.pdf,TRUE,copied,0.015810012817382812
figures,/Users/felix/Documents/Sepsis_CrossCohort_scRNA/05_figures/qc_bulk/F05J_density_combat_by_dataset.png,/Users/felix/Documents/Sepsis_CrossCohort_scRNA/repository_release_v1/frozen_results/figures/qc_bulk/F05J_density_combat_by_dataset.png,TRUE,copied,0.1680459976196289
figures,/Users/felix/Documents/Sepsis_CrossCohort_scRNA/05_figures/qc_bulk/F05K_density_combat_by_group.pdf,/Users/felix/Documents/Sepsis_CrossCohort_scRNA/repository_release_v1/frozen_results/figures/qc_bulk/F05K_density_combat_by_group.pdf,TRUE,copied,0.009140968322753906
figures,/Users/felix/Documents/Sepsis_CrossCohort_scRNA/05_figures/qc_bulk/F05K_density_combat_by_group.png,/Users/felix/Documents/Sepsis_CrossCohort_scRNA/repository_release_v1/frozen_results/figures/qc_bulk/F05K_density_combat_by_group.png,TRUE,copied,0.11403656005859375
figures,/Users/felix/Documents/Sepsis_CrossCohort_scRNA/05_figures/qc_bulk/F05L_sample_median_expression_combat_by_dataset.pdf,/Users/felix/Documents/Sepsis_CrossCohort_scRNA/repository_release_v1/frozen_results/figures/qc_bulk/F05L_sample_median_expression_combat_by_dataset.pdf,TRUE,copied,0.006882667541503906
figures,/Users/felix/Documents/Sepsis_CrossCohort_scRNA/05_figures/qc_bulk/F05L_sample_median_expression_combat_by_dataset.png,/Users/felix/Documents/Sepsis_CrossCohort_scRNA/repository_release_v1/frozen_results/figures/qc_bulk/F05L_sample_median_expression_combat_by_dataset.png,TRUE,copied,0.11464118957519531
figures,/Users/felix/Documents/Sepsis_CrossCohort_scRNA/05_figures/qc_bulk/F05M_sample_IQR_expression_combat_by_dataset.pdf,/Users/felix/Documents/Sepsis_CrossCohort_scRNA/repository_release_v1/frozen_results/figures/qc_bulk/F05M_sample_IQR_expression_combat_by_dataset.pdf,TRUE,copied,0.006377220153808594
figures,/Users/felix/Documents/Sepsis_CrossCohort_scRNA/05_figures/qc_bulk/F05M_sample_IQR_expression_combat_by_dataset.png,/Users/felix/Documents/Sepsis_CrossCohort_scRNA/repository_release_v1/frozen_results/figures/qc_bulk/F05M_sample_IQR_expression_combat_by_dataset.png,TRUE,copied,0.11234474182128906
figures,/Users/felix/Documents/Sepsis_CrossCohort_scRNA/05_figures/reporting/F13A_LODO_AUROC_Brier_summary.pdf,/Users/felix/Documents/Sepsis_CrossCohort_scRNA/repository_release_v1/frozen_results/figures/reporting/F13A_LODO_AUROC_Brier_summary.pdf,TRUE,copied,0.00473785400390625
figures,/Users/felix/Documents/Sepsis_CrossCohort_scRNA/05_figures/reporting/F13A_LODO_AUROC_Brier_summary.png,/Users/felix/Documents/Sepsis_CrossCohort_scRNA/repository_release_v1/frozen_results/figures/reporting/F13A_LODO_AUROC_Brier_summary.png,TRUE,copied,0.07831478118896484
figures,/Users/felix/Documents/Sepsis_CrossCohort_scRNA/05_figures/reporting/F13B_threshold_drift_summary.pdf,/Users/felix/Documents/Sepsis_CrossCohort_scRNA/repository_release_v1/frozen_results/figures/reporting/F13B_threshold_drift_summary.pdf,TRUE,copied,0.0054492950439453125
figures,/Users/felix/Documents/Sepsis_CrossCohort_scRNA/05_figures/reporting/F13B_threshold_drift_summary.png,/Users/felix/Documents/Sepsis_CrossCohort_scRNA/repository_release_v1/frozen_results/figures/reporting/F13B_threshold_drift_summary.png,TRUE,copied,0.09216594696044922
figures,/Users/felix/Documents/Sepsis_CrossCohort_scRNA/05_figures/reporting/F13C_final_model_coefficients.pdf,/Users/felix/Documents/Sepsis_CrossCohort_scRNA/repository_release_v1/frozen_results/figures/reporting/F13C_final_model_coefficients.pdf,TRUE,copied,0.004947662353515625
figures,/Users/felix/Documents/Sepsis_CrossCohort_scRNA/05_figures/reporting/F13C_final_model_coefficients.png,/Users/felix/Documents/Sepsis_CrossCohort_scRNA/repository_release_v1/frozen_results/figures/reporting/F13C_final_model_coefficients.png,TRUE,copied,0.06487560272216797
figures,/Users/felix/Documents/Sepsis_CrossCohort_scRNA/05_figures/reporting/F15A_control_type_distribution.pdf,/Users/felix/Documents/Sepsis_CrossCohort_scRNA/repository_release_v1/frozen_results/figures/reporting/F15A_control_type_distribution.pdf,TRUE,copied,0.0047397613525390625
figures,/Users/felix/Documents/Sepsis_CrossCohort_scRNA/05_figures/reporting/F15A_control_type_distribution.png,/Users/felix/Documents/Sepsis_CrossCohort_scRNA/repository_release_v1/frozen_results/figures/reporting/F15A_control_type_distribution.png,TRUE,copied,0.06788825988769531
figures,/Users/felix/Documents/Sepsis_CrossCohort_scRNA/05_figures/reporting/F15B_AUROC_by_control_type.pdf,/Users/felix/Documents/Sepsis_CrossCohort_scRNA/repository_release_v1/frozen_results/figures/reporting/F15B_AUROC_by_control_type.pdf,TRUE,copied,0.0050182342529296875
figures,/Users/felix/Documents/Sepsis_CrossCohort_scRNA/05_figures/reporting/F15B_AUROC_by_control_type.png,/Users/felix/Documents/Sepsis_CrossCohort_scRNA/repository_release_v1/frozen_results/figures/reporting/F15B_AUROC_by_control_type.png,TRUE,copied,0.11117172241210938
figures,/Users/felix/Documents/Sepsis_CrossCohort_scRNA/05_figures/reporting/F15b_Brier_by_control_type.pdf,/Users/felix/Documents/Sepsis_CrossCohort_scRNA/repository_release_v1/frozen_results/figures/reporting/F15b_Brier_by_control_type.pdf,TRUE,copied,0.0049953460693359375
figures,/Users/felix/Documents/Sepsis_CrossCohort_scRNA/05_figures/reporting/F15b_Brier_by_control_type.png,/Users/felix/Documents/Sepsis_CrossCohort_scRNA/repository_release_v1/frozen_results/figures/reporting/F15b_Brier_by_control_type.png,TRUE,copied,0.10594558715820312
figures,/Users/felix/Documents/Sepsis_CrossCohort_scRNA/05_figures/reporting/F15b_control_type_distribution.pdf,/Users/felix/Documents/Sepsis_CrossCohort_scRNA/repository_release_v1/frozen_results/figures/reporting/F15b_control_type_distribution.pdf,TRUE,copied,0.004764556884765625
figures,/Users/felix/Documents/Sepsis_CrossCohort_scRNA/05_figures/reporting/F15b_control_type_distribution.png,/Users/felix/Documents/Sepsis_CrossCohort_scRNA/repository_release_v1/frozen_results/figures/reporting/F15b_control_type_distribution.png,TRUE,copied,0.07363033294677734
figures,/Users/felix/Documents/Sepsis_CrossCohort_scRNA/05_figures/reporting/F15b_threshold_shift_by_control_type.pdf,/Users/felix/Documents/Sepsis_CrossCohort_scRNA/repository_release_v1/frozen_results/figures/reporting/F15b_threshold_shift_by_control_type.pdf,TRUE,copied,0.005003929138183594
figures,/Users/felix/Documents/Sepsis_CrossCohort_scRNA/05_figures/reporting/F15b_threshold_shift_by_control_type.png,/Users/felix/Documents/Sepsis_CrossCohort_scRNA/repository_release_v1/frozen_results/figures/reporting/F15b_threshold_shift_by_control_type.png,TRUE,copied,0.10702705383300781
figures,/Users/felix/Documents/Sepsis_CrossCohort_scRNA/05_figures/reporting/F15C_Brier_by_control_type.pdf,/Users/felix/Documents/Sepsis_CrossCohort_scRNA/repository_release_v1/frozen_results/figures/reporting/F15C_Brier_by_control_type.pdf,TRUE,copied,0.0049610137939453125
figures,/Users/felix/Documents/Sepsis_CrossCohort_scRNA/05_figures/reporting/F15C_Brier_by_control_type.png,/Users/felix/Documents/Sepsis_CrossCohort_scRNA/repository_release_v1/frozen_results/figures/reporting/F15C_Brier_by_control_type.png,TRUE,copied,0.099033355712890625
figures,/Users/felix/Documents/Sepsis_CrossCohort_scRNA/05_figures/reporting/F15D_threshold_shift_by_control_type.pdf,/Users/felix/Documents/Sepsis_CrossCohort_scRNA/repository_release_v1/frozen_results/figures/reporting/F15D_threshold_shift_by_control_type.pdf,TRUE,copied,0.0049571990966796875
figures,/Users/felix/Documents/Sepsis_CrossCohort_scRNA/05_figures/reporting/F15D_threshold_shift_by_control_type.png,/Users/felix/Documents/Sepsis_CrossCohort_scRNA/repository_release_v1/frozen_results/figures/reporting/F15D_threshold_shift_by_control_type.png,TRUE,copied,0.09894561767578125
figures,/Users/felix/Documents/Sepsis_CrossCohort_scRNA/05_figures/sensitivity/F06A_logFC_correlation_full_vs_excluding_outlier.pdf,/Users/felix/Documents/Sepsis_CrossCohort_scRNA/repository_release_v1/frozen_results/figures/sensitivity/F06A_logFC_correlation_full_vs_excluding_outlier.pdf,TRUE,copied,0.4540729522705078
figures,/Users/felix/Documents/Sepsis_CrossCohort_scRNA/05_figures/sensitivity/F06A_logFC_correlation_full_vs_excluding_outlier.png,/Users/felix/Documents/Sepsis_CrossCohort_scRNA/repository_release_v1/frozen_results/figures/sensitivity/F06A_logFC_correlation_full_vs_excluding_outlier.png,TRUE,copied,0.12002182006835938
figures,/Users/felix/Documents/Sepsis_CrossCohort_scRNA/05_figures/sensitivity/F06B_adjP_correlation_full_vs_excluding_outlier.pdf,/Users/felix/Documents/Sepsis_CrossCohort_scRNA/repository_release_v1/frozen_results/figures/sensitivity/F06B_adjP_correlation_full_vs_excluding_outlier.pdf,TRUE,copied,0.38111305236816406
figures,/Users/felix/Documents/Sepsis_CrossCohort_scRNA/05_figures/sensitivity/F06B_adjP_correlation_full_vs_excluding_outlier.png,/Users/felix/Documents/Sepsis_CrossCohort_scRNA/repository_release_v1/frozen_results/figures/sensitivity/F06B_adjP_correlation_full_vs_excluding_outlier.png,TRUE,copied,0.17006874084472656
figures,/Users/felix/Documents/Sepsis_CrossCohort_scRNA/05_figures/sensitivity/F06C_sensitivity_volcano_excluding_outlier.pdf,/Users/felix/Documents/Sepsis_CrossCohort_scRNA/repository_release_v1/frozen_results/figures/sensitivity/F06C_sensitivity_volcano_excluding_outlier.pdf,TRUE,copied,0.14115047454833984
figures,/Users/felix/Documents/Sepsis_CrossCohort_scRNA/05_figures/sensitivity/F06C_sensitivity_volcano_excluding_outlier.png,/Users/felix/Documents/Sepsis_CrossCohort_scRNA/repository_release_v1/frozen_results/figures/sensitivity/F06C_sensitivity_volcano_excluding_outlier.png,TRUE,copied,0.2967367172241211
figures,/Users/felix/Documents/Sepsis_CrossCohort_scRNA/05_figures/single_cell/F18A_QC_violin_by_sample.pdf,/Users/felix/Documents/Sepsis_CrossCohort_scRNA/repository_release_v1/frozen_results/figures/single_cell/F18A_QC_violin_by_sample.pdf,TRUE,copied,0.16222095489501953
figures,/Users/felix/Documents/Sepsis_CrossCohort_scRNA/05_figures/single_cell/F18A_QC_violin_by_sample.png,/Users/felix/Documents/Sepsis_CrossCohort_scRNA/repository_release_v1/frozen_results/figures/single_cell/F18A_QC_violin_by_sample.png,TRUE,copied,0.8415336608886719
figures,/Users/felix/Documents/Sepsis_CrossCohort_scRNA/05_figures/single_cell/F18B_QC_scatter_nCount_vs_percentMT.pdf,/Users/felix/Documents/Sepsis_CrossCohort_scRNA/repository_release_v1/frozen_results/figures/single_cell/F18B_QC_scatter_nCount_vs_percentMT.pdf,TRUE,copied,3.0891761779785156
figures,/Users/felix/Documents/Sepsis_CrossCohort_scRNA/05_figures/single_cell/F18B_QC_scatter_nCount_vs_percentMT.png,/Users/felix/Documents/Sepsis_CrossCohort_scRNA/repository_release_v1/frozen_results/figures/single_cell/F18B_QC_scatter_nCount_vs_percentMT.png,TRUE,copied,1.9512739181518555
figures,/Users/felix/Documents/Sepsis_CrossCohort_scRNA/05_figures/single_cell/F18C_UMAP_by_sample.pdf,/Users/felix/Documents/Sepsis_CrossCohort_scRNA/repository_release_v1/frozen_results/figures/single_cell/F18C_UMAP_by_sample.pdf,TRUE,copied,0.05743885040283203
figures,/Users/felix/Documents/Sepsis_CrossCohort_scRNA/05_figures/single_cell/F18C_UMAP_by_sample.png,/Users/felix/Documents/Sepsis_CrossCohort_scRNA/repository_release_v1/frozen_results/figures/single_cell/F18C_UMAP_by_sample.png,TRUE,copied,0.28155994415283203
figures,/Users/felix/Documents/Sepsis_CrossCohort_scRNA/05_figures/single_cell/F18D_UMAP_by_group.pdf,/Users/felix/Documents/Sepsis_CrossCohort_scRNA/repository_release_v1/frozen_results/figures/single_cell/F18D_UMAP_by_group.pdf,TRUE,copied,0.039185523986816406
figures,/Users/felix/Documents/Sepsis_CrossCohort_scRNA/05_figures/single_cell/F18D_UMAP_by_group.png,/Users/felix/Documents/Sepsis_CrossCohort_scRNA/repository_release_v1/frozen_results/figures/single_cell/F18D_UMAP_by_group.png,TRUE,copied,0.13878726959228516
figures,/Users/felix/Documents/Sepsis_CrossCohort_scRNA/05_figures/single_cell/F18E_UMAP_by_cluster.pdf,/Users/felix/Documents/Sepsis_CrossCohort_scRNA/repository_release_v1/frozen_results/figures/single_cell/F18E_UMAP_by_cluster.pdf,TRUE,copied,0.03534221649169922
figures,/Users/felix/Documents/Sepsis_CrossCohort_scRNA/05_figures/single_cell/F18E_UMAP_by_cluster.png,/Users/felix/Documents/Sepsis_CrossCohort_scRNA/repository_release_v1/frozen_results/figures/single_cell/F18E_UMAP_by_cluster.png,TRUE,copied,0.17940902709960938
figures,/Users/felix/Documents/Sepsis_CrossCohort_scRNA/05_figures/single_cell/F19A_UMAP_celltype_annotation.pdf,/Users/felix/Documents/Sepsis_CrossCohort_scRNA/repository_release_v1/frozen_results/figures/single_cell/F19A_UMAP_celltype_annotation.pdf,TRUE,copied,0.031355857849121094
figures,/Users/felix/Documents/Sepsis_CrossCohort_scRNA/05_figures/single_cell/F19A_UMAP_celltype_annotation.png,/Users/felix/Documents/Sepsis_CrossCohort_scRNA/repository_release_v1/frozen_results/figures/single_cell/F19A_UMAP_celltype_annotation.png,TRUE,copied,0.15897083282470703
figures,/Users/felix/Documents/Sepsis_CrossCohort_scRNA/05_figures/single_cell/F19B_UMAP_final10_score.pdf,/Users/felix/Documents/Sepsis_CrossCohort_scRNA/repository_release_v1/frozen_results/figures/single_cell/F19B_UMAP_final10_score.pdf,TRUE,copied,0.05892753601074219
figures,/Users/felix/Documents/Sepsis_CrossCohort_scRNA/05_figures/single_cell/F19B_UMAP_final10_score.png,/Users/felix/Documents/Sepsis_CrossCohort_scRNA/repository_release_v1/frozen_results/figures/single_cell/F19B_UMAP_final10_score.png,TRUE,copied,0.1592693328857422
figures,/Users/felix/Documents/Sepsis_CrossCohort_scRNA/05_figures/single_cell/F19C_UMAP_nested_recurrent_score.pdf,/Users/felix/Documents/Sepsis_CrossCohort_scRNA/repository_release_v1/frozen_results/figures/single_cell/F19C_UMAP_nested_recurrent_score.pdf,TRUE,copied,0.06044483184814453
figures,/Users/felix/Documents/Sepsis_CrossCohort_scRNA/05_figures/single_cell/F19C_UMAP_nested_recurrent_score.png,/Users/felix/Documents/Sepsis_CrossCohort_scRNA/repository_release_v1/frozen_results/figures/single_cell/F19C_UMAP_nested_recurrent_score.png,TRUE,copied,0.1609973907470703
figures,/Users/felix/Documents/Sepsis_CrossCohort_scRNA/05_figures/single_cell/F19D_signature_scores_by_celltype.pdf,/Users/felix/Documents/Sepsis_CrossCohort_scRNA/repository_release_v1/frozen_results/figures/single_cell/F19D_signature_scores_by_celltype.pdf,TRUE,copied,0.0798654556274414
figures,/Users/felix/Documents/Sepsis_CrossCohort_scRNA/05_figures/single_cell/F19D_signature_scores_by_celltype.png,/Users/felix/Documents/Sepsis_CrossCohort_scRNA/repository_release_v1/frozen_results/figures/single_cell/F19D_signature_scores_by_celltype.png,TRUE,copied,0.37951183319091797
figures,/Users/felix/Documents/Sepsis_CrossCohort_scRNA/05_figures/single_cell/F19E_signature_scores_by_group.pdf,/Users/felix/Documents/Sepsis_CrossCohort_scRNA/repository_release_v1/frozen_results/figures/single_cell/F19E_signature_scores_by_group.pdf,TRUE,copied,0.042830467224121094
figures,/Users/felix/Documents/Sepsis_CrossCohort_scRNA/05_figures/single_cell/F19E_signature_scores_by_group.png,/Users/felix/Documents/Sepsis_CrossCohort_scRNA/repository_release_v1/frozen_results/figures/single_cell/F19E_signature_scores_by_group.png,TRUE,copied,0.25450992584228516
figures,/Users/felix/Documents/Sepsis_CrossCohort_scRNA/05_figures/single_cell/F19F_signature_gene_dotplot_by_celltype.pdf,/Users/felix/Documents/Sepsis_CrossCohort_scRNA/repository_release_v1/frozen_results/figures/single_cell/F19F_signature_gene_dotplot_by_celltype.pdf,TRUE,copied,0.01139068603515625
figures,/Users/felix/Documents/Sepsis_CrossCohort_scRNA/05_figures/single_cell/F19F_signature_gene_dotplot_by_celltype.png,/Users/felix/Documents/Sepsis_CrossCohort_scRNA/repository_release_v1/frozen_results/figures/single_cell/F19F_signature_gene_dotplot_by_celltype.png,TRUE,copied,0.1352701187133789
figures,/Users/felix/Documents/Sepsis_CrossCohort_scRNA/05_figures/single_cell/F19G_canonical_marker_dotplot_by_cluster.pdf,/Users/felix/Documents/Sepsis_CrossCohort_scRNA/repository_release_v1/frozen_results/figures/single_cell/F19G_canonical_marker_dotplot_by_cluster.pdf,TRUE,copied,0.07007122039794922
figures,/Users/felix/Documents/Sepsis_CrossCohort_scRNA/05_figures/single_cell/F19G_canonical_marker_dotplot_by_cluster.png,/Users/felix/Documents/Sepsis_CrossCohort_scRNA/repository_release_v1/frozen_results/figures/single_cell/F19G_canonical_marker_dotplot_by_cluster.png,TRUE,copied,0.6520299911499023
figures,/Users/felix/Documents/Sepsis_CrossCohort_scRNA/05_figures/single_cell/F19H_signature_score_heatmap_by_cluster.pdf,/Users/felix/Documents/Sepsis_CrossCohort_scRNA/repository_release_v1/frozen_results/figures/single_cell/F19H_signature_score_heatmap_by_cluster.pdf,TRUE,copied,0.006615638732910156
figures,/Users/felix/Documents/Sepsis_CrossCohort_scRNA/05_figures/single_cell/F19H_signature_score_heatmap_by_cluster.png,/Users/felix/Documents/Sepsis_CrossCohort_scRNA/repository_release_v1/frozen_results/figures/single_cell/F19H_signature_score_heatmap_by_cluster.png,TRUE,copied,0.09155845642089844
additional_files,/Users/felix/Documents/Sepsis_CrossCohort_scRNA/04_results/table1_compact_for_BMC_Genomics/T44_Table1_BMC_Genomics_additional_file_S1.csv,/Users/felix/Documents/Sepsis_CrossCohort_scRNA/repository_release_v1/additional_files/Additional_file_1_Table_S1_bulk_dataset_metadata.csv,TRUE,copied,0.007049560546875
additional_files,/Users/felix/Documents/Sepsis_CrossCohort_scRNA/04_results/signature_definition_final_10_genes_46c/T46c_final_10_gene_signature_workbook.xlsx,/Users/felix/Documents/Sepsis_CrossCohort_scRNA/repository_release_v1/additional_files/Additional_file_2_Table_S2_final_10_gene_signature.xlsx,TRUE,copied,0.01646709442138672
additional_files,/Users/felix/Documents/Sepsis_CrossCohort_scRNA/04_results/nested_LODO_methods_audit_47d/T47d_nested_LODO_methods_final_workbook.xlsx,/Users/felix/Documents/Sepsis_CrossCohort_scRNA/repository_release_v1/additional_files/Additional_file_3_nested_LODO_methods_audit.xlsx,TRUE,copied,0.034938812255859375
additional_files,/Users/felix/Documents/Sepsis_CrossCohort_scRNA/04_results/DEG_candidate_selection_methods_audit_48c/T48c_DEG_candidate_selection_final_workbook.xlsx,/Users/felix/Documents/Sepsis_CrossCohort_scRNA/repository_release_v1/additional_files/Additional_file_4_DEG_candidate_selection_audit.xlsx,TRUE,copied,0.032634735107421875
additional_files,/Users/felix/Documents/Sepsis_CrossCohort_scRNA/04_results/nested_LODO_methods_audit_47d/T47d_nested_LODO_methods_final_text.txt,/Users/felix/Documents/Sepsis_CrossCohort_scRNA/repository_release_v1/additional_files/Additional_file_5_nested_LODO_methods_text.txt,TRUE,copied,0.0021343231201171875
