relative_path,full_path,file_name,extension,size_bytes,size_mb,recommended_destination
large_files_for_zenodo_only/differential_expression/merged_gene_expression_common_genes_combat_for_visualization.csv,/Users/felix/Documents/Sepsis_CrossCohort_scRNA/repository_release_v1/large_files_for_zenodo_only/differential_expression/merged_gene_expression_common_genes_combat_for_visualization.csv,merged_gene_expression_common_genes_combat_for_visualization.csv,csv,69867199,66.631,Zenodo only or manual review
frozen_results/audit_outputs/differential_expression/merged_gene_expression_common_genes_unadjusted.csv,/Users/felix/Documents/Sepsis_CrossCohort_scRNA/repository_release_v1/frozen_results/audit_outputs/differential_expression/merged_gene_expression_common_genes_unadjusted.csv,merged_gene_expression_common_genes_unadjusted.csv,csv,49515622,47.222,GitHub and Zenodo
frozen_results/audit_outputs/single_cell/T19_scRNA_cell_metadata_with_scores.csv,/Users/felix/Documents/Sepsis_CrossCohort_scRNA/repository_release_v1/frozen_results/audit_outputs/single_cell/T19_scRNA_cell_metadata_with_scores.csv,T19_scRNA_cell_metadata_with_scores.csv,csv,24284863,23.16,GitHub and Zenodo
frozen_results/audit_outputs/single_cell/T18_GSE167363_cell_metadata.csv,/Users/felix/Documents/Sepsis_CrossCohort_scRNA/repository_release_v1/frozen_results/audit_outputs/single_cell/T18_GSE167363_cell_metadata.csv,T18_GSE167363_cell_metadata.csv,csv,12055473,11.497,GitHub and Zenodo
frozen_results/audit_outputs/nested_LODO/M14_nested_LODO_model_objects.rds,/Users/felix/Documents/Sepsis_CrossCohort_scRNA/repository_release_v1/frozen_results/audit_outputs/nested_LODO/M14_nested_LODO_model_objects.rds,M14_nested_LODO_model_objects.rds,rds,4669383,4.453,GitHub and Zenodo
frozen_results/audit_outputs/final_freeze/figures/single_cell/F18B_QC_scatter_nCount_vs_percentMT.pdf,/Users/felix/Documents/Sepsis_CrossCohort_scRNA/repository_release_v1/frozen_results/audit_outputs/final_freeze/figures/single_cell/F18B_QC_scatter_nCount_vs_percentMT.pdf,F18B_QC_scatter_nCount_vs_percentMT.pdf,pdf,3239236,3.089,GitHub and Zenodo
frozen_results/figures/single_cell/F18B_QC_scatter_nCount_vs_percentMT.pdf,/Users/felix/Documents/Sepsis_CrossCohort_scRNA/repository_release_v1/frozen_results/figures/single_cell/F18B_QC_scatter_nCount_vs_percentMT.pdf,F18B_QC_scatter_nCount_vs_percentMT.pdf,pdf,3239236,3.089,GitHub and Zenodo
frozen_results/audit_outputs/final_freeze/figures/single_cell/F18B_QC_scatter_nCount_vs_percentMT.png,/Users/felix/Documents/Sepsis_CrossCohort_scRNA/repository_release_v1/frozen_results/audit_outputs/final_freeze/figures/single_cell/F18B_QC_scatter_nCount_vs_percentMT.png,F18B_QC_scatter_nCount_vs_percentMT.png,png,2046059,1.951,GitHub and Zenodo
frozen_results/figures/single_cell/F18B_QC_scatter_nCount_vs_percentMT.png,/Users/felix/Documents/Sepsis_CrossCohort_scRNA/repository_release_v1/frozen_results/figures/single_cell/F18B_QC_scatter_nCount_vs_percentMT.png,F18B_QC_scatter_nCount_vs_percentMT.png,png,2046059,1.951,GitHub and Zenodo
frozen_results/audit_outputs/final_freeze/tables/T04_outlier_sensitivity_T04_outlier_sensitivity_summary.xlsx,/Users/felix/Documents/Sepsis_CrossCohort_scRNA/repository_release_v1/frozen_results/audit_outputs/final_freeze/tables/T04_outlier_sensitivity_T04_outlier_sensitivity_summary.xlsx,T04_outlier_sensitivity_T04_outlier_sensitivity_summary.xlsx,xlsx,1615105,1.54,GitHub and Zenodo
frozen_results/audit_outputs/nested_LODO/T14_nested_LODO_fold_dataset_level_gene_metrics.csv,/Users/felix/Documents/Sepsis_CrossCohort_scRNA/repository_release_v1/frozen_results/audit_outputs/nested_LODO/T14_nested_LODO_fold_dataset_level_gene_metrics.csv,T14_nested_LODO_fold_dataset_level_gene_metrics.csv,csv,1394816,1.33,GitHub and Zenodo
frozen_results/audit_outputs/differential_expression/limma_DEG_Sepsis_vs_Control.csv,/Users/felix/Documents/Sepsis_CrossCohort_scRNA/repository_release_v1/frozen_results/audit_outputs/differential_expression/limma_DEG_Sepsis_vs_Control.csv,limma_DEG_Sepsis_vs_Control.csv,csv,1162122,1.108,GitHub and Zenodo
frozen_results/audit_outputs/final_freeze/tables/limma_DEG_main_limma_DEG_Sepsis_vs_Control.csv,/Users/felix/Documents/Sepsis_CrossCohort_scRNA/repository_release_v1/frozen_results/audit_outputs/final_freeze/tables/limma_DEG_main_limma_DEG_Sepsis_vs_Control.csv,limma_DEG_main_limma_DEG_Sepsis_vs_Control.csv,csv,1162122,1.108,GitHub and Zenodo
frozen_results/audit_outputs/nested_LODO/fold_GSE137340/DEG_train_only_heldout_GSE137340.csv,/Users/felix/Documents/Sepsis_CrossCohort_scRNA/repository_release_v1/frozen_results/audit_outputs/nested_LODO/fold_GSE137340/DEG_train_only_heldout_GSE137340.csv,DEG_train_only_heldout_GSE137340.csv,csv,1116720,1.065,GitHub and Zenodo
frozen_results/audit_outputs/nested_LODO/fold_GSE54514/DEG_train_only_heldout_GSE54514.csv,/Users/felix/Documents/Sepsis_CrossCohort_scRNA/repository_release_v1/frozen_results/audit_outputs/nested_LODO/fold_GSE54514/DEG_train_only_heldout_GSE54514.csv,DEG_train_only_heldout_GSE54514.csv,csv,1113673,1.062,GitHub and Zenodo
frozen_results/audit_outputs/nested_LODO/fold_GSE57065/DEG_train_only_heldout_GSE57065.csv,/Users/felix/Documents/Sepsis_CrossCohort_scRNA/repository_release_v1/frozen_results/audit_outputs/nested_LODO/fold_GSE57065/DEG_train_only_heldout_GSE57065.csv,DEG_train_only_heldout_GSE57065.csv,csv,1112298,1.061,GitHub and Zenodo
frozen_results/audit_outputs/nested_LODO/fold_GSE65682/DEG_train_only_heldout_GSE65682.csv,/Users/felix/Documents/Sepsis_CrossCohort_scRNA/repository_release_v1/frozen_results/audit_outputs/nested_LODO/fold_GSE65682/DEG_train_only_heldout_GSE65682.csv,DEG_train_only_heldout_GSE65682.csv,csv,1112984,1.061,GitHub and Zenodo
frozen_results/audit_outputs/nested_LODO/fold_GSE95233/DEG_train_only_heldout_GSE95233.csv,/Users/felix/Documents/Sepsis_CrossCohort_scRNA/repository_release_v1/frozen_results/audit_outputs/nested_LODO/fold_GSE95233/DEG_train_only_heldout_GSE95233.csv,DEG_train_only_heldout_GSE95233.csv,csv,1112229,1.061,GitHub and Zenodo
frozen_results/audit_outputs/nested_LODO/fold_GSE236713/DEG_train_only_heldout_GSE236713.csv,/Users/felix/Documents/Sepsis_CrossCohort_scRNA/repository_release_v1/frozen_results/audit_outputs/nested_LODO/fold_GSE236713/DEG_train_only_heldout_GSE236713.csv,DEG_train_only_heldout_GSE236713.csv,csv,1110354,1.059,GitHub and Zenodo
frozen_results/audit_outputs/final_freeze/figures/single_cell/F18A_QC_violin_by_sample.png,/Users/felix/Documents/Sepsis_CrossCohort_scRNA/repository_release_v1/frozen_results/audit_outputs/final_freeze/figures/single_cell/F18A_QC_violin_by_sample.png,F18A_QC_violin_by_sample.png,png,882412,0.842,GitHub and Zenodo
frozen_results/figures/single_cell/F18A_QC_violin_by_sample.png,/Users/felix/Documents/Sepsis_CrossCohort_scRNA/repository_release_v1/frozen_results/figures/single_cell/F18A_QC_violin_by_sample.png,F18A_QC_violin_by_sample.png,png,882412,0.842,GitHub and Zenodo
frozen_results/audit_outputs/differential_expression/T02_DEG_outputs_summary.xlsx,/Users/felix/Documents/Sepsis_CrossCohort_scRNA/repository_release_v1/frozen_results/audit_outputs/differential_expression/T02_DEG_outputs_summary.xlsx,T02_DEG_outputs_summary.xlsx,xlsx,776477,0.741,GitHub and Zenodo
frozen_results/audit_outputs/final_freeze/figures/single_cell/F19G_canonical_marker_dotplot_by_cluster.png,/Users/felix/Documents/Sepsis_CrossCohort_scRNA/repository_release_v1/frozen_results/audit_outputs/final_freeze/figures/single_cell/F19G_canonical_marker_dotplot_by_cluster.png,F19G_canonical_marker_dotplot_by_cluster.png,png,683703,0.652,GitHub and Zenodo
frozen_results/figures/single_cell/F19G_canonical_marker_dotplot_by_cluster.png,/Users/felix/Documents/Sepsis_CrossCohort_scRNA/repository_release_v1/frozen_results/figures/single_cell/F19G_canonical_marker_dotplot_by_cluster.png,F19G_canonical_marker_dotplot_by_cluster.png,png,683703,0.652,GitHub and Zenodo
frozen_results/audit_outputs/final_freeze/tables/T05_gene_lists_T05_DEG_gene_lists.xlsx,/Users/felix/Documents/Sepsis_CrossCohort_scRNA/repository_release_v1/frozen_results/audit_outputs/final_freeze/tables/T05_gene_lists_T05_DEG_gene_lists.xlsx,T05_gene_lists_T05_DEG_gene_lists.xlsx,xlsx,510102,0.486,GitHub and Zenodo
frozen_results/figures/sensitivity/F06A_logFC_correlation_full_vs_excluding_outlier.pdf,/Users/felix/Documents/Sepsis_CrossCohort_scRNA/repository_release_v1/frozen_results/figures/sensitivity/F06A_logFC_correlation_full_vs_excluding_outlier.pdf,F06A_logFC_correlation_full_vs_excluding_outlier.pdf,pdf,476130,0.454,GitHub and Zenodo
frozen_results/audit_outputs/final_freeze/figures/qc_bulk/F05D_top50_DEG_heatmap.png,/Users/felix/Documents/Sepsis_CrossCohort_scRNA/repository_release_v1/frozen_results/audit_outputs/final_freeze/figures/qc_bulk/F05D_top50_DEG_heatmap.png,F05D_top50_DEG_heatmap.png,png,460545,0.439,GitHub and Zenodo
frozen_results/figures/qc_bulk/F05D_top50_DEG_heatmap.png,/Users/felix/Documents/Sepsis_CrossCohort_scRNA/repository_release_v1/frozen_results/figures/qc_bulk/F05D_top50_DEG_heatmap.png,F05D_top50_DEG_heatmap.png,png,460545,0.439,GitHub and Zenodo
frozen_results/audit_outputs/final_freeze/figures/qc_bulk/F05G_PCA_combat_by_dataset.png,/Users/felix/Documents/Sepsis_CrossCohort_scRNA/repository_release_v1/frozen_results/audit_outputs/final_freeze/figures/qc_bulk/F05G_PCA_combat_by_dataset.png,F05G_PCA_combat_by_dataset.png,png,448672,0.428,GitHub and Zenodo
frozen_results/figures/qc_bulk/F05G_PCA_combat_by_dataset.png,/Users/felix/Documents/Sepsis_CrossCohort_scRNA/repository_release_v1/frozen_results/figures/qc_bulk/F05G_PCA_combat_by_dataset.png,F05G_PCA_combat_by_dataset.png,png,448672,0.428,GitHub and Zenodo
frozen_results/audit_outputs/single_cell/T18_GSE167363_prepare_summary.xlsx,/Users/felix/Documents/Sepsis_CrossCohort_scRNA/repository_release_v1/frozen_results/audit_outputs/single_cell/T18_GSE167363_prepare_summary.xlsx,T18_GSE167363_prepare_summary.xlsx,xlsx,418611,0.399,GitHub and Zenodo
frozen_results/audit_outputs/final_freeze/figures/qc_bulk/F05H_PCA_combat_by_group.png,/Users/felix/Documents/Sepsis_CrossCohort_scRNA/repository_release_v1/frozen_results/audit_outputs/final_freeze/figures/qc_bulk/F05H_PCA_combat_by_group.png,F05H_PCA_combat_by_group.png,png,405845,0.387,GitHub and Zenodo
frozen_results/figures/qc_bulk/F05H_PCA_combat_by_group.png,/Users/felix/Documents/Sepsis_CrossCohort_scRNA/repository_release_v1/frozen_results/figures/qc_bulk/F05H_PCA_combat_by_group.png,F05H_PCA_combat_by_group.png,png,405845,0.387,GitHub and Zenodo
frozen_results/figures/sensitivity/F06B_adjP_correlation_full_vs_excluding_outlier.pdf,/Users/felix/Documents/Sepsis_CrossCohort_scRNA/repository_release_v1/frozen_results/figures/sensitivity/F06B_adjP_correlation_full_vs_excluding_outlier.pdf,F06B_adjP_correlation_full_vs_excluding_outlier.pdf,pdf,399626,0.381,GitHub and Zenodo
frozen_results/audit_outputs/final_freeze/figures/single_cell/F19D_signature_scores_by_celltype.png,/Users/felix/Documents/Sepsis_CrossCohort_scRNA/repository_release_v1/frozen_results/audit_outputs/final_freeze/figures/single_cell/F19D_signature_scores_by_celltype.png,F19D_signature_scores_by_celltype.png,png,397947,0.38,GitHub and Zenodo
frozen_results/figures/single_cell/F19D_signature_scores_by_celltype.png,/Users/felix/Documents/Sepsis_CrossCohort_scRNA/repository_release_v1/frozen_results/figures/single_cell/F19D_signature_scores_by_celltype.png,F19D_signature_scores_by_celltype.png,png,397947,0.38,GitHub and Zenodo
frozen_results/audit_outputs/final_freeze/figures/enrichment/F07C_GO_BP_down_DEG_dotplot.png,/Users/felix/Documents/Sepsis_CrossCohort_scRNA/repository_release_v1/frozen_results/audit_outputs/final_freeze/figures/enrichment/F07C_GO_BP_down_DEG_dotplot.png,F07C_GO_BP_down_DEG_dotplot.png,png,315659,0.301,GitHub and Zenodo
frozen_results/figures/enrichment/F07C_GO_BP_down_DEG_dotplot.png,/Users/felix/Documents/Sepsis_CrossCohort_scRNA/repository_release_v1/frozen_results/figures/enrichment/F07C_GO_BP_down_DEG_dotplot.png,F07C_GO_BP_down_DEG_dotplot.png,png,315659,0.301,GitHub and Zenodo
frozen_results/audit_outputs/final_freeze/figures/enrichment/F07A_GO_BP_all_DEG_dotplot.png,/Users/felix/Documents/Sepsis_CrossCohort_scRNA/repository_release_v1/frozen_results/audit_outputs/final_freeze/figures/enrichment/F07A_GO_BP_all_DEG_dotplot.png,F07A_GO_BP_all_DEG_dotplot.png,png,313271,0.299,GitHub and Zenodo
frozen_results/figures/enrichment/F07A_GO_BP_all_DEG_dotplot.png,/Users/felix/Documents/Sepsis_CrossCohort_scRNA/repository_release_v1/frozen_results/figures/enrichment/F07A_GO_BP_all_DEG_dotplot.png,F07A_GO_BP_all_DEG_dotplot.png,png,313271,0.299,GitHub and Zenodo
frozen_results/figures/sensitivity/F06C_sensitivity_volcano_excluding_outlier.png,/Users/felix/Documents/Sepsis_CrossCohort_scRNA/repository_release_v1/frozen_results/figures/sensitivity/F06C_sensitivity_volcano_excluding_outlier.png,F06C_sensitivity_volcano_excluding_outlier.png,png,311151,0.297,GitHub and Zenodo
frozen_results/audit_outputs/final_freeze/figures/qc_bulk/F05C_enhanced_volcano_Sepsis_vs_Control.png,/Users/felix/Documents/Sepsis_CrossCohort_scRNA/repository_release_v1/frozen_results/audit_outputs/final_freeze/figures/qc_bulk/F05C_enhanced_volcano_Sepsis_vs_Control.png,F05C_enhanced_volcano_Sepsis_vs_Control.png,png,306444,0.292,GitHub and Zenodo
frozen_results/figures/qc_bulk/F05C_enhanced_volcano_Sepsis_vs_Control.png,/Users/felix/Documents/Sepsis_CrossCohort_scRNA/repository_release_v1/frozen_results/figures/qc_bulk/F05C_enhanced_volcano_Sepsis_vs_Control.png,F05C_enhanced_volcano_Sepsis_vs_Control.png,png,306444,0.292,GitHub and Zenodo
frozen_results/audit_outputs/candidate_selection/T06_candidate_gene_screening_table.xlsx,/Users/felix/Documents/Sepsis_CrossCohort_scRNA/repository_release_v1/frozen_results/audit_outputs/candidate_selection/T06_candidate_gene_screening_table.xlsx,T06_candidate_gene_screening_table.xlsx,xlsx,298963,0.285,GitHub and Zenodo
frozen_results/audit_outputs/final_freeze/tables/T06_candidate_screening_T06_candidate_gene_screening_table.xlsx,/Users/felix/Documents/Sepsis_CrossCohort_scRNA/repository_release_v1/frozen_results/audit_outputs/final_freeze/tables/T06_candidate_screening_T06_candidate_gene_screening_table.xlsx,T06_candidate_screening_T06_candidate_gene_screening_table.xlsx,xlsx,298963,0.285,GitHub and Zenodo
frozen_results/audit_outputs/final_freeze/figures/single_cell/F18C_UMAP_by_sample.png,/Users/felix/Documents/Sepsis_CrossCohort_scRNA/repository_release_v1/frozen_results/audit_outputs/final_freeze/figures/single_cell/F18C_UMAP_by_sample.png,F18C_UMAP_by_sample.png,png,295237,0.282,GitHub and Zenodo
frozen_results/figures/single_cell/F18C_UMAP_by_sample.png,/Users/felix/Documents/Sepsis_CrossCohort_scRNA/repository_release_v1/frozen_results/figures/single_cell/F18C_UMAP_by_sample.png,F18C_UMAP_by_sample.png,png,295237,0.282,GitHub and Zenodo
frozen_results/audit_outputs/differential_expression/Volcano_Sepsis_vs_Control.png,/Users/felix/Documents/Sepsis_CrossCohort_scRNA/repository_release_v1/frozen_results/audit_outputs/differential_expression/Volcano_Sepsis_vs_Control.png,Volcano_Sepsis_vs_Control.png,png,277852,0.265,GitHub and Zenodo
frozen_results/audit_outputs/final_freeze/figures/dca/F17C_calibration_by_dataset.png,/Users/felix/Documents/Sepsis_CrossCohort_scRNA/repository_release_v1/frozen_results/audit_outputs/final_freeze/figures/dca/F17C_calibration_by_dataset.png,F17C_calibration_by_dataset.png,png,277222,0.264,GitHub and Zenodo
frozen_results/figures/dca/F17C_calibration_by_dataset.png,/Users/felix/Documents/Sepsis_CrossCohort_scRNA/repository_release_v1/frozen_results/figures/dca/F17C_calibration_by_dataset.png,F17C_calibration_by_dataset.png,png,277222,0.264,GitHub and Zenodo
frozen_results/audit_outputs/final_freeze/figures/enrichment/F07B_GO_BP_up_DEG_dotplot.png,/Users/felix/Documents/Sepsis_CrossCohort_scRNA/repository_release_v1/frozen_results/audit_outputs/final_freeze/figures/enrichment/F07B_GO_BP_up_DEG_dotplot.png,F07B_GO_BP_up_DEG_dotplot.png,png,274136,0.261,GitHub and Zenodo
frozen_results/figures/enrichment/F07B_GO_BP_up_DEG_dotplot.png,/Users/felix/Documents/Sepsis_CrossCohort_scRNA/repository_release_v1/frozen_results/figures/enrichment/F07B_GO_BP_up_DEG_dotplot.png,F07B_GO_BP_up_DEG_dotplot.png,png,274136,0.261,GitHub and Zenodo
frozen_results/audit_outputs/final_freeze/figures/single_cell/F19E_signature_scores_by_group.png,/Users/felix/Documents/Sepsis_CrossCohort_scRNA/repository_release_v1/frozen_results/audit_outputs/final_freeze/figures/single_cell/F19E_signature_scores_by_group.png,F19E_signature_scores_by_group.png,png,266873,0.255,GitHub and Zenodo
frozen_results/figures/single_cell/F19E_signature_scores_by_group.png,/Users/felix/Documents/Sepsis_CrossCohort_scRNA/repository_release_v1/frozen_results/figures/single_cell/F19E_signature_scores_by_group.png,F19E_signature_scores_by_group.png,png,266873,0.255,GitHub and Zenodo
frozen_results/audit_outputs/candidate_selection/T06_candidate_gene_dataset_level_metrics.csv,/Users/felix/Documents/Sepsis_CrossCohort_scRNA/repository_release_v1/frozen_results/audit_outputs/candidate_selection/T06_candidate_gene_dataset_level_metrics.csv,T06_candidate_gene_dataset_level_metrics.csv,csv,262259,0.25,GitHub and Zenodo
frozen_results/audit_outputs/final_freeze/figures/dca/F17G_DCA_by_dataset.png,/Users/felix/Documents/Sepsis_CrossCohort_scRNA/repository_release_v1/frozen_results/audit_outputs/final_freeze/figures/dca/F17G_DCA_by_dataset.png,F17G_DCA_by_dataset.png,png,254793,0.243,GitHub and Zenodo
frozen_results/figures/dca/F17G_DCA_by_dataset.png,/Users/felix/Documents/Sepsis_CrossCohort_scRNA/repository_release_v1/frozen_results/figures/dca/F17G_DCA_by_dataset.png,F17G_DCA_by_dataset.png,png,254793,0.243,GitHub and Zenodo
frozen_results/figures/model_validation/F11A_LODO_calibration_by_dataset.png,/Users/felix/Documents/Sepsis_CrossCohort_scRNA/repository_release_v1/frozen_results/figures/model_validation/F11A_LODO_calibration_by_dataset.png,F11A_LODO_calibration_by_dataset.png,png,248916,0.237,GitHub and Zenodo
frozen_results/audit_outputs/nested_LODO/fold_GSE57065/T14_fold_GSE57065_train_dataset_level_gene_metrics.csv,/Users/felix/Documents/Sepsis_CrossCohort_scRNA/repository_release_v1/frozen_results/audit_outputs/nested_LODO/fold_GSE57065/T14_fold_GSE57065_train_dataset_level_gene_metrics.csv,T14_fold_GSE57065_train_dataset_level_gene_metrics.csv,csv,235513,0.225,GitHub and Zenodo
frozen_results/audit_outputs/nested_LODO/fold_GSE236713/T14_fold_GSE236713_train_dataset_level_gene_metrics.csv,/Users/felix/Documents/Sepsis_CrossCohort_scRNA/repository_release_v1/frozen_results/audit_outputs/nested_LODO/fold_GSE236713/T14_fold_GSE236713_train_dataset_level_gene_metrics.csv,T14_fold_GSE236713_train_dataset_level_gene_metrics.csv,csv,233698,0.223,GitHub and Zenodo
frozen_results/audit_outputs/final_freeze/figures/candidate_selection/F09C_refined_candidate_correlation_heatmap.png,/Users/felix/Documents/Sepsis_CrossCohort_scRNA/repository_release_v1/frozen_results/audit_outputs/final_freeze/figures/candidate_selection/F09C_refined_candidate_correlation_heatmap.png,F09C_refined_candidate_correlation_heatmap.png,png,232795,0.222,GitHub and Zenodo
frozen_results/audit_outputs/final_freeze/figures/nested_LODO/F14F_nested_LODO_prediction_density.png,/Users/felix/Documents/Sepsis_CrossCohort_scRNA/repository_release_v1/frozen_results/audit_outputs/final_freeze/figures/nested_LODO/F14F_nested_LODO_prediction_density.png,F14F_nested_LODO_prediction_density.png,png,232702,0.222,GitHub and Zenodo
frozen_results/audit_outputs/nested_LODO/fold_GSE137340/T14_fold_GSE137340_train_dataset_level_gene_metrics.csv,/Users/felix/Documents/Sepsis_CrossCohort_scRNA/repository_release_v1/frozen_results/audit_outputs/nested_LODO/fold_GSE137340/T14_fold_GSE137340_train_dataset_level_gene_metrics.csv,T14_fold_GSE137340_train_dataset_level_gene_metrics.csv,csv,232796,0.222,GitHub and Zenodo
frozen_results/figures/candidate_selection/F09C_refined_candidate_correlation_heatmap.png,/Users/felix/Documents/Sepsis_CrossCohort_scRNA/repository_release_v1/frozen_results/figures/candidate_selection/F09C_refined_candidate_correlation_heatmap.png,F09C_refined_candidate_correlation_heatmap.png,png,232795,0.222,GitHub and Zenodo
frozen_results/figures/nested_LODO/F14F_nested_LODO_prediction_density.png,/Users/felix/Documents/Sepsis_CrossCohort_scRNA/repository_release_v1/frozen_results/figures/nested_LODO/F14F_nested_LODO_prediction_density.png,F14F_nested_LODO_prediction_density.png,png,232702,0.222,GitHub and Zenodo
frozen_results/audit_outputs/nested_LODO/fold_GSE54514/T14_fold_GSE54514_train_dataset_level_gene_metrics.csv,/Users/felix/Documents/Sepsis_CrossCohort_scRNA/repository_release_v1/frozen_results/audit_outputs/nested_LODO/fold_GSE54514/T14_fold_GSE54514_train_dataset_level_gene_metrics.csv,T14_fold_GSE54514_train_dataset_level_gene_metrics.csv,csv,231553,0.221,GitHub and Zenodo
frozen_results/audit_outputs/nested_LODO/fold_GSE95233/T14_fold_GSE95233_train_dataset_level_gene_metrics.csv,/Users/felix/Documents/Sepsis_CrossCohort_scRNA/repository_release_v1/frozen_results/audit_outputs/nested_LODO/fold_GSE95233/T14_fold_GSE95233_train_dataset_level_gene_metrics.csv,T14_fold_GSE95233_train_dataset_level_gene_metrics.csv,csv,231652,0.221,GitHub and Zenodo
frozen_results/audit_outputs/nested_LODO/fold_GSE65682/T14_fold_GSE65682_train_dataset_level_gene_metrics.csv,/Users/felix/Documents/Sepsis_CrossCohort_scRNA/repository_release_v1/frozen_results/audit_outputs/nested_LODO/fold_GSE65682/T14_fold_GSE65682_train_dataset_level_gene_metrics.csv,T14_fold_GSE65682_train_dataset_level_gene_metrics.csv,csv,230374,0.22,GitHub and Zenodo
frozen_results/audit_outputs/final_freeze/figures/qc_bulk/F05E_PCA_unadjusted_by_dataset.png,/Users/felix/Documents/Sepsis_CrossCohort_scRNA/repository_release_v1/frozen_results/audit_outputs/final_freeze/figures/qc_bulk/F05E_PCA_unadjusted_by_dataset.png,F05E_PCA_unadjusted_by_dataset.png,png,225891,0.215,GitHub and Zenodo
frozen_results/figures/qc_bulk/F05E_PCA_unadjusted_by_dataset.png,/Users/felix/Documents/Sepsis_CrossCohort_scRNA/repository_release_v1/frozen_results/figures/qc_bulk/F05E_PCA_unadjusted_by_dataset.png,F05E_PCA_unadjusted_by_dataset.png,png,225891,0.215,GitHub and Zenodo
frozen_results/audit_outputs/final_freeze/figures/candidate_selection/F08C_top_candidate_gene_AUROC_heatmap.png,/Users/felix/Documents/Sepsis_CrossCohort_scRNA/repository_release_v1/frozen_results/audit_outputs/final_freeze/figures/candidate_selection/F08C_top_candidate_gene_AUROC_heatmap.png,F08C_top_candidate_gene_AUROC_heatmap.png,png,218080,0.208,GitHub and Zenodo
frozen_results/audit_outputs/final_freeze/figures/nested_LODO/F14A_nested_LODO_ROC_by_dataset.png,/Users/felix/Documents/Sepsis_CrossCohort_scRNA/repository_release_v1/frozen_results/audit_outputs/final_freeze/figures/nested_LODO/F14A_nested_LODO_ROC_by_dataset.png,F14A_nested_LODO_ROC_by_dataset.png,png,217761,0.208,GitHub and Zenodo
frozen_results/figures/candidate_selection/F08C_top_candidate_gene_AUROC_heatmap.png,/Users/felix/Documents/Sepsis_CrossCohort_scRNA/repository_release_v1/frozen_results/figures/candidate_selection/F08C_top_candidate_gene_AUROC_heatmap.png,F08C_top_candidate_gene_AUROC_heatmap.png,png,218080,0.208,GitHub and Zenodo
frozen_results/figures/nested_LODO/F14A_nested_LODO_ROC_by_dataset.png,/Users/felix/Documents/Sepsis_CrossCohort_scRNA/repository_release_v1/frozen_results/figures/nested_LODO/F14A_nested_LODO_ROC_by_dataset.png,F14A_nested_LODO_ROC_by_dataset.png,png,217761,0.208,GitHub and Zenodo
frozen_results/figures/model_validation/F10D_LODO_prediction_density.png,/Users/felix/Documents/Sepsis_CrossCohort_scRNA/repository_release_v1/frozen_results/figures/model_validation/F10D_LODO_prediction_density.png,F10D_LODO_prediction_density.png,png,212454,0.203,GitHub and Zenodo
frozen_results/figures/model_validation/F10A_LODO_ROC_by_dataset.png,/Users/felix/Documents/Sepsis_CrossCohort_scRNA/repository_release_v1/frozen_results/figures/model_validation/F10A_LODO_ROC_by_dataset.png,F10A_LODO_ROC_by_dataset.png,png,210000,0.2,GitHub and Zenodo
frozen_results/audit_outputs/final_freeze/figures/qc_bulk/F05F_PCA_unadjusted_by_group.png,/Users/felix/Documents/Sepsis_CrossCohort_scRNA/repository_release_v1/frozen_results/audit_outputs/final_freeze/figures/qc_bulk/F05F_PCA_unadjusted_by_group.png,F05F_PCA_unadjusted_by_group.png,png,207192,0.198,GitHub and Zenodo
frozen_results/figures/qc_bulk/F05F_PCA_unadjusted_by_group.png,/Users/felix/Documents/Sepsis_CrossCohort_scRNA/repository_release_v1/frozen_results/figures/qc_bulk/F05F_PCA_unadjusted_by_group.png,F05F_PCA_unadjusted_by_group.png,png,207192,0.198,GitHub and Zenodo
frozen_results/audit_outputs/differential_expression/merged_pheno_for_DEG.csv,/Users/felix/Documents/Sepsis_CrossCohort_scRNA/repository_release_v1/frozen_results/audit_outputs/differential_expression/merged_pheno_for_DEG.csv,merged_pheno_for_DEG.csv,csv,196265,0.187,GitHub and Zenodo
frozen_results/audit_outputs/final_freeze/figures/candidate_selection/F08B_candidate_gene_mean_AUROC.png,/Users/felix/Documents/Sepsis_CrossCohort_scRNA/repository_release_v1/frozen_results/audit_outputs/final_freeze/figures/candidate_selection/F08B_candidate_gene_mean_AUROC.png,F08B_candidate_gene_mean_AUROC.png,png,195924,0.187,GitHub and Zenodo
frozen_results/figures/candidate_selection/F08B_candidate_gene_mean_AUROC.png,/Users/felix/Documents/Sepsis_CrossCohort_scRNA/repository_release_v1/frozen_results/figures/candidate_selection/F08B_candidate_gene_mean_AUROC.png,F08B_candidate_gene_mean_AUROC.png,png,195924,0.187,GitHub and Zenodo
frozen_results/audit_outputs/final_freeze/figures/single_cell/F18E_UMAP_by_cluster.png,/Users/felix/Documents/Sepsis_CrossCohort_scRNA/repository_release_v1/frozen_results/audit_outputs/final_freeze/figures/single_cell/F18E_UMAP_by_cluster.png,F18E_UMAP_by_cluster.png,png,188124,0.179,GitHub and Zenodo
frozen_results/figures/single_cell/F18E_UMAP_by_cluster.png,/Users/felix/Documents/Sepsis_CrossCohort_scRNA/repository_release_v1/frozen_results/figures/single_cell/F18E_UMAP_by_cluster.png,F18E_UMAP_by_cluster.png,png,188124,0.179,GitHub and Zenodo
frozen_results/audit_outputs/final_freeze/figures/candidate_selection/F08A_candidate_gene_direction_consistency.png,/Users/felix/Documents/Sepsis_CrossCohort_scRNA/repository_release_v1/frozen_results/audit_outputs/final_freeze/figures/candidate_selection/F08A_candidate_gene_direction_consistency.png,F08A_candidate_gene_direction_consistency.png,png,182886,0.174,GitHub and Zenodo
frozen_results/figures/candidate_selection/F08A_candidate_gene_direction_consistency.png,/Users/felix/Documents/Sepsis_CrossCohort_scRNA/repository_release_v1/frozen_results/figures/candidate_selection/F08A_candidate_gene_direction_consistency.png,F08A_candidate_gene_direction_consistency.png,png,182886,0.174,GitHub and Zenodo
frozen_results/audit_outputs/final_freeze/figures/qc_bulk/F05I_density_unadjusted_by_dataset.png,/Users/felix/Documents/Sepsis_CrossCohort_scRNA/repository_release_v1/frozen_results/audit_outputs/final_freeze/figures/qc_bulk/F05I_density_unadjusted_by_dataset.png,F05I_density_unadjusted_by_dataset.png,png,181352,0.173,GitHub and Zenodo
frozen_results/figures/qc_bulk/F05I_density_unadjusted_by_dataset.png,/Users/felix/Documents/Sepsis_CrossCohort_scRNA/repository_release_v1/frozen_results/figures/qc_bulk/F05I_density_unadjusted_by_dataset.png,F05I_density_unadjusted_by_dataset.png,png,181352,0.173,GitHub and Zenodo
frozen_results/figures/sensitivity/F06B_adjP_correlation_full_vs_excluding_outlier.png,/Users/felix/Documents/Sepsis_CrossCohort_scRNA/repository_release_v1/frozen_results/figures/sensitivity/F06B_adjP_correlation_full_vs_excluding_outlier.png,F06B_adjP_correlation_full_vs_excluding_outlier.png,png,178330,0.17,GitHub and Zenodo
frozen_results/audit_outputs/final_freeze/figures/qc_bulk/F05J_density_combat_by_dataset.png,/Users/felix/Documents/Sepsis_CrossCohort_scRNA/repository_release_v1/frozen_results/audit_outputs/final_freeze/figures/qc_bulk/F05J_density_combat_by_dataset.png,F05J_density_combat_by_dataset.png,png,176209,0.168,GitHub and Zenodo
frozen_results/figures/qc_bulk/F05J_density_combat_by_dataset.png,/Users/felix/Documents/Sepsis_CrossCohort_scRNA/repository_release_v1/frozen_results/figures/qc_bulk/F05J_density_combat_by_dataset.png,F05J_density_combat_by_dataset.png,png,176209,0.168,GitHub and Zenodo
frozen_results/audit_outputs/final_freeze/figures/single_cell/F18A_QC_violin_by_sample.pdf,/Users/felix/Documents/Sepsis_CrossCohort_scRNA/repository_release_v1/frozen_results/audit_outputs/final_freeze/figures/single_cell/F18A_QC_violin_by_sample.pdf,F18A_QC_violin_by_sample.pdf,pdf,170101,0.162,GitHub and Zenodo
frozen_results/audit_outputs/final_freeze/tables/T05_GO_BP_T05_GO_BP_enrichment.xlsx,/Users/felix/Documents/Sepsis_CrossCohort_scRNA/repository_release_v1/frozen_results/audit_outputs/final_freeze/tables/T05_GO_BP_T05_GO_BP_enrichment.xlsx,T05_GO_BP_T05_GO_BP_enrichment.xlsx,xlsx,169574,0.162,GitHub and Zenodo
frozen_results/figures/single_cell/F18A_QC_violin_by_sample.pdf,/Users/felix/Documents/Sepsis_CrossCohort_scRNA/repository_release_v1/frozen_results/figures/single_cell/F18A_QC_violin_by_sample.pdf,F18A_QC_violin_by_sample.pdf,pdf,170101,0.162,GitHub and Zenodo
frozen_results/audit_outputs/final_freeze/figures/single_cell/F19C_UMAP_nested_recurrent_score.png,/Users/felix/Documents/Sepsis_CrossCohort_scRNA/repository_release_v1/frozen_results/audit_outputs/final_freeze/figures/single_cell/F19C_UMAP_nested_recurrent_score.png,F19C_UMAP_nested_recurrent_score.png,png,168818,0.161,GitHub and Zenodo
frozen_results/figures/single_cell/F19C_UMAP_nested_recurrent_score.png,/Users/felix/Documents/Sepsis_CrossCohort_scRNA/repository_release_v1/frozen_results/figures/single_cell/F19C_UMAP_nested_recurrent_score.png,F19C_UMAP_nested_recurrent_score.png,png,168818,0.161,GitHub and Zenodo
frozen_results/audit_outputs/final_freeze/figures/single_cell/F19A_UMAP_celltype_annotation.png,/Users/felix/Documents/Sepsis_CrossCohort_scRNA/repository_release_v1/frozen_results/audit_outputs/final_freeze/figures/single_cell/F19A_UMAP_celltype_annotation.png,F19A_UMAP_celltype_annotation.png,png,166693,0.159,GitHub and Zenodo
frozen_results/audit_outputs/final_freeze/figures/single_cell/F19B_UMAP_final10_score.png,/Users/felix/Documents/Sepsis_CrossCohort_scRNA/repository_release_v1/frozen_results/audit_outputs/final_freeze/figures/single_cell/F19B_UMAP_final10_score.png,F19B_UMAP_final10_score.png,png,167006,0.159,GitHub and Zenodo
frozen_results/figures/single_cell/F19A_UMAP_celltype_annotation.png,/Users/felix/Documents/Sepsis_CrossCohort_scRNA/repository_release_v1/frozen_results/figures/single_cell/F19A_UMAP_celltype_annotation.png,F19A_UMAP_celltype_annotation.png,png,166693,0.159,GitHub and Zenodo
frozen_results/figures/single_cell/F19B_UMAP_final10_score.png,/Users/felix/Documents/Sepsis_CrossCohort_scRNA/repository_release_v1/frozen_results/figures/single_cell/F19B_UMAP_final10_score.png,F19B_UMAP_final10_score.png,png,167006,0.159,GitHub and Zenodo
frozen_results/audit_outputs/final_freeze/figures/candidate_selection/F09D_refined_candidate_AUROC_heatmap.png,/Users/felix/Documents/Sepsis_CrossCohort_scRNA/repository_release_v1/frozen_results/audit_outputs/final_freeze/figures/candidate_selection/F09D_refined_candidate_AUROC_heatmap.png,F09D_refined_candidate_AUROC_heatmap.png,png,160091,0.153,GitHub and Zenodo
frozen_results/figures/candidate_selection/F09D_refined_candidate_AUROC_heatmap.png,/Users/felix/Documents/Sepsis_CrossCohort_scRNA/repository_release_v1/frozen_results/figures/candidate_selection/F09D_refined_candidate_AUROC_heatmap.png,F09D_refined_candidate_AUROC_heatmap.png,png,160091,0.153,GitHub and Zenodo
frozen_results/audit_outputs/final_freeze/figures/enrichment/F07H_GO_BP_down_DEG_barplot.png,/Users/felix/Documents/Sepsis_CrossCohort_scRNA/repository_release_v1/frozen_results/audit_outputs/final_freeze/figures/enrichment/F07H_GO_BP_down_DEG_barplot.png,F07H_GO_BP_down_DEG_barplot.png,png,152258,0.145,GitHub and Zenodo
frozen_results/figures/enrichment/F07H_GO_BP_down_DEG_barplot.png,/Users/felix/Documents/Sepsis_CrossCohort_scRNA/repository_release_v1/frozen_results/figures/enrichment/F07H_GO_BP_down_DEG_barplot.png,F07H_GO_BP_down_DEG_barplot.png,png,152258,0.145,GitHub and Zenodo
frozen_results/audit_outputs/final_freeze/figures/qc_bulk/F05C_enhanced_volcano_Sepsis_vs_Control.pdf,/Users/felix/Documents/Sepsis_CrossCohort_scRNA/repository_release_v1/frozen_results/audit_outputs/final_freeze/figures/qc_bulk/F05C_enhanced_volcano_Sepsis_vs_Control.pdf,F05C_enhanced_volcano_Sepsis_vs_Control.pdf,pdf,148314,0.141,GitHub and Zenodo
frozen_results/figures/qc_bulk/F05C_enhanced_volcano_Sepsis_vs_Control.pdf,/Users/felix/Documents/Sepsis_CrossCohort_scRNA/repository_release_v1/frozen_results/figures/qc_bulk/F05C_enhanced_volcano_Sepsis_vs_Control.pdf,F05C_enhanced_volcano_Sepsis_vs_Control.pdf,pdf,148314,0.141,GitHub and Zenodo
frozen_results/figures/sensitivity/F06C_sensitivity_volcano_excluding_outlier.pdf,/Users/felix/Documents/Sepsis_CrossCohort_scRNA/repository_release_v1/frozen_results/figures/sensitivity/F06C_sensitivity_volcano_excluding_outlier.pdf,F06C_sensitivity_volcano_excluding_outlier.pdf,pdf,148007,0.141,GitHub and Zenodo
frozen_results/figures/model_validation/F10B_LODO_PR_by_dataset.png,/Users/felix/Documents/Sepsis_CrossCohort_scRNA/repository_release_v1/frozen_results/figures/model_validation/F10B_LODO_PR_by_dataset.png,F10B_LODO_PR_by_dataset.png,png,147036,0.14,GitHub and Zenodo
frozen_results/audit_outputs/final_freeze/figures/single_cell/F18D_UMAP_by_group.png,/Users/felix/Documents/Sepsis_CrossCohort_scRNA/repository_release_v1/frozen_results/audit_outputs/final_freeze/figures/single_cell/F18D_UMAP_by_group.png,F18D_UMAP_by_group.png,png,145529,0.139,GitHub and Zenodo
frozen_results/figures/single_cell/F18D_UMAP_by_group.png,/Users/felix/Documents/Sepsis_CrossCohort_scRNA/repository_release_v1/frozen_results/figures/single_cell/F18D_UMAP_by_group.png,F18D_UMAP_by_group.png,png,145529,0.139,GitHub and Zenodo
frozen_results/audit_outputs/final_freeze/figures/single_cell/F19F_signature_gene_dotplot_by_celltype.png,/Users/felix/Documents/Sepsis_CrossCohort_scRNA/repository_release_v1/frozen_results/audit_outputs/final_freeze/figures/single_cell/F19F_signature_gene_dotplot_by_celltype.png,F19F_signature_gene_dotplot_by_celltype.png,png,141841,0.135,GitHub and Zenodo
frozen_results/figures/single_cell/F19F_signature_gene_dotplot_by_celltype.png,/Users/felix/Documents/Sepsis_CrossCohort_scRNA/repository_release_v1/frozen_results/figures/single_cell/F19F_signature_gene_dotplot_by_celltype.png,F19F_signature_gene_dotplot_by_celltype.png,png,141841,0.135,GitHub and Zenodo
frozen_results/figures/final_model/F12A_final_model_cv_curve.png,/Users/felix/Documents/Sepsis_CrossCohort_scRNA/repository_release_v1/frozen_results/figures/final_model/F12A_final_model_cv_curve.png,F12A_final_model_cv_curve.png,png,140444,0.134,GitHub and Zenodo
frozen_results/audit_outputs/final_freeze/figures/qc_bulk/F05D_top50_DEG_heatmap.pdf,/Users/felix/Documents/Sepsis_CrossCohort_scRNA/repository_release_v1/frozen_results/audit_outputs/final_freeze/figures/qc_bulk/F05D_top50_DEG_heatmap.pdf,F05D_top50_DEG_heatmap.pdf,pdf,136734,0.13,GitHub and Zenodo
frozen_results/figures/qc_bulk/F05D_top50_DEG_heatmap.pdf,/Users/felix/Documents/Sepsis_CrossCohort_scRNA/repository_release_v1/frozen_results/figures/qc_bulk/F05D_top50_DEG_heatmap.pdf,F05D_top50_DEG_heatmap.pdf,pdf,136734,0.13,GitHub and Zenodo
frozen_results/figures/final_model/F12D_final_model_calibration_apparent.png,/Users/felix/Documents/Sepsis_CrossCohort_scRNA/repository_release_v1/frozen_results/figures/final_model/F12D_final_model_calibration_apparent.png,F12D_final_model_calibration_apparent.png,png,134019,0.128,GitHub and Zenodo
frozen_results/audit_outputs/final_freeze/figures/enrichment/F07G_GO_BP_up_DEG_barplot.png,/Users/felix/Documents/Sepsis_CrossCohort_scRNA/repository_release_v1/frozen_results/audit_outputs/final_freeze/figures/enrichment/F07G_GO_BP_up_DEG_barplot.png,F07G_GO_BP_up_DEG_barplot.png,png,131857,0.126,GitHub and Zenodo
frozen_results/figures/enrichment/F07G_GO_BP_up_DEG_barplot.png,/Users/felix/Documents/Sepsis_CrossCohort_scRNA/repository_release_v1/frozen_results/figures/enrichment/F07G_GO_BP_up_DEG_barplot.png,F07G_GO_BP_up_DEG_barplot.png,png,131857,0.126,GitHub and Zenodo
frozen_results/audit_outputs/final_freeze/figures/candidate_selection/F09B_refined_candidate_mean_AUROC.png,/Users/felix/Documents/Sepsis_CrossCohort_scRNA/repository_release_v1/frozen_results/audit_outputs/final_freeze/figures/candidate_selection/F09B_refined_candidate_mean_AUROC.png,F09B_refined_candidate_mean_AUROC.png,png,126125,0.12,GitHub and Zenodo
frozen_results/figures/candidate_selection/F09B_refined_candidate_mean_AUROC.png,/Users/felix/Documents/Sepsis_CrossCohort_scRNA/repository_release_v1/frozen_results/figures/candidate_selection/F09B_refined_candidate_mean_AUROC.png,F09B_refined_candidate_mean_AUROC.png,png,126125,0.12,GitHub and Zenodo
frozen_results/figures/sensitivity/F06A_logFC_correlation_full_vs_excluding_outlier.png,/Users/felix/Documents/Sepsis_CrossCohort_scRNA/repository_release_v1/frozen_results/figures/sensitivity/F06A_logFC_correlation_full_vs_excluding_outlier.png,F06A_logFC_correlation_full_vs_excluding_outlier.png,png,125852,0.12,GitHub and Zenodo
frozen_results/audit_outputs/final_freeze/figures/qc_bulk/F05L_sample_median_expression_combat_by_dataset.png,/Users/felix/Documents/Sepsis_CrossCohort_scRNA/repository_release_v1/frozen_results/audit_outputs/final_freeze/figures/qc_bulk/F05L_sample_median_expression_combat_by_dataset.png,F05L_sample_median_expression_combat_by_dataset.png,png,120210,0.115,GitHub and Zenodo
frozen_results/figures/qc_bulk/F05L_sample_median_expression_combat_by_dataset.png,/Users/felix/Documents/Sepsis_CrossCohort_scRNA/repository_release_v1/frozen_results/figures/qc_bulk/F05L_sample_median_expression_combat_by_dataset.png,F05L_sample_median_expression_combat_by_dataset.png,png,120210,0.115,GitHub and Zenodo
frozen_results/audit_outputs/final_freeze/figures/qc_bulk/F05K_density_combat_by_group.png,/Users/felix/Documents/Sepsis_CrossCohort_scRNA/repository_release_v1/frozen_results/audit_outputs/final_freeze/figures/qc_bulk/F05K_density_combat_by_group.png,F05K_density_combat_by_group.png,png,119576,0.114,GitHub and Zenodo
frozen_results/audit_outputs/single_cell/T18a_scRNA_file_inventory.csv,/Users/felix/Documents/Sepsis_CrossCohort_scRNA/repository_release_v1/frozen_results/audit_outputs/single_cell/T18a_scRNA_file_inventory.csv,T18a_scRNA_file_inventory.csv,csv,119863,0.114,GitHub and Zenodo
frozen_results/figures/qc_bulk/F05K_density_combat_by_group.png,/Users/felix/Documents/Sepsis_CrossCohort_scRNA/repository_release_v1/frozen_results/figures/qc_bulk/F05K_density_combat_by_group.png,F05K_density_combat_by_group.png,png,119576,0.114,GitHub and Zenodo
frozen_results/audit_outputs/final_freeze/figures/candidate_selection/F09A_refined_candidate_priority_score.png,/Users/felix/Documents/Sepsis_CrossCohort_scRNA/repository_release_v1/frozen_results/audit_outputs/final_freeze/figures/candidate_selection/F09A_refined_candidate_priority_score.png,F09A_refined_candidate_priority_score.png,png,118948,0.113,GitHub and Zenodo
frozen_results/audit_outputs/final_freeze/figures/dca/F17D_observed_vs_mean_predicted.png,/Users/felix/Documents/Sepsis_CrossCohort_scRNA/repository_release_v1/frozen_results/audit_outputs/final_freeze/figures/dca/F17D_observed_vs_mean_predicted.png,F17D_observed_vs_mean_predicted.png,png,118998,0.113,GitHub and Zenodo
frozen_results/audit_outputs/final_freeze/figures/nested_LODO/F14H_nested_LODO_observed_vs_mean_predicted.png,/Users/felix/Documents/Sepsis_CrossCohort_scRNA/repository_release_v1/frozen_results/audit_outputs/final_freeze/figures/nested_LODO/F14H_nested_LODO_observed_vs_mean_predicted.png,F14H_nested_LODO_observed_vs_mean_predicted.png,png,118998,0.113,GitHub and Zenodo
frozen_results/figures/candidate_selection/F09A_refined_candidate_priority_score.png,/Users/felix/Documents/Sepsis_CrossCohort_scRNA/repository_release_v1/frozen_results/figures/candidate_selection/F09A_refined_candidate_priority_score.png,F09A_refined_candidate_priority_score.png,png,118948,0.113,GitHub and Zenodo
frozen_results/figures/dca/F17D_observed_vs_mean_predicted.png,/Users/felix/Documents/Sepsis_CrossCohort_scRNA/repository_release_v1/frozen_results/figures/dca/F17D_observed_vs_mean_predicted.png,F17D_observed_vs_mean_predicted.png,png,118998,0.113,GitHub and Zenodo
frozen_results/figures/model_validation/F11B_LODO_observed_vs_mean_predicted.png,/Users/felix/Documents/Sepsis_CrossCohort_scRNA/repository_release_v1/frozen_results/figures/model_validation/F11B_LODO_observed_vs_mean_predicted.png,F11B_LODO_observed_vs_mean_predicted.png,png,118204,0.113,GitHub and Zenodo
frozen_results/figures/nested_LODO/F14H_nested_LODO_observed_vs_mean_predicted.png,/Users/felix/Documents/Sepsis_CrossCohort_scRNA/repository_release_v1/frozen_results/figures/nested_LODO/F14H_nested_LODO_observed_vs_mean_predicted.png,F14H_nested_LODO_observed_vs_mean_predicted.png,png,118998,0.113,GitHub and Zenodo
frozen_results/audit_outputs/final_freeze/figures/qc_bulk/F05M_sample_IQR_expression_combat_by_dataset.png,/Users/felix/Documents/Sepsis_CrossCohort_scRNA/repository_release_v1/frozen_results/audit_outputs/final_freeze/figures/qc_bulk/F05M_sample_IQR_expression_combat_by_dataset.png,F05M_sample_IQR_expression_combat_by_dataset.png,png,117802,0.112,GitHub and Zenodo
frozen_results/figures/qc_bulk/F05M_sample_IQR_expression_combat_by_dataset.png,/Users/felix/Documents/Sepsis_CrossCohort_scRNA/repository_release_v1/frozen_results/figures/qc_bulk/F05M_sample_IQR_expression_combat_by_dataset.png,F05M_sample_IQR_expression_combat_by_dataset.png,png,117802,0.112,GitHub and Zenodo
frozen_results/audit_outputs/final_freeze/figures/reporting/F15B_AUROC_by_control_type.png,/Users/felix/Documents/Sepsis_CrossCohort_scRNA/repository_release_v1/frozen_results/audit_outputs/final_freeze/figures/reporting/F15B_AUROC_by_control_type.png,F15B_AUROC_by_control_type.png,png,116572,0.111,GitHub and Zenodo
frozen_results/figures/reporting/F15B_AUROC_by_control_type.png,/Users/felix/Documents/Sepsis_CrossCohort_scRNA/repository_release_v1/frozen_results/figures/reporting/F15B_AUROC_by_control_type.png,F15B_AUROC_by_control_type.png,png,116572,0.111,GitHub and Zenodo
frozen_results/audit_outputs/final_freeze/figures/reporting/F15b_threshold_shift_by_control_type.png,/Users/felix/Documents/Sepsis_CrossCohort_scRNA/repository_release_v1/frozen_results/audit_outputs/final_freeze/figures/reporting/F15b_threshold_shift_by_control_type.png,F15b_threshold_shift_by_control_type.png,png,112226,0.107,GitHub and Zenodo
frozen_results/figures/reporting/F15b_threshold_shift_by_control_type.png,/Users/felix/Documents/Sepsis_CrossCohort_scRNA/repository_release_v1/frozen_results/figures/reporting/F15b_threshold_shift_by_control_type.png,F15b_threshold_shift_by_control_type.png,png,112226,0.107,GitHub and Zenodo
frozen_results/audit_outputs/final_freeze/figures/reporting/F15b_Brier_by_control_type.png,/Users/felix/Documents/Sepsis_CrossCohort_scRNA/repository_release_v1/frozen_results/audit_outputs/final_freeze/figures/reporting/F15b_Brier_by_control_type.png,F15b_Brier_by_control_type.png,png,111092,0.106,GitHub and Zenodo
frozen_results/figures/reporting/F15b_Brier_by_control_type.png,/Users/felix/Documents/Sepsis_CrossCohort_scRNA/repository_release_v1/frozen_results/figures/reporting/F15b_Brier_by_control_type.png,F15b_Brier_by_control_type.png,png,111092,0.106,GitHub and Zenodo
frozen_results/audit_outputs/final_freeze/figures/dca/F17A_pooled_nested_LODO_ROC.png,/Users/felix/Documents/Sepsis_CrossCohort_scRNA/repository_release_v1/frozen_results/audit_outputs/final_freeze/figures/dca/F17A_pooled_nested_LODO_ROC.png,F17A_pooled_nested_LODO_ROC.png,png,107990,0.103,GitHub and Zenodo
frozen_results/figures/dca/F17A_pooled_nested_LODO_ROC.png,/Users/felix/Documents/Sepsis_CrossCohort_scRNA/repository_release_v1/frozen_results/figures/dca/F17A_pooled_nested_LODO_ROC.png,F17A_pooled_nested_LODO_ROC.png,png,107990,0.103,GitHub and Zenodo
frozen_results/audit_outputs/final_freeze/figures/nested_LODO/F14E_nested_LODO_gene_selection_frequency.png,/Users/felix/Documents/Sepsis_CrossCohort_scRNA/repository_release_v1/frozen_results/audit_outputs/final_freeze/figures/nested_LODO/F14E_nested_LODO_gene_selection_frequency.png,F14E_nested_LODO_gene_selection_frequency.png,png,106776,0.102,GitHub and Zenodo
frozen_results/figures/nested_LODO/F14E_nested_LODO_gene_selection_frequency.png,/Users/felix/Documents/Sepsis_CrossCohort_scRNA/repository_release_v1/frozen_results/figures/nested_LODO/F14E_nested_LODO_gene_selection_frequency.png,F14E_nested_LODO_gene_selection_frequency.png,png,106776,0.102,GitHub and Zenodo
frozen_results/audit_outputs/final_freeze/figures/qc_bulk/F05A_annotation_gene_yield_by_dataset.png,/Users/felix/Documents/Sepsis_CrossCohort_scRNA/repository_release_v1/frozen_results/audit_outputs/final_freeze/figures/qc_bulk/F05A_annotation_gene_yield_by_dataset.png,F05A_annotation_gene_yield_by_dataset.png,png,104097,0.099,GitHub and Zenodo
frozen_results/audit_outputs/final_freeze/figures/reporting/F15C_Brier_by_control_type.png,/Users/felix/Documents/Sepsis_CrossCohort_scRNA/repository_release_v1/frozen_results/audit_outputs/final_freeze/figures/reporting/F15C_Brier_by_control_type.png,F15C_Brier_by_control_type.png,png,103844,0.099,GitHub and Zenodo
frozen_results/audit_outputs/final_freeze/figures/reporting/F15D_threshold_shift_by_control_type.png,/Users/felix/Documents/Sepsis_CrossCohort_scRNA/repository_release_v1/frozen_results/audit_outputs/final_freeze/figures/reporting/F15D_threshold_shift_by_control_type.png,F15D_threshold_shift_by_control_type.png,png,103752,0.099,GitHub and Zenodo
frozen_results/figures/qc_bulk/F05A_annotation_gene_yield_by_dataset.png,/Users/felix/Documents/Sepsis_CrossCohort_scRNA/repository_release_v1/frozen_results/figures/qc_bulk/F05A_annotation_gene_yield_by_dataset.png,F05A_annotation_gene_yield_by_dataset.png,png,104097,0.099,GitHub and Zenodo
frozen_results/figures/reporting/F15C_Brier_by_control_type.png,/Users/felix/Documents/Sepsis_CrossCohort_scRNA/repository_release_v1/frozen_results/figures/reporting/F15C_Brier_by_control_type.png,F15C_Brier_by_control_type.png,png,103844,0.099,GitHub and Zenodo
frozen_results/figures/reporting/F15D_threshold_shift_by_control_type.png,/Users/felix/Documents/Sepsis_CrossCohort_scRNA/repository_release_v1/frozen_results/figures/reporting/F15D_threshold_shift_by_control_type.png,F15D_threshold_shift_by_control_type.png,png,103752,0.099,GitHub and Zenodo
frozen_results/audit_outputs/final_freeze/figures/dca/F17B_pooled_nested_LODO_PR_curve.png,/Users/felix/Documents/Sepsis_CrossCohort_scRNA/repository_release_v1/frozen_results/audit_outputs/final_freeze/figures/dca/F17B_pooled_nested_LODO_PR_curve.png,F17B_pooled_nested_LODO_PR_curve.png,png,101278,0.097,GitHub and Zenodo
frozen_results/audit_outputs/final_freeze/figures/dca/F17H_DCA_pooled.png,/Users/felix/Documents/Sepsis_CrossCohort_scRNA/repository_release_v1/frozen_results/audit_outputs/final_freeze/figures/dca/F17H_DCA_pooled.png,F17H_DCA_pooled.png,png,101460,0.097,GitHub and Zenodo
frozen_results/figures/dca/F17B_pooled_nested_LODO_PR_curve.png,/Users/felix/Documents/Sepsis_CrossCohort_scRNA/repository_release_v1/frozen_results/figures/dca/F17B_pooled_nested_LODO_PR_curve.png,F17B_pooled_nested_LODO_PR_curve.png,png,101278,0.097,GitHub and Zenodo
frozen_results/figures/dca/F17H_DCA_pooled.png,/Users/felix/Documents/Sepsis_CrossCohort_scRNA/repository_release_v1/frozen_results/figures/dca/F17H_DCA_pooled.png,F17H_DCA_pooled.png,png,101460,0.097,GitHub and Zenodo
frozen_results/audit_outputs/final_freeze/figures/reporting/F13B_threshold_drift_summary.png,/Users/felix/Documents/Sepsis_CrossCohort_scRNA/repository_release_v1/frozen_results/audit_outputs/final_freeze/figures/reporting/F13B_threshold_drift_summary.png,F13B_threshold_drift_summary.png,png,96643,0.092,GitHub and Zenodo
frozen_results/audit_outputs/final_freeze/figures/single_cell/F19H_signature_score_heatmap_by_cluster.png,/Users/felix/Documents/Sepsis_CrossCohort_scRNA/repository_release_v1/frozen_results/audit_outputs/final_freeze/figures/single_cell/F19H_signature_score_heatmap_by_cluster.png,F19H_signature_score_heatmap_by_cluster.png,png,96006,0.092,GitHub and Zenodo
frozen_results/figures/reporting/F13B_threshold_drift_summary.png,/Users/felix/Documents/Sepsis_CrossCohort_scRNA/repository_release_v1/frozen_results/figures/reporting/F13B_threshold_drift_summary.png,F13B_threshold_drift_summary.png,png,96643,0.092,GitHub and Zenodo
frozen_results/figures/single_cell/F19H_signature_score_heatmap_by_cluster.png,/Users/felix/Documents/Sepsis_CrossCohort_scRNA/repository_release_v1/frozen_results/figures/single_cell/F19H_signature_score_heatmap_by_cluster.png,F19H_signature_score_heatmap_by_cluster.png,png,96006,0.092,GitHub and Zenodo
frozen_results/figures/final_model/F12B_final_model_ROC_apparent.png,/Users/felix/Documents/Sepsis_CrossCohort_scRNA/repository_release_v1/frozen_results/figures/final_model/F12B_final_model_ROC_apparent.png,F12B_final_model_ROC_apparent.png,png,95768,0.091,GitHub and Zenodo
frozen_results/figures/final_model/F12C_final_model_prediction_density.png,/Users/felix/Documents/Sepsis_CrossCohort_scRNA/repository_release_v1/frozen_results/figures/final_model/F12C_final_model_prediction_density.png,F12C_final_model_prediction_density.png,png,95584,0.091,GitHub and Zenodo
frozen_results/figures/model_validation/F11D_LODO_threshold_drift.png,/Users/felix/Documents/Sepsis_CrossCohort_scRNA/repository_release_v1/frozen_results/figures/model_validation/F11D_LODO_threshold_drift.png,F11D_LODO_threshold_drift.png,png,95595,0.091,GitHub and Zenodo
frozen_results/audit_outputs/final_freeze/figures/dca/F17E_threshold_drift_by_dataset.png,/Users/felix/Documents/Sepsis_CrossCohort_scRNA/repository_release_v1/frozen_results/audit_outputs/final_freeze/figures/dca/F17E_threshold_drift_by_dataset.png,F17E_threshold_drift_by_dataset.png,png,93751,0.089,GitHub and Zenodo
frozen_results/figures/dca/F17E_threshold_drift_by_dataset.png,/Users/felix/Documents/Sepsis_CrossCohort_scRNA/repository_release_v1/frozen_results/figures/dca/F17E_threshold_drift_by_dataset.png,F17E_threshold_drift_by_dataset.png,png,93751,0.089,GitHub and Zenodo
frozen_results/figures/model_validation/F11E_LODO_fixed_threshold_sensitivity_specificity.png,/Users/felix/Documents/Sepsis_CrossCohort_scRNA/repository_release_v1/frozen_results/figures/model_validation/F11E_LODO_fixed_threshold_sensitivity_specificity.png,F11E_LODO_fixed_threshold_sensitivity_specificity.png,png,92415,0.088,GitHub and Zenodo
frozen_results/audit_outputs/final_freeze/figures/nested_LODO/F14G_nested_LODO_threshold_drift.png,/Users/felix/Documents/Sepsis_CrossCohort_scRNA/repository_release_v1/frozen_results/audit_outputs/final_freeze/figures/nested_LODO/F14G_nested_LODO_threshold_drift.png,F14G_nested_LODO_threshold_drift.png,png,90296,0.086,GitHub and Zenodo
frozen_results/figures/nested_LODO/F14G_nested_LODO_threshold_drift.png,/Users/felix/Documents/Sepsis_CrossCohort_scRNA/repository_release_v1/frozen_results/figures/nested_LODO/F14G_nested_LODO_threshold_drift.png,F14G_nested_LODO_threshold_drift.png,png,90296,0.086,GitHub and Zenodo
frozen_results/audit_outputs/final_freeze/figures/dca/F17F_fixed_threshold_sensitivity_specificity.png,/Users/felix/Documents/Sepsis_CrossCohort_scRNA/repository_release_v1/frozen_results/audit_outputs/final_freeze/figures/dca/F17F_fixed_threshold_sensitivity_specificity.png,F17F_fixed_threshold_sensitivity_specificity.png,png,88615,0.085,GitHub and Zenodo
frozen_results/figures/dca/F17F_fixed_threshold_sensitivity_specificity.png,/Users/felix/Documents/Sepsis_CrossCohort_scRNA/repository_release_v1/frozen_results/figures/dca/F17F_fixed_threshold_sensitivity_specificity.png,F17F_fixed_threshold_sensitivity_specificity.png,png,88615,0.085,GitHub and Zenodo
frozen_results/audit_outputs/final_freeze/figures/qc_bulk/F05B_included_samples_by_dataset.png,/Users/felix/Documents/Sepsis_CrossCohort_scRNA/repository_release_v1/frozen_results/audit_outputs/final_freeze/figures/qc_bulk/F05B_included_samples_by_dataset.png,F05B_included_samples_by_dataset.png,png,87722,0.084,GitHub and Zenodo
frozen_results/figures/qc_bulk/F05B_included_samples_by_dataset.png,/Users/felix/Documents/Sepsis_CrossCohort_scRNA/repository_release_v1/frozen_results/figures/qc_bulk/F05B_included_samples_by_dataset.png,F05B_included_samples_by_dataset.png,png,87722,0.084,GitHub and Zenodo
frozen_results/figures/model_validation/F10C_LODO_AUROC_barplot.png,/Users/felix/Documents/Sepsis_CrossCohort_scRNA/repository_release_v1/frozen_results/figures/model_validation/F10C_LODO_AUROC_barplot.png,F10C_LODO_AUROC_barplot.png,png,84933,0.081,GitHub and Zenodo
frozen_results/audit_outputs/final_freeze/figures/single_cell/F19D_signature_scores_by_celltype.pdf,/Users/felix/Documents/Sepsis_CrossCohort_scRNA/repository_release_v1/frozen_results/audit_outputs/final_freeze/figures/single_cell/F19D_signature_scores_by_celltype.pdf,F19D_signature_scores_by_celltype.pdf,pdf,83745,0.08,GitHub and Zenodo
frozen_results/figures/single_cell/F19D_signature_scores_by_celltype.pdf,/Users/felix/Documents/Sepsis_CrossCohort_scRNA/repository_release_v1/frozen_results/figures/single_cell/F19D_signature_scores_by_celltype.pdf,F19D_signature_scores_by_celltype.pdf,pdf,83745,0.08,GitHub and Zenodo
frozen_results/audit_outputs/final_freeze/figures/reporting/F13A_LODO_AUROC_Brier_summary.png,/Users/felix/Documents/Sepsis_CrossCohort_scRNA/repository_release_v1/frozen_results/audit_outputs/final_freeze/figures/reporting/F13A_LODO_AUROC_Brier_summary.png,F13A_LODO_AUROC_Brier_summary.png,png,82119,0.078,GitHub and Zenodo
frozen_results/figures/reporting/F13A_LODO_AUROC_Brier_summary.png,/Users/felix/Documents/Sepsis_CrossCohort_scRNA/repository_release_v1/frozen_results/figures/reporting/F13A_LODO_AUROC_Brier_summary.png,F13A_LODO_AUROC_Brier_summary.png,png,82119,0.078,GitHub and Zenodo
frozen_results/figures/model_validation/F11C_LODO_Brier_by_dataset.png,/Users/felix/Documents/Sepsis_CrossCohort_scRNA/repository_release_v1/frozen_results/figures/model_validation/F11C_LODO_Brier_by_dataset.png,F11C_LODO_Brier_by_dataset.png,png,81193,0.077,GitHub and Zenodo
frozen_results/audit_outputs/final_freeze/figures/nested_LODO/F14B_nested_LODO_AUROC_barplot.png,/Users/felix/Documents/Sepsis_CrossCohort_scRNA/repository_release_v1/frozen_results/audit_outputs/final_freeze/figures/nested_LODO/F14B_nested_LODO_AUROC_barplot.png,F14B_nested_LODO_AUROC_barplot.png,png,79177,0.076,GitHub and Zenodo
frozen_results/figures/nested_LODO/F14B_nested_LODO_AUROC_barplot.png,/Users/felix/Documents/Sepsis_CrossCohort_scRNA/repository_release_v1/frozen_results/figures/nested_LODO/F14B_nested_LODO_AUROC_barplot.png,F14B_nested_LODO_AUROC_barplot.png,png,79177,0.076,GitHub and Zenodo
frozen_results/audit_outputs/final_freeze/figures/nested_LODO/F14C_nested_LODO_AUPRC_barplot.png,/Users/felix/Documents/Sepsis_CrossCohort_scRNA/repository_release_v1/frozen_results/audit_outputs/final_freeze/figures/nested_LODO/F14C_nested_LODO_AUPRC_barplot.png,F14C_nested_LODO_AUPRC_barplot.png,png,78797,0.075,GitHub and Zenodo
frozen_results/figures/nested_LODO/F14C_nested_LODO_AUPRC_barplot.png,/Users/felix/Documents/Sepsis_CrossCohort_scRNA/repository_release_v1/frozen_results/figures/nested_LODO/F14C_nested_LODO_AUPRC_barplot.png,F14C_nested_LODO_AUPRC_barplot.png,png,78797,0.075,GitHub and Zenodo
frozen_results/audit_outputs/final_freeze/figures/reporting/F15b_control_type_distribution.png,/Users/felix/Documents/Sepsis_CrossCohort_scRNA/repository_release_v1/frozen_results/audit_outputs/final_freeze/figures/reporting/F15b_control_type_distribution.png,F15b_control_type_distribution.png,png,77207,0.074,GitHub and Zenodo
frozen_results/figures/reporting/F15b_control_type_distribution.png,/Users/felix/Documents/Sepsis_CrossCohort_scRNA/repository_release_v1/frozen_results/figures/reporting/F15b_control_type_distribution.png,F15b_control_type_distribution.png,png,77207,0.074,GitHub and Zenodo
frozen_results/audit_outputs/final_freeze/figures/nested_LODO/F14D_nested_LODO_Brier_barplot.png,/Users/felix/Documents/Sepsis_CrossCohort_scRNA/repository_release_v1/frozen_results/audit_outputs/final_freeze/figures/nested_LODO/F14D_nested_LODO_Brier_barplot.png,F14D_nested_LODO_Brier_barplot.png,png,76702,0.073,GitHub and Zenodo
frozen_results/figures/nested_LODO/F14D_nested_LODO_Brier_barplot.png,/Users/felix/Documents/Sepsis_CrossCohort_scRNA/repository_release_v1/frozen_results/figures/nested_LODO/F14D_nested_LODO_Brier_barplot.png,F14D_nested_LODO_Brier_barplot.png,png,76702,0.073,GitHub and Zenodo
frozen_results/audit_outputs/candidate_selection/T06_candidate_gene_priority_table.csv,/Users/felix/Documents/Sepsis_CrossCohort_scRNA/repository_release_v1/frozen_results/audit_outputs/candidate_selection/T06_candidate_gene_priority_table.csv,T06_candidate_gene_priority_table.csv,csv,75511,0.072,GitHub and Zenodo
frozen_results/audit_outputs/candidate_selection/T07_refined_candidate_summary.xlsx,/Users/felix/Documents/Sepsis_CrossCohort_scRNA/repository_release_v1/frozen_results/audit_outputs/candidate_selection/T07_refined_candidate_summary.xlsx,T07_refined_candidate_summary.xlsx,xlsx,75624,0.072,GitHub and Zenodo
frozen_results/audit_outputs/final_freeze/tables/T07_refined_candidates_T07_refined_candidate_summary.xlsx,/Users/felix/Documents/Sepsis_CrossCohort_scRNA/repository_release_v1/frozen_results/audit_outputs/final_freeze/tables/T07_refined_candidates_T07_refined_candidate_summary.xlsx,T07_refined_candidates_T07_refined_candidate_summary.xlsx,xlsx,75624,0.072,GitHub and Zenodo
frozen_results/audit_outputs/final_freeze/figures/single_cell/F19G_canonical_marker_dotplot_by_cluster.pdf,/Users/felix/Documents/Sepsis_CrossCohort_scRNA/repository_release_v1/frozen_results/audit_outputs/final_freeze/figures/single_cell/F19G_canonical_marker_dotplot_by_cluster.pdf,F19G_canonical_marker_dotplot_by_cluster.pdf,pdf,73475,0.07,GitHub and Zenodo
frozen_results/figures/single_cell/F19G_canonical_marker_dotplot_by_cluster.pdf,/Users/felix/Documents/Sepsis_CrossCohort_scRNA/repository_release_v1/frozen_results/figures/single_cell/F19G_canonical_marker_dotplot_by_cluster.pdf,F19G_canonical_marker_dotplot_by_cluster.pdf,pdf,73475,0.07,GitHub and Zenodo
frozen_results/audit_outputs/final_freeze/figures/reporting/F15A_control_type_distribution.png,/Users/felix/Documents/Sepsis_CrossCohort_scRNA/repository_release_v1/frozen_results/audit_outputs/final_freeze/figures/reporting/F15A_control_type_distribution.png,F15A_control_type_distribution.png,png,71186,0.068,GitHub and Zenodo
frozen_results/figures/reporting/F15A_control_type_distribution.png,/Users/felix/Documents/Sepsis_CrossCohort_scRNA/repository_release_v1/frozen_results/figures/reporting/F15A_control_type_distribution.png,F15A_control_type_distribution.png,png,71186,0.068,GitHub and Zenodo
frozen_results/audit_outputs/final_freeze/figures/reporting/F13C_final_model_coefficients.png,/Users/felix/Documents/Sepsis_CrossCohort_scRNA/repository_release_v1/frozen_results/audit_outputs/final_freeze/figures/reporting/F13C_final_model_coefficients.png,F13C_final_model_coefficients.png,png,68027,0.065,GitHub and Zenodo
frozen_results/figures/reporting/F13C_final_model_coefficients.png,/Users/felix/Documents/Sepsis_CrossCohort_scRNA/repository_release_v1/frozen_results/figures/reporting/F13C_final_model_coefficients.png,F13C_final_model_coefficients.png,png,68027,0.065,GitHub and Zenodo
frozen_results/audit_outputs/final_freeze/figures/single_cell/F19C_UMAP_nested_recurrent_score.pdf,/Users/felix/Documents/Sepsis_CrossCohort_scRNA/repository_release_v1/frozen_results/audit_outputs/final_freeze/figures/single_cell/F19C_UMAP_nested_recurrent_score.pdf,F19C_UMAP_nested_recurrent_score.pdf,pdf,63381,0.06,GitHub and Zenodo
frozen_results/figures/single_cell/F19C_UMAP_nested_recurrent_score.pdf,/Users/felix/Documents/Sepsis_CrossCohort_scRNA/repository_release_v1/frozen_results/figures/single_cell/F19C_UMAP_nested_recurrent_score.pdf,F19C_UMAP_nested_recurrent_score.pdf,pdf,63381,0.06,GitHub and Zenodo
frozen_results/audit_outputs/final_freeze/figures/single_cell/F19B_UMAP_final10_score.pdf,/Users/felix/Documents/Sepsis_CrossCohort_scRNA/repository_release_v1/frozen_results/audit_outputs/final_freeze/figures/single_cell/F19B_UMAP_final10_score.pdf,F19B_UMAP_final10_score.pdf,pdf,61790,0.059,GitHub and Zenodo
frozen_results/figures/single_cell/F19B_UMAP_final10_score.pdf,/Users/felix/Documents/Sepsis_CrossCohort_scRNA/repository_release_v1/frozen_results/figures/single_cell/F19B_UMAP_final10_score.pdf,F19B_UMAP_final10_score.pdf,pdf,61790,0.059,GitHub and Zenodo
frozen_results/audit_outputs/final_freeze/figures/single_cell/F18C_UMAP_by_sample.pdf,/Users/felix/Documents/Sepsis_CrossCohort_scRNA/repository_release_v1/frozen_results/audit_outputs/final_freeze/figures/single_cell/F18C_UMAP_by_sample.pdf,F18C_UMAP_by_sample.pdf,pdf,60229,0.057,GitHub and Zenodo
frozen_results/audit_outputs/single_cell/T18a_scRNA_scan_summary.xlsx,/Users/felix/Documents/Sepsis_CrossCohort_scRNA/repository_release_v1/frozen_results/audit_outputs/single_cell/T18a_scRNA_scan_summary.xlsx,T18a_scRNA_scan_summary.xlsx,xlsx,59715,0.057,GitHub and Zenodo
frozen_results/figures/single_cell/F18C_UMAP_by_sample.pdf,/Users/felix/Documents/Sepsis_CrossCohort_scRNA/repository_release_v1/frozen_results/figures/single_cell/F18C_UMAP_by_sample.pdf,F18C_UMAP_by_sample.pdf,pdf,60229,0.057,GitHub and Zenodo
code/14_nested_LODO_full_pipeline.R,/Users/felix/Documents/Sepsis_CrossCohort_scRNA/repository_release_v1/code/14_nested_LODO_full_pipeline.R,14_nested_LODO_full_pipeline.R,r,48364,0.046,GitHub and Zenodo
code/all_project_scripts/14_nested_LODO_full_pipeline.R,/Users/felix/Documents/Sepsis_CrossCohort_scRNA/repository_release_v1/code/all_project_scripts/14_nested_LODO_full_pipeline.R,14_nested_LODO_full_pipeline.R,r,48364,0.046,GitHub and Zenodo
frozen_results/audit_outputs/final_freeze/tables/T14_nested_predictions_T14_nested_LODO_predictions.csv,/Users/felix/Documents/Sepsis_CrossCohort_scRNA/repository_release_v1/frozen_results/audit_outputs/final_freeze/tables/T14_nested_predictions_T14_nested_LODO_predictions.csv,T14_nested_predictions_T14_nested_LODO_predictions.csv,csv,47879,0.046,GitHub and Zenodo
frozen_results/audit_outputs/nested_LODO/T14_nested_LODO_predictions.csv,/Users/felix/Documents/Sepsis_CrossCohort_scRNA/repository_release_v1/frozen_results/audit_outputs/nested_LODO/T14_nested_LODO_predictions.csv,T14_nested_LODO_predictions.csv,csv,47879,0.046,GitHub and Zenodo
frozen_results/audit_outputs/final_freeze/figures/single_cell/F19E_signature_scores_by_group.pdf,/Users/felix/Documents/Sepsis_CrossCohort_scRNA/repository_release_v1/frozen_results/audit_outputs/final_freeze/figures/single_cell/F19E_signature_scores_by_group.pdf,F19E_signature_scores_by_group.pdf,pdf,44911,0.043,GitHub and Zenodo
frozen_results/figures/single_cell/F19E_signature_scores_by_group.pdf,/Users/felix/Documents/Sepsis_CrossCohort_scRNA/repository_release_v1/frozen_results/figures/single_cell/F19E_signature_scores_by_group.pdf,F19E_signature_scores_by_group.pdf,pdf,44911,0.043,GitHub and Zenodo
frozen_results/audit_outputs/final_freeze/figures/single_cell/F18D_UMAP_by_group.pdf,/Users/felix/Documents/Sepsis_CrossCohort_scRNA/repository_release_v1/frozen_results/audit_outputs/final_freeze/figures/single_cell/F18D_UMAP_by_group.pdf,F18D_UMAP_by_group.pdf,pdf,41089,0.039,GitHub and Zenodo
frozen_results/figures/single_cell/F18D_UMAP_by_group.pdf,/Users/felix/Documents/Sepsis_CrossCohort_scRNA/repository_release_v1/frozen_results/figures/single_cell/F18D_UMAP_by_group.pdf,F18D_UMAP_by_group.pdf,pdf,41089,0.039,GitHub and Zenodo
frozen_results/audit_outputs/final_freeze/figures/nested_LODO/F14F_nested_LODO_prediction_density.pdf,/Users/felix/Documents/Sepsis_CrossCohort_scRNA/repository_release_v1/frozen_results/audit_outputs/final_freeze/figures/nested_LODO/F14F_nested_LODO_prediction_density.pdf,F14F_nested_LODO_prediction_density.pdf,pdf,40153,0.038,GitHub and Zenodo
frozen_results/figures/nested_LODO/F14F_nested_LODO_prediction_density.pdf,/Users/felix/Documents/Sepsis_CrossCohort_scRNA/repository_release_v1/frozen_results/figures/nested_LODO/F14F_nested_LODO_prediction_density.pdf,F14F_nested_LODO_prediction_density.pdf,pdf,40153,0.038,GitHub and Zenodo
frozen_results/audit_outputs/single_cell/T18a_rds_candidate_files.csv,/Users/felix/Documents/Sepsis_CrossCohort_scRNA/repository_release_v1/frozen_results/audit_outputs/single_cell/T18a_rds_candidate_files.csv,T18a_rds_candidate_files.csv,csv,38675,0.037,GitHub and Zenodo
additional_files/Additional_file_3_nested_LODO_methods_audit.xlsx,/Users/felix/Documents/Sepsis_CrossCohort_scRNA/repository_release_v1/additional_files/Additional_file_3_nested_LODO_methods_audit.xlsx,Additional_file_3_nested_LODO_methods_audit.xlsx,xlsx,36636,0.035,GitHub and Zenodo
code/all_project_scripts/12_manuscript_structure_and_results_draft.R,/Users/felix/Documents/Sepsis_CrossCohort_scRNA/repository_release_v1/code/all_project_scripts/12_manuscript_structure_and_results_draft.R,12_manuscript_structure_and_results_draft.R,r,37145,0.035,GitHub and Zenodo
frozen_results/audit_outputs/final_freeze/figures/single_cell/F18E_UMAP_by_cluster.pdf,/Users/felix/Documents/Sepsis_CrossCohort_scRNA/repository_release_v1/frozen_results/audit_outputs/final_freeze/figures/single_cell/F18E_UMAP_by_cluster.pdf,F18E_UMAP_by_cluster.pdf,pdf,37059,0.035,GitHub and Zenodo
frozen_results/audit_outputs/final_freeze/tables/T20_integrated_workbook_T20_manuscript_ready_integrated_tables.xlsx,/Users/felix/Documents/Sepsis_CrossCohort_scRNA/repository_release_v1/frozen_results/audit_outputs/final_freeze/tables/T20_integrated_workbook_T20_manuscript_ready_integrated_tables.xlsx,T20_integrated_workbook_T20_manuscript_ready_integrated_tables.xlsx,xlsx,36268,0.035,GitHub and Zenodo
frozen_results/audit_outputs/nested_LODO/T14_nested_LODO_summary.xlsx,/Users/felix/Documents/Sepsis_CrossCohort_scRNA/repository_release_v1/frozen_results/audit_outputs/nested_LODO/T14_nested_LODO_summary.xlsx,T14_nested_LODO_summary.xlsx,xlsx,36599,0.035,GitHub and Zenodo
frozen_results/audit_outputs/nested_LODO_methods_audit_47d/T47d_nested_LODO_methods_final_workbook.xlsx,/Users/felix/Documents/Sepsis_CrossCohort_scRNA/repository_release_v1/frozen_results/audit_outputs/nested_LODO_methods_audit_47d/T47d_nested_LODO_methods_final_workbook.xlsx,T47d_nested_LODO_methods_final_workbook.xlsx,xlsx,36636,0.035,GitHub and Zenodo
frozen_results/audit_outputs/single_cell/T19_scRNA_signature_localization_summary.xlsx,/Users/felix/Documents/Sepsis_CrossCohort_scRNA/repository_release_v1/frozen_results/audit_outputs/single_cell/T19_scRNA_signature_localization_summary.xlsx,T19_scRNA_signature_localization_summary.xlsx,xlsx,36370,0.035,GitHub and Zenodo
frozen_results/figures/model_validation/F10D_LODO_prediction_density.pdf,/Users/felix/Documents/Sepsis_CrossCohort_scRNA/repository_release_v1/frozen_results/figures/model_validation/F10D_LODO_prediction_density.pdf,F10D_LODO_prediction_density.pdf,pdf,36388,0.035,GitHub and Zenodo
frozen_results/figures/single_cell/F18E_UMAP_by_cluster.pdf,/Users/felix/Documents/Sepsis_CrossCohort_scRNA/repository_release_v1/frozen_results/figures/single_cell/F18E_UMAP_by_cluster.pdf,F18E_UMAP_by_cluster.pdf,pdf,37059,0.035,GitHub and Zenodo
code/all_project_scripts/37_BMC_Genomics_composite_main_figures_builder.R,/Users/felix/Documents/Sepsis_CrossCohort_scRNA/repository_release_v1/code/all_project_scripts/37_BMC_Genomics_composite_main_figures_builder.R,37_BMC_Genomics_composite_main_figures_builder.R,r,35156,0.034,GitHub and Zenodo
code/all_project_scripts/46_define_final_10_gene_signature.R,/Users/felix/Documents/Sepsis_CrossCohort_scRNA/repository_release_v1/code/all_project_scripts/46_define_final_10_gene_signature.R,46_define_final_10_gene_signature.R,r,35753,0.034,GitHub and Zenodo
additional_files/Additional_file_4_DEG_candidate_selection_audit.xlsx,/Users/felix/Documents/Sepsis_CrossCohort_scRNA/repository_release_v1/additional_files/Additional_file_4_DEG_candidate_selection_audit.xlsx,Additional_file_4_DEG_candidate_selection_audit.xlsx,xlsx,34220,0.033,GitHub and Zenodo
frozen_results/audit_outputs/DEG_candidate_selection_methods_audit_48c/T48c_DEG_candidate_selection_final_workbook.xlsx,/Users/felix/Documents/Sepsis_CrossCohort_scRNA/repository_release_v1/frozen_results/audit_outputs/DEG_candidate_selection_methods_audit_48c/T48c_DEG_candidate_selection_final_workbook.xlsx,T48c_DEG_candidate_selection_final_workbook.xlsx,xlsx,34220,0.033,GitHub and Zenodo
frozen_results/audit_outputs/final_freeze/figures/qc_bulk/F05G_PCA_combat_by_dataset.pdf,/Users/felix/Documents/Sepsis_CrossCohort_scRNA/repository_release_v1/frozen_results/audit_outputs/final_freeze/figures/qc_bulk/F05G_PCA_combat_by_dataset.pdf,F05G_PCA_combat_by_dataset.pdf,pdf,33972,0.032,GitHub and Zenodo
frozen_results/audit_outputs/final_freeze/figures/qc_bulk/F05H_PCA_combat_by_group.pdf,/Users/felix/Documents/Sepsis_CrossCohort_scRNA/repository_release_v1/frozen_results/audit_outputs/final_freeze/figures/qc_bulk/F05H_PCA_combat_by_group.pdf,F05H_PCA_combat_by_group.pdf,pdf,33647,0.032,GitHub and Zenodo
frozen_results/figures/qc_bulk/F05G_PCA_combat_by_dataset.pdf,/Users/felix/Documents/Sepsis_CrossCohort_scRNA/repository_release_v1/frozen_results/figures/qc_bulk/F05G_PCA_combat_by_dataset.pdf,F05G_PCA_combat_by_dataset.pdf,pdf,33972,0.032,GitHub and Zenodo
frozen_results/figures/qc_bulk/F05H_PCA_combat_by_group.pdf,/Users/felix/Documents/Sepsis_CrossCohort_scRNA/repository_release_v1/frozen_results/figures/qc_bulk/F05H_PCA_combat_by_group.pdf,F05H_PCA_combat_by_group.pdf,pdf,33647,0.032,GitHub and Zenodo
code/17_nested_LODO_calibration_threshold_DCA.R,/Users/felix/Documents/Sepsis_CrossCohort_scRNA/repository_release_v1/code/17_nested_LODO_calibration_threshold_DCA.R,17_nested_LODO_calibration_threshold_DCA.R,r,32797,0.031,GitHub and Zenodo
code/46c_define_signature_from_forced_sources.R,/Users/felix/Documents/Sepsis_CrossCohort_scRNA/repository_release_v1/code/46c_define_signature_from_forced_sources.R,46c_define_signature_from_forced_sources.R,r,32371,0.031,GitHub and Zenodo
code/all_project_scripts/17_nested_LODO_calibration_threshold_DCA.R,/Users/felix/Documents/Sepsis_CrossCohort_scRNA/repository_release_v1/code/all_project_scripts/17_nested_LODO_calibration_threshold_DCA.R,17_nested_LODO_calibration_threshold_DCA.R,r,32797,0.031,GitHub and Zenodo
code/all_project_scripts/46c_define_signature_from_forced_sources.R,/Users/felix/Documents/Sepsis_CrossCohort_scRNA/repository_release_v1/code/all_project_scripts/46c_define_signature_from_forced_sources.R,46c_define_signature_from_forced_sources.R,r,32371,0.031,GitHub and Zenodo
frozen_results/audit_outputs/final_freeze/figures/qc_bulk/F05E_PCA_unadjusted_by_dataset.pdf,/Users/felix/Documents/Sepsis_CrossCohort_scRNA/repository_release_v1/frozen_results/audit_outputs/final_freeze/figures/qc_bulk/F05E_PCA_unadjusted_by_dataset.pdf,F05E_PCA_unadjusted_by_dataset.pdf,pdf,32788,0.031,GitHub and Zenodo
frozen_results/audit_outputs/final_freeze/figures/qc_bulk/F05F_PCA_unadjusted_by_group.pdf,/Users/felix/Documents/Sepsis_CrossCohort_scRNA/repository_release_v1/frozen_results/audit_outputs/final_freeze/figures/qc_bulk/F05F_PCA_unadjusted_by_group.pdf,F05F_PCA_unadjusted_by_group.pdf,pdf,32422,0.031,GitHub and Zenodo
frozen_results/audit_outputs/final_freeze/figures/single_cell/F19A_UMAP_celltype_annotation.pdf,/Users/felix/Documents/Sepsis_CrossCohort_scRNA/repository_release_v1/frozen_results/audit_outputs/final_freeze/figures/single_cell/F19A_UMAP_celltype_annotation.pdf,F19A_UMAP_celltype_annotation.pdf,pdf,32879,0.031,GitHub and Zenodo
frozen_results/audit_outputs/final_freeze/final_freeze_figure_copy_manifest.csv,/Users/felix/Documents/Sepsis_CrossCohort_scRNA/repository_release_v1/frozen_results/audit_outputs/final_freeze/final_freeze_figure_copy_manifest.csv,final_freeze_figure_copy_manifest.csv,csv,32559,0.031,GitHub and Zenodo
frozen_results/figures/qc_bulk/F05E_PCA_unadjusted_by_dataset.pdf,/Users/felix/Documents/Sepsis_CrossCohort_scRNA/repository_release_v1/frozen_results/figures/qc_bulk/F05E_PCA_unadjusted_by_dataset.pdf,F05E_PCA_unadjusted_by_dataset.pdf,pdf,32788,0.031,GitHub and Zenodo
frozen_results/figures/qc_bulk/F05F_PCA_unadjusted_by_group.pdf,/Users/felix/Documents/Sepsis_CrossCohort_scRNA/repository_release_v1/frozen_results/figures/qc_bulk/F05F_PCA_unadjusted_by_group.pdf,F05F_PCA_unadjusted_by_group.pdf,pdf,32422,0.031,GitHub and Zenodo
frozen_results/figures/single_cell/F19A_UMAP_celltype_annotation.pdf,/Users/felix/Documents/Sepsis_CrossCohort_scRNA/repository_release_v1/frozen_results/figures/single_cell/F19A_UMAP_celltype_annotation.pdf,F19A_UMAP_celltype_annotation.pdf,pdf,32879,0.031,GitHub and Zenodo
code/all_project_scripts/22_prepare_BMC_Genomics_manuscript_framework.R.R,/Users/felix/Documents/Sepsis_CrossCohort_scRNA/repository_release_v1/code/all_project_scripts/22_prepare_BMC_Genomics_manuscript_framework.R.R,22_prepare_BMC_Genomics_manuscript_framework.R.R,r,31266,0.03,GitHub and Zenodo
code/all_project_scripts/23_BMC_Genomics_methods_results_draft.R,/Users/felix/Documents/Sepsis_CrossCohort_scRNA/repository_release_v1/code/all_project_scripts/23_BMC_Genomics_methods_results_draft.R,23_BMC_Genomics_methods_results_draft.R,r,31053,0.03,GitHub and Zenodo
code/all_project_scripts/48_DEG_candidate_selection_methods_audit.R,/Users/felix/Documents/Sepsis_CrossCohort_scRNA/repository_release_v1/code/all_project_scripts/48_DEG_candidate_selection_methods_audit.R,48_DEG_candidate_selection_methods_audit.R,r,31016,0.03,GitHub and Zenodo
code/all_project_scripts/11_model_reporting_tables_and_figures.R,/Users/felix/Documents/Sepsis_CrossCohort_scRNA/repository_release_v1/code/all_project_scripts/11_model_reporting_tables_and_figures.R,11_model_reporting_tables_and_figures.R,r,30049,0.029,GitHub and Zenodo
code/all_project_scripts/16b_dataset_platform_classification_and_RNAseq_eligibility.R,/Users/felix/Documents/Sepsis_CrossCohort_scRNA/repository_release_v1/code/all_project_scripts/16b_dataset_platform_classification_and_RNAseq_eligibility.R,16b_dataset_platform_classification_and_RNAseq_eligibility.R,r,30480,0.029,GitHub and Zenodo
code/all_project_scripts/34_BMC_Genomics_final_submission_package_builder.R,/Users/felix/Documents/Sepsis_CrossCohort_scRNA/repository_release_v1/code/all_project_scripts/34_BMC_Genomics_final_submission_package_builder.R,34_BMC_Genomics_final_submission_package_builder.R,r,29970,0.029,GitHub and Zenodo
code/all_project_scripts/39_BMC_Genomics_major_revision_fig2_fig4_rebuild.R,/Users/felix/Documents/Sepsis_CrossCohort_scRNA/repository_release_v1/code/all_project_scripts/39_BMC_Genomics_major_revision_fig2_fig4_rebuild.R,39_BMC_Genomics_major_revision_fig2_fig4_rebuild.R,r,29808,0.028,GitHub and Zenodo
code/all_project_scripts/47_nested_LODO_methods_audit_package.R,/Users/felix/Documents/Sepsis_CrossCohort_scRNA/repository_release_v1/code/all_project_scripts/47_nested_LODO_methods_audit_package.R,47_nested_LODO_methods_audit_package.R,r,29174,0.028,GitHub and Zenodo
code/all_project_scripts/47b_force_extract_cv_weights_methods.R,/Users/felix/Documents/Sepsis_CrossCohort_scRNA/repository_release_v1/code/all_project_scripts/47b_force_extract_cv_weights_methods.R,47b_force_extract_cv_weights_methods.R,r,29322,0.028,GitHub and Zenodo
code/41_complete_Table1_bulk_GEO_background.R,/Users/felix/Documents/Sepsis_CrossCohort_scRNA/repository_release_v1/code/41_complete_Table1_bulk_GEO_background.R,41_complete_Table1_bulk_GEO_background.R,r,28029,0.027,GitHub and Zenodo
code/48c_force_finalize_DEG_candidate_thresholds.R,/Users/felix/Documents/Sepsis_CrossCohort_scRNA/repository_release_v1/code/48c_force_finalize_DEG_candidate_thresholds.R,48c_force_finalize_DEG_candidate_thresholds.R,r,28382,0.027,GitHub and Zenodo
code/all_project_scripts/20_update_manuscript_tables_and_results_after_nested_LODO_scRNA.R,/Users/felix/Documents/Sepsis_CrossCohort_scRNA/repository_release_v1/code/all_project_scripts/20_update_manuscript_tables_and_results_after_nested_LODO_scRNA.R,20_update_manuscript_tables_and_results_after_nested_LODO_scRNA.R,r,28661,0.027,GitHub and Zenodo
code/all_project_scripts/24_BMC_Genomics_background_discussion_draft.R,/Users/felix/Documents/Sepsis_CrossCohort_scRNA/repository_release_v1/code/all_project_scripts/24_BMC_Genomics_background_discussion_draft.R,24_BMC_Genomics_background_discussion_draft.R,r,28426,0.027,GitHub and Zenodo
code/all_project_scripts/30b_BMC_Genomics_submission_package_fix.R,/Users/felix/Documents/Sepsis_CrossCohort_scRNA/repository_release_v1/code/all_project_scripts/30b_BMC_Genomics_submission_package_fix.R,30b_BMC_Genomics_submission_package_fix.R,r,28149,0.027,GitHub and Zenodo
code/all_project_scripts/35_BMC_Genomics_final_upload_file_selector.R,/Users/felix/Documents/Sepsis_CrossCohort_scRNA/repository_release_v1/code/all_project_scripts/35_BMC_Genomics_final_upload_file_selector.R,35_BMC_Genomics_final_upload_file_selector.R,r,28518,0.027,GitHub and Zenodo
code/all_project_scripts/48b_finalize_DEG_candidate_selection_methods.R,/Users/felix/Documents/Sepsis_CrossCohort_scRNA/repository_release_v1/code/all_project_scripts/48b_finalize_DEG_candidate_selection_methods.R,48b_finalize_DEG_candidate_selection_methods.R,r,28356,0.027,GitHub and Zenodo
code/all_project_scripts/48c_force_finalize_DEG_candidate_thresholds.R,/Users/felix/Documents/Sepsis_CrossCohort_scRNA/repository_release_v1/code/all_project_scripts/48c_force_finalize_DEG_candidate_thresholds.R,48c_force_finalize_DEG_candidate_thresholds.R,r,28382,0.027,GitHub and Zenodo
code/all_project_scripts/49_prepare_repository_release_v1.R,/Users/felix/Documents/Sepsis_CrossCohort_scRNA/repository_release_v1/code/all_project_scripts/49_prepare_repository_release_v1.R,49_prepare_repository_release_v1.R,r,28263,0.027,GitHub and Zenodo
frozen_results/audit_outputs/final_freeze/final_freeze_summary_workbook.xlsx,/Users/felix/Documents/Sepsis_CrossCohort_scRNA/repository_release_v1/frozen_results/audit_outputs/final_freeze/final_freeze_summary_workbook.xlsx,final_freeze_summary_workbook.xlsx,xlsx,28592,0.027,GitHub and Zenodo
code/all_project_scripts/36_BMC_Genomics_final_figures_and_supplements_builder.R,/Users/felix/Documents/Sepsis_CrossCohort_scRNA/repository_release_v1/code/all_project_scripts/36_BMC_Genomics_final_figures_and_supplements_builder.R,36_BMC_Genomics_final_figures_and_supplements_builder.R,r,27674,0.026,GitHub and Zenodo
frozen_results/audit_outputs/single_cell/T18a_metadata_candidate_files.csv,/Users/felix/Documents/Sepsis_CrossCohort_scRNA/repository_release_v1/frozen_results/audit_outputs/single_cell/T18a_metadata_candidate_files.csv,T18a_metadata_candidate_files.csv,csv,26448,0.025,GitHub and Zenodo
code/all_project_scripts/29_BMC_Genomics_table_figure_caption_draft.R.R,/Users/felix/Documents/Sepsis_CrossCohort_scRNA/repository_release_v1/code/all_project_scripts/29_BMC_Genomics_table_figure_caption_draft.R.R,29_BMC_Genomics_table_figure_caption_draft.R.R,r,25307,0.024,GitHub and Zenodo
code/all_project_scripts/30_BMC_Genomics_submission_package_check.R,/Users/felix/Documents/Sepsis_CrossCohort_scRNA/repository_release_v1/code/all_project_scripts/30_BMC_Genomics_submission_package_check.R,30_BMC_Genomics_submission_package_check.R,r,24925,0.024,GitHub and Zenodo
code/05_DEG_QC_and_visualization.R,/Users/felix/Documents/Sepsis_CrossCohort_scRNA/repository_release_v1/code/05_DEG_QC_and_visualization.R,05_DEG_QC_and_visualization.R,r,23881,0.023,GitHub and Zenodo
code/08_LODO_diagnostic_modeling.R,/Users/felix/Documents/Sepsis_CrossCohort_scRNA/repository_release_v1/code/08_LODO_diagnostic_modeling.R,08_LODO_diagnostic_modeling.R,r,24084,0.023,GitHub and Zenodo
code/all_project_scripts/05_DEG_QC_and_visualization.R,/Users/felix/Documents/Sepsis_CrossCohort_scRNA/repository_release_v1/code/all_project_scripts/05_DEG_QC_and_visualization.R,05_DEG_QC_and_visualization.R,r,23881,0.023,GitHub and Zenodo
code/all_project_scripts/08_LODO_diagnostic_modeling.R,/Users/felix/Documents/Sepsis_CrossCohort_scRNA/repository_release_v1/code/all_project_scripts/08_LODO_diagnostic_modeling.R,08_LODO_diagnostic_modeling.R,r,24084,0.023,GitHub and Zenodo
code/all_project_scripts/19_scRNA_signature_localization_module_score.R,/Users/felix/Documents/Sepsis_CrossCohort_scRNA/repository_release_v1/code/all_project_scripts/19_scRNA_signature_localization_module_score.R,19_scRNA_signature_localization_module_score.R,r,24189,0.023,GitHub and Zenodo
code/all_project_scripts/20_freeze_final_results_and_tables.R,/Users/felix/Documents/Sepsis_CrossCohort_scRNA/repository_release_v1/code/all_project_scripts/20_freeze_final_results_and_tables.R,20_freeze_final_results_and_tables.R,r,24624,0.023,GitHub and Zenodo
code/all_project_scripts/15b_update_cohort_control_type_eligibility_table.R,/Users/felix/Documents/Sepsis_CrossCohort_scRNA/repository_release_v1/code/all_project_scripts/15b_update_cohort_control_type_eligibility_table.R,15b_update_cohort_control_type_eligibility_table.R,r,22994,0.022,GitHub and Zenodo
code/all_project_scripts/32_BMC_Genomics_manual_fields_completion_plan.R.R,/Users/felix/Documents/Sepsis_CrossCohort_scRNA/repository_release_v1/code/all_project_scripts/32_BMC_Genomics_manual_fields_completion_plan.R.R,32_BMC_Genomics_manual_fields_completion_plan.R.R,r,22862,0.022,GitHub and Zenodo
code/all_project_scripts/21_final_sanity_check_before_manuscript.R,/Users/felix/Documents/Sepsis_CrossCohort_scRNA/repository_release_v1/code/all_project_scripts/21_final_sanity_check_before_manuscript.R,21_final_sanity_check_before_manuscript.R,r,22255,0.021,GitHub and Zenodo
code/all_project_scripts/28_BMC_Genomics_language_and_claim_polish.R.R,/Users/felix/Documents/Sepsis_CrossCohort_scRNA/repository_release_v1/code/all_project_scripts/28_BMC_Genomics_language_and_claim_polish.R.R,28_BMC_Genomics_language_and_claim_polish.R.R,r,22528,0.021,GitHub and Zenodo
code/all_project_scripts/33_BMC_Genomics_final_submission_check_after_manual_edit.R,/Users/felix/Documents/Sepsis_CrossCohort_scRNA/repository_release_v1/code/all_project_scripts/33_BMC_Genomics_final_submission_check_after_manual_edit.R,33_BMC_Genomics_final_submission_check_after_manual_edit.R,r,22108,0.021,GitHub and Zenodo
code/all_project_scripts/47c_force_trace_foldid_lambda_methods.R,/Users/felix/Documents/Sepsis_CrossCohort_scRNA/repository_release_v1/code/all_project_scripts/47c_force_trace_foldid_lambda_methods.R,47c_force_trace_foldid_lambda_methods.R,r,21573,0.021,GitHub and Zenodo
frozen_results/audit_outputs/final_freeze/final_freeze_figure_inventory.csv,/Users/felix/Documents/Sepsis_CrossCohort_scRNA/repository_release_v1/frozen_results/audit_outputs/final_freeze/final_freeze_figure_inventory.csv,final_freeze_figure_inventory.csv,csv,21678,0.021,GitHub and Zenodo
code/10_final_compact_model_training.R,/Users/felix/Documents/Sepsis_CrossCohort_scRNA/repository_release_v1/code/10_final_compact_model_training.R,10_final_compact_model_training.R,r,21120,0.02,GitHub and Zenodo
code/46d_finalize_signature_text_package.R,/Users/felix/Documents/Sepsis_CrossCohort_scRNA/repository_release_v1/code/46d_finalize_signature_text_package.R,46d_finalize_signature_text_package.R,r,21052,0.02,GitHub and Zenodo
code/all_project_scripts/10_final_compact_model_training.R,/Users/felix/Documents/Sepsis_CrossCohort_scRNA/repository_release_v1/code/all_project_scripts/10_final_compact_model_training.R,10_final_compact_model_training.R,r,21120,0.02,GitHub and Zenodo
code/all_project_scripts/39_check_nested_lodo_model_algorithm.R,/Users/felix/Documents/Sepsis_CrossCohort_scRNA/repository_release_v1/code/all_project_scripts/39_check_nested_lodo_model_algorithm.R,39_check_nested_lodo_model_algorithm.R,r,21281,0.02,GitHub and Zenodo
code/all_project_scripts/46d_finalize_signature_text_package.R,/Users/felix/Documents/Sepsis_CrossCohort_scRNA/repository_release_v1/code/all_project_scripts/46d_finalize_signature_text_package.R,46d_finalize_signature_text_package.R,r,21052,0.02,GitHub and Zenodo
code/all_project_scripts/15_cohort_control_type_eligibility_table.R,/Users/felix/Documents/Sepsis_CrossCohort_scRNA/repository_release_v1/code/all_project_scripts/15_cohort_control_type_eligibility_table.R,15_cohort_control_type_eligibility_table.R,r,20228,0.019,GitHub and Zenodo
code/all_project_scripts/33b_BMC_Genomics_final_submission_check_fix.R,/Users/felix/Documents/Sepsis_CrossCohort_scRNA/repository_release_v1/code/all_project_scripts/33b_BMC_Genomics_final_submission_check_fix.R,33b_BMC_Genomics_final_submission_check_fix.R,r,19523,0.019,GitHub and Zenodo
code/all_project_scripts/38_BMC_Genomics_final_visual_and_upload_checklist.R,/Users/felix/Documents/Sepsis_CrossCohort_scRNA/repository_release_v1/code/all_project_scripts/38_BMC_Genomics_final_visual_and_upload_checklist.R,38_BMC_Genomics_final_visual_and_upload_checklist.R,r,20166,0.019,GitHub and Zenodo
code/all_project_scripts/46b_locate_definitive_signature_sources.R,/Users/felix/Documents/Sepsis_CrossCohort_scRNA/repository_release_v1/code/all_project_scripts/46b_locate_definitive_signature_sources.R,46b_locate_definitive_signature_sources.R,r,20397,0.019,GitHub and Zenodo
code/07_candidate_gene_selection_preparation.R,/Users/felix/Documents/Sepsis_CrossCohort_scRNA/repository_release_v1/code/07_candidate_gene_selection_preparation.R,07_candidate_gene_selection_preparation.R,r,19113,0.018,GitHub and Zenodo
code/all_project_scripts/07_candidate_gene_selection_preparation.R,/Users/felix/Documents/Sepsis_CrossCohort_scRNA/repository_release_v1/code/all_project_scripts/07_candidate_gene_selection_preparation.R,07_candidate_gene_selection_preparation.R,r,19113,0.018,GitHub and Zenodo
code/all_project_scripts/16a_scan_local_RNAseq_files.R,/Users/felix/Documents/Sepsis_CrossCohort_scRNA/repository_release_v1/code/all_project_scripts/16a_scan_local_RNAseq_files.R,16a_scan_local_RNAseq_files.R,r,18829,0.018,GitHub and Zenodo
code/all_project_scripts/26_BMC_Genomics_citation_replacement_plan.R.R,/Users/felix/Documents/Sepsis_CrossCohort_scRNA/repository_release_v1/code/all_project_scripts/26_BMC_Genomics_citation_replacement_plan.R.R,26_BMC_Genomics_citation_replacement_plan.R.R,r,18700,0.018,GitHub and Zenodo
frozen_results/audit_outputs/single_cell/T18b_GSE167363_prepare_summary.xlsx,/Users/felix/Documents/Sepsis_CrossCohort_scRNA/repository_release_v1/frozen_results/audit_outputs/single_cell/T18b_GSE167363_prepare_summary.xlsx,T18b_GSE167363_prepare_summary.xlsx,xlsx,18429,0.018,GitHub and Zenodo
code/09_LODO_calibration_threshold_analysis.R,/Users/felix/Documents/Sepsis_CrossCohort_scRNA/repository_release_v1/code/09_LODO_calibration_threshold_analysis.R,09_LODO_calibration_threshold_analysis.R,r,18044,0.017,GitHub and Zenodo
code/42_finalize_Table1_for_BMC_Genomics.R,/Users/felix/Documents/Sepsis_CrossCohort_scRNA/repository_release_v1/code/42_finalize_Table1_for_BMC_Genomics.R,42_finalize_Table1_for_BMC_Genomics.R,r,17346,0.017,GitHub and Zenodo
code/47d_finalize_nested_LODO_methods_text.R,/Users/felix/Documents/Sepsis_CrossCohort_scRNA/repository_release_v1/code/47d_finalize_nested_LODO_methods_text.R,47d_finalize_nested_LODO_methods_text.R,r,17485,0.017,GitHub and Zenodo
code/all_project_scripts/06_functional_enrichment_GO_KEGG.R,/Users/felix/Documents/Sepsis_CrossCohort_scRNA/repository_release_v1/code/all_project_scripts/06_functional_enrichment_GO_KEGG.R,06_functional_enrichment_GO_KEGG.R,r,17531,0.017,GitHub and Zenodo
code/all_project_scripts/09_LODO_calibration_threshold_analysis.R,/Users/felix/Documents/Sepsis_CrossCohort_scRNA/repository_release_v1/code/all_project_scripts/09_LODO_calibration_threshold_analysis.R,09_LODO_calibration_threshold_analysis.R,r,18044,0.017,GitHub and Zenodo
code/all_project_scripts/18_prepare_scRNA_dataset.R,/Users/felix/Documents/Sepsis_CrossCohort_scRNA/repository_release_v1/code/all_project_scripts/18_prepare_scRNA_dataset.R,18_prepare_scRNA_dataset.R,r,18325,0.017,GitHub and Zenodo
code/all_project_scripts/18a_scan_local_scRNA_files.R,/Users/felix/Documents/Sepsis_CrossCohort_scRNA/repository_release_v1/code/all_project_scripts/18a_scan_local_scRNA_files.R,18a_scan_local_scRNA_files.R,r,17523,0.017,GitHub and Zenodo
code/all_project_scripts/27_BMC_Genomics_reference_insertion_v0.3.R,/Users/felix/Documents/Sepsis_CrossCohort_scRNA/repository_release_v1/code/all_project_scripts/27_BMC_Genomics_reference_insertion_v0.3.R,27_BMC_Genomics_reference_insertion_v0.3.R,r,17785,0.017,GitHub and Zenodo
code/all_project_scripts/42_finalize_Table1_for_BMC_Genomics.R,/Users/felix/Documents/Sepsis_CrossCohort_scRNA/repository_release_v1/code/all_project_scripts/42_finalize_Table1_for_BMC_Genomics.R,42_finalize_Table1_for_BMC_Genomics.R,r,17346,0.017,GitHub and Zenodo
code/all_project_scripts/47d_finalize_nested_LODO_methods_text.R,/Users/felix/Documents/Sepsis_CrossCohort_scRNA/repository_release_v1/code/all_project_scripts/47d_finalize_nested_LODO_methods_text.R,47d_finalize_nested_LODO_methods_text.R,r,17485,0.017,GitHub and Zenodo
frozen_results/audit_outputs/signature_definition_final_10_genes_46d/T46d_signature_text_package.docx,/Users/felix/Documents/Sepsis_CrossCohort_scRNA/repository_release_v1/frozen_results/audit_outputs/signature_definition_final_10_genes_46d/T46d_signature_text_package.docx,T46d_signature_text_package.docx,docx,17715,0.017,GitHub and Zenodo
additional_files/Additional_file_2_Table_S2_final_10_gene_signature.xlsx,/Users/felix/Documents/Sepsis_CrossCohort_scRNA/repository_release_v1/additional_files/Additional_file_2_Table_S2_final_10_gene_signature.xlsx,Additional_file_2_Table_S2_final_10_gene_signature.xlsx,xlsx,17267,0.016,GitHub and Zenodo
code/04_expression_annotation_merge_DEG.R,/Users/felix/Documents/Sepsis_CrossCohort_scRNA/repository_release_v1/code/04_expression_annotation_merge_DEG.R,04_expression_annotation_merge_DEG.R,r,16385,0.016,GitHub and Zenodo
code/07b_candidate_gene_refinement_for_modeling.R,/Users/felix/Documents/Sepsis_CrossCohort_scRNA/repository_release_v1/code/07b_candidate_gene_refinement_for_modeling.R,07b_candidate_gene_refinement_for_modeling.R,r,16495,0.016,GitHub and Zenodo
code/43_cleanup_Table1_manuscript_language.R,/Users/felix/Documents/Sepsis_CrossCohort_scRNA/repository_release_v1/code/43_cleanup_Table1_manuscript_language.R,43_cleanup_Table1_manuscript_language.R,r,17084,0.016,GitHub and Zenodo
code/all_project_scripts/04_expression_annotation_merge_DEG.R,/Users/felix/Documents/Sepsis_CrossCohort_scRNA/repository_release_v1/code/all_project_scripts/04_expression_annotation_merge_DEG.R,04_expression_annotation_merge_DEG.R,r,16385,0.016,GitHub and Zenodo
code/all_project_scripts/07b_candidate_gene_refinement_for_modeling.R,/Users/felix/Documents/Sepsis_CrossCohort_scRNA/repository_release_v1/code/all_project_scripts/07b_candidate_gene_refinement_for_modeling.R,07b_candidate_gene_refinement_for_modeling.R,r,16495,0.016,GitHub and Zenodo
code/all_project_scripts/28b_BMC_Genomics_language_claim_fix.R,/Users/felix/Documents/Sepsis_CrossCohort_scRNA/repository_release_v1/code/all_project_scripts/28b_BMC_Genomics_language_claim_fix.R,28b_BMC_Genomics_language_claim_fix.R,r,16437,0.016,GitHub and Zenodo
code/all_project_scripts/31_BMC_Genomics_markdown_to_word_export.R,/Users/felix/Documents/Sepsis_CrossCohort_scRNA/repository_release_v1/code/all_project_scripts/31_BMC_Genomics_markdown_to_word_export.R,31_BMC_Genomics_markdown_to_word_export.R,r,17176,0.016,GitHub and Zenodo
code/all_project_scripts/40_restore_after_rstudio_closed.R.R,/Users/felix/Documents/Sepsis_CrossCohort_scRNA/repository_release_v1/code/all_project_scripts/40_restore_after_rstudio_closed.R.R,40_restore_after_rstudio_closed.R.R,r,16649,0.016,GitHub and Zenodo
code/all_project_scripts/43_cleanup_Table1_manuscript_language.R,/Users/felix/Documents/Sepsis_CrossCohort_scRNA/repository_release_v1/code/all_project_scripts/43_cleanup_Table1_manuscript_language.R,43_cleanup_Table1_manuscript_language.R,r,17084,0.016,GitHub and Zenodo
frozen_results/audit_outputs/DEG_candidate_selection_methods_audit_48c/T48c_DEG_candidate_selection_final_text.docx,/Users/felix/Documents/Sepsis_CrossCohort_scRNA/repository_release_v1/frozen_results/audit_outputs/DEG_candidate_selection_methods_audit_48c/T48c_DEG_candidate_selection_final_text.docx,T48c_DEG_candidate_selection_final_text.docx,docx,16348,0.016,GitHub and Zenodo
frozen_results/audit_outputs/final_freeze/figures/qc_bulk/F05J_density_combat_by_dataset.pdf,/Users/felix/Documents/Sepsis_CrossCohort_scRNA/repository_release_v1/frozen_results/audit_outputs/final_freeze/figures/qc_bulk/F05J_density_combat_by_dataset.pdf,F05J_density_combat_by_dataset.pdf,pdf,16578,0.016,GitHub and Zenodo
frozen_results/audit_outputs/nested_LODO_methods_audit_47d/T47d_nested_LODO_methods_final_text.docx,/Users/felix/Documents/Sepsis_CrossCohort_scRNA/repository_release_v1/frozen_results/audit_outputs/nested_LODO_methods_audit_47d/T47d_nested_LODO_methods_final_text.docx,T47d_nested_LODO_methods_final_text.docx,docx,16652,0.016,GitHub and Zenodo
frozen_results/audit_outputs/signature_definition_final_10_genes_46c/T46c_final_10_gene_signature_workbook.xlsx,/Users/felix/Documents/Sepsis_CrossCohort_scRNA/repository_release_v1/frozen_results/audit_outputs/signature_definition_final_10_genes_46c/T46c_final_10_gene_signature_workbook.xlsx,T46c_final_10_gene_signature_workbook.xlsx,xlsx,17267,0.016,GitHub and Zenodo
frozen_results/audit_outputs/single_cell/T19_scRNA_cluster_marker_scores.csv,/Users/felix/Documents/Sepsis_CrossCohort_scRNA/repository_release_v1/frozen_results/audit_outputs/single_cell/T19_scRNA_cluster_marker_scores.csv,T19_scRNA_cluster_marker_scores.csv,csv,16839,0.016,GitHub and Zenodo
frozen_results/figures/qc_bulk/F05J_density_combat_by_dataset.pdf,/Users/felix/Documents/Sepsis_CrossCohort_scRNA/repository_release_v1/frozen_results/figures/qc_bulk/F05J_density_combat_by_dataset.pdf,F05J_density_combat_by_dataset.pdf,pdf,16578,0.016,GitHub and Zenodo
code/05b_outlier_sensitivity_DEG.R,/Users/felix/Documents/Sepsis_CrossCohort_scRNA/repository_release_v1/code/05b_outlier_sensitivity_DEG.R,05b_outlier_sensitivity_DEG.R,r,15914,0.015,GitHub and Zenodo
code/44_make_Table1_main_text_compact.R,/Users/felix/Documents/Sepsis_CrossCohort_scRNA/repository_release_v1/code/44_make_Table1_main_text_compact.R,44_make_Table1_main_text_compact.R,r,15947,0.015,GitHub and Zenodo
code/45_make_Table1_insertion_package.R,/Users/felix/Documents/Sepsis_CrossCohort_scRNA/repository_release_v1/code/45_make_Table1_insertion_package.R,45_make_Table1_insertion_package.R,r,15871,0.015,GitHub and Zenodo
code/all_project_scripts/05b_outlier_sensitivity_DEG.R,/Users/felix/Documents/Sepsis_CrossCohort_scRNA/repository_release_v1/code/all_project_scripts/05b_outlier_sensitivity_DEG.R,05b_outlier_sensitivity_DEG.R,r,15914,0.015,GitHub and Zenodo
code/all_project_scripts/18b_download_or_prepare_GSE167363_scRNA.R,/Users/felix/Documents/Sepsis_CrossCohort_scRNA/repository_release_v1/code/all_project_scripts/18b_download_or_prepare_GSE167363_scRNA.R,18b_download_or_prepare_GSE167363_scRNA.R,r,15531,0.015,GitHub and Zenodo
code/all_project_scripts/25_BMC_Genomics_full_manuscript_assembly.R.R,/Users/felix/Documents/Sepsis_CrossCohort_scRNA/repository_release_v1/code/all_project_scripts/25_BMC_Genomics_full_manuscript_assembly.R.R,25_BMC_Genomics_full_manuscript_assembly.R.R,r,15426,0.015,GitHub and Zenodo
code/all_project_scripts/44_make_Table1_main_text_compact.R,/Users/felix/Documents/Sepsis_CrossCohort_scRNA/repository_release_v1/code/all_project_scripts/44_make_Table1_main_text_compact.R,44_make_Table1_main_text_compact.R,r,15947,0.015,GitHub and Zenodo
code/all_project_scripts/45_make_Table1_insertion_package.R,/Users/felix/Documents/Sepsis_CrossCohort_scRNA/repository_release_v1/code/all_project_scripts/45_make_Table1_insertion_package.R,45_make_Table1_insertion_package.R,r,15871,0.015,GitHub and Zenodo
frozen_results/audit_outputs/final_freeze/figures/qc_bulk/F05I_density_unadjusted_by_dataset.pdf,/Users/felix/Documents/Sepsis_CrossCohort_scRNA/repository_release_v1/frozen_results/audit_outputs/final_freeze/figures/qc_bulk/F05I_density_unadjusted_by_dataset.pdf,F05I_density_unadjusted_by_dataset.pdf,pdf,15275,0.015,GitHub and Zenodo
frozen_results/audit_outputs/final_freeze/tables/T21_sanity_workbook_T21_final_sanity_check_summary.xlsx,/Users/felix/Documents/Sepsis_CrossCohort_scRNA/repository_release_v1/frozen_results/audit_outputs/final_freeze/tables/T21_sanity_workbook_T21_final_sanity_check_summary.xlsx,T21_sanity_workbook_T21_final_sanity_check_summary.xlsx,xlsx,15921,0.015,GitHub and Zenodo
frozen_results/audit_outputs/nested_LODO/T14_nested_LODO_fold_candidate_genes.csv,/Users/felix/Documents/Sepsis_CrossCohort_scRNA/repository_release_v1/frozen_results/audit_outputs/nested_LODO/T14_nested_LODO_fold_candidate_genes.csv,T14_nested_LODO_fold_candidate_genes.csv,csv,16207,0.015,GitHub and Zenodo
frozen_results/audit_outputs/signature_definition_final_10_genes_46c/T46c_final_10_gene_signature_definition.docx,/Users/felix/Documents/Sepsis_CrossCohort_scRNA/repository_release_v1/frozen_results/audit_outputs/signature_definition_final_10_genes_46c/T46c_final_10_gene_signature_definition.docx,T46c_final_10_gene_signature_definition.docx,docx,15814,0.015,GitHub and Zenodo
frozen_results/audit_outputs/table1_insertion_package_for_BMC_Genomics/T45_Table1_insertion_text.docx,/Users/felix/Documents/Sepsis_CrossCohort_scRNA/repository_release_v1/frozen_results/audit_outputs/table1_insertion_package_for_BMC_Genomics/T45_Table1_insertion_text.docx,T45_Table1_insertion_text.docx,docx,15919,0.015,GitHub and Zenodo
frozen_results/figures/qc_bulk/F05I_density_unadjusted_by_dataset.pdf,/Users/felix/Documents/Sepsis_CrossCohort_scRNA/repository_release_v1/frozen_results/figures/qc_bulk/F05I_density_unadjusted_by_dataset.pdf,F05I_density_unadjusted_by_dataset.pdf,pdf,15275,0.015,GitHub and Zenodo
code/all_project_scripts/13_export_manuscript_to_word.R,/Users/felix/Documents/Sepsis_CrossCohort_scRNA/repository_release_v1/code/all_project_scripts/13_export_manuscript_to_word.R,13_export_manuscript_to_word.R,r,14824,0.014,GitHub and Zenodo
frozen_results/audit_outputs/table1_compact_for_BMC_Genomics/T44_Table1_BMC_Genomics_compact_workbook.xlsx,/Users/felix/Documents/Sepsis_CrossCohort_scRNA/repository_release_v1/frozen_results/audit_outputs/table1_compact_for_BMC_Genomics/T44_Table1_BMC_Genomics_compact_workbook.xlsx,T44_Table1_BMC_Genomics_compact_workbook.xlsx,xlsx,14312,0.014,GitHub and Zenodo
frozen_results/audit_outputs/table1_compact_for_BMC_Genomics/T44_Table1_BMC_Genomics_main_text_compact.docx,/Users/felix/Documents/Sepsis_CrossCohort_scRNA/repository_release_v1/frozen_results/audit_outputs/table1_compact_for_BMC_Genomics/T44_Table1_BMC_Genomics_main_text_compact.docx,T44_Table1_BMC_Genomics_main_text_compact.docx,docx,15001,0.014,GitHub and Zenodo
frozen_results/audit_outputs/table1_insertion_package_for_BMC_Genomics/T45_Table1_insertion_package_workbook.xlsx,/Users/felix/Documents/Sepsis_CrossCohort_scRNA/repository_release_v1/frozen_results/audit_outputs/table1_insertion_package_for_BMC_Genomics/T45_Table1_insertion_package_workbook.xlsx,T45_Table1_insertion_package_workbook.xlsx,xlsx,14166,0.014,GitHub and Zenodo
frozen_results/audit_outputs/final_freeze/tables/T16b_eligibility_T16b_RNAseq_eligibility_table.csv,/Users/felix/Documents/Sepsis_CrossCohort_scRNA/repository_release_v1/frozen_results/audit_outputs/final_freeze/tables/T16b_eligibility_T16b_RNAseq_eligibility_table.csv,T16b_eligibility_T16b_RNAseq_eligibility_table.csv,csv,13831,0.013,GitHub and Zenodo
frozen_results/audit_outputs/signature_definition_final_10_genes_46c/T46c_signature_definition_insertion_text.docx,/Users/felix/Documents/Sepsis_CrossCohort_scRNA/repository_release_v1/frozen_results/audit_outputs/signature_definition_final_10_genes_46c/T46c_signature_definition_insertion_text.docx,T46c_signature_definition_insertion_text.docx,docx,13524,0.013,GitHub and Zenodo
code/02_harmonize_core_phenotype_sepsis_control.R,/Users/felix/Documents/Sepsis_CrossCohort_scRNA/repository_release_v1/code/02_harmonize_core_phenotype_sepsis_control.R,02_harmonize_core_phenotype_sepsis_control.R,r,12557,0.012,GitHub and Zenodo
code/all_project_scripts/02_harmonize_core_phenotype_sepsis_control.R,/Users/felix/Documents/Sepsis_CrossCohort_scRNA/repository_release_v1/code/all_project_scripts/02_harmonize_core_phenotype_sepsis_control.R,02_harmonize_core_phenotype_sepsis_control.R,r,12557,0.012,GitHub and Zenodo
frozen_results/audit_outputs/signature_definition_final_10_genes_46d/T46d_signature_text_package_workbook.xlsx,/Users/felix/Documents/Sepsis_CrossCohort_scRNA/repository_release_v1/frozen_results/audit_outputs/signature_definition_final_10_genes_46d/T46d_signature_text_package_workbook.xlsx,T46d_signature_text_package_workbook.xlsx,xlsx,12487,0.012,GitHub and Zenodo
frozen_results/figures/final_model/F12A_final_model_cv_curve.pdf,/Users/felix/Documents/Sepsis_CrossCohort_scRNA/repository_release_v1/frozen_results/figures/final_model/F12A_final_model_cv_curve.pdf,F12A_final_model_cv_curve.pdf,pdf,12801,0.012,GitHub and Zenodo
frozen_results/figures/final_model/F12C_final_model_prediction_density.pdf,/Users/felix/Documents/Sepsis_CrossCohort_scRNA/repository_release_v1/frozen_results/figures/final_model/F12C_final_model_prediction_density.pdf,F12C_final_model_prediction_density.pdf,pdf,12603,0.012,GitHub and Zenodo
frozen_results/audit_outputs/final_freeze/figures/candidate_selection/F09C_refined_candidate_correlation_heatmap.pdf,/Users/felix/Documents/Sepsis_CrossCohort_scRNA/repository_release_v1/frozen_results/audit_outputs/final_freeze/figures/candidate_selection/F09C_refined_candidate_correlation_heatmap.pdf,F09C_refined_candidate_correlation_heatmap.pdf,pdf,11437,0.011,GitHub and Zenodo
frozen_results/audit_outputs/final_freeze/figures/dca/F17G_DCA_by_dataset.pdf,/Users/felix/Documents/Sepsis_CrossCohort_scRNA/repository_release_v1/frozen_results/audit_outputs/final_freeze/figures/dca/F17G_DCA_by_dataset.pdf,F17G_DCA_by_dataset.pdf,pdf,12033,0.011,GitHub and Zenodo
frozen_results/audit_outputs/final_freeze/figures/single_cell/F19F_signature_gene_dotplot_by_celltype.pdf,/Users/felix/Documents/Sepsis_CrossCohort_scRNA/repository_release_v1/frozen_results/audit_outputs/final_freeze/figures/single_cell/F19F_signature_gene_dotplot_by_celltype.pdf,F19F_signature_gene_dotplot_by_celltype.pdf,pdf,11944,0.011,GitHub and Zenodo
frozen_results/audit_outputs/single_cell/T18b_GSE167363_10x_file_inventory.csv,/Users/felix/Documents/Sepsis_CrossCohort_scRNA/repository_release_v1/frozen_results/audit_outputs/single_cell/T18b_GSE167363_10x_file_inventory.csv,T18b_GSE167363_10x_file_inventory.csv,csv,11387,0.011,GitHub and Zenodo
frozen_results/audit_outputs/single_cell/T18c_GSE167363_reorganize_summary.xlsx,/Users/felix/Documents/Sepsis_CrossCohort_scRNA/repository_release_v1/frozen_results/audit_outputs/single_cell/T18c_GSE167363_reorganize_summary.xlsx,T18c_GSE167363_reorganize_summary.xlsx,xlsx,11408,0.011,GitHub and Zenodo
frozen_results/figures/candidate_selection/F09C_refined_candidate_correlation_heatmap.pdf,/Users/felix/Documents/Sepsis_CrossCohort_scRNA/repository_release_v1/frozen_results/figures/candidate_selection/F09C_refined_candidate_correlation_heatmap.pdf,F09C_refined_candidate_correlation_heatmap.pdf,pdf,11437,0.011,GitHub and Zenodo
frozen_results/figures/dca/F17G_DCA_by_dataset.pdf,/Users/felix/Documents/Sepsis_CrossCohort_scRNA/repository_release_v1/frozen_results/figures/dca/F17G_DCA_by_dataset.pdf,F17G_DCA_by_dataset.pdf,pdf,12033,0.011,GitHub and Zenodo
frozen_results/figures/single_cell/F19F_signature_gene_dotplot_by_celltype.pdf,/Users/felix/Documents/Sepsis_CrossCohort_scRNA/repository_release_v1/frozen_results/figures/single_cell/F19F_signature_gene_dotplot_by_celltype.pdf,F19F_signature_gene_dotplot_by_celltype.pdf,pdf,11944,0.011,GitHub and Zenodo
frozen_results/audit_outputs/candidate_selection/T07_refined_candidate_correlation_matrix.csv,/Users/felix/Documents/Sepsis_CrossCohort_scRNA/repository_release_v1/frozen_results/audit_outputs/candidate_selection/T07_refined_candidate_correlation_matrix.csv,T07_refined_candidate_correlation_matrix.csv,csv,10954,0.01,GitHub and Zenodo
code/all_project_scripts/30d_BMC_Genomics_declarations_heading_fix.R,/Users/felix/Documents/Sepsis_CrossCohort_scRNA/repository_release_v1/code/all_project_scripts/30d_BMC_Genomics_declarations_heading_fix.R,30d_BMC_Genomics_declarations_heading_fix.R,r,9508,0.009,GitHub and Zenodo
frozen_results/audit_outputs/final_freeze/figures/qc_bulk/F05K_density_combat_by_group.pdf,/Users/felix/Documents/Sepsis_CrossCohort_scRNA/repository_release_v1/frozen_results/audit_outputs/final_freeze/figures/qc_bulk/F05K_density_combat_by_group.pdf,F05K_density_combat_by_group.pdf,pdf,9585,0.009,GitHub and Zenodo
frozen_results/audit_outputs/final_freeze/final_freeze_file_copy_manifest.csv,/Users/felix/Documents/Sepsis_CrossCohort_scRNA/repository_release_v1/frozen_results/audit_outputs/final_freeze/final_freeze_file_copy_manifest.csv,final_freeze_file_copy_manifest.csv,csv,8965,0.009,GitHub and Zenodo
frozen_results/figures/model_validation/F11A_LODO_calibration_by_dataset.pdf,/Users/felix/Documents/Sepsis_CrossCohort_scRNA/repository_release_v1/frozen_results/figures/model_validation/F11A_LODO_calibration_by_dataset.pdf,F11A_LODO_calibration_by_dataset.pdf,pdf,8935,0.009,GitHub and Zenodo
frozen_results/figures/qc_bulk/F05K_density_combat_by_group.pdf,/Users/felix/Documents/Sepsis_CrossCohort_scRNA/repository_release_v1/frozen_results/figures/qc_bulk/F05K_density_combat_by_group.pdf,F05K_density_combat_by_group.pdf,pdf,9585,0.009,GitHub and Zenodo
code/01b_parse_local_series_matrix_core.R,/Users/felix/Documents/Sepsis_CrossCohort_scRNA/repository_release_v1/code/01b_parse_local_series_matrix_core.R,01b_parse_local_series_matrix_core.R,r,8433,0.008,GitHub and Zenodo
code/all_project_scripts/01b_parse_local_series_matrix_core.R,/Users/felix/Documents/Sepsis_CrossCohort_scRNA/repository_release_v1/code/all_project_scripts/01b_parse_local_series_matrix_core.R,01b_parse_local_series_matrix_core.R,r,8433,0.008,GitHub and Zenodo
frozen_results/audit_outputs/final_freeze/figures/candidate_selection/F08C_top_candidate_gene_AUROC_heatmap.pdf,/Users/felix/Documents/Sepsis_CrossCohort_scRNA/repository_release_v1/frozen_results/audit_outputs/final_freeze/figures/candidate_selection/F08C_top_candidate_gene_AUROC_heatmap.pdf,F08C_top_candidate_gene_AUROC_heatmap.pdf,pdf,8864,0.008,GitHub and Zenodo
frozen_results/audit_outputs/final_freeze/figures/dca/F17C_calibration_by_dataset.pdf,/Users/felix/Documents/Sepsis_CrossCohort_scRNA/repository_release_v1/frozen_results/audit_outputs/final_freeze/figures/dca/F17C_calibration_by_dataset.pdf,F17C_calibration_by_dataset.pdf,pdf,8474,0.008,GitHub and Zenodo
frozen_results/audit_outputs/final_freeze/figures/enrichment/F07A_GO_BP_all_DEG_dotplot.pdf,/Users/felix/Documents/Sepsis_CrossCohort_scRNA/repository_release_v1/frozen_results/audit_outputs/final_freeze/figures/enrichment/F07A_GO_BP_all_DEG_dotplot.pdf,F07A_GO_BP_all_DEG_dotplot.pdf,pdf,8210,0.008,GitHub and Zenodo
frozen_results/audit_outputs/final_freeze/figures/enrichment/F07B_GO_BP_up_DEG_dotplot.pdf,/Users/felix/Documents/Sepsis_CrossCohort_scRNA/repository_release_v1/frozen_results/audit_outputs/final_freeze/figures/enrichment/F07B_GO_BP_up_DEG_dotplot.pdf,F07B_GO_BP_up_DEG_dotplot.pdf,pdf,8085,0.008,GitHub and Zenodo
frozen_results/audit_outputs/final_freeze/figures/enrichment/F07C_GO_BP_down_DEG_dotplot.pdf,/Users/felix/Documents/Sepsis_CrossCohort_scRNA/repository_release_v1/frozen_results/audit_outputs/final_freeze/figures/enrichment/F07C_GO_BP_down_DEG_dotplot.pdf,F07C_GO_BP_down_DEG_dotplot.pdf,pdf,8036,0.008,GitHub and Zenodo
frozen_results/audit_outputs/nested_LODO/fold_GSE236713/T14_fold_GSE236713_refined_candidate_genes.csv,/Users/felix/Documents/Sepsis_CrossCohort_scRNA/repository_release_v1/frozen_results/audit_outputs/nested_LODO/fold_GSE236713/T14_fold_GSE236713_refined_candidate_genes.csv,T14_fold_GSE236713_refined_candidate_genes.csv,csv,8068,0.008,GitHub and Zenodo
frozen_results/figures/candidate_selection/F08C_top_candidate_gene_AUROC_heatmap.pdf,/Users/felix/Documents/Sepsis_CrossCohort_scRNA/repository_release_v1/frozen_results/figures/candidate_selection/F08C_top_candidate_gene_AUROC_heatmap.pdf,F08C_top_candidate_gene_AUROC_heatmap.pdf,pdf,8864,0.008,GitHub and Zenodo
frozen_results/figures/dca/F17C_calibration_by_dataset.pdf,/Users/felix/Documents/Sepsis_CrossCohort_scRNA/repository_release_v1/frozen_results/figures/dca/F17C_calibration_by_dataset.pdf,F17C_calibration_by_dataset.pdf,pdf,8474,0.008,GitHub and Zenodo
frozen_results/figures/enrichment/F07A_GO_BP_all_DEG_dotplot.pdf,/Users/felix/Documents/Sepsis_CrossCohort_scRNA/repository_release_v1/frozen_results/figures/enrichment/F07A_GO_BP_all_DEG_dotplot.pdf,F07A_GO_BP_all_DEG_dotplot.pdf,pdf,8210,0.008,GitHub and Zenodo
frozen_results/figures/enrichment/F07B_GO_BP_up_DEG_dotplot.pdf,/Users/felix/Documents/Sepsis_CrossCohort_scRNA/repository_release_v1/frozen_results/figures/enrichment/F07B_GO_BP_up_DEG_dotplot.pdf,F07B_GO_BP_up_DEG_dotplot.pdf,pdf,8085,0.008,GitHub and Zenodo
frozen_results/figures/enrichment/F07C_GO_BP_down_DEG_dotplot.pdf,/Users/felix/Documents/Sepsis_CrossCohort_scRNA/repository_release_v1/frozen_results/figures/enrichment/F07C_GO_BP_down_DEG_dotplot.pdf,F07C_GO_BP_down_DEG_dotplot.pdf,pdf,8036,0.008,GitHub and Zenodo
additional_files/Additional_file_1_Table_S1_bulk_dataset_metadata.csv,/Users/felix/Documents/Sepsis_CrossCohort_scRNA/repository_release_v1/additional_files/Additional_file_1_Table_S1_bulk_dataset_metadata.csv,Additional_file_1_Table_S1_bulk_dataset_metadata.csv,csv,7392,0.007,GitHub and Zenodo
code/all_project_scripts/18c_reorganize_GSE167363_10x_MEX.R,/Users/felix/Documents/Sepsis_CrossCohort_scRNA/repository_release_v1/code/all_project_scripts/18c_reorganize_GSE167363_10x_MEX.R,18c_reorganize_GSE167363_10x_MEX.R,r,7711,0.007,GitHub and Zenodo
frozen_results/audit_outputs/final_freeze/figures/candidate_selection/F09D_refined_candidate_AUROC_heatmap.pdf,/Users/felix/Documents/Sepsis_CrossCohort_scRNA/repository_release_v1/frozen_results/audit_outputs/final_freeze/figures/candidate_selection/F09D_refined_candidate_AUROC_heatmap.pdf,F09D_refined_candidate_AUROC_heatmap.pdf,pdf,7841,0.007,GitHub and Zenodo
frozen_results/audit_outputs/final_freeze/figures/dca/F17B_pooled_nested_LODO_PR_curve.pdf,/Users/felix/Documents/Sepsis_CrossCohort_scRNA/repository_release_v1/frozen_results/audit_outputs/final_freeze/figures/dca/F17B_pooled_nested_LODO_PR_curve.pdf,F17B_pooled_nested_LODO_PR_curve.pdf,pdf,7555,0.007,GitHub and Zenodo
frozen_results/audit_outputs/final_freeze/figures/nested_LODO/F14A_nested_LODO_ROC_by_dataset.pdf,/Users/felix/Documents/Sepsis_CrossCohort_scRNA/repository_release_v1/frozen_results/audit_outputs/final_freeze/figures/nested_LODO/F14A_nested_LODO_ROC_by_dataset.pdf,F14A_nested_LODO_ROC_by_dataset.pdf,pdf,7087,0.007,GitHub and Zenodo
frozen_results/audit_outputs/final_freeze/figures/qc_bulk/F05L_sample_median_expression_combat_by_dataset.pdf,/Users/felix/Documents/Sepsis_CrossCohort_scRNA/repository_release_v1/frozen_results/audit_outputs/final_freeze/figures/qc_bulk/F05L_sample_median_expression_combat_by_dataset.pdf,F05L_sample_median_expression_combat_by_dataset.pdf,pdf,7217,0.007,GitHub and Zenodo
frozen_results/audit_outputs/final_freeze/figures/single_cell/F19H_signature_score_heatmap_by_cluster.pdf,/Users/felix/Documents/Sepsis_CrossCohort_scRNA/repository_release_v1/frozen_results/audit_outputs/final_freeze/figures/single_cell/F19H_signature_score_heatmap_by_cluster.pdf,F19H_signature_score_heatmap_by_cluster.pdf,pdf,6937,0.007,GitHub and Zenodo
frozen_results/audit_outputs/table1_compact_for_BMC_Genomics/T44_Table1_BMC_Genomics_additional_file_S1.csv,/Users/felix/Documents/Sepsis_CrossCohort_scRNA/repository_release_v1/frozen_results/audit_outputs/table1_compact_for_BMC_Genomics/T44_Table1_BMC_Genomics_additional_file_S1.csv,T44_Table1_BMC_Genomics_additional_file_S1.csv,csv,7392,0.007,GitHub and Zenodo
frozen_results/figures/candidate_selection/F09D_refined_candidate_AUROC_heatmap.pdf,/Users/felix/Documents/Sepsis_CrossCohort_scRNA/repository_release_v1/frozen_results/figures/candidate_selection/F09D_refined_candidate_AUROC_heatmap.pdf,F09D_refined_candidate_AUROC_heatmap.pdf,pdf,7841,0.007,GitHub and Zenodo
frozen_results/figures/dca/F17B_pooled_nested_LODO_PR_curve.pdf,/Users/felix/Documents/Sepsis_CrossCohort_scRNA/repository_release_v1/frozen_results/figures/dca/F17B_pooled_nested_LODO_PR_curve.pdf,F17B_pooled_nested_LODO_PR_curve.pdf,pdf,7555,0.007,GitHub and Zenodo
frozen_results/figures/model_validation/F10A_LODO_ROC_by_dataset.pdf,/Users/felix/Documents/Sepsis_CrossCohort_scRNA/repository_release_v1/frozen_results/figures/model_validation/F10A_LODO_ROC_by_dataset.pdf,F10A_LODO_ROC_by_dataset.pdf,pdf,7044,0.007,GitHub and Zenodo
frozen_results/figures/model_validation/F10B_LODO_PR_by_dataset.pdf,/Users/felix/Documents/Sepsis_CrossCohort_scRNA/repository_release_v1/frozen_results/figures/model_validation/F10B_LODO_PR_by_dataset.pdf,F10B_LODO_PR_by_dataset.pdf,pdf,7238,0.007,GitHub and Zenodo
frozen_results/figures/nested_LODO/F14A_nested_LODO_ROC_by_dataset.pdf,/Users/felix/Documents/Sepsis_CrossCohort_scRNA/repository_release_v1/frozen_results/figures/nested_LODO/F14A_nested_LODO_ROC_by_dataset.pdf,F14A_nested_LODO_ROC_by_dataset.pdf,pdf,7087,0.007,GitHub and Zenodo
frozen_results/figures/qc_bulk/F05L_sample_median_expression_combat_by_dataset.pdf,/Users/felix/Documents/Sepsis_CrossCohort_scRNA/repository_release_v1/frozen_results/figures/qc_bulk/F05L_sample_median_expression_combat_by_dataset.pdf,F05L_sample_median_expression_combat_by_dataset.pdf,pdf,7217,0.007,GitHub and Zenodo
frozen_results/figures/single_cell/F19H_signature_score_heatmap_by_cluster.pdf,/Users/felix/Documents/Sepsis_CrossCohort_scRNA/repository_release_v1/frozen_results/figures/single_cell/F19H_signature_score_heatmap_by_cluster.pdf,F19H_signature_score_heatmap_by_cluster.pdf,pdf,6937,0.007,GitHub and Zenodo
frozen_results/audit_outputs/candidate_selection/T07_refined_modeling_candidate_genes.csv,/Users/felix/Documents/Sepsis_CrossCohort_scRNA/repository_release_v1/frozen_results/audit_outputs/candidate_selection/T07_refined_modeling_candidate_genes.csv,T07_refined_modeling_candidate_genes.csv,csv,6437,0.006,GitHub and Zenodo
frozen_results/audit_outputs/final_freeze/figures/candidate_selection/F08A_candidate_gene_direction_consistency.pdf,/Users/felix/Documents/Sepsis_CrossCohort_scRNA/repository_release_v1/frozen_results/audit_outputs/final_freeze/figures/candidate_selection/F08A_candidate_gene_direction_consistency.pdf,F08A_candidate_gene_direction_consistency.pdf,pdf,6446,0.006,GitHub and Zenodo
frozen_results/audit_outputs/final_freeze/figures/candidate_selection/F08B_candidate_gene_mean_AUROC.pdf,/Users/felix/Documents/Sepsis_CrossCohort_scRNA/repository_release_v1/frozen_results/audit_outputs/final_freeze/figures/candidate_selection/F08B_candidate_gene_mean_AUROC.pdf,F08B_candidate_gene_mean_AUROC.pdf,pdf,6562,0.006,GitHub and Zenodo
frozen_results/audit_outputs/final_freeze/figures/dca/F17A_pooled_nested_LODO_ROC.pdf,/Users/felix/Documents/Sepsis_CrossCohort_scRNA/repository_release_v1/frozen_results/audit_outputs/final_freeze/figures/dca/F17A_pooled_nested_LODO_ROC.pdf,F17A_pooled_nested_LODO_ROC.pdf,pdf,6789,0.006,GitHub and Zenodo
frozen_results/audit_outputs/final_freeze/figures/dca/F17H_DCA_pooled.pdf,/Users/felix/Documents/Sepsis_CrossCohort_scRNA/repository_release_v1/frozen_results/audit_outputs/final_freeze/figures/dca/F17H_DCA_pooled.pdf,F17H_DCA_pooled.pdf,pdf,5872,0.006,GitHub and Zenodo
frozen_results/audit_outputs/final_freeze/figures/qc_bulk/F05M_sample_IQR_expression_combat_by_dataset.pdf,/Users/felix/Documents/Sepsis_CrossCohort_scRNA/repository_release_v1/frozen_results/audit_outputs/final_freeze/figures/qc_bulk/F05M_sample_IQR_expression_combat_by_dataset.pdf,F05M_sample_IQR_expression_combat_by_dataset.pdf,pdf,6687,0.006,GitHub and Zenodo
frozen_results/audit_outputs/final_freeze/logs/sessionInfo_20_freeze_final_results_and_tables.txt,/Users/felix/Documents/Sepsis_CrossCohort_scRNA/repository_release_v1/frozen_results/audit_outputs/final_freeze/logs/sessionInfo_20_freeze_final_results_and_tables.txt,sessionInfo_20_freeze_final_results_and_tables.txt,txt,6029,0.006,GitHub and Zenodo
frozen_results/audit_outputs/single_cell/T18c_GSE167363_10x_copy_log.csv,/Users/felix/Documents/Sepsis_CrossCohort_scRNA/repository_release_v1/frozen_results/audit_outputs/single_cell/T18c_GSE167363_10x_copy_log.csv,T18c_GSE167363_10x_copy_log.csv,csv,5799,0.006,GitHub and Zenodo
frozen_results/audit_outputs/single_cell/T19_scRNA_signature_gene_average_expression_by_cluster.csv,/Users/felix/Documents/Sepsis_CrossCohort_scRNA/repository_release_v1/frozen_results/audit_outputs/single_cell/T19_scRNA_signature_gene_average_expression_by_cluster.csv,T19_scRNA_signature_gene_average_expression_by_cluster.csv,csv,6506,0.006,GitHub and Zenodo
frozen_results/audit_outputs/single_cell/T19_scRNA_signature_score_by_celltype_group.csv,/Users/felix/Documents/Sepsis_CrossCohort_scRNA/repository_release_v1/frozen_results/audit_outputs/single_cell/T19_scRNA_signature_score_by_celltype_group.csv,T19_scRNA_signature_score_by_celltype_group.csv,csv,6671,0.006,GitHub and Zenodo
frozen_results/audit_outputs/single_cell/T19_scRNA_signature_score_by_cluster.csv,/Users/felix/Documents/Sepsis_CrossCohort_scRNA/repository_release_v1/frozen_results/audit_outputs/single_cell/T19_scRNA_signature_score_by_cluster.csv,T19_scRNA_signature_score_by_cluster.csv,csv,6717,0.006,GitHub and Zenodo
frozen_results/figures/candidate_selection/F08A_candidate_gene_direction_consistency.pdf,/Users/felix/Documents/Sepsis_CrossCohort_scRNA/repository_release_v1/frozen_results/figures/candidate_selection/F08A_candidate_gene_direction_consistency.pdf,F08A_candidate_gene_direction_consistency.pdf,pdf,6446,0.006,GitHub and Zenodo
frozen_results/figures/candidate_selection/F08B_candidate_gene_mean_AUROC.pdf,/Users/felix/Documents/Sepsis_CrossCohort_scRNA/repository_release_v1/frozen_results/figures/candidate_selection/F08B_candidate_gene_mean_AUROC.pdf,F08B_candidate_gene_mean_AUROC.pdf,pdf,6562,0.006,GitHub and Zenodo
frozen_results/figures/dca/F17A_pooled_nested_LODO_ROC.pdf,/Users/felix/Documents/Sepsis_CrossCohort_scRNA/repository_release_v1/frozen_results/figures/dca/F17A_pooled_nested_LODO_ROC.pdf,F17A_pooled_nested_LODO_ROC.pdf,pdf,6789,0.006,GitHub and Zenodo
frozen_results/figures/dca/F17H_DCA_pooled.pdf,/Users/felix/Documents/Sepsis_CrossCohort_scRNA/repository_release_v1/frozen_results/figures/dca/F17H_DCA_pooled.pdf,F17H_DCA_pooled.pdf,pdf,5872,0.006,GitHub and Zenodo
frozen_results/figures/final_model/F12B_final_model_ROC_apparent.pdf,/Users/felix/Documents/Sepsis_CrossCohort_scRNA/repository_release_v1/frozen_results/figures/final_model/F12B_final_model_ROC_apparent.pdf,F12B_final_model_ROC_apparent.pdf,pdf,6694,0.006,GitHub and Zenodo
frozen_results/figures/final_model/F12D_final_model_calibration_apparent.pdf,/Users/felix/Documents/Sepsis_CrossCohort_scRNA/repository_release_v1/frozen_results/figures/final_model/F12D_final_model_calibration_apparent.pdf,F12D_final_model_calibration_apparent.pdf,pdf,6247,0.006,GitHub and Zenodo
frozen_results/figures/qc_bulk/F05M_sample_IQR_expression_combat_by_dataset.pdf,/Users/felix/Documents/Sepsis_CrossCohort_scRNA/repository_release_v1/frozen_results/figures/qc_bulk/F05M_sample_IQR_expression_combat_by_dataset.pdf,F05M_sample_IQR_expression_combat_by_dataset.pdf,pdf,6687,0.006,GitHub and Zenodo
sessionInfo.txt,/Users/felix/Documents/Sepsis_CrossCohort_scRNA/repository_release_v1/sessionInfo.txt,sessionInfo.txt,txt,6165,0.006,GitHub and Zenodo
frozen_results/audit_outputs/final_freeze/figures/candidate_selection/F09A_refined_candidate_priority_score.pdf,/Users/felix/Documents/Sepsis_CrossCohort_scRNA/repository_release_v1/frozen_results/audit_outputs/final_freeze/figures/candidate_selection/F09A_refined_candidate_priority_score.pdf,F09A_refined_candidate_priority_score.pdf,pdf,5708,0.005,GitHub and Zenodo
frozen_results/audit_outputs/final_freeze/figures/candidate_selection/F09B_refined_candidate_mean_AUROC.pdf,/Users/felix/Documents/Sepsis_CrossCohort_scRNA/repository_release_v1/frozen_results/audit_outputs/final_freeze/figures/candidate_selection/F09B_refined_candidate_mean_AUROC.pdf,F09B_refined_candidate_mean_AUROC.pdf,pdf,5734,0.005,GitHub and Zenodo
frozen_results/audit_outputs/final_freeze/figures/dca/F17D_observed_vs_mean_predicted.pdf,/Users/felix/Documents/Sepsis_CrossCohort_scRNA/repository_release_v1/frozen_results/audit_outputs/final_freeze/figures/dca/F17D_observed_vs_mean_predicted.pdf,F17D_observed_vs_mean_predicted.pdf,pdf,5567,0.005,GitHub and Zenodo
frozen_results/audit_outputs/final_freeze/figures/dca/F17E_threshold_drift_by_dataset.pdf,/Users/felix/Documents/Sepsis_CrossCohort_scRNA/repository_release_v1/frozen_results/audit_outputs/final_freeze/figures/dca/F17E_threshold_drift_by_dataset.pdf,F17E_threshold_drift_by_dataset.pdf,pdf,5713,0.005,GitHub and Zenodo
frozen_results/audit_outputs/final_freeze/figures/dca/F17F_fixed_threshold_sensitivity_specificity.pdf,/Users/felix/Documents/Sepsis_CrossCohort_scRNA/repository_release_v1/frozen_results/audit_outputs/final_freeze/figures/dca/F17F_fixed_threshold_sensitivity_specificity.pdf,F17F_fixed_threshold_sensitivity_specificity.pdf,pdf,5163,0.005,GitHub and Zenodo
frozen_results/audit_outputs/final_freeze/figures/enrichment/F07G_GO_BP_up_DEG_barplot.pdf,/Users/felix/Documents/Sepsis_CrossCohort_scRNA/repository_release_v1/frozen_results/audit_outputs/final_freeze/figures/enrichment/F07G_GO_BP_up_DEG_barplot.pdf,F07G_GO_BP_up_DEG_barplot.pdf,pdf,5422,0.005,GitHub and Zenodo
frozen_results/audit_outputs/final_freeze/figures/enrichment/F07H_GO_BP_down_DEG_barplot.pdf,/Users/felix/Documents/Sepsis_CrossCohort_scRNA/repository_release_v1/frozen_results/audit_outputs/final_freeze/figures/enrichment/F07H_GO_BP_down_DEG_barplot.pdf,F07H_GO_BP_down_DEG_barplot.pdf,pdf,5448,0.005,GitHub and Zenodo
frozen_results/audit_outputs/final_freeze/figures/nested_LODO/F14B_nested_LODO_AUROC_barplot.pdf,/Users/felix/Documents/Sepsis_CrossCohort_scRNA/repository_release_v1/frozen_results/audit_outputs/final_freeze/figures/nested_LODO/F14B_nested_LODO_AUROC_barplot.pdf,F14B_nested_LODO_AUROC_barplot.pdf,pdf,4971,0.005,GitHub and Zenodo
frozen_results/audit_outputs/final_freeze/figures/nested_LODO/F14C_nested_LODO_AUPRC_barplot.pdf,/Users/felix/Documents/Sepsis_CrossCohort_scRNA/repository_release_v1/frozen_results/audit_outputs/final_freeze/figures/nested_LODO/F14C_nested_LODO_AUPRC_barplot.pdf,F14C_nested_LODO_AUPRC_barplot.pdf,pdf,4960,0.005,GitHub and Zenodo
frozen_results/audit_outputs/final_freeze/figures/nested_LODO/F14D_nested_LODO_Brier_barplot.pdf,/Users/felix/Documents/Sepsis_CrossCohort_scRNA/repository_release_v1/frozen_results/audit_outputs/final_freeze/figures/nested_LODO/F14D_nested_LODO_Brier_barplot.pdf,F14D_nested_LODO_Brier_barplot.pdf,pdf,4940,0.005,GitHub and Zenodo
frozen_results/audit_outputs/final_freeze/figures/nested_LODO/F14E_nested_LODO_gene_selection_frequency.pdf,/Users/felix/Documents/Sepsis_CrossCohort_scRNA/repository_release_v1/frozen_results/audit_outputs/final_freeze/figures/nested_LODO/F14E_nested_LODO_gene_selection_frequency.pdf,F14E_nested_LODO_gene_selection_frequency.pdf,pdf,5468,0.005,GitHub and Zenodo
frozen_results/audit_outputs/final_freeze/figures/nested_LODO/F14G_nested_LODO_threshold_drift.pdf,/Users/felix/Documents/Sepsis_CrossCohort_scRNA/repository_release_v1/frozen_results/audit_outputs/final_freeze/figures/nested_LODO/F14G_nested_LODO_threshold_drift.pdf,F14G_nested_LODO_threshold_drift.pdf,pdf,5691,0.005,GitHub and Zenodo
frozen_results/audit_outputs/final_freeze/figures/nested_LODO/F14H_nested_LODO_observed_vs_mean_predicted.pdf,/Users/felix/Documents/Sepsis_CrossCohort_scRNA/repository_release_v1/frozen_results/audit_outputs/final_freeze/figures/nested_LODO/F14H_nested_LODO_observed_vs_mean_predicted.pdf,F14H_nested_LODO_observed_vs_mean_predicted.pdf,pdf,5567,0.005,GitHub and Zenodo
frozen_results/audit_outputs/final_freeze/figures/qc_bulk/F05A_annotation_gene_yield_by_dataset.pdf,/Users/felix/Documents/Sepsis_CrossCohort_scRNA/repository_release_v1/frozen_results/audit_outputs/final_freeze/figures/qc_bulk/F05A_annotation_gene_yield_by_dataset.pdf,F05A_annotation_gene_yield_by_dataset.pdf,pdf,4979,0.005,GitHub and Zenodo
frozen_results/audit_outputs/final_freeze/figures/qc_bulk/F05B_included_samples_by_dataset.pdf,/Users/felix/Documents/Sepsis_CrossCohort_scRNA/repository_release_v1/frozen_results/audit_outputs/final_freeze/figures/qc_bulk/F05B_included_samples_by_dataset.pdf,F05B_included_samples_by_dataset.pdf,pdf,4942,0.005,GitHub and Zenodo
frozen_results/audit_outputs/final_freeze/figures/reporting/F13A_LODO_AUROC_Brier_summary.pdf,/Users/felix/Documents/Sepsis_CrossCohort_scRNA/repository_release_v1/frozen_results/audit_outputs/final_freeze/figures/reporting/F13A_LODO_AUROC_Brier_summary.pdf,F13A_LODO_AUROC_Brier_summary.pdf,pdf,4968,0.005,GitHub and Zenodo
frozen_results/audit_outputs/final_freeze/figures/reporting/F13B_threshold_drift_summary.pdf,/Users/felix/Documents/Sepsis_CrossCohort_scRNA/repository_release_v1/frozen_results/audit_outputs/final_freeze/figures/reporting/F13B_threshold_drift_summary.pdf,F13B_threshold_drift_summary.pdf,pdf,5714,0.005,GitHub and Zenodo
frozen_results/audit_outputs/final_freeze/figures/reporting/F13C_final_model_coefficients.pdf,/Users/felix/Documents/Sepsis_CrossCohort_scRNA/repository_release_v1/frozen_results/audit_outputs/final_freeze/figures/reporting/F13C_final_model_coefficients.pdf,F13C_final_model_coefficients.pdf,pdf,5188,0.005,GitHub and Zenodo
frozen_results/audit_outputs/final_freeze/figures/reporting/F15A_control_type_distribution.pdf,/Users/felix/Documents/Sepsis_CrossCohort_scRNA/repository_release_v1/frozen_results/audit_outputs/final_freeze/figures/reporting/F15A_control_type_distribution.pdf,F15A_control_type_distribution.pdf,pdf,4970,0.005,GitHub and Zenodo
frozen_results/audit_outputs/final_freeze/figures/reporting/F15B_AUROC_by_control_type.pdf,/Users/felix/Documents/Sepsis_CrossCohort_scRNA/repository_release_v1/frozen_results/audit_outputs/final_freeze/figures/reporting/F15B_AUROC_by_control_type.pdf,F15B_AUROC_by_control_type.pdf,pdf,5262,0.005,GitHub and Zenodo
frozen_results/audit_outputs/final_freeze/figures/reporting/F15C_Brier_by_control_type.pdf,/Users/felix/Documents/Sepsis_CrossCohort_scRNA/repository_release_v1/frozen_results/audit_outputs/final_freeze/figures/reporting/F15C_Brier_by_control_type.pdf,F15C_Brier_by_control_type.pdf,pdf,5202,0.005,GitHub and Zenodo
frozen_results/audit_outputs/final_freeze/figures/reporting/F15D_threshold_shift_by_control_type.pdf,/Users/felix/Documents/Sepsis_CrossCohort_scRNA/repository_release_v1/frozen_results/audit_outputs/final_freeze/figures/reporting/F15D_threshold_shift_by_control_type.pdf,F15D_threshold_shift_by_control_type.pdf,pdf,5198,0.005,GitHub and Zenodo
frozen_results/audit_outputs/final_freeze/figures/reporting/F15b_Brier_by_control_type.pdf,/Users/felix/Documents/Sepsis_CrossCohort_scRNA/repository_release_v1/frozen_results/audit_outputs/final_freeze/figures/reporting/F15b_Brier_by_control_type.pdf,F15b_Brier_by_control_type.pdf,pdf,5238,0.005,GitHub and Zenodo
frozen_results/audit_outputs/final_freeze/figures/reporting/F15b_control_type_distribution.pdf,/Users/felix/Documents/Sepsis_CrossCohort_scRNA/repository_release_v1/frozen_results/audit_outputs/final_freeze/figures/reporting/F15b_control_type_distribution.pdf,F15b_control_type_distribution.pdf,pdf,4996,0.005,GitHub and Zenodo
frozen_results/audit_outputs/final_freeze/figures/reporting/F15b_threshold_shift_by_control_type.pdf,/Users/felix/Documents/Sepsis_CrossCohort_scRNA/repository_release_v1/frozen_results/audit_outputs/final_freeze/figures/reporting/F15b_threshold_shift_by_control_type.pdf,F15b_threshold_shift_by_control_type.pdf,pdf,5247,0.005,GitHub and Zenodo
frozen_results/audit_outputs/signature_definition_final_10_genes_46c/T46c_final_10_gene_signature_definition.csv,/Users/felix/Documents/Sepsis_CrossCohort_scRNA/repository_release_v1/frozen_results/audit_outputs/signature_definition_final_10_genes_46c/T46c_final_10_gene_signature_definition.csv,T46c_final_10_gene_signature_definition.csv,csv,5246,0.005,GitHub and Zenodo
frozen_results/figures/candidate_selection/F09A_refined_candidate_priority_score.pdf,/Users/felix/Documents/Sepsis_CrossCohort_scRNA/repository_release_v1/frozen_results/figures/candidate_selection/F09A_refined_candidate_priority_score.pdf,F09A_refined_candidate_priority_score.pdf,pdf,5708,0.005,GitHub and Zenodo
frozen_results/figures/candidate_selection/F09B_refined_candidate_mean_AUROC.pdf,/Users/felix/Documents/Sepsis_CrossCohort_scRNA/repository_release_v1/frozen_results/figures/candidate_selection/F09B_refined_candidate_mean_AUROC.pdf,F09B_refined_candidate_mean_AUROC.pdf,pdf,5734,0.005,GitHub and Zenodo
frozen_results/figures/dca/F17D_observed_vs_mean_predicted.pdf,/Users/felix/Documents/Sepsis_CrossCohort_scRNA/repository_release_v1/frozen_results/figures/dca/F17D_observed_vs_mean_predicted.pdf,F17D_observed_vs_mean_predicted.pdf,pdf,5567,0.005,GitHub and Zenodo
frozen_results/figures/dca/F17E_threshold_drift_by_dataset.pdf,/Users/felix/Documents/Sepsis_CrossCohort_scRNA/repository_release_v1/frozen_results/figures/dca/F17E_threshold_drift_by_dataset.pdf,F17E_threshold_drift_by_dataset.pdf,pdf,5713,0.005,GitHub and Zenodo
frozen_results/figures/dca/F17F_fixed_threshold_sensitivity_specificity.pdf,/Users/felix/Documents/Sepsis_CrossCohort_scRNA/repository_release_v1/frozen_results/figures/dca/F17F_fixed_threshold_sensitivity_specificity.pdf,F17F_fixed_threshold_sensitivity_specificity.pdf,pdf,5163,0.005,GitHub and Zenodo
frozen_results/figures/enrichment/F07G_GO_BP_up_DEG_barplot.pdf,/Users/felix/Documents/Sepsis_CrossCohort_scRNA/repository_release_v1/frozen_results/figures/enrichment/F07G_GO_BP_up_DEG_barplot.pdf,F07G_GO_BP_up_DEG_barplot.pdf,pdf,5422,0.005,GitHub and Zenodo
frozen_results/figures/enrichment/F07H_GO_BP_down_DEG_barplot.pdf,/Users/felix/Documents/Sepsis_CrossCohort_scRNA/repository_release_v1/frozen_results/figures/enrichment/F07H_GO_BP_down_DEG_barplot.pdf,F07H_GO_BP_down_DEG_barplot.pdf,pdf,5448,0.005,GitHub and Zenodo
frozen_results/figures/model_validation/F10C_LODO_AUROC_barplot.pdf,/Users/felix/Documents/Sepsis_CrossCohort_scRNA/repository_release_v1/frozen_results/figures/model_validation/F10C_LODO_AUROC_barplot.pdf,F10C_LODO_AUROC_barplot.pdf,pdf,5182,0.005,GitHub and Zenodo
frozen_results/figures/model_validation/F11B_LODO_observed_vs_mean_predicted.pdf,/Users/felix/Documents/Sepsis_CrossCohort_scRNA/repository_release_v1/frozen_results/figures/model_validation/F11B_LODO_observed_vs_mean_predicted.pdf,F11B_LODO_observed_vs_mean_predicted.pdf,pdf,5581,0.005,GitHub and Zenodo
frozen_results/figures/model_validation/F11C_LODO_Brier_by_dataset.pdf,/Users/felix/Documents/Sepsis_CrossCohort_scRNA/repository_release_v1/frozen_results/figures/model_validation/F11C_LODO_Brier_by_dataset.pdf,F11C_LODO_Brier_by_dataset.pdf,pdf,4972,0.005,GitHub and Zenodo
frozen_results/figures/model_validation/F11D_LODO_threshold_drift.pdf,/Users/felix/Documents/Sepsis_CrossCohort_scRNA/repository_release_v1/frozen_results/figures/model_validation/F11D_LODO_threshold_drift.pdf,F11D_LODO_threshold_drift.pdf,pdf,5710,0.005,GitHub and Zenodo
frozen_results/figures/model_validation/F11E_LODO_fixed_threshold_sensitivity_specificity.pdf,/Users/felix/Documents/Sepsis_CrossCohort_scRNA/repository_release_v1/frozen_results/figures/model_validation/F11E_LODO_fixed_threshold_sensitivity_specificity.pdf,F11E_LODO_fixed_threshold_sensitivity_specificity.pdf,pdf,5206,0.005,GitHub and Zenodo
frozen_results/figures/nested_LODO/F14B_nested_LODO_AUROC_barplot.pdf,/Users/felix/Documents/Sepsis_CrossCohort_scRNA/repository_release_v1/frozen_results/figures/nested_LODO/F14B_nested_LODO_AUROC_barplot.pdf,F14B_nested_LODO_AUROC_barplot.pdf,pdf,4971,0.005,GitHub and Zenodo
frozen_results/figures/nested_LODO/F14C_nested_LODO_AUPRC_barplot.pdf,/Users/felix/Documents/Sepsis_CrossCohort_scRNA/repository_release_v1/frozen_results/figures/nested_LODO/F14C_nested_LODO_AUPRC_barplot.pdf,F14C_nested_LODO_AUPRC_barplot.pdf,pdf,4960,0.005,GitHub and Zenodo
frozen_results/figures/nested_LODO/F14D_nested_LODO_Brier_barplot.pdf,/Users/felix/Documents/Sepsis_CrossCohort_scRNA/repository_release_v1/frozen_results/figures/nested_LODO/F14D_nested_LODO_Brier_barplot.pdf,F14D_nested_LODO_Brier_barplot.pdf,pdf,4940,0.005,GitHub and Zenodo
frozen_results/figures/nested_LODO/F14E_nested_LODO_gene_selection_frequency.pdf,/Users/felix/Documents/Sepsis_CrossCohort_scRNA/repository_release_v1/frozen_results/figures/nested_LODO/F14E_nested_LODO_gene_selection_frequency.pdf,F14E_nested_LODO_gene_selection_frequency.pdf,pdf,5468,0.005,GitHub and Zenodo
frozen_results/figures/nested_LODO/F14G_nested_LODO_threshold_drift.pdf,/Users/felix/Documents/Sepsis_CrossCohort_scRNA/repository_release_v1/frozen_results/figures/nested_LODO/F14G_nested_LODO_threshold_drift.pdf,F14G_nested_LODO_threshold_drift.pdf,pdf,5691,0.005,GitHub and Zenodo
frozen_results/figures/nested_LODO/F14H_nested_LODO_observed_vs_mean_predicted.pdf,/Users/felix/Documents/Sepsis_CrossCohort_scRNA/repository_release_v1/frozen_results/figures/nested_LODO/F14H_nested_LODO_observed_vs_mean_predicted.pdf,F14H_nested_LODO_observed_vs_mean_predicted.pdf,pdf,5567,0.005,GitHub and Zenodo
frozen_results/figures/qc_bulk/F05A_annotation_gene_yield_by_dataset.pdf,/Users/felix/Documents/Sepsis_CrossCohort_scRNA/repository_release_v1/frozen_results/figures/qc_bulk/F05A_annotation_gene_yield_by_dataset.pdf,F05A_annotation_gene_yield_by_dataset.pdf,pdf,4979,0.005,GitHub and Zenodo
frozen_results/figures/qc_bulk/F05B_included_samples_by_dataset.pdf,/Users/felix/Documents/Sepsis_CrossCohort_scRNA/repository_release_v1/frozen_results/figures/qc_bulk/F05B_included_samples_by_dataset.pdf,F05B_included_samples_by_dataset.pdf,pdf,4942,0.005,GitHub and Zenodo
frozen_results/figures/reporting/F13A_LODO_AUROC_Brier_summary.pdf,/Users/felix/Documents/Sepsis_CrossCohort_scRNA/repository_release_v1/frozen_results/figures/reporting/F13A_LODO_AUROC_Brier_summary.pdf,F13A_LODO_AUROC_Brier_summary.pdf,pdf,4968,0.005,GitHub and Zenodo
frozen_results/figures/reporting/F13B_threshold_drift_summary.pdf,/Users/felix/Documents/Sepsis_CrossCohort_scRNA/repository_release_v1/frozen_results/figures/reporting/F13B_threshold_drift_summary.pdf,F13B_threshold_drift_summary.pdf,pdf,5714,0.005,GitHub and Zenodo
frozen_results/figures/reporting/F13C_final_model_coefficients.pdf,/Users/felix/Documents/Sepsis_CrossCohort_scRNA/repository_release_v1/frozen_results/figures/reporting/F13C_final_model_coefficients.pdf,F13C_final_model_coefficients.pdf,pdf,5188,0.005,GitHub and Zenodo
frozen_results/figures/reporting/F15A_control_type_distribution.pdf,/Users/felix/Documents/Sepsis_CrossCohort_scRNA/repository_release_v1/frozen_results/figures/reporting/F15A_control_type_distribution.pdf,F15A_control_type_distribution.pdf,pdf,4970,0.005,GitHub and Zenodo
frozen_results/figures/reporting/F15B_AUROC_by_control_type.pdf,/Users/felix/Documents/Sepsis_CrossCohort_scRNA/repository_release_v1/frozen_results/figures/reporting/F15B_AUROC_by_control_type.pdf,F15B_AUROC_by_control_type.pdf,pdf,5262,0.005,GitHub and Zenodo
frozen_results/figures/reporting/F15C_Brier_by_control_type.pdf,/Users/felix/Documents/Sepsis_CrossCohort_scRNA/repository_release_v1/frozen_results/figures/reporting/F15C_Brier_by_control_type.pdf,F15C_Brier_by_control_type.pdf,pdf,5202,0.005,GitHub and Zenodo
frozen_results/figures/reporting/F15D_threshold_shift_by_control_type.pdf,/Users/felix/Documents/Sepsis_CrossCohort_scRNA/repository_release_v1/frozen_results/figures/reporting/F15D_threshold_shift_by_control_type.pdf,F15D_threshold_shift_by_control_type.pdf,pdf,5198,0.005,GitHub and Zenodo
frozen_results/figures/reporting/F15b_Brier_by_control_type.pdf,/Users/felix/Documents/Sepsis_CrossCohort_scRNA/repository_release_v1/frozen_results/figures/reporting/F15b_Brier_by_control_type.pdf,F15b_Brier_by_control_type.pdf,pdf,5238,0.005,GitHub and Zenodo
frozen_results/figures/reporting/F15b_control_type_distribution.pdf,/Users/felix/Documents/Sepsis_CrossCohort_scRNA/repository_release_v1/frozen_results/figures/reporting/F15b_control_type_distribution.pdf,F15b_control_type_distribution.pdf,pdf,4996,0.005,GitHub and Zenodo
frozen_results/figures/reporting/F15b_threshold_shift_by_control_type.pdf,/Users/felix/Documents/Sepsis_CrossCohort_scRNA/repository_release_v1/frozen_results/figures/reporting/F15b_threshold_shift_by_control_type.pdf,F15b_threshold_shift_by_control_type.pdf,pdf,5247,0.005,GitHub and Zenodo
code/all_project_scripts/03_prepare_main_expr_by_dataset.R,/Users/felix/Documents/Sepsis_CrossCohort_scRNA/repository_release_v1/code/all_project_scripts/03_prepare_main_expr_by_dataset.R,03_prepare_main_expr_by_dataset.R,r,3788,0.004,GitHub and Zenodo
frozen_results/audit_outputs/final_freeze/manuscript_source/results_draft_v0.2_after_nested_LODO_scRNA.md,/Users/felix/Documents/Sepsis_CrossCohort_scRNA/repository_release_v1/frozen_results/audit_outputs/final_freeze/manuscript_source/results_draft_v0.2_after_nested_LODO_scRNA.md,results_draft_v0.2_after_nested_LODO_scRNA.md,md,3839,0.004,GitHub and Zenodo
frozen_results/audit_outputs/final_freeze/tables/T20_table1_T20_table1_cohort_context.csv,/Users/felix/Documents/Sepsis_CrossCohort_scRNA/repository_release_v1/frozen_results/audit_outputs/final_freeze/tables/T20_table1_T20_table1_cohort_context.csv,T20_table1_T20_table1_cohort_context.csv,csv,4349,0.004,GitHub and Zenodo
frozen_results/audit_outputs/final_freeze/tables/results_draft_v02_results_draft_v0.2_after_nested_LODO_scRNA.md,/Users/felix/Documents/Sepsis_CrossCohort_scRNA/repository_release_v1/frozen_results/audit_outputs/final_freeze/tables/results_draft_v02_results_draft_v0.2_after_nested_LODO_scRNA.md,results_draft_v02_results_draft_v0.2_after_nested_LODO_scRNA.md,md,3839,0.004,GitHub and Zenodo
README.md,/Users/felix/Documents/Sepsis_CrossCohort_scRNA/repository_release_v1/README.md,README.md,md,2871,0.003,GitHub and Zenodo
frozen_results/audit_outputs/DEG_candidate_selection_methods_audit_48c/T48c_DEG_candidate_selection_final_audit.csv,/Users/felix/Documents/Sepsis_CrossCohort_scRNA/repository_release_v1/frozen_results/audit_outputs/DEG_candidate_selection_methods_audit_48c/T48c_DEG_candidate_selection_final_audit.csv,T48c_DEG_candidate_selection_final_audit.csv,csv,2877,0.003,GitHub and Zenodo
frozen_results/audit_outputs/candidate_selection/T07_refined_candidate_AUROC_matrix.csv,/Users/felix/Documents/Sepsis_CrossCohort_scRNA/repository_release_v1/frozen_results/audit_outputs/candidate_selection/T07_refined_candidate_AUROC_matrix.csv,T07_refined_candidate_AUROC_matrix.csv,csv,2711,0.003,GitHub and Zenodo
frozen_results/audit_outputs/final_freeze/tables/T17_calibration_T17_nested_LODO_calibration_metrics_final.csv,/Users/felix/Documents/Sepsis_CrossCohort_scRNA/repository_release_v1/frozen_results/audit_outputs/final_freeze/tables/T17_calibration_T17_nested_LODO_calibration_metrics_final.csv,T17_calibration_T17_nested_LODO_calibration_metrics_final.csv,csv,3520,0.003,GitHub and Zenodo
frozen_results/audit_outputs/final_freeze/tables/T17_threshold_T17_nested_LODO_threshold_drift_final.csv,/Users/felix/Documents/Sepsis_CrossCohort_scRNA/repository_release_v1/frozen_results/audit_outputs/final_freeze/tables/T17_threshold_T17_nested_LODO_threshold_drift_final.csv,T17_threshold_T17_nested_LODO_threshold_drift_final.csv,csv,3485,0.003,GitHub and Zenodo
frozen_results/audit_outputs/final_freeze/tables/T20_table3_T20_table3_calibration_threshold_transport.csv,/Users/felix/Documents/Sepsis_CrossCohort_scRNA/repository_release_v1/frozen_results/audit_outputs/final_freeze/tables/T20_table3_T20_table3_calibration_threshold_transport.csv,T20_table3_T20_table3_calibration_threshold_transport.csv,csv,2663,0.003,GitHub and Zenodo
frozen_results/audit_outputs/nested_LODO/T14_nested_LODO_all_metrics.csv,/Users/felix/Documents/Sepsis_CrossCohort_scRNA/repository_release_v1/frozen_results/audit_outputs/nested_LODO/T14_nested_LODO_all_metrics.csv,T14_nested_LODO_all_metrics.csv,csv,3264,0.003,GitHub and Zenodo
frozen_results/audit_outputs/nested_LODO_methods_audit_47d/T47d_nested_LODO_methods_final_audit.csv,/Users/felix/Documents/Sepsis_CrossCohort_scRNA/repository_release_v1/frozen_results/audit_outputs/nested_LODO_methods_audit_47d/T47d_nested_LODO_methods_final_audit.csv,T47d_nested_LODO_methods_final_audit.csv,csv,3035,0.003,GitHub and Zenodo
frozen_results/audit_outputs/signature_definition_final_10_genes_46d/T46d_signature_text_package.csv,/Users/felix/Documents/Sepsis_CrossCohort_scRNA/repository_release_v1/frozen_results/audit_outputs/signature_definition_final_10_genes_46d/T46d_signature_text_package.csv,T46d_signature_text_package.csv,csv,3151,0.003,GitHub and Zenodo
frozen_results/audit_outputs/signature_definition_final_10_genes_46d/T46d_signature_text_package.txt,/Users/felix/Documents/Sepsis_CrossCohort_scRNA/repository_release_v1/frozen_results/audit_outputs/signature_definition_final_10_genes_46d/T46d_signature_text_package.txt,T46d_signature_text_package.txt,txt,3141,0.003,GitHub and Zenodo
frozen_results/audit_outputs/single_cell/T18c_GSE167363_per_sample_10x_dirs.csv,/Users/felix/Documents/Sepsis_CrossCohort_scRNA/repository_release_v1/frozen_results/audit_outputs/single_cell/T18c_GSE167363_per_sample_10x_dirs.csv,T18c_GSE167363_per_sample_10x_dirs.csv,csv,2763,0.003,GitHub and Zenodo
additional_files/Additional_file_5_nested_LODO_methods_text.txt,/Users/felix/Documents/Sepsis_CrossCohort_scRNA/repository_release_v1/additional_files/Additional_file_5_nested_LODO_methods_text.txt,Additional_file_5_nested_LODO_methods_text.txt,txt,2238,0.002,GitHub and Zenodo
code/all_project_scripts/30c_BMC_Genomics_failed_check_diagnosis.R,/Users/felix/Documents/Sepsis_CrossCohort_scRNA/repository_release_v1/code/all_project_scripts/30c_BMC_Genomics_failed_check_diagnosis.R,30c_BMC_Genomics_failed_check_diagnosis.R,r,1906,0.002,GitHub and Zenodo
frozen_results/audit_outputs/DEG_candidate_selection_methods_audit_48c/T48c_DEG_candidate_selection_final_text.txt,/Users/felix/Documents/Sepsis_CrossCohort_scRNA/repository_release_v1/frozen_results/audit_outputs/DEG_candidate_selection_methods_audit_48c/T48c_DEG_candidate_selection_final_text.txt,T48c_DEG_candidate_selection_final_text.txt,txt,2178,0.002,GitHub and Zenodo
frozen_results/audit_outputs/final_freeze/final_freeze_summary.md,/Users/felix/Documents/Sepsis_CrossCohort_scRNA/repository_release_v1/frozen_results/audit_outputs/final_freeze/final_freeze_summary.md,final_freeze_summary.md,md,1786,0.002,GitHub and Zenodo
frozen_results/audit_outputs/final_freeze/manuscript_source/figure_table_plan_v0.2_after_nested_LODO_scRNA.md,/Users/felix/Documents/Sepsis_CrossCohort_scRNA/repository_release_v1/frozen_results/audit_outputs/final_freeze/manuscript_source/figure_table_plan_v0.2_after_nested_LODO_scRNA.md,figure_table_plan_v0.2_after_nested_LODO_scRNA.md,md,2095,0.002,GitHub and Zenodo
frozen_results/audit_outputs/final_freeze/manuscript_source/final_sanity_check_before_manuscript_v0.1.md,/Users/felix/Documents/Sepsis_CrossCohort_scRNA/repository_release_v1/frozen_results/audit_outputs/final_freeze/manuscript_source/final_sanity_check_before_manuscript_v0.1.md,final_sanity_check_before_manuscript_v0.1.md,md,2227,0.002,GitHub and Zenodo
frozen_results/audit_outputs/final_freeze/manuscript_source_index.csv,/Users/felix/Documents/Sepsis_CrossCohort_scRNA/repository_release_v1/frozen_results/audit_outputs/final_freeze/manuscript_source_index.csv,manuscript_source_index.csv,csv,2077,0.002,GitHub and Zenodo
frozen_results/audit_outputs/final_freeze/tables/T19_scRNA_celltype_T19_scRNA_signature_score_by_celltype.csv,/Users/felix/Documents/Sepsis_CrossCohort_scRNA/repository_release_v1/frozen_results/audit_outputs/final_freeze/tables/T19_scRNA_celltype_T19_scRNA_signature_score_by_celltype.csv,T19_scRNA_celltype_T19_scRNA_signature_score_by_celltype.csv,csv,1930,0.002,GitHub and Zenodo
frozen_results/audit_outputs/final_freeze/tables/T19_scRNA_cluster_annotation_T19_scRNA_cluster_annotation.csv,/Users/felix/Documents/Sepsis_CrossCohort_scRNA/repository_release_v1/frozen_results/audit_outputs/final_freeze/tables/T19_scRNA_cluster_annotation_T19_scRNA_cluster_annotation.csv,T19_scRNA_cluster_annotation_T19_scRNA_cluster_annotation.csv,csv,2526,0.002,GitHub and Zenodo
frozen_results/audit_outputs/final_freeze/tables/T20_figure_plan_T20_figure_plan_final.csv,/Users/felix/Documents/Sepsis_CrossCohort_scRNA/repository_release_v1/frozen_results/audit_outputs/final_freeze/tables/T20_figure_plan_T20_figure_plan_final.csv,T20_figure_plan_T20_figure_plan_final.csv,csv,1631,0.002,GitHub and Zenodo
frozen_results/audit_outputs/final_freeze/tables/T21_claims_T21_recommended_claims_and_restrictions.csv,/Users/felix/Documents/Sepsis_CrossCohort_scRNA/repository_release_v1/frozen_results/audit_outputs/final_freeze/tables/T21_claims_T21_recommended_claims_and_restrictions.csv,T21_claims_T21_recommended_claims_and_restrictions.csv,csv,2053,0.002,GitHub and Zenodo
frozen_results/audit_outputs/final_freeze/tables/T21_risk_flags_T21_manuscript_risk_flags.csv,/Users/felix/Documents/Sepsis_CrossCohort_scRNA/repository_release_v1/frozen_results/audit_outputs/final_freeze/tables/T21_risk_flags_T21_manuscript_risk_flags.csv,T21_risk_flags_T21_manuscript_risk_flags.csv,csv,1623,0.002,GitHub and Zenodo
frozen_results/audit_outputs/final_freeze/tables/figure_plan_v02_figure_table_plan_v0.2_after_nested_LODO_scRNA.md,/Users/felix/Documents/Sepsis_CrossCohort_scRNA/repository_release_v1/frozen_results/audit_outputs/final_freeze/tables/figure_plan_v02_figure_table_plan_v0.2_after_nested_LODO_scRNA.md,figure_plan_v02_figure_table_plan_v0.2_after_nested_LODO_scRNA.md,md,2095,0.002,GitHub and Zenodo
frozen_results/audit_outputs/final_freeze/tables/sanity_md_final_sanity_check_before_manuscript_v0.1.md,/Users/felix/Documents/Sepsis_CrossCohort_scRNA/repository_release_v1/frozen_results/audit_outputs/final_freeze/tables/sanity_md_final_sanity_check_before_manuscript_v0.1.md,sanity_md_final_sanity_check_before_manuscript_v0.1.md,md,2227,0.002,GitHub and Zenodo
frozen_results/audit_outputs/nested_LODO/T14_nested_LODO_training_metrics.csv,/Users/felix/Documents/Sepsis_CrossCohort_scRNA/repository_release_v1/frozen_results/audit_outputs/nested_LODO/T14_nested_LODO_training_metrics.csv,T14_nested_LODO_training_metrics.csv,csv,1951,0.002,GitHub and Zenodo
frozen_results/audit_outputs/nested_LODO/fold_GSE137340/T14_fold_GSE137340_refined_candidate_genes.csv,/Users/felix/Documents/Sepsis_CrossCohort_scRNA/repository_release_v1/frozen_results/audit_outputs/nested_LODO/fold_GSE137340/T14_fold_GSE137340_refined_candidate_genes.csv,T14_fold_GSE137340_refined_candidate_genes.csv,csv,1859,0.002,GitHub and Zenodo
frozen_results/audit_outputs/nested_LODO/fold_GSE54514/T14_fold_GSE54514_refined_candidate_genes.csv,/Users/felix/Documents/Sepsis_CrossCohort_scRNA/repository_release_v1/frozen_results/audit_outputs/nested_LODO/fold_GSE54514/T14_fold_GSE54514_refined_candidate_genes.csv,T14_fold_GSE54514_refined_candidate_genes.csv,csv,1864,0.002,GitHub and Zenodo
frozen_results/audit_outputs/nested_LODO/fold_GSE57065/T14_fold_GSE57065_refined_candidate_genes.csv,/Users/felix/Documents/Sepsis_CrossCohort_scRNA/repository_release_v1/frozen_results/audit_outputs/nested_LODO/fold_GSE57065/T14_fold_GSE57065_refined_candidate_genes.csv,T14_fold_GSE57065_refined_candidate_genes.csv,csv,1890,0.002,GitHub and Zenodo
frozen_results/audit_outputs/nested_LODO/fold_GSE65682/T14_fold_GSE65682_refined_candidate_genes.csv,/Users/felix/Documents/Sepsis_CrossCohort_scRNA/repository_release_v1/frozen_results/audit_outputs/nested_LODO/fold_GSE65682/T14_fold_GSE65682_refined_candidate_genes.csv,T14_fold_GSE65682_refined_candidate_genes.csv,csv,1889,0.002,GitHub and Zenodo
frozen_results/audit_outputs/nested_LODO/fold_GSE95233/T14_fold_GSE95233_refined_candidate_genes.csv,/Users/felix/Documents/Sepsis_CrossCohort_scRNA/repository_release_v1/frozen_results/audit_outputs/nested_LODO/fold_GSE95233/T14_fold_GSE95233_refined_candidate_genes.csv,T14_fold_GSE95233_refined_candidate_genes.csv,csv,1892,0.002,GitHub and Zenodo
frozen_results/audit_outputs/nested_LODO_methods_audit_47d/T47d_nested_LODO_methods_final_text.txt,/Users/felix/Documents/Sepsis_CrossCohort_scRNA/repository_release_v1/frozen_results/audit_outputs/nested_LODO_methods_audit_47d/T47d_nested_LODO_methods_final_text.txt,T47d_nested_LODO_methods_final_text.txt,txt,2238,0.002,GitHub and Zenodo
frozen_results/audit_outputs/signature_definition_final_10_genes_46c/T46c_signature_definition_insertion_text.txt,/Users/felix/Documents/Sepsis_CrossCohort_scRNA/repository_release_v1/frozen_results/audit_outputs/signature_definition_final_10_genes_46c/T46c_signature_definition_insertion_text.txt,T46c_signature_definition_insertion_text.txt,txt,2186,0.002,GitHub and Zenodo
frozen_results/audit_outputs/single_cell/T18_GSE167363_sample_level_QC.csv,/Users/felix/Documents/Sepsis_CrossCohort_scRNA/repository_release_v1/frozen_results/audit_outputs/single_cell/T18_GSE167363_sample_level_QC.csv,T18_GSE167363_sample_level_QC.csv,csv,2303,0.002,GitHub and Zenodo
frozen_results/audit_outputs/single_cell/T18a_gene_detection_summary.csv,/Users/felix/Documents/Sepsis_CrossCohort_scRNA/repository_release_v1/frozen_results/audit_outputs/single_cell/T18a_gene_detection_summary.csv,T18a_gene_detection_summary.csv,csv,1716,0.002,GitHub and Zenodo
frozen_results/audit_outputs/single_cell/T19_scRNA_cluster_annotation.csv,/Users/felix/Documents/Sepsis_CrossCohort_scRNA/repository_release_v1/frozen_results/audit_outputs/single_cell/T19_scRNA_cluster_annotation.csv,T19_scRNA_cluster_annotation.csv,csv,2526,0.002,GitHub and Zenodo
frozen_results/audit_outputs/single_cell/T19_scRNA_signature_gene_average_expression_by_celltype.csv,/Users/felix/Documents/Sepsis_CrossCohort_scRNA/repository_release_v1/frozen_results/audit_outputs/single_cell/T19_scRNA_signature_gene_average_expression_by_celltype.csv,T19_scRNA_signature_gene_average_expression_by_celltype.csv,csv,1918,0.002,GitHub and Zenodo
frozen_results/audit_outputs/single_cell/T19_scRNA_signature_score_by_celltype.csv,/Users/felix/Documents/Sepsis_CrossCohort_scRNA/repository_release_v1/frozen_results/audit_outputs/single_cell/T19_scRNA_signature_score_by_celltype.csv,T19_scRNA_signature_score_by_celltype.csv,csv,1930,0.002,GitHub and Zenodo
frozen_results/audit_outputs/single_cell/T19_scRNA_signature_score_by_outcome_timepoint.csv,/Users/felix/Documents/Sepsis_CrossCohort_scRNA/repository_release_v1/frozen_results/audit_outputs/single_cell/T19_scRNA_signature_score_by_outcome_timepoint.csv,T19_scRNA_signature_score_by_outcome_timepoint.csv,csv,2007,0.002,GitHub and Zenodo
frozen_results/audit_outputs/table1_compact_for_BMC_Genomics/T44_Table1_BMC_Genomics_main_text_compact.csv,/Users/felix/Documents/Sepsis_CrossCohort_scRNA/repository_release_v1/frozen_results/audit_outputs/table1_compact_for_BMC_Genomics/T44_Table1_BMC_Genomics_main_text_compact.csv,T44_Table1_BMC_Genomics_main_text_compact.csv,csv,2203,0.002,GitHub and Zenodo
LICENSE,/Users/felix/Documents/Sepsis_CrossCohort_scRNA/repository_release_v1/LICENSE,LICENSE,,1056,0.001,GitHub and Zenodo
code/all_project_scripts/01_download_geo_datasets_core.R,/Users/felix/Documents/Sepsis_CrossCohort_scRNA/repository_release_v1/code/all_project_scripts/01_download_geo_datasets_core.R,01_download_geo_datasets_core.R,r,629,0.001,GitHub and Zenodo
docs/GEO_accessions.md,/Users/felix/Documents/Sepsis_CrossCohort_scRNA/repository_release_v1/docs/GEO_accessions.md,GEO_accessions.md,md,675,0.001,GitHub and Zenodo
docs/availability_statement_template.md,/Users/felix/Documents/Sepsis_CrossCohort_scRNA/repository_release_v1/docs/availability_statement_template.md,availability_statement_template.md,md,1394,0.001,GitHub and Zenodo
docs/data_dictionary.md,/Users/felix/Documents/Sepsis_CrossCohort_scRNA/repository_release_v1/docs/data_dictionary.md,data_dictionary.md,md,939,0.001,GitHub and Zenodo
docs/run_order.md,/Users/felix/Documents/Sepsis_CrossCohort_scRNA/repository_release_v1/docs/run_order.md,run_order.md,md,1022,0.001,GitHub and Zenodo
docs/upload_instructions.md,/Users/felix/Documents/Sepsis_CrossCohort_scRNA/repository_release_v1/docs/upload_instructions.md,upload_instructions.md,md,633,0.001,GitHub and Zenodo
frozen_results/audit_outputs/DEG_candidate_selection_methods_audit_48c/T48c_checks.csv,/Users/felix/Documents/Sepsis_CrossCohort_scRNA/repository_release_v1/frozen_results/audit_outputs/DEG_candidate_selection_methods_audit_48c/T48c_checks.csv,T48c_checks.csv,csv,1373,0.001,GitHub and Zenodo
frozen_results/audit_outputs/DEG_candidate_selection_methods_audit_48c/T48c_overall_status.csv,/Users/felix/Documents/Sepsis_CrossCohort_scRNA/repository_release_v1/frozen_results/audit_outputs/DEG_candidate_selection_methods_audit_48c/T48c_overall_status.csv,T48c_overall_status.csv,csv,912,0.001,GitHub and Zenodo
frozen_results/audit_outputs/final_freeze/final_freeze_decision_log.csv,/Users/felix/Documents/Sepsis_CrossCohort_scRNA/repository_release_v1/frozen_results/audit_outputs/final_freeze/final_freeze_decision_log.csv,final_freeze_decision_log.csv,csv,1557,0.001,GitHub and Zenodo
frozen_results/audit_outputs/final_freeze/final_key_result_snapshot.csv,/Users/felix/Documents/Sepsis_CrossCohort_scRNA/repository_release_v1/frozen_results/audit_outputs/final_freeze/final_key_result_snapshot.csv,final_key_result_snapshot.csv,csv,794,0.001,GitHub and Zenodo
frozen_results/audit_outputs/final_freeze/manuscript_source/interpretation_notes_v0.2_after_nested_LODO_scRNA.md,/Users/felix/Documents/Sepsis_CrossCohort_scRNA/repository_release_v1/frozen_results/audit_outputs/final_freeze/manuscript_source/interpretation_notes_v0.2_after_nested_LODO_scRNA.md,interpretation_notes_v0.2_after_nested_LODO_scRNA.md,md,1463,0.001,GitHub and Zenodo
frozen_results/audit_outputs/final_freeze/tables/T14_gene_frequency_T14_nested_LODO_gene_selection_frequency.csv,/Users/felix/Documents/Sepsis_CrossCohort_scRNA/repository_release_v1/frozen_results/audit_outputs/final_freeze/tables/T14_gene_frequency_T14_nested_LODO_gene_selection_frequency.csv,T14_gene_frequency_T14_nested_LODO_gene_selection_frequency.csv,csv,531,0.001,GitHub and Zenodo
frozen_results/audit_outputs/final_freeze/tables/T14_nested_metrics_T14_nested_LODO_validation_metrics.csv,/Users/felix/Documents/Sepsis_CrossCohort_scRNA/repository_release_v1/frozen_results/audit_outputs/final_freeze/tables/T14_nested_metrics_T14_nested_LODO_validation_metrics.csv,T14_nested_metrics_T14_nested_LODO_validation_metrics.csv,csv,1544,0.001,GitHub and Zenodo
frozen_results/audit_outputs/final_freeze/tables/T17_dca_summary_T17_nested_LODO_DCA_summary.csv,/Users/felix/Documents/Sepsis_CrossCohort_scRNA/repository_release_v1/frozen_results/audit_outputs/final_freeze/tables/T17_dca_summary_T17_nested_LODO_DCA_summary.csv,T17_dca_summary_T17_nested_LODO_DCA_summary.csv,csv,615,0.001,GitHub and Zenodo
frozen_results/audit_outputs/final_freeze/tables/T17_pooled_perf_T17_pooled_nested_LODO_performance.csv,/Users/felix/Documents/Sepsis_CrossCohort_scRNA/repository_release_v1/frozen_results/audit_outputs/final_freeze/tables/T17_pooled_perf_T17_pooled_nested_LODO_performance.csv,T17_pooled_perf_T17_pooled_nested_LODO_performance.csv,csv,628,0.001,GitHub and Zenodo
frozen_results/audit_outputs/final_freeze/tables/T20_key_numbers_T20_key_results_numbers.csv,/Users/felix/Documents/Sepsis_CrossCohort_scRNA/repository_release_v1/frozen_results/audit_outputs/final_freeze/tables/T20_key_numbers_T20_key_results_numbers.csv,T20_key_numbers_T20_key_results_numbers.csv,csv,1520,0.001,GitHub and Zenodo
frozen_results/audit_outputs/final_freeze/tables/T20_table2_T20_table2_nested_LODO_validation.csv,/Users/felix/Documents/Sepsis_CrossCohort_scRNA/repository_release_v1/frozen_results/audit_outputs/final_freeze/tables/T20_table2_T20_table2_nested_LODO_validation.csv,T20_table2_T20_table2_nested_LODO_validation.csv,csv,1400,0.001,GitHub and Zenodo
frozen_results/audit_outputs/final_freeze/tables/T20_table4_T20_table4_scRNA_localization.csv,/Users/felix/Documents/Sepsis_CrossCohort_scRNA/repository_release_v1/frozen_results/audit_outputs/final_freeze/tables/T20_table4_T20_table4_scRNA_localization.csv,T20_table4_T20_table4_scRNA_localization.csv,csv,991,0.001,GitHub and Zenodo
frozen_results/audit_outputs/final_freeze/tables/T21_consistency_T21_key_consistency_checks.csv,/Users/felix/Documents/Sepsis_CrossCohort_scRNA/repository_release_v1/frozen_results/audit_outputs/final_freeze/tables/T21_consistency_T21_key_consistency_checks.csv,T21_consistency_T21_key_consistency_checks.csv,csv,983,0.001,GitHub and Zenodo
frozen_results/audit_outputs/final_freeze/tables/interpretation_v02_interpretation_notes_v0.2_after_nested_LODO_scRNA.md,/Users/felix/Documents/Sepsis_CrossCohort_scRNA/repository_release_v1/frozen_results/audit_outputs/final_freeze/tables/interpretation_v02_interpretation_notes_v0.2_after_nested_LODO_scRNA.md,interpretation_v02_interpretation_notes_v0.2_after_nested_LODO_scRNA.md,md,1463,0.001,GitHub and Zenodo
frozen_results/audit_outputs/nested_LODO/T14_nested_LODO_calibration_bins.csv,/Users/felix/Documents/Sepsis_CrossCohort_scRNA/repository_release_v1/frozen_results/audit_outputs/nested_LODO/T14_nested_LODO_calibration_bins.csv,T14_nested_LODO_calibration_bins.csv,csv,1360,0.001,GitHub and Zenodo
frozen_results/audit_outputs/nested_LODO/T14_nested_LODO_calibration_metrics.csv,/Users/felix/Documents/Sepsis_CrossCohort_scRNA/repository_release_v1/frozen_results/audit_outputs/nested_LODO/T14_nested_LODO_calibration_metrics.csv,T14_nested_LODO_calibration_metrics.csv,csv,1319,0.001,GitHub and Zenodo
frozen_results/audit_outputs/nested_LODO/T14_nested_LODO_gene_selection_frequency.csv,/Users/felix/Documents/Sepsis_CrossCohort_scRNA/repository_release_v1/frozen_results/audit_outputs/nested_LODO/T14_nested_LODO_gene_selection_frequency.csv,T14_nested_LODO_gene_selection_frequency.csv,csv,531,0.001,GitHub and Zenodo
frozen_results/audit_outputs/nested_LODO/T14_nested_LODO_selected_genes_by_fold.csv,/Users/felix/Documents/Sepsis_CrossCohort_scRNA/repository_release_v1/frozen_results/audit_outputs/nested_LODO/T14_nested_LODO_selected_genes_by_fold.csv,T14_nested_LODO_selected_genes_by_fold.csv,csv,791,0.001,GitHub and Zenodo
frozen_results/audit_outputs/nested_LODO/T14_nested_LODO_threshold_drift.csv,/Users/felix/Documents/Sepsis_CrossCohort_scRNA/repository_release_v1/frozen_results/audit_outputs/nested_LODO/T14_nested_LODO_threshold_drift.csv,T14_nested_LODO_threshold_drift.csv,csv,1362,0.001,GitHub and Zenodo
frozen_results/audit_outputs/nested_LODO/T14_nested_LODO_validation_metrics.csv,/Users/felix/Documents/Sepsis_CrossCohort_scRNA/repository_release_v1/frozen_results/audit_outputs/nested_LODO/T14_nested_LODO_validation_metrics.csv,T14_nested_LODO_validation_metrics.csv,csv,1544,0.001,GitHub and Zenodo
frozen_results/audit_outputs/nested_LODO_methods_audit_47d/T47d_checks.csv,/Users/felix/Documents/Sepsis_CrossCohort_scRNA/repository_release_v1/frozen_results/audit_outputs/nested_LODO_methods_audit_47d/T47d_checks.csv,T47d_checks.csv,csv,968,0.001,GitHub and Zenodo
frozen_results/audit_outputs/nested_LODO_methods_audit_47d/T47d_overall_status.csv,/Users/felix/Documents/Sepsis_CrossCohort_scRNA/repository_release_v1/frozen_results/audit_outputs/nested_LODO_methods_audit_47d/T47d_overall_status.csv,T47d_overall_status.csv,csv,582,0.001,GitHub and Zenodo
frozen_results/audit_outputs/signature_definition_final_10_genes_46c/T46c_checks.csv,/Users/felix/Documents/Sepsis_CrossCohort_scRNA/repository_release_v1/frozen_results/audit_outputs/signature_definition_final_10_genes_46c/T46c_checks.csv,T46c_checks.csv,csv,1341,0.001,GitHub and Zenodo
frozen_results/audit_outputs/signature_definition_final_10_genes_46c/T46c_overall_status.csv,/Users/felix/Documents/Sepsis_CrossCohort_scRNA/repository_release_v1/frozen_results/audit_outputs/signature_definition_final_10_genes_46c/T46c_overall_status.csv,T46c_overall_status.csv,csv,846,0.001,GitHub and Zenodo
frozen_results/audit_outputs/signature_definition_final_10_genes_46d/T46d_signature_text_checks.csv,/Users/felix/Documents/Sepsis_CrossCohort_scRNA/repository_release_v1/frozen_results/audit_outputs/signature_definition_final_10_genes_46d/T46d_signature_text_checks.csv,T46d_signature_text_checks.csv,csv,1329,0.001,GitHub and Zenodo
frozen_results/audit_outputs/signature_definition_final_10_genes_46d/T46d_signature_text_overall_status.csv,/Users/felix/Documents/Sepsis_CrossCohort_scRNA/repository_release_v1/frozen_results/audit_outputs/signature_definition_final_10_genes_46d/T46d_signature_text_overall_status.csv,T46d_signature_text_overall_status.csv,csv,982,0.001,GitHub and Zenodo
frozen_results/audit_outputs/single_cell/T18_GSE167363_gene_presence_signature.csv,/Users/felix/Documents/Sepsis_CrossCohort_scRNA/repository_release_v1/frozen_results/audit_outputs/single_cell/T18_GSE167363_gene_presence_signature.csv,T18_GSE167363_gene_presence_signature.csv,csv,752,0.001,GitHub and Zenodo
frozen_results/audit_outputs/single_cell/T18b_GSE167363_sample_detection_summary.csv,/Users/felix/Documents/Sepsis_CrossCohort_scRNA/repository_release_v1/frozen_results/audit_outputs/single_cell/T18b_GSE167363_sample_detection_summary.csv,T18b_GSE167363_sample_detection_summary.csv,csv,1039,0.001,GitHub and Zenodo
frozen_results/audit_outputs/single_cell/T18b_GSE167363_sample_file_counts.csv,/Users/felix/Documents/Sepsis_CrossCohort_scRNA/repository_release_v1/frozen_results/audit_outputs/single_cell/T18b_GSE167363_sample_file_counts.csv,T18b_GSE167363_sample_file_counts.csv,csv,1049,0.001,GitHub and Zenodo
frozen_results/audit_outputs/single_cell/T18b_GSE167363_sample_metadata.csv,/Users/felix/Documents/Sepsis_CrossCohort_scRNA/repository_release_v1/frozen_results/audit_outputs/single_cell/T18b_GSE167363_sample_metadata.csv,T18b_GSE167363_sample_metadata.csv,csv,919,0.001,GitHub and Zenodo
frozen_results/audit_outputs/single_cell/T19_scRNA_canonical_marker_gene_sets.csv,/Users/felix/Documents/Sepsis_CrossCohort_scRNA/repository_release_v1/frozen_results/audit_outputs/single_cell/T19_scRNA_canonical_marker_gene_sets.csv,T19_scRNA_canonical_marker_gene_sets.csv,csv,908,0.001,GitHub and Zenodo
frozen_results/audit_outputs/single_cell/T19_scRNA_signature_gene_sets.csv,/Users/felix/Documents/Sepsis_CrossCohort_scRNA/repository_release_v1/frozen_results/audit_outputs/single_cell/T19_scRNA_signature_gene_sets.csv,T19_scRNA_signature_gene_sets.csv,csv,777,0.001,GitHub and Zenodo
frozen_results/audit_outputs/single_cell/T19_scRNA_signature_score_by_group.csv,/Users/felix/Documents/Sepsis_CrossCohort_scRNA/repository_release_v1/frozen_results/audit_outputs/single_cell/T19_scRNA_signature_score_by_group.csv,T19_scRNA_signature_score_by_group.csv,csv,1033,0.001,GitHub and Zenodo
frozen_results/audit_outputs/table1_compact_for_BMC_Genomics/T44_Table1_compact_checks.csv,/Users/felix/Documents/Sepsis_CrossCohort_scRNA/repository_release_v1/frozen_results/audit_outputs/table1_compact_for_BMC_Genomics/T44_Table1_compact_checks.csv,T44_Table1_compact_checks.csv,csv,780,0.001,GitHub and Zenodo
frozen_results/audit_outputs/table1_compact_for_BMC_Genomics/T44_Table1_compact_overall_status.csv,/Users/felix/Documents/Sepsis_CrossCohort_scRNA/repository_release_v1/frozen_results/audit_outputs/table1_compact_for_BMC_Genomics/T44_Table1_compact_overall_status.csv,T44_Table1_compact_overall_status.csv,csv,616,0.001,GitHub and Zenodo
frozen_results/audit_outputs/table1_insertion_package_for_BMC_Genomics/T45_Table1_caption_and_footnote.csv,/Users/felix/Documents/Sepsis_CrossCohort_scRNA/repository_release_v1/frozen_results/audit_outputs/table1_insertion_package_for_BMC_Genomics/T45_Table1_caption_and_footnote.csv,T45_Table1_caption_and_footnote.csv,csv,1506,0.001,GitHub and Zenodo
frozen_results/audit_outputs/table1_insertion_package_for_BMC_Genomics/T45_Table1_insertion_package_checks.csv,/Users/felix/Documents/Sepsis_CrossCohort_scRNA/repository_release_v1/frozen_results/audit_outputs/table1_insertion_package_for_BMC_Genomics/T45_Table1_insertion_package_checks.csv,T45_Table1_insertion_package_checks.csv,csv,1009,0.001,GitHub and Zenodo
frozen_results/audit_outputs/table1_insertion_package_for_BMC_Genomics/T45_Table1_insertion_package_overall_status.csv,/Users/felix/Documents/Sepsis_CrossCohort_scRNA/repository_release_v1/frozen_results/audit_outputs/table1_insertion_package_for_BMC_Genomics/T45_Table1_insertion_package_overall_status.csv,T45_Table1_insertion_package_overall_status.csv,csv,724,0.001,GitHub and Zenodo
frozen_results/audit_outputs/table1_insertion_package_for_BMC_Genomics/T45_Table1_insertion_text.txt,/Users/felix/Documents/Sepsis_CrossCohort_scRNA/repository_release_v1/frozen_results/audit_outputs/table1_insertion_package_for_BMC_Genomics/T45_Table1_insertion_text.txt,T45_Table1_insertion_text.txt,txt,1484,0.001,GitHub and Zenodo
CITATION.cff,/Users/felix/Documents/Sepsis_CrossCohort_scRNA/repository_release_v1/CITATION.cff,CITATION.cff,cff,460,0,GitHub and Zenodo
frozen_results/audit_outputs/differential_expression/T02_annotation_qc_by_dataset.csv,/Users/felix/Documents/Sepsis_CrossCohort_scRNA/repository_release_v1/frozen_results/audit_outputs/differential_expression/T02_annotation_qc_by_dataset.csv,T02_annotation_qc_by_dataset.csv,csv,416,0,GitHub and Zenodo
frozen_results/audit_outputs/final_freeze/tables/T16b_go_no_go_T16b_RNAseq_go_no_go_summary.csv,/Users/felix/Documents/Sepsis_CrossCohort_scRNA/repository_release_v1/frozen_results/audit_outputs/final_freeze/tables/T16b_go_no_go_T16b_RNAseq_go_no_go_summary.csv,T16b_go_no_go_T16b_RNAseq_go_no_go_summary.csv,csv,459,0,GitHub and Zenodo
frozen_results/audit_outputs/final_freeze/tables/T19_scRNA_summary_T19_scRNA_signature_localization_summary.csv,/Users/felix/Documents/Sepsis_CrossCohort_scRNA/repository_release_v1/frozen_results/audit_outputs/final_freeze/tables/T19_scRNA_summary_T19_scRNA_signature_localization_summary.csv,T19_scRNA_summary_T19_scRNA_signature_localization_summary.csv,csv,330,0,GitHub and Zenodo
frozen_results/audit_outputs/nested_LODO/T14_nested_LODO_go_no_go.csv,/Users/felix/Documents/Sepsis_CrossCohort_scRNA/repository_release_v1/frozen_results/audit_outputs/nested_LODO/T14_nested_LODO_go_no_go.csv,T14_nested_LODO_go_no_go.csv,csv,136,0,GitHub and Zenodo
frozen_results/audit_outputs/nested_LODO/T14_nested_LODO_summary_metrics.csv,/Users/felix/Documents/Sepsis_CrossCohort_scRNA/repository_release_v1/frozen_results/audit_outputs/nested_LODO/T14_nested_LODO_summary_metrics.csv,T14_nested_LODO_summary_metrics.csv,csv,439,0,GitHub and Zenodo
frozen_results/audit_outputs/signature_definition_final_10_genes_46c/~$6c_final_10_gene_signature_definition.docx,/Users/felix/Documents/Sepsis_CrossCohort_scRNA/repository_release_v1/frozen_results/audit_outputs/signature_definition_final_10_genes_46c/~$6c_final_10_gene_signature_definition.docx,~$6c_final_10_gene_signature_definition.docx,docx,162,0,GitHub and Zenodo
frozen_results/audit_outputs/single_cell/T18_GSE167363_cluster_composition.csv,/Users/felix/Documents/Sepsis_CrossCohort_scRNA/repository_release_v1/frozen_results/audit_outputs/single_cell/T18_GSE167363_cluster_composition.csv,T18_GSE167363_cluster_composition.csv,csv,512,0,GitHub and Zenodo
frozen_results/audit_outputs/single_cell/T18_GSE167363_prepare_summary.csv,/Users/felix/Documents/Sepsis_CrossCohort_scRNA/repository_release_v1/frozen_results/audit_outputs/single_cell/T18_GSE167363_prepare_summary.csv,T18_GSE167363_prepare_summary.csv,csv,437,0,GitHub and Zenodo
frozen_results/audit_outputs/single_cell/T18a_10x_mex_candidate_dirs.csv,/Users/felix/Documents/Sepsis_CrossCohort_scRNA/repository_release_v1/frozen_results/audit_outputs/single_cell/T18a_10x_mex_candidate_dirs.csv,T18a_10x_mex_candidate_dirs.csv,csv,0,0,GitHub and Zenodo
frozen_results/audit_outputs/single_cell/T18a_h5_candidate_files.csv,/Users/felix/Documents/Sepsis_CrossCohort_scRNA/repository_release_v1/frozen_results/audit_outputs/single_cell/T18a_h5_candidate_files.csv,T18a_h5_candidate_files.csv,csv,205,0,GitHub and Zenodo
frozen_results/audit_outputs/single_cell/T18a_h5ad_candidate_files.csv,/Users/felix/Documents/Sepsis_CrossCohort_scRNA/repository_release_v1/frozen_results/audit_outputs/single_cell/T18a_h5ad_candidate_files.csv,T18a_h5ad_candidate_files.csv,csv,205,0,GitHub and Zenodo
frozen_results/audit_outputs/single_cell/T18a_h5seurat_candidate_files.csv,/Users/felix/Documents/Sepsis_CrossCohort_scRNA/repository_release_v1/frozen_results/audit_outputs/single_cell/T18a_h5seurat_candidate_files.csv,T18a_h5seurat_candidate_files.csv,csv,205,0,GitHub and Zenodo
frozen_results/audit_outputs/single_cell/T18a_scan_summary.csv,/Users/felix/Documents/Sepsis_CrossCohort_scRNA/repository_release_v1/frozen_results/audit_outputs/single_cell/T18a_scan_summary.csv,T18a_scan_summary.csv,csv,287,0,GitHub and Zenodo
frozen_results/audit_outputs/single_cell/T18b_GSE167363_10x_candidate_dirs.csv,/Users/felix/Documents/Sepsis_CrossCohort_scRNA/repository_release_v1/frozen_results/audit_outputs/single_cell/T18b_GSE167363_10x_candidate_dirs.csv,T18b_GSE167363_10x_candidate_dirs.csv,csv,311,0,GitHub and Zenodo
frozen_results/audit_outputs/single_cell/T18b_GSE167363_prepare_summary.csv,/Users/felix/Documents/Sepsis_CrossCohort_scRNA/repository_release_v1/frozen_results/audit_outputs/single_cell/T18b_GSE167363_prepare_summary.csv,T18b_GSE167363_prepare_summary.csv,csv,275,0,GitHub and Zenodo
frozen_results/audit_outputs/single_cell/T18c_GSE167363_reorganize_summary.csv,/Users/felix/Documents/Sepsis_CrossCohort_scRNA/repository_release_v1/frozen_results/audit_outputs/single_cell/T18c_GSE167363_reorganize_summary.csv,T18c_GSE167363_reorganize_summary.csv,csv,200,0,GitHub and Zenodo
frozen_results/audit_outputs/single_cell/T19_scRNA_signature_localization_summary.csv,/Users/felix/Documents/Sepsis_CrossCohort_scRNA/repository_release_v1/frozen_results/audit_outputs/single_cell/T19_scRNA_signature_localization_summary.csv,T19_scRNA_signature_localization_summary.csv,csv,330,0,GitHub and Zenodo
frozen_results/audit_outputs/table1_insertion_package_for_BMC_Genomics/T45_Additional_file_1_description.txt,/Users/felix/Documents/Sepsis_CrossCohort_scRNA/repository_release_v1/frozen_results/audit_outputs/table1_insertion_package_for_BMC_Genomics/T45_Additional_file_1_description.txt,T45_Additional_file_1_description.txt,txt,402,0,GitHub and Zenodo
frozen_results/audit_outputs/table1_insertion_package_for_BMC_Genomics/T45_Methods_Table1_reference_paragraph.txt,/Users/felix/Documents/Sepsis_CrossCohort_scRNA/repository_release_v1/frozen_results/audit_outputs/table1_insertion_package_for_BMC_Genomics/T45_Methods_Table1_reference_paragraph.txt,T45_Methods_Table1_reference_paragraph.txt,txt,360,0,GitHub and Zenodo
