gene_symbol,dataset,n_control,n_sepsis,mean_control,mean_sepsis,median_control,median_sepsis,dataset_logFC,dataset_direction,auc,wilcox_p,heldout_dataset
TDRD9,GSE137340,14,43,4.93534616642857,6.7997167887093,4.36161464675,6.3466674295,1.86437062228073,Up_in_Sepsis,0.87375415282392,7.34598051394299e-06,GSE57065
TDRD9,GSE236713,30,125,-3.39393928333333,0.728508634968,-3.5223222,0.61764884,4.12244791830133,Up_in_Sepsis,0.991466666666667,7.12851805331957e-17,GSE57065
TDRD9,GSE54514,18,35,8.22346499241667,8.5398926803,8.05224168325,8.5265431405,0.316427687883333,Up_in_Sepsis,0.619047619047619,0.163232997664367,GSE57065
TDRD9,GSE65682,42,51,3.34773631371429,5.63320040717647,3.2782247165,5.797888853,2.28546409346219,Up_in_Sepsis,0.927637721755369,1.57574257046212e-12,GSE57065
TDRD9,GSE95233,22,51,4.25339464136364,7.46258520078431,4.28958474,7.5901051,3.20919055942068,Up_in_Sepsis,0.993761140819965,2.84841857067922e-11,GSE57065
VNN1,GSE137340,14,43,5.84198521592857,8.33127632462791,5.2407587655,8.28171284,2.48929110869934,Up_in_Sepsis,0.833887043189369,8.99233343862789e-05,GSE57065
VNN1,GSE236713,30,125,-2.51087958666667,0.174100949376,-2.3667963,0.22361732,2.68498053604267,Up_in_Sepsis,0.966933333333334,2.22338235075182e-15,GSE57065
VNN1,GSE54514,18,35,8.22397820144444,8.80589087351429,8.2312779425,8.825949669,0.581912672069842,Up_in_Sepsis,0.73015873015873,0.0066488422773127,GSE57065
VNN1,GSE65682,42,51,5.20893270661429,6.76910780665098,5.2367840215,6.7483131382,1.56017510003669,Up_in_Sepsis,0.878618113912232,3.9231473659526e-10,GSE57065
VNN1,GSE95233,22,51,6.12347101727273,9.81471244029412,6.2628003225,9.948698,3.69124142302139,Up_in_Sepsis,1,1.60188706567253e-11,GSE57065
S100A8,GSE137340,14,43,11.7670707607143,13.8612130895349,11.6478577,13.9794618,2.0941423288206,Up_in_Sepsis,0.900332225913621,8.24610608071691e-06,GSE57065
S100A8,GSE236713,30,125,-1.74534144333333,0.245866349664,-1.83901405,0.19146156,1.99120779299733,Up_in_Sepsis,0.993333333333333,5.44853176760137e-17,GSE57065
S100A8,GSE54514,18,35,14.4818180944444,14.455229432,14.509645465,14.56532383,-0.0265886624444445,Down_in_Sepsis,0.484126984126984,0.858264733607146,GSE57065
S100A8,GSE65682,42,51,12.8216072683333,13.1201117496078,12.79987098,13.13078904,0.298504481274511,Up_in_Sepsis,0.812324929971989,2.45875764364347e-07,GSE57065
S100A8,GSE95233,22,51,10.7613722531818,13.0814998472549,10.6646902575,13.108627835,2.32012759407308,Up_in_Sepsis,1,1.60188706567253e-11,GSE57065
CD177,GSE137340,14,43,4.84320548114286,6.19967237805233,4.274549700375,5.93976807,1.35646689690947,Up_in_Sepsis,0.867109634551495,1.15818527714491e-05,GSE57065
CD177,GSE236713,30,125,-4.59570063022222,0.997677143048,-4.8352926,1.18436154666667,5.59337777327022,Up_in_Sepsis,0.978933333333333,4.22217230068948e-16,GSE57065
CD177,GSE54514,18,35,8.04642282583333,8.34422796814286,7.585268259,7.933347225,0.297805142309523,Up_in_Sepsis,0.546031746031746,0.595788354333167,GSE57065
CD177,GSE65682,42,51,6.95467321429762,9.29277487376471,7.043244875,9.5986285285,2.33810165946709,Up_in_Sepsis,0.872082166199814,7.79851587115787e-10,GSE57065
CD177,GSE95233,22,51,5.19170742772727,11.2084004954902,5.25854487,11.39021861,6.01669306776292,Up_in_Sepsis,1,1.60188706567253e-11,GSE57065
TP53I3,GSE137340,14,43,4.59942489925,5.53219730161628,4.43879523875,5.3940422195,0.932772402366279,Up_in_Sepsis,0.875415282392027,6.53811501196993e-06,GSE57065
TP53I3,GSE236713,30,125,-1.42931272416667,0.220877632548,-1.445740925,0.222686527,1.65019035671467,Up_in_Sepsis,0.9624,4.12045780957839e-15,GSE57065
TP53I3,GSE54514,18,35,7.47757449413889,7.6071469375,7.44879531875,7.5213742255,0.129572443361112,Up_in_Sepsis,0.628571428571429,0.131496116104732,GSE57065
TP53I3,GSE65682,42,51,5.27538630388095,6.79615955807843,5.1149474575,6.764566771,1.52077325419748,Up_in_Sepsis,0.881419234360411,2.9123290933051e-10,GSE57065
TP53I3,GSE95233,22,51,5.83148782727273,8.2367748072549,5.86947041,8.24667048,2.40528697998217,Up_in_Sepsis,1,1.60188706567253e-11,GSE57065
MS4A4A,GSE137340,14,43,4.38027034123809,4.79825954171318,4.21162892683333,4.621282503,0.417989200475084,Up_in_Sepsis,0.87375415282392,7.34598051394299e-06,GSE57065
MS4A4A,GSE236713,30,125,-2.61123413333333,0.377198846528,-2.6311412,0.40470123,2.98843297986133,Up_in_Sepsis,0.988533333333334,1.08528994979761e-16,GSE57065
MS4A4A,GSE54514,18,35,7.69527950547222,7.83805843751429,7.73644423475,7.662946701,0.142778932042063,Up_in_Sepsis,0.53968253968254,0.648457933533109,GSE57065
MS4A4A,GSE65682,42,51,4.03805804831746,5.2213682564183,3.98802775533334,5.001020882,1.18331020810084,Up_in_Sepsis,0.833333333333334,3.62489033813588e-08,GSE57065
MS4A4A,GSE95233,22,51,4.23226711469697,7.65297900960784,4.15824913166667,7.34865074333333,3.42071189491088,Up_in_Sepsis,1,1.60188706567253e-11,GSE57065
GRB10,GSE137340,14,43,4.56440252525,5.22920618850581,4.38811246875,5.0267802825,0.664803663255814,Up_in_Sepsis,0.86046511627907,1.79643132928885e-05,GSE57065
GRB10,GSE236713,30,125,-3.89471878333333,0.417078135436,-3.96789635,0.6052891,4.31179691876933,Up_in_Sepsis,0.9992,2.32616920867582e-17,GSE57065
GRB10,GSE54514,18,35,7.34481861856945,7.42220233847143,7.335484862375,7.44299376025,0.0773837199019836,Up_in_Sepsis,0.604761904761905,0.220939150662259,GSE57065
GRB10,GSE65682,42,51,5.14375050635714,6.3680301916732,5.3072275765,6.40669285766667,1.22427968531606,Up_in_Sepsis,0.798319327731093,8.25601832102464e-07,GSE57065
GRB10,GSE95233,22,51,5.38171027272727,7.47753324985294,5.3005039125,7.5704178725,2.09582297712567,Up_in_Sepsis,0.994652406417112,2.62469054871502e-11,GSE57065
DACH1,GSE137340,14,43,4.46732213919048,5.14534074217054,4.34262644933334,4.93249457133333,0.678018602980067,Up_in_Sepsis,0.895348837209303,1.47261484413906e-06,GSE57065
DACH1,GSE236713,30,125,-2.14178051166667,0.192125785648,-2.132796525,0.32250023,2.33390629731467,Up_in_Sepsis,0.9808,3.24868406725649e-16,GSE57065
DACH1,GSE54514,18,35,7.62045986561111,7.60723197565714,7.54754503566667,7.53868643466667,-0.013227889953968,Down_in_Sepsis,0.484126984126984,0.859761640454994,GSE57065
DACH1,GSE65682,42,51,4.38821517494048,5.67649628627451,4.4631872035,5.7262053915,1.28828111133403,Up_in_Sepsis,0.837068160597573,2.54774905292748e-08,GSE57065
DACH1,GSE95233,22,51,3.1235810880303,5.35821073751634,3.08244476666667,5.30643560333333,2.23462964948604,Up_in_Sepsis,0.997326203208556,2.05178515500888e-11,GSE57065
ARG1,GSE137340,14,43,5.39318331628572,8.42492957209302,4.8148795855,8.18703108,3.03174625580731,Up_in_Sepsis,0.903654485049834,7.47687024826658e-07,GSE57065
ARG1,GSE236713,30,125,-5.70737630333333,0.607655357684,-5.273505225,1.0022521,6.31503166101733,Up_in_Sepsis,0.988533333333333,1.08528994979761e-16,GSE57065
ARG1,GSE54514,18,35,9.91732189377778,9.94933240062857,9.8969225885,10.34985065,0.0320105068507939,Up_in_Sepsis,0.519047619047619,0.830638269796872,GSE57065
ARG1,GSE65682,42,51,8.24808981338095,9.51827819741177,8.6403316835,9.643508982,1.27018838403081,Up_in_Sepsis,0.827731092436975,6.1091786074841e-08,GSE57065
ARG1,GSE95233,22,51,4.60294954704546,8.15285476784314,4.57397270125,8.3056969125,3.54990522079768,Up_in_Sepsis,1,1.60188706567253e-11,GSE57065
S100P,GSE137340,14,43,7.11713931071429,10.6221696755814,7.245426574,10.78611659,3.50503036486711,Up_in_Sepsis,0.893687707641196,1.67917460911234e-06,GSE57065
S100P,GSE236713,30,125,-2.98257649866667,0.092648548928,-3.066798,0.20399523,3.07522504759467,Up_in_Sepsis,0.974933333333333,7.3791217923107e-16,GSE57065
S100P,GSE54514,18,35,10.8642796408889,11.5575663426571,10.817378045,11.22842979,0.693286701768255,Up_in_Sepsis,0.665079365079365,0.0512864999292285,GSE57065
S100P,GSE65682,42,51,11.3545093569762,11.7995175968627,11.48921505,11.85882878,0.445008239886555,Up_in_Sepsis,0.69514472455649,0.00126812382600049,GSE57065
S100P,GSE95233,22,51,8.66531628136364,11.8757753331373,8.813103335,11.93590325,3.21045905177362,Up_in_Sepsis,0.998217468805704,1.88955739655682e-11,GSE57065
CA4,GSE137340,14,43,6.91940812057143,9.65519712048837,6.459628585,9.669696759,2.73578899991694,Up_in_Sepsis,0.880398671096346,4.5786917253501e-06,GSE57065
CA4,GSE236713,30,125,-3.66853894,0.384889875952,-3.70356985,0.6014385,4.053428815952,Up_in_Sepsis,0.972533333333333,1.0292890169365e-15,GSE57065
CA4,GSE54514,18,35,10.6089483364444,10.6232313162,10.449402335,10.4002409,0.0142829797555546,Up_in_Sepsis,0.501587301587302,0.992507342069996,GSE57065
CA4,GSE65682,42,51,7.10914031604762,8.45817187988235,7.137137786,8.552890722,1.34903156383473,Up_in_Sepsis,0.870681605975724,9.02204498104525e-10,GSE57065
CA4,GSE95233,22,51,5.33730089909091,7.46785604637255,5.2940546725,7.43619414,2.13055514728164,Up_in_Sepsis,1,1.60188706567253e-11,GSE57065
TCN1,GSE137340,14,43,5.92217254121429,8.4238244502093,5.549934306,8.175739311,2.50165190899502,Up_in_Sepsis,0.870431893687708,9.24335675110831e-06,GSE57065
TCN1,GSE236713,30,125,-2.116104969,0.395259804608,-2.239315,0.40213156,2.511364773608,Up_in_Sepsis,0.9296,3.00598095206023e-13,GSE57065
TCN1,GSE54514,18,35,9.37911383288889,9.8034695618,8.888700008,9.539639473,0.424355728911111,Up_in_Sepsis,0.623015873015873,0.148126164258606,GSE57065
TCN1,GSE65682,42,51,6.60707318309524,8.85521654782353,6.528435852,9.067284058,2.24814336472829,Up_in_Sepsis,0.877217553688142,4.549776441538e-10,GSE57065
TCN1,GSE95233,22,51,5.01863434545455,8.36151990235294,5.04874131,8.31396416,3.3428855568984,Up_in_Sepsis,1,1.60188706567253e-11,GSE57065
TNFAIP6,GSE137340,14,43,6.27006474171429,7.63948308497674,6.136230148,7.544343218,1.36941834326246,Up_in_Sepsis,0.868770764119601,1.0352095404657e-05,GSE57065
TNFAIP6,GSE236713,30,125,-3.05653364,0.290474225472,-2.97301435,0.47928786,3.347007865472,Up_in_Sepsis,0.992533333333333,6.11441610250757e-17,GSE57065
TNFAIP6,GSE54514,18,35,8.65480277255556,8.8839384697,8.66083169025,8.9170858845,0.229135697144445,Up_in_Sepsis,0.677777777777778,0.0353615208408517,GSE57065
TNFAIP6,GSE65682,42,51,8.96900833957143,9.3313451742549,9.087399385,9.419908274,0.362336834683473,Up_in_Sepsis,0.639122315592904,0.0216359913017819,GSE57065
TNFAIP6,GSE95233,22,51,7.05627400295455,9.5566334022549,7.1440883625,9.421209355,2.50035939930036,Up_in_Sepsis,0.991978609625668,3.35328660937072e-11,GSE57065
BCL9L,GSE137340,14,43,5.63381018871429,4.94135932369767,5.6595003125,4.822681264,-0.692450865016611,Down_in_Sepsis,0.131229235880399,1.0352095404657e-05,GSE57065
BCL9L,GSE236713,30,125,1.50684055983333,-0.206247490844,1.51030955,-0.1328442,-1.71308805067733,Down_in_Sepsis,0.008,6.60229162961706e-17,GSE57065
BCL9L,GSE54514,18,35,7.17467631238889,7.1977876664,7.173951626,7.176938057,0.0231113540111112,Up_in_Sepsis,0.517460317460317,0.845174025846265,GSE57065
BCL9L,GSE65682,42,51,3.83638749773214,3.41169320090686,3.733946900125,3.4224820565,-0.42469429682528,Down_in_Sepsis,0.19187675070028,3.55549239738882e-07,GSE57065
BCL9L,GSE95233,22,51,6.39400990977273,5.13587235127451,6.3346484625,5.107778375,-1.25813755849822,Down_in_Sepsis,0.0017825311942959,1.88955739655682e-11,GSE57065
RETN,GSE137340,14,43,5.20533511935714,7.98698026388372,4.6106590085,8.017298027,2.78164514452658,Up_in_Sepsis,0.853820598006645,2.74394577444583e-05,GSE57065
RETN,GSE236713,30,125,-3.35105348333333,0.713783831712,-3.412232375,0.611680735,4.06483731504533,Up_in_Sepsis,0.9864,1.47108884225019e-16,GSE57065
RETN,GSE54514,18,35,9.55170414166667,9.70309085842857,9.6156725885,9.064110756,0.151386716761905,Up_in_Sepsis,0.53015873015873,0.730730102071719,GSE57065
RETN,GSE65682,42,51,7.31710567696429,9.74104034138235,7.314010839,10.03319172,2.42393466441807,Up_in_Sepsis,0.869747899159664,9.93971462224936e-10,GSE57065
RETN,GSE95233,22,51,5.149751095,7.83679717882353,5.05946805,8.05463729,2.68704608382353,Up_in_Sepsis,0.986631016042781,5.45249501386452e-11,GSE57065
S100A12,GSE137340,14,43,7.70278727485714,11.0668810956512,7.065018702,11.04278397,3.36409382079402,Up_in_Sepsis,0.898671096345515,1.12784882767697e-06,GSE57065
S100A12,GSE236713,30,125,-1.917598468,0.1769893729,-1.901658775,0.180045844,2.0945878409,Up_in_Sepsis,0.973066666666666,9.56049645464289e-16,GSE57065
S100A12,GSE54514,18,35,13.46449889,13.4374514174286,13.757225515,13.76200581,-0.0270474725714287,Down_in_Sepsis,0.479365079365079,0.814369036014009,GSE57065
S100A12,GSE65682,42,51,11.8939188911905,12.4614545039216,12.001801995,12.55250341,0.567535612731094,Up_in_Sepsis,0.842670401493931,1.49082875196827e-08,GSE57065
S100A12,GSE95233,22,51,9.08179684272727,12.5885895996078,8.865218125,12.6154914,3.50679275688057,Up_in_Sepsis,1,1.60188706567253e-11,GSE57065
UBE2C,GSE137340,14,43,4.73512227735714,5.34429621340698,4.432073448625,5.27754126775,0.609173936049833,Up_in_Sepsis,0.808970099667774,0.000339521427323367,GSE57065
UBE2C,GSE236713,30,125,-2.38996792,0.167743539728,-2.4488444,0.12778091,2.557711459728,Up_in_Sepsis,0.988533333333334,1.08528994979761e-16,GSE57065
UBE2C,GSE54514,18,35,7.42056694291667,7.47562612125714,7.4238853455,7.447782755,0.0550591783404766,Up_in_Sepsis,0.585714285714286,0.318216803699425,GSE57065
UBE2C,GSE65682,42,51,3.65675624389286,4.75314776211275,3.63832130775,4.57540764025,1.09639151821989,Up_in_Sepsis,0.948646125116714,1.2157504062892e-13,GSE57065
UBE2C,GSE95233,22,51,4.68462515954546,5.61843182960784,4.718211675,5.50469678,0.933806670062388,Up_in_Sepsis,0.934046345811052,4.95356158238257e-09,GSE57065
CCPG1,GSE137340,14,43,5.71398015628571,7.19531445209302,5.407865091,7.143221333,1.48133429580731,Up_in_Sepsis,0.87375415282392,7.34598051394299e-06,GSE57065
CCPG1,GSE236713,30,125,-1.38570976466667,0.199617117968,-1.3767164,0.23355675,1.58532688263467,Up_in_Sepsis,0.964266666666667,3.19836502929864e-15,GSE57065
CCPG1,GSE54514,18,35,8.52722313633333,8.60512421485714,8.48179435725,8.6312851905,0.0779010785238103,Up_in_Sepsis,0.546031746031746,0.595788354333167,GSE57065
CCPG1,GSE65682,42,51,5.43048237534354,6.29565831969188,5.4763874095,6.38689566442857,0.86517594434834,Up_in_Sepsis,0.839869281045752,1.95094747201154e-08,GSE57065
CCPG1,GSE95233,22,51,6.15918117136364,7.5556615647451,6.122413141,7.582680408,1.39648039338146,Up_in_Sepsis,0.968805704099822,2.6568328672965e-10,GSE57065
NLRC4,GSE137340,14,43,5.55132285385714,7.22118646581395,5.1589393945,7.26193747,1.66986361195681,Up_in_Sepsis,0.805647840531561,0.000400631980255359,GSE57065
NLRC4,GSE236713,30,125,-1.78090573316667,0.349063856668,-1.6988298,0.45337687,2.12996958983467,Up_in_Sepsis,0.968266666666667,1.85237119125629e-15,GSE57065
NLRC4,GSE54514,18,35,8.24117922783333,8.49875315257143,8.0718331335,8.417428017,0.257573924738095,Up_in_Sepsis,0.626984126984127,0.136432076366508,GSE57065
NLRC4,GSE65682,42,51,4.29577335354762,5.00175797528431,4.4655792825,5.0621416185,0.705984621736694,Up_in_Sepsis,0.830999066293184,4.51012294675184e-08,GSE57065
NLRC4,GSE95233,22,51,5.92346704727273,8.06012161640523,6.00441967333333,8.09675851666667,2.1366545691325,Up_in_Sepsis,0.998217468805704,1.88955739655682e-11,GSE57065
ATP6V1C1,GSE137340,14,43,5.04136580589286,5.73415236531395,4.906265868,5.689115671,0.692786559421096,Up_in_Sepsis,0.830564784053156,0.00010836477926158,GSE57065
ATP6V1C1,GSE236713,30,125,-1.074058834,0.236285986636,-1.054627425,0.22516934,1.310344820636,Up_in_Sepsis,0.9792,4.06725214686755e-16,GSE57065
ATP6V1C1,GSE54514,18,35,7.69440666833333,7.66646626334286,7.6981620785,7.6462945935,-0.0279404049904759,Down_in_Sepsis,0.465079365079365,0.689143463767284,GSE57065
ATP6V1C1,GSE65682,42,51,6.24831028319048,7.10629631146079,6.445528915,7.39451124325,0.857986028270308,Up_in_Sepsis,0.794117647058824,1.17542255359386e-06,GSE57065
ATP6V1C1,GSE95233,22,51,5.22768845727273,7.05554861,5.23748087375,7.145759595,1.82786015272727,Up_in_Sepsis,0.994652406417112,2.62469054871502e-11,GSE57065
GLA,GSE137340,14,43,7.28061185971429,8.73848134283721,7.102133541,8.846975906,1.45786948312292,Up_in_Sepsis,0.893687707641196,1.16271413116417e-05,GSE57065
GLA,GSE236713,30,125,-1.39151691233333,0.253925604736,-1.44446515,0.17690945,1.64544251706933,Up_in_Sepsis,0.989866666666667,8.96813082580416e-17,GSE57065
GLA,GSE54514,18,35,8.96371936805556,8.97981698174286,8.9635100365,8.92196846,0.0160976136873021,Up_in_Sepsis,0.473015873015873,0.756639937970471,GSE57065
GLA,GSE65682,42,51,4.60705202494444,5.06507052371896,4.59547661416667,5.11553418,0.458018498774511,Up_in_Sepsis,0.824929971988796,7.90621994484101e-08,GSE57065
GLA,GSE95233,22,51,8.20225829318182,9.1204415627451,8.246516965,9.10326591,0.918183269563279,Up_in_Sepsis,0.975935828877006,1.41972918224125e-10,GSE57065
IRAK3,GSE137340,14,43,6.47396456585714,9.10218682455814,5.964591442,9.217291858,2.628222258701,Up_in_Sepsis,0.875415282392027,6.53811501196993e-06,GSE57065
IRAK3,GSE236713,30,125,-2.2557758,0.510612487264,-2.2103551,0.74091697,2.766388287264,Up_in_Sepsis,0.9824,2.59297050143436e-16,GSE57065
IRAK3,GSE54514,18,35,9.97324305155556,10.1531717713714,10.1306290635,10.4770212165,0.179928719815873,Up_in_Sepsis,0.6,0.243028800589674,GSE57065
IRAK3,GSE65682,42,51,7.38685149740476,8.00597797543628,7.699551669,8.219756242,0.619126478031514,Up_in_Sepsis,0.710084033613446,0.000520192370241943,GSE57065
IRAK3,GSE95233,22,51,6.60189167469697,9.13780613104575,6.68542414,9.22017156666667,2.53591445634878,Up_in_Sepsis,0.99554367201426,2.41819260539641e-11,GSE57065
ATP8B4,GSE137340,14,43,6.04242837178571,7.89603791934884,5.9098729925,7.817046546,1.85360954756312,Up_in_Sepsis,0.920265780730897,1.70597610653585e-07,GSE57065
ATP8B4,GSE236713,30,125,-1.21495305033333,0.14060301156,-1.2074945,0.19343376,1.35555606189333,Up_in_Sepsis,0.883466666666667,7.4854734183252e-11,GSE57065
ATP8B4,GSE54514,18,35,8.69092207477778,9.01163763294286,8.683256626,9.004590034,0.32071555816508,Up_in_Sepsis,0.601587301587302,0.235502725274607,GSE57065
ATP8B4,GSE65682,42,51,4.50867756069048,6.29427198270588,4.5466065805,6.610898206,1.78559442201541,Up_in_Sepsis,0.896358543417367,5.7377441839172e-11,GSE57065
ATP8B4,GSE95233,22,51,5.35180145318182,7.19843281803922,5.327122285,7.17104536,1.8466313648574,Up_in_Sepsis,0.983065953654189,7.51822548100406e-11,GSE57065
ANXA3,GSE137340,14,43,6.19006722014286,8.80938603476744,5.5669530855,8.970790383,2.61931881462459,Up_in_Sepsis,0.838870431893687,6.75807999629674e-05,GSE57065
ANXA3,GSE236713,30,125,-3.47895378333333,0.369189877872,-3.41165095,0.4734826,3.84814366120533,Up_in_Sepsis,0.9616,4.59160112920663e-15,GSE57065
ANXA3,GSE54514,18,35,8.97661760155556,8.53801453448572,8.844226837,8.419454575,-0.43860306706984,Down_in_Sepsis,0.343650793650794,0.0656808931938673,GSE57065
ANXA3,GSE65682,42,51,9.45762392670238,10.1546832445588,9.64462058775,10.262729435,0.697059317856443,Up_in_Sepsis,0.7703081232493,7.96894550994041e-06,GSE57065
ANXA3,GSE95233,22,51,6.21233055909091,10.3470795898039,6.197868215,10.51778229,4.13474903071301,Up_in_Sepsis,1,1.60188706567253e-11,GSE57065
GPR84,GSE137340,14,43,4.92734887142857,6.88936857467442,4.435268492,6.63126722,1.96201970324585,Up_in_Sepsis,0.882059800664452,4.05663071297044e-06,GSE57065
GPR84,GSE236713,30,125,-2.36265875666667,0.811980091432,-2.3565483,0.67417645,3.17463884809867,Up_in_Sepsis,0.988533333333333,1.08528994979761e-16,GSE57065
GPR84,GSE54514,18,35,8.45748119894445,8.35290996034286,7.911521435,7.836024284,-0.104571238601588,Down_in_Sepsis,0.482539682539683,0.845174025846265,GSE57065
GPR84,GSE65682,42,51,6.97553973764286,8.35375543845098,7.3542148065,8.581473795,1.37821570080812,Up_in_Sepsis,0.750233426704015,3.56415344787041e-05,GSE57065
GPR84,GSE95233,22,51,4.22026272045455,8.65059058882353,4.09957837,8.75996829,4.43032786836898,Up_in_Sepsis,1,1.60188706567253e-11,GSE57065
LILRA6,GSE137340,14,43,5.39125489983929,6.05395338214535,5.241444203375,5.9880023175,0.662698482306063,Up_in_Sepsis,0.799003322259136,0.0005535902217946,GSE57065
LILRA6,GSE236713,30,125,-1.7083050945,0.290166193844,-1.641738535,0.318514465,1.998471288344,Up_in_Sepsis,0.988,1.17117500268751e-16,GSE57065
LILRA6,GSE54514,18,35,7.24401503138889,7.3235259465,7.23241746425,7.340320587,0.0795109151111113,Up_in_Sepsis,0.704761904761905,0.0147864871531677,GSE57065
LILRA6,GSE65682,42,51,9.27720818061905,10.0587903968235,9.3610800905,10.24795401,0.78158221620448,Up_in_Sepsis,0.823996265172736,8.61185098001542e-08,GSE57065
LILRA6,GSE95233,22,51,6.70944997318182,7.7721306145098,6.72318676,7.8056858,1.06268064132799,Up_in_Sepsis,0.989304812834224,4.27867888939574e-11,GSE57065
OLFM4,GSE137340,14,43,4.54263055035714,5.90532457310465,4.24708841475,5.5772952645,1.36269402274751,Up_in_Sepsis,0.910299003322259,4.22790671752083e-07,GSE57065
OLFM4,GSE236713,30,125,-3.89017209,0.38682899196,-4.09831955,0.4451604,4.27700108196,Up_in_Sepsis,0.912533333333333,2.48284480141307e-12,GSE57065
OLFM4,GSE54514,18,35,8.914224492,8.79847958418571,8.501371384,8.294371605,-0.115744907814287,Down_in_Sepsis,0.465079365079365,0.689143463767284,GSE57065
OLFM4,GSE65682,42,51,3.80761788369048,7.85954184731373,3.3217766645,8.3384783855,4.05192396362325,Up_in_Sepsis,0.926237161531279,1.86135962666096e-12,GSE57065
OLFM4,GSE95233,22,51,5.17500045409091,10.0501089431373,4.84326208,10.55058836,4.87510848904635,Up_in_Sepsis,0.985739750445633,5.9097281654302e-11,GSE57065
ANKRD22,GSE137340,14,43,5.63655461485714,8.05516097733721,4.955305934,7.786172296,2.41860636248007,Up_in_Sepsis,0.872093023255814,8.24463721259666e-06,GSE57065
ANKRD22,GSE236713,30,125,-2.85101746333333,1.022537681272,-2.8997055,0.98461366,3.87355514460533,Up_in_Sepsis,0.958933333333333,6.57843625058159e-15,GSE57065
ANKRD22,GSE54514,18,35,8.52571954986111,8.87529359547143,8.69458103175,8.477663517,0.349574045610316,Up_in_Sepsis,0.571428571428571,0.406890737204955,GSE57065
ANKRD22,GSE65682,42,51,5.88699225960714,7.052159584,6.213737908,7.332923397,1.16516732439286,Up_in_Sepsis,0.793183940242764,1.27061238461506e-06,GSE57065
ANKRD22,GSE95233,22,51,4.29564052431818,8.56352469696078,4.1869591325,8.686646645,4.2678841726426,Up_in_Sepsis,1,1.60188706567253e-11,GSE57065
PCOLCE2,GSE137340,14,43,4.27362411078571,5.12858838253488,4.27310016,4.909687741,0.854964271749169,Up_in_Sepsis,0.933554817275748,4.53258095428679e-08,GSE57065
PCOLCE2,GSE236713,30,125,-4.53269394333333,1.406010466584,-4.470698,1.711073,5.93870440991733,Up_in_Sepsis,0.977866666666666,4.90216050318513e-16,GSE57065
PCOLCE2,GSE54514,18,35,8.15473386944444,7.86995833265714,7.690903425,7.619874477,-0.284775536787302,Down_in_Sepsis,0.452380952380952,0.582925964615309,GSE57065
PCOLCE2,GSE65682,42,51,2.40414391857143,4.49943500747059,2.247909271,4.377631216,2.09529108889916,Up_in_Sepsis,0.916900093370682,5.5755279461992e-12,GSE57065
PCOLCE2,GSE95233,22,51,3.24523768,7.33323879882353,3.24782485,7.3415958,4.08800111882353,Up_in_Sepsis,0.994652406417112,2.62469054871502e-11,GSE57065
KCNE1,GSE137340,14,43,4.33918809985714,5.32449742881395,4.207419919,5.013995002,0.98530932895681,Up_in_Sepsis,0.89202657807309,1.9120745116751e-06,GSE57065
KCNE1,GSE236713,30,125,-2.26869852566667,0.694333473672,-2.36768555,0.6509087,2.96303199933867,Up_in_Sepsis,0.9896,9.31726147513612e-17,GSE57065
KCNE1,GSE54514,18,35,7.45810219972222,7.41774894165714,7.3216030595,7.376817226,-0.0403532580650792,Down_in_Sepsis,0.449206349206349,0.557589681355557,GSE57065
KCNE1,GSE65682,42,51,2.97889442228571,3.65664761473529,2.90057041175,3.6933045215,0.67775319244958,Up_in_Sepsis,0.8468720821662,9.91973627475115e-09,GSE57065
KCNE1,GSE95233,22,51,4.11064333181818,6.18825438313726,4.1158276275,6.23025916,2.07761105131907,Up_in_Sepsis,0.992869875222817,3.09077930949446e-11,GSE57065
FAM20A,GSE137340,14,43,4.60387537064286,5.51444685655814,4.2362247565,5.166399941,0.910571485915282,Up_in_Sepsis,0.848837209302326,3.73425195502401e-05,GSE57065
FAM20A,GSE236713,30,125,-4.97264707,0.33737264728,-5.159307,0.533299085,5.31001971728,Up_in_Sepsis,0.996533333333333,3.42914793133614e-17,GSE57065
FAM20A,GSE54514,18,35,7.29186911072222,7.43903177805714,7.2659902575,7.255633831,0.14716266733492,Up_in_Sepsis,0.593650793650794,0.274780752688366,GSE57065
FAM20A,GSE65682,42,51,2.89132879747619,3.72394495086928,2.76738356083333,3.58584260066667,0.83261615339309,Up_in_Sepsis,0.788982259570495,1.79871376878615e-06,GSE57065
FAM20A,GSE95233,22,51,5.09433562613636,6.14140299980392,5.10718502,6.0436982575,1.04706737366756,Up_in_Sepsis,0.970588235294118,2.27348975174705e-10,GSE57065
BCL11B,GSE137340,14,43,5.98113905671429,5.59100855484884,5.9846407675,5.5688549385,-0.390130501865448,Down_in_Sepsis,0.302325581395349,0.0268571212063966,GSE57065
BCL11B,GSE236713,30,125,2.220160065,-0.349411487824,2.257028925,-0.28752565,-2.569571552824,Down_in_Sepsis,0.0064,5.24288184560356e-17,GSE57065
BCL11B,GSE54514,18,35,7.77644255422222,7.81485186991429,7.7203633785,7.658464909,0.0384093156920633,Up_in_Sepsis,0.507936507936508,0.933308660155946,GSE57065
BCL11B,GSE65682,42,51,4.41698534159524,3.30491277327451,4.329102721,3.129349473,-1.11207256832073,Down_in_Sepsis,0.222222222222222,4.44231456366313e-06,GSE57065
BCL11B,GSE95233,22,51,7.20962040227273,5.29110927601307,7.15841215166667,5.19352229,-1.91851112625966,Down_in_Sepsis,0,1.60188706567253e-11,GSE57065
DRAM1,GSE137340,14,43,5.97951676114286,7.6284219607907,5.498105704,7.858016126,1.64890519964784,Up_in_Sepsis,0.807308970099668,0.000368932478636985,GSE57065
DRAM1,GSE236713,30,125,-1.44896454766667,0.021617724808,-1.43339515,0.07594013,1.47058227247467,Up_in_Sepsis,0.958133333333333,7.32485636027738e-15,GSE57065
DRAM1,GSE54514,18,35,8.34397490811111,8.52077736165714,8.4047923085,8.501205444,0.176802453546031,Up_in_Sepsis,0.6,0.243028800589674,GSE57065
DRAM1,GSE65682,42,51,3.76705746264286,4.62289479691177,3.75472874725,4.677832185,0.855837334268907,Up_in_Sepsis,0.803454715219422,5.32722689167168e-07,GSE57065
DRAM1,GSE95233,22,51,6.05118779727273,8.04099513019608,6.121587845,8.0836456,1.98980733292335,Up_in_Sepsis,0.990196078431373,3.94540435484238e-11,GSE57065
DDAH2,GSE137340,14,43,6.08321869521429,7.57824647653488,5.6365278395,7.619190009,1.4950277813206,Up_in_Sepsis,0.813953488372093,0.000263581497271942,GSE57065
DDAH2,GSE236713,30,125,-1.27922573033333,0.19872973652,-1.300472,0.27447033,1.47795546685333,Up_in_Sepsis,0.933866666666667,1.75042029032808e-13,GSE57065
DDAH2,GSE54514,18,35,7.81064618961111,7.82061367045714,7.7546439175,7.641768456,0.00996748084603194,Up_in_Sepsis,0.507936507936508,0.933308660155946,GSE57065
DDAH2,GSE65682,42,51,5.84774054228571,7.14443262911765,5.902305836,7.239468677,1.29669208683193,Up_in_Sepsis,0.8874883286648,1.51621161941954e-10,GSE57065
DDAH2,GSE95233,22,51,6.09254895863636,7.90755793954248,6.056235065,8.00775867,1.81500898090612,Up_in_Sepsis,0.998217468805704,1.88955739655682e-11,GSE57065
WIPI1,GSE137340,14,43,5.84246341814286,6.68232948148837,5.6971568515,6.808783668,0.839866063345515,Up_in_Sepsis,0.757475083056478,0.0033868587230376,GSE57065
WIPI1,GSE236713,30,125,-1.41402153533333,0.271323764848,-1.33425285,0.20184422,1.68534530018133,Up_in_Sepsis,0.983466666666666,2.23022449395653e-16,GSE57065
WIPI1,GSE54514,18,35,8.49110942422222,8.37088155748572,8.436255932,8.354125023,-0.120227866736506,Down_in_Sepsis,0.420634920634921,0.35253243130273,GSE57065
WIPI1,GSE65682,42,51,6.14616818605952,7.20296578637255,6.127173298,7.2842650345,1.05679760031303,Up_in_Sepsis,0.918767507002801,4.48546841923949e-12,GSE57065
WIPI1,GSE95233,22,51,7.17243139181818,8.66540228686275,7.1766740375,8.5907914,1.49297089504456,Up_in_Sepsis,0.992869875222816,3.09077930949446e-11,GSE57065
FYN,GSE137340,14,43,7.937087380625,7.30378023042442,7.98737291725,7.39833398925,-0.633307150200581,Down_in_Sepsis,0.247508305647841,0.00411662639779107,GSE57065
FYN,GSE236713,30,125,0.931028999,-0.271037153888,0.932108405,-0.2211585,-1.202066152888,Down_in_Sepsis,0.0344,2.66735498895389e-15,GSE57065
FYN,GSE54514,18,35,7.95278616083333,7.91861346787143,7.906122326875,7.820687294,-0.0341726929619046,Down_in_Sepsis,0.449206349206349,0.557589681355557,GSE57065
FYN,GSE65682,42,51,6.33264712161905,5.24190183817647,6.3978901825,5.298733132,-1.09074528344258,Down_in_Sepsis,0.126517273576097,6.73738457061858e-10,GSE57065
FYN,GSE95233,22,51,8.34728094136364,6.62451437052288,8.37729033333333,6.69098861666667,-1.72276657084076,Down_in_Sepsis,0.00089126559714795,1.73990990394731e-11,GSE57065
RNASE2,GSE137340,14,43,7.73033038857143,10.6338123868837,7.4552856515,11.07030608,2.90348199831229,Up_in_Sepsis,0.888704318936877,2.46942812179279e-06,GSE57065
RNASE2,GSE236713,30,125,-1.96222776066667,0.158999471508,-2.013210425,0.282015202,2.12122723217467,Up_in_Sepsis,0.904266666666667,6.70227324101856e-12,GSE57065
RNASE2,GSE54514,18,35,10.78919024,11.2153499872857,10.87018156,11.41287899,0.426159747285714,Up_in_Sepsis,0.683333333333333,0.0307784193547815,GSE57065
RNASE2,GSE65682,42,51,7.79061320569048,8.92322719009804,7.7673856775,8.88832994,1.13261398440756,Up_in_Sepsis,0.781979458450047,3.17723921323732e-06,GSE57065
RNASE2,GSE95233,22,51,6.77813487681818,9.51050022568627,6.78675501,9.64329331,2.73236534886809,Up_in_Sepsis,0.988413547237077,4.63944869067713e-11,GSE57065
ABLIM1,GSE137340,14,43,5.85463673442857,5.65571428069186,5.78113520325,5.6068577235,-0.198922453736711,Down_in_Sepsis,0.363787375415282,0.131931166909804,GSE57065
ABLIM1,GSE236713,30,125,1.48281813655555,-0.203484871834667,1.46177024166667,-0.226563213333333,-1.68630300839022,Down_in_Sepsis,0.0146666666666667,1.71188481427709e-16,GSE57065
ABLIM1,GSE54514,18,35,7.47108970751852,7.58333965029524,7.44839056333334,7.573652585,0.112249942776719,Up_in_Sepsis,0.66031746031746,0.0586025873125773,GSE57065
ABLIM1,GSE65682,42,51,4.32378784963691,3.80800783962745,4.2776805045,3.77866002775,-0.515780010009454,Down_in_Sepsis,0.227357609710551,6.64929120817864e-06,GSE57065
ABLIM1,GSE95233,22,51,8.23902331090909,6.14861887078431,8.206853725,6.06508925,-2.09040444012478,Down_in_Sepsis,0.00267379679144385,2.05178515500888e-11,GSE57065
ST6GALNAC3,GSE137340,14,43,4.50137086075,5.26059257533721,4.31088362225,5.0850363435,0.759221714587209,Up_in_Sepsis,0.872093023255814,8.24463721259666e-06,GSE57065
ST6GALNAC3,GSE236713,30,125,-1.624927869,0.340497375576,-1.67360055,0.45912015,1.965425244576,Up_in_Sepsis,0.960266666666667,5.49734641168987e-15,GSE57065
ST6GALNAC3,GSE54514,18,35,7.56375496916667,7.61624943185714,7.528279543,7.5792064665,0.0524944626904764,Up_in_Sepsis,0.523809523809524,0.787389209638866,GSE57065
ST6GALNAC3,GSE65682,42,51,4.01725771820238,5.1214141005098,4.03934253175,5.2777308485,1.10415638230742,Up_in_Sepsis,0.799253034547153,7.62783761565202e-07,GSE57065
ST6GALNAC3,GSE95233,22,51,3.91260054272727,6.32286726823529,3.902799155,6.39476853,2.41026672550802,Up_in_Sepsis,0.988413547237077,4.63786430560109e-11,GSE57065
CD3E,GSE137340,14,43,8.07039240107143,5.88392111839535,8.276842362,5.779868265,-2.18647128267608,Down_in_Sepsis,0.053156146179402,1.01995612661308e-08,GSE57065
CD3E,GSE236713,30,125,1.97366016666667,-0.193724511728,2.02472565,-0.16553044,-2.16738467839467,Down_in_Sepsis,0.0306666666666667,1.60007772207837e-15,GSE57065
CD3E,GSE54514,18,35,7.93333676116667,8.04534809934286,7.8882203105,7.870785713,0.11201133817619,Up_in_Sepsis,0.531746031746032,0.716774420138131,GSE57065
CD3E,GSE65682,42,51,2.98063724442857,2.48459348256863,2.872306862,2.436319492,-0.496043761859944,Down_in_Sepsis,0.237161531279178,1.40872649154211e-05,GSE57065
CD3E,GSE95233,22,51,6.84893544818182,4.84148069254902,6.812105725,4.83025782,-2.0074547556328,Down_in_Sepsis,0.0071301247771836,3.08970483898191e-11,GSE57065
HP,GSE137340,14,43,5.363253116,8.42878847960465,4.5018803655,8.465870512,3.06553536360465,Up_in_Sepsis,0.86046511627907,1.79643132928885e-05,GSE57065
HP,GSE236713,30,125,-4.03911341,0.179046727752,-3.7438183,0.33035803,4.218160137752,Up_in_Sepsis,0.9768,5.68982032753381e-16,GSE57065
HP,GSE54514,18,35,9.57451147544444,9.60321500031429,9.4727401735,9.702293396,0.028703524869842,Up_in_Sepsis,0.519047619047619,0.830638269796872,GSE57065
HP,GSE65682,42,51,8.14765722297619,9.4815146120719,8.22137304783334,9.74653601733333,1.33385738909571,Up_in_Sepsis,0.795985060690943,1.00520795442081e-06,GSE57065
HP,GSE95233,22,51,5.79297588340909,7.87475571607843,5.740234965,7.936269885,2.08177983266934,Up_in_Sepsis,1,1.60188706567253e-11,GSE57065
TLR5,GSE137340,14,43,7.45698871914286,9.88626998116279,7.152195425,10.11726915,2.42928126201993,Up_in_Sepsis,0.857142857142857,6.99054388330195e-05,GSE57065
TLR5,GSE236713,30,125,-1.76521059833333,0.342181207492,-1.726134175,0.4524085465,2.10739180582533,Up_in_Sepsis,0.986133333333333,1.52795650971528e-16,GSE57065
TLR5,GSE54514,18,35,8.65817268636111,8.86676242032857,8.6723899845,8.870217563,0.208589733967461,Up_in_Sepsis,0.663492063492063,0.0536371037869218,GSE57065
TLR5,GSE65682,42,51,7.63102261552381,8.03037110862745,7.904869968,8.162158126,0.399348493103641,Up_in_Sepsis,0.637721755368814,0.0229937647958931,GSE57065
TLR5,GSE95233,22,51,7.09033071954546,9.28910596784314,7.022787335,9.43570202,2.19877524829768,Up_in_Sepsis,0.989304812834225,4.27867888939574e-11,GSE57065
ZNF438,GSE137340,14,43,6.011259107,7.414814933,5.6935261025,7.54984771,1.403555826,Up_in_Sepsis,0.830564784053156,0.00010836477926158,GSE57065
ZNF438,GSE236713,30,125,-2.00385324666667,0.272921269688,-2.03095335,0.24590015,2.27677451635467,Up_in_Sepsis,0.990666666666667,7.99631971871393e-17,GSE57065
ZNF438,GSE54514,18,35,8.51915007172222,8.47946158811429,8.56369257,8.511802673,-0.0396884836079376,Down_in_Sepsis,0.496825396825397,0.977746942500812,GSE57065
ZNF438,GSE65682,42,51,5.28696320588095,5.90877666462745,5.259332643,5.956922869,0.621813458746499,Up_in_Sepsis,0.778244631185808,4.28090624201636e-06,GSE57065
ZNF438,GSE95233,22,51,5.79770358931818,7.50971257441177,5.784056845,7.64675054,1.71200898509358,Up_in_Sepsis,0.993761140819964,2.84841857067922e-11,GSE57065
LIN7A,GSE137340,14,43,4.90124060207143,6.00237916232558,4.54409923,5.841986616,1.10113856025415,Up_in_Sepsis,0.812292358803987,0.0002869816641554,GSE57065
LIN7A,GSE236713,30,125,-1.77383954,-0.028028324416,-1.7013788,0.12625504,1.745811215584,Up_in_Sepsis,0.966933333333333,2.22338235075182e-15,GSE57065
LIN7A,GSE54514,18,35,8.19500676788889,8.09935812262857,8.2465963365,8.083361626,-0.0956486452603187,Down_in_Sepsis,0.447619047619048,0.545121751957247,GSE57065
LIN7A,GSE65682,42,51,5.14147954,5.89860411596079,5.115247984,6.032136915,0.757124575960785,Up_in_Sepsis,0.806255835667601,4.18254822208525e-07,GSE57065
LIN7A,GSE95233,22,51,5.87961799,7.64378624156863,6.002409555,7.769969035,1.76416825156863,Up_in_Sepsis,0.980392156862745,9.55234536735608e-11,GSE57065
LILRA5,GSE137340,14,43,7.42001433247619,9.54247215132558,7.19596167783333,9.55634477233333,2.1224578188494,Up_in_Sepsis,0.87375415282392,7.34598051394299e-06,GSE57065
LILRA5,GSE236713,30,125,-1.44724332833333,0.156060930264,-1.32604715,0.2754941,1.60330425859733,Up_in_Sepsis,0.931466666666667,2.37420343089897e-13,GSE57065
LILRA5,GSE54514,18,35,10.7801393227778,10.8140689301333,10.5921104765,10.8437690753333,0.0339296073555584,Up_in_Sepsis,0.522222222222222,0.801741213878021,GSE57065
LILRA5,GSE65682,42,51,9.04942252834921,9.72692568706536,9.13687494883333,9.84878112566667,0.677503158716151,Up_in_Sepsis,0.794584500466854,1.13043864028343e-06,GSE57065
LILRA5,GSE95233,22,51,7.11645134261364,9.51360269279412,7.08574943625,9.654418455,2.39715135018048,Up_in_Sepsis,1,1.60188706567253e-11,GSE57065
UBE2J1,GSE137340,14,43,7.51051921157143,8.90058205346512,7.0956391145,8.877279489,1.39006284189369,Up_in_Sepsis,0.848837209302326,3.73425195502401e-05,GSE57065
UBE2J1,GSE236713,30,125,-0.985950385,0.126259820264,-0.911705255,0.04517293,1.112210205264,Up_in_Sepsis,0.965066666666667,2.86844175544285e-15,GSE57065
UBE2J1,GSE54514,18,35,9.72016090805556,9.72255412485714,9.6136245725,9.672478676,0.00239321680158611,Up_in_Sepsis,0.534920634920635,0.689143463767284,GSE57065
UBE2J1,GSE65682,42,51,7.21102242579762,7.98972013118137,7.056721576375,8.12342960675,0.778697705383753,Up_in_Sepsis,0.805322128851541,4.53483226434796e-07,GSE57065
UBE2J1,GSE95233,22,51,6.98358755787879,8.72503335183007,6.9664858275,8.78516449666667,1.74144579395128,Up_in_Sepsis,0.991978609625668,3.35328660937072e-11,GSE57065
ZDHHC19,GSE137340,14,43,5.59829461921429,8.41792485113954,4.6442862455,8.392798929,2.81963023192525,Up_in_Sepsis,0.858803986710963,1.99991144589167e-05,GSE57065
ZDHHC19,GSE236713,30,125,-1.820636658,0.638905728336,-1.889231,0.6277652,2.459542386336,Up_in_Sepsis,0.958133333333333,7.32485636027738e-15,GSE57065
ZDHHC19,GSE54514,18,35,9.80342743155555,10.2457725383143,9.2998418805,10.59918594,0.442345106758731,Up_in_Sepsis,0.565079365079365,0.450529192583409,GSE57065
ZDHHC19,GSE65682,42,51,5.2290239395119,8.29334250146079,4.58764488125,8.8220292475,3.06431856194888,Up_in_Sepsis,0.907563025210084,1.63148457744655e-11,GSE57065
ZDHHC19,GSE95233,22,51,4.34424839045455,7.00703930686275,4.121067835,7.13194825,2.6627909164082,Up_in_Sepsis,0.978609625668449,1.11977955795568e-10,GSE57065
CARD6,GSE137340,14,43,4.63616553407143,4.91750596602326,4.4106857275,4.89764085,0.281340431951827,Up_in_Sepsis,0.777408637873754,0.00148209884903873,GSE57065
CARD6,GSE236713,30,125,-1.64551811633333,0.174654875544,-1.6436938,0.15912545,1.82017299187733,Up_in_Sepsis,0.987733333333334,1.21659665288115e-16,GSE57065
CARD6,GSE54514,18,35,7.45402614283333,7.30953249248571,7.485522509,7.291709423,-0.144493650347619,Down_in_Sepsis,0.292063492063492,0.0132432221949124,GSE57065
CARD6,GSE65682,42,51,5.12144521540476,5.65600112676471,5.13452269225,5.726991105,0.534555911359944,Up_in_Sepsis,0.805788982259571,4.35525530177079e-07,GSE57065
CARD6,GSE95233,22,51,7.62536779272727,9.29978000666667,7.537637815,9.40990241,1.67441221393939,Up_in_Sepsis,0.99108734402852,3.63757408976493e-11,GSE57065
AMPD3,GSE137340,14,43,4.36509475144643,4.68890040339535,4.296762221125,4.53612638225,0.32380565194892,Up_in_Sepsis,0.875415282392027,6.53811501196993e-06,GSE57065
AMPD3,GSE236713,30,125,-1.6001981425,0.16324364402,-1.53098166,0.20307266,1.76344178652,Up_in_Sepsis,0.9784,4.54966383174459e-16,GSE57065
AMPD3,GSE54514,18,35,7.29428671475,7.31056830541429,7.2981749775,7.321006298,0.0162815906642857,Up_in_Sepsis,0.549206349206349,0.570192060596712,GSE57065
AMPD3,GSE65682,42,51,4.17677488671088,4.84328482955182,4.07739916885715,4.95547766242857,0.666509942840937,Up_in_Sepsis,0.823529411764706,8.9871630261376e-08,GSE57065
AMPD3,GSE95233,22,51,6.01882713477273,6.95985164745098,6.02174542,6.941334765,0.941024512678253,Up_in_Sepsis,0.99108734402852,3.63757408976493e-11,GSE57065
MAFG,GSE137340,14,43,5.04420703228572,5.67367849393023,4.87875633875,5.61753403575,0.629471461644518,Up_in_Sepsis,0.81063122923588,0.000312251163096141,GSE57065
MAFG,GSE236713,30,125,-1.45022450483333,0.186943544492,-1.48757375,0.168280005,1.63716804932533,Up_in_Sepsis,0.9848,1.84645884066347e-16,GSE57065
MAFG,GSE54514,18,35,7.4532050027037,7.42861338567619,7.40565530466667,7.41964260766667,-0.0245916170275127,Down_in_Sepsis,0.484126984126984,0.859761640454994,GSE57065
MAFG,GSE65682,42,51,5.46733559666071,5.79223727292157,5.440028927625,5.782466508,0.324901676260855,Up_in_Sepsis,0.787581699346405,2.01757102494309e-06,GSE57065
MAFG,GSE95233,22,51,4.93541762977273,6.35596386666667,4.99381957,6.332195785,1.42054623689394,Up_in_Sepsis,1,1.60188706567253e-11,GSE57065
NELL2,GSE137340,14,43,6.49554174478571,5.89434837602326,6.6868329055,5.813746076,-0.601193368762458,Down_in_Sepsis,0.26578073089701,0.00811465598623881,GSE57065
NELL2,GSE236713,30,125,2.64676992,-0.69962685492,2.7429225,-0.860307,-3.34639677492,Down_in_Sepsis,0.00986666666666667,8.63190787799774e-17,GSE57065
NELL2,GSE54514,18,35,7.36743333611111,7.39712310508571,7.227577448,7.351003647,0.0296897689746025,Up_in_Sepsis,0.523809523809524,0.787389209638866,GSE57065
NELL2,GSE65682,42,51,3.29146798292857,2.63422352013726,2.94993907725,2.5864294925,-0.657244462791316,Down_in_Sepsis,0.23015873015873,8.26135619987797e-06,GSE57065
NELL2,GSE95233,22,51,6.40110207,4.16448993078431,6.443161585,4.09752712,-2.23661213921569,Down_in_Sepsis,0.00802139037433155,3.35212501057368e-11,GSE57065
IL1R2,GSE137340,14,43,5.95834191904762,7.19872886627132,5.75693874783333,7.06508131933333,1.2403869472237,Up_in_Sepsis,0.840531561461794,6.13456473478384e-05,GSE57065
IL1R2,GSE236713,30,125,-3.54273072333333,0.982190017752,-3.29390715,1.5063055,4.52492074108533,Up_in_Sepsis,0.9416,6.48292922957738e-14,GSE57065
IL1R2,GSE54514,18,35,7.64505672438889,7.53738310677143,7.5770671365,7.478478432,-0.10767361761746,Down_in_Sepsis,0.428571428571429,0.406890737204955,GSE57065
IL1R2,GSE65682,42,51,10.4034073763571,11.7710380026078,10.723211395,12.09657028,1.3676306262507,Up_in_Sepsis,0.84873949579832,8.2643784539401e-09,GSE57065
IL1R2,GSE95233,22,51,8.20996723727273,11.8301803792157,8.359223745,11.96681247,3.62021314194296,Up_in_Sepsis,1,1.60188706567253e-11,GSE57065
HLA-DPB1,GSE137340,14,43,5.47542032028571,5.54581998962791,5.198502823,5.381987185,0.0703996693421933,Up_in_Sepsis,0.518272425249169,0.847419434724282,GSE57065
HLA-DPB1,GSE236713,30,125,1.298608723,-0.4145296915696,1.301215987,-0.484441368,-1.7131384145696,Down_in_Sepsis,0.0226666666666666,5.28154041652889e-16,GSE57065
HLA-DPB1,GSE54514,18,35,7.25630855544444,7.21391203748572,7.217739582,7.189665318,-0.0423965179587293,Down_in_Sepsis,0.406349206349206,0.274780752688366,GSE57065
HLA-DPB1,GSE65682,42,51,6.13679909505714,4.98698482825098,6.0927838555,4.9630219698,-1.14981426680616,Down_in_Sepsis,0.134920634920635,1.60768834134193e-09,GSE57065
HLA-DPB1,GSE95233,22,51,7.6833010575,5.71928535362745,7.7125187,5.64996396,-1.96401570387255,Down_in_Sepsis,0.0053475935828877,2.62469054871502e-11,GSE57065
QSOX1,GSE137340,14,43,5.65234261132143,6.7387056442093,5.47204210475,6.7130073645,1.08636303288787,Up_in_Sepsis,0.852159468438538,3.04347690174248e-05,GSE57065
QSOX1,GSE236713,30,125,-1.16630387666667,0.287821223392,-1.24254076666667,0.28180472,1.45412510005867,Up_in_Sepsis,0.992266666666667,6.35373712127056e-17,GSE57065
QSOX1,GSE54514,18,35,8.22214319983333,8.28002521658572,8.18495321275,8.254836321,0.0578820167523819,Up_in_Sepsis,0.561904761904762,0.473286065359816,GSE57065
QSOX1,GSE65682,42,51,4.47961160067857,4.88680427353922,4.4767651725,4.8544474625,0.407192672860645,Up_in_Sepsis,0.762838468720822,1.40872649154211e-05,GSE57065
QSOX1,GSE95233,22,51,5.23494680136364,6.05231573647059,5.23465419833333,6.00337625333333,0.817368935106953,Up_in_Sepsis,0.999108734402852,1.73990990394731e-11,GSE57065
FAR2,GSE137340,14,43,5.53235140267857,6.65190451623256,5.300557331,6.499828111,1.11955311355399,Up_in_Sepsis,0.833887043189369,8.99233343862789e-05,GSE57065
FAR2,GSE236713,30,125,-0.937197658333333,0.118778281848,-0.941751485,0.16465354,1.05597594018133,Up_in_Sepsis,0.915733333333333,1.68170253727743e-12,GSE57065
FAR2,GSE54514,18,35,8.4697593585,8.44888410555714,8.3577098845,8.557059765,-0.0208752529428562,Down_in_Sepsis,0.5,1,GSE57065
FAR2,GSE65682,42,51,4.70400959997619,6.57458614926471,4.50525561475,6.571572742,1.87057654928852,Up_in_Sepsis,0.907563025210084,1.63148457744655e-11,GSE57065
FAR2,GSE95233,22,51,6.09846564242424,7.22991293071895,6.031509935,7.20502767333333,1.13144728829471,Up_in_Sepsis,0.975044563279857,1.53617362330698e-10,GSE57065
OPLAH,GSE137340,14,43,5.00333366364286,6.47719505460465,4.48531057275,6.338157613,1.47386139096179,Up_in_Sepsis,0.853820598006644,2.74394577444583e-05,GSE57065
OPLAH,GSE236713,30,125,-3.09092532666667,0.706351218624,-3.1303563,0.7545204,3.79727654529067,Up_in_Sepsis,0.9904,8.30812206318591e-17,GSE57065
OPLAH,GSE54514,18,35,8.57949029094445,8.66695086631429,8.194804192,8.740466118,0.0874605753698408,Up_in_Sepsis,0.523809523809524,0.787389209638866,GSE57065
OPLAH,GSE65682,42,51,4.89024176571429,6.07443696505882,4.907319866,6.10577548,1.18419519934454,Up_in_Sepsis,0.858543417366947,3.12116145752139e-09,GSE57065
OPLAH,GSE95233,22,51,4.61101719818182,5.55561560803922,4.59744795,5.51785171,0.944598409857398,Up_in_Sepsis,0.959001782531194,6.19679960010317e-10,GSE57065
CD74,GSE137340,14,43,9.98284820703571,8.27071462426744,10.13375478,8.325641849,-1.71213358276827,Down_in_Sepsis,0.0465116279069768,4.46986200896131e-09,GSE57065
CD74,GSE236713,30,125,1.279571065,-0.524007842672,1.30482745,-0.46420026,-1.803578907672,Down_in_Sepsis,0.0466666666666666,1.39059149341468e-14,GSE57065
CD74,GSE54514,18,35,8.98056897425926,9.11129872898096,8.9942328935,9.14352973466667,0.130729754721695,Up_in_Sepsis,0.574603174603175,0.38603295488447,GSE57065
CD74,GSE65682,42,51,7.0118082882381,5.89471187256863,6.9309952324,5.904229519,-1.11709641566947,Down_in_Sepsis,0.133986928104575,1.46096046156619e-09,GSE57065
CD74,GSE95233,22,51,9.35839677333333,7.69299227346405,9.43190852,7.61843798666667,-1.66540449986928,Down_in_Sepsis,0.0311942959001783,2.6568328672965e-10,GSE57065
RAB31,GSE137340,14,43,6.93174213735714,7.75901473067442,6.8051828705,7.764173954,0.827272593317276,Up_in_Sepsis,0.880398671096345,4.5786917253501e-06,GSE57065
RAB31,GSE236713,30,125,-0.962364672,-0.02667884356,-0.8959365,-0.046078682,0.93568582844,Up_in_Sepsis,0.92,9.95838637189864e-13,GSE57065
RAB31,GSE54514,18,35,11.6838317444444,11.9574570522857,11.690245625,11.86922073,0.273625307841272,Up_in_Sepsis,0.630952380952381,0.123530872272355,GSE57065
RAB31,GSE65682,42,51,9.21135854900595,9.71940333367647,9.314984492875,9.7143372425,0.508044784670519,Up_in_Sepsis,0.818860877684408,1.372467611671e-07,GSE57065
RAB31,GSE95233,22,51,9.65517543984848,10.6989991152288,9.69987265333334,10.7269384533333,1.04382367538028,Up_in_Sepsis,0.97415329768271,1.66193362226705e-10,GSE57065
CCNA1,GSE137340,14,43,4.41638132971429,5.23165278934884,4.1938818755,4.65509443,0.815271459634552,Up_in_Sepsis,0.8421926910299,5.56405121878381e-05,GSE57065
CCNA1,GSE236713,30,125,-1.16833600433333,0.875964409544,-1.1524136,0.7590089,2.04430041387733,Up_in_Sepsis,0.910933333333333,3.01354347333603e-12,GSE57065
CCNA1,GSE54514,18,35,7.43379786288889,7.588511031,7.301334858,7.414803505,0.154713168111112,Up_in_Sepsis,0.587301587301587,0.309195100119527,GSE57065
CCNA1,GSE65682,42,51,2.43403282983333,4.17467067219608,2.3462453935,4.318713639,1.74063784236275,Up_in_Sepsis,0.906162464985995,1.9127218523145e-11,GSE57065
CCNA1,GSE95233,22,51,3.58152882,6.62681024901961,3.602492025,6.73111568,3.04528142901961,Up_in_Sepsis,0.989304812834225,4.27867888939574e-11,GSE57065
RUNX3,GSE137340,14,43,6.75005573189286,6.64661106830233,6.6913849875,6.618483679,-0.103444663590532,Down_in_Sepsis,0.441860465116279,0.526668623776916,GSE57065
RUNX3,GSE236713,30,125,1.20032605016667,-0.32395530504,1.1770645225,-0.228241802,-1.52428135520667,Down_in_Sepsis,0.0322666666666667,1.9928233814751e-15,GSE57065
RUNX3,GSE54514,18,35,9.07273046177778,8.89221264974286,9.1125116345,8.793813705,-0.180517812034919,Down_in_Sepsis,0.395238095238095,0.220939150662259,GSE57065
RUNX3,GSE65682,42,51,4.88468445904762,3.95233455822549,4.919107128625,3.922218436,-0.932349900822129,Down_in_Sepsis,0.132586367880486,1.2650387453366e-09,GSE57065
RUNX3,GSE95233,22,51,7.08631171469697,5.73464685627451,7.11205732166667,5.74685884,-1.35166485842246,Down_in_Sepsis,0.00267379679144385,2.05178515500888e-11,GSE57065
CEACAM8,GSE137340,14,43,4.96611848492857,7.51756623209302,4.3680396395,7.279083594,2.55144774716445,Up_in_Sepsis,0.897009966777409,1.28968008164182e-06,GSE57065
CEACAM8,GSE236713,30,125,-1.93864182233333,0.210178547416,-1.9187665,0.02228856,2.14882036974933,Up_in_Sepsis,0.896,1.77457962936484e-11,GSE57065
CEACAM8,GSE54514,18,35,9.22673980372222,9.37212539411429,9.1548433305,8.895970345,0.145385590392065,Up_in_Sepsis,0.501587301587302,0.992581476239973,GSE57065
CEACAM8,GSE65682,42,51,4.82802678640476,7.49631847185294,4.5188486045,7.664534318,2.66829168544818,Up_in_Sepsis,0.899626517273576,3.98982728566895e-11,GSE57065
CEACAM8,GSE95233,22,51,5.84433342045455,8.78263657431373,5.983083845,8.66735162,2.93830315385918,Up_in_Sepsis,0.966131907308378,3.35282320392347e-10,GSE57065
C3AR1,GSE137340,14,43,5.66257417528571,7.64411645930233,5.2767078905,7.74853268,1.98154228401661,Up_in_Sepsis,0.875415282392027,6.53811501196993e-06,GSE57065
C3AR1,GSE236713,30,125,-1.55061417533333,0.196685696712,-1.5652845,0.17176986,1.74729987204533,Up_in_Sepsis,0.9488,2.53235015615329e-14,GSE57065
C3AR1,GSE54514,18,35,8.12928456727778,8.61633907051429,8.0673708915,8.529092789,0.487054503236507,Up_in_Sepsis,0.714285714285714,0.0105698275685497,GSE57065
C3AR1,GSE65682,42,51,8.07711712383333,8.71807918660784,8.3859891975,8.954679595,0.640962062774509,Up_in_Sepsis,0.69281045751634,0.00145005550227049,GSE57065
C3AR1,GSE95233,22,51,7.42931918909091,9.44700825098039,7.54210163,9.42253796,2.01768906188948,Up_in_Sepsis,0.990196078431372,3.94540435484238e-11,GSE57065
GGH,GSE137340,14,43,4.85909495139286,5.5194562487907,4.658099538,5.5243476895,0.660361297397841,Up_in_Sepsis,0.842192691029901,5.56405121878381e-05,GSE57065
GGH,GSE236713,30,125,-1.54462506533333,0.355790853512,-1.5635712,0.22100759,1.90041591884533,Up_in_Sepsis,0.941066666666666,6.94636528075572e-14,GSE57065
GGH,GSE54514,18,35,7.56195196841667,7.5521293572,7.52366983925,7.4486792085,-0.00982261121666639,Down_in_Sepsis,0.442857142857143,0.508552086621423,GSE57065
GGH,GSE65682,42,51,3.57187554521429,4.94650242615686,3.4726333095,4.799303782,1.37462688094258,Up_in_Sepsis,0.874883286647993,5.81758965299673e-10,GSE57065
GGH,GSE95233,22,51,3.51179450545455,5.32588166960784,3.475873655,5.24314625,1.8140871641533,Up_in_Sepsis,0.991978609625668,3.35212501057368e-11,GSE57065
GADD45A,GSE137340,14,43,5.30691045196429,6.19020441647674,4.79919859475,5.967946497,0.883293964512459,Up_in_Sepsis,0.754152823920266,0.00385928762593356,GSE57065
GADD45A,GSE236713,30,125,-1.83901991666667,0.88889644512,-1.8438382,0.79994035,2.72791636178667,Up_in_Sepsis,0.972533333333333,1.0292890169365e-15,GSE57065
GADD45A,GSE54514,18,35,9.15976790619444,8.56680619378571,9.09830832475,8.408894539,-0.59296171240873,Down_in_Sepsis,0.29047619047619,0.0125252546921486,GSE57065
GADD45A,GSE65682,42,51,7.84114134335714,9.02282525972549,8.121916137,9.094566,1.18168391636835,Up_in_Sepsis,0.826330532212886,6.95166724757002e-08,GSE57065
GADD45A,GSE95233,22,51,6.19195034590909,9.49780938431373,6.143981605,9.57783296,3.30585903840464,Up_in_Sepsis,1,1.60188706567253e-11,GSE57065
SIGLEC5,GSE137340,14,43,5.64303503042857,6.67996813468605,5.3354653065,6.831768214,1.03693310425748,Up_in_Sepsis,0.802325581395349,0.000471533014356313,GSE57065
SIGLEC5,GSE236713,30,125,-1.94441204333333,0.125625905216,-1.81730605,0.19648027,2.07003794854933,Up_in_Sepsis,0.973333333333333,9.21380093416917e-16,GSE57065
SIGLEC5,GSE54514,18,35,8.09787909180556,8.26050394608572,8.06792688375,8.2851572035,0.162624854280159,Up_in_Sepsis,0.634920634920635,0.113099435153609,GSE57065
SIGLEC5,GSE65682,42,51,8.26945584485714,8.77752901276471,8.3570166165,8.845822242,0.508073167907563,Up_in_Sepsis,0.707749766573296,0.000600170513027404,GSE57065
SIGLEC5,GSE95233,22,51,8.64087915090909,10.2324821978431,8.783868005,10.26555641,1.59160304693405,Up_in_Sepsis,0.982174688057041,8.14407368438532e-11,GSE57065
GPR183,GSE137340,14,43,6.07481682480952,5.76299714488372,6.064974771,5.70024795566667,-0.311819679925803,Down_in_Sepsis,0.313953488372093,0.0377143793648217,GSE57065
GPR183,GSE236713,30,125,1.60711066233333,-0.432276675368,1.6063957,-0.3275633,-2.03938733770133,Down_in_Sepsis,0.00746666666666667,6.11441610250757e-17,GSE57065
GPR183,GSE54514,18,35,7.69109768330556,7.6143441268,7.60110473625,7.4851653575,-0.0767535565055555,Down_in_Sepsis,0.463492063492064,0.675476268134141,GSE57065
GPR183,GSE65682,42,51,4.16059465866667,3.35900663755882,4.050669064,3.1834406115,-0.801588021107843,Down_in_Sepsis,0.223155929038282,4.78279497877484e-06,GSE57065
GPR183,GSE95233,22,51,5.92948687681818,4.40194825372549,5.938862105,4.41436089,-1.52753862309269,Down_in_Sepsis,0.00445632798573975,2.41819260539641e-11,GSE57065
SIGLEC9,GSE137340,14,43,5.78244769457143,7.11633562930233,5.451645955,7.266684748,1.3338879347309,Up_in_Sepsis,0.817275747508306,0.000221898960304589,GSE57065
SIGLEC9,GSE236713,30,125,-1.69944844766667,0.213711724072,-1.71993565,0.18686748,1.91316017173867,Up_in_Sepsis,0.981066666666667,3.12904008175581e-16,GSE57065
SIGLEC9,GSE54514,18,35,7.61595479644444,7.82706080851429,7.527886152,7.753226757,0.211106012069842,Up_in_Sepsis,0.617460317460318,0.169030570051923,GSE57065
SIGLEC9,GSE65682,42,51,5.24527663621429,5.74420808187255,5.48459273525,5.8425204415,0.498931445658264,Up_in_Sepsis,0.705882352941177,0.000672240321339517,GSE57065
SIGLEC9,GSE95233,22,51,6.92141898409091,8.14732807235294,7.027481635,8.24924891,1.22590908826203,Up_in_Sepsis,0.981283422459893,8.82077171942536e-11,GSE57065
ARL4C,GSE137340,14,43,5.44371209442857,5.49211003925581,5.401682495,5.507280072,0.0483979448272427,Up_in_Sepsis,0.559800664451827,0.514717406663095,GSE57065
ARL4C,GSE236713,30,125,1.55238298166667,-0.470261220152,1.5345936,-0.267776,-2.02264420181867,Down_in_Sepsis,0.0154666666666667,1.91760430413013e-16,GSE57065
ARL4C,GSE54514,18,35,7.22930818133333,7.21064371377143,7.2446675305,7.162569523,-0.0186644675619041,Down_in_Sepsis,0.401587301587302,0.250718918621702,GSE57065
ARL4C,GSE65682,42,51,5.20943803511111,4.1835309180915,5.01864338833334,4.13587023066667,-1.02590711701961,Down_in_Sepsis,0.178338001867414,1.06530956817405e-07,GSE57065
ARL4C,GSE95233,22,51,7.63906675125,5.73963973014706,7.66005704625,5.692674995,-1.89942702110294,Down_in_Sepsis,0,1.60188706567253e-11,GSE57065
RNASE3,GSE137340,14,43,5.15318927107143,7.37279856172093,4.9310884735,7.276024219,2.2196092906495,Up_in_Sepsis,0.865448504983389,1.29444347247364e-05,GSE57065
RNASE3,GSE236713,30,125,-1.78121274366667,0.276659620512,-1.79301785,0.30596137,2.05787236417867,Up_in_Sepsis,0.8912,3.09587125029148e-11,GSE57065
RNASE3,GSE54514,18,35,8.39811846966667,9.07183991837143,8.519881725,8.999832153,0.673721448704763,Up_in_Sepsis,0.715873015873016,0.00997989337858457,GSE57065
RNASE3,GSE65682,42,51,4.73729515485714,6.62797567470588,4.577254686,6.48201561,1.89068051984874,Up_in_Sepsis,0.871615312791784,8.18719101155584e-10,GSE57065
RNASE3,GSE95233,22,51,4.70455852136364,6.79285418333333,4.76967123,6.80456841,2.0882956619697,Up_in_Sepsis,0.975935828877005,1.41972918224125e-10,GSE57065
CLEC4D,GSE137340,14,43,5.1546208625,6.58479816990698,4.582975165,6.382337398,1.43017730740698,Up_in_Sepsis,0.812292358803987,0.0002869816641554,GSE57065
CLEC4D,GSE236713,30,125,-1.81036647083333,0.238648247424,-1.777268525,0.261546255,2.04901471825733,Up_in_Sepsis,0.968,1.9213337153322e-15,GSE57065
CLEC4D,GSE54514,18,35,8.11288634933333,8.09458709437143,8.066710949,7.917171478,-0.0182992549619048,Down_in_Sepsis,0.479365079365079,0.816159107237985,GSE57065
CLEC4D,GSE65682,42,51,7.66937680728571,8.57762688411765,7.79903323025,8.699434631,0.908250076831933,Up_in_Sepsis,0.681605975723623,0.00270673854041277,GSE57065
CLEC4D,GSE95233,22,51,6.31477353318182,9.76741677529412,6.231621425,9.89875776,3.4526432421123,Up_in_Sepsis,1,1.60188706567253e-11,GSE57065
NFE2,GSE137340,14,43,10.5144076772857,11.9746088921163,10.38796917,12.0910567,1.46020121483057,Up_in_Sepsis,0.863787375415283,1.44528445939708e-05,GSE57065
NFE2,GSE236713,30,125,-2.05305652666667,0.33666373884,-2.09813905,0.32316303,2.38972026550667,Up_in_Sepsis,0.992266666666667,6.35373712127056e-17,GSE57065
NFE2,GSE54514,18,35,12.5278267861111,12.6580457954286,12.5178175,12.65333939,0.130219009317461,Up_in_Sepsis,0.615873015873016,0.17328634223047,GSE57065
NFE2,GSE65682,42,51,9.61698762809524,9.71341197111765,9.6353768725,9.70873652,0.0964243430224094,Up_in_Sepsis,0.550420168067227,0.40659568941603,GSE57065
NFE2,GSE95233,22,51,9.91453735136364,10.8008077896078,9.93597108,10.83252363,0.886270438244207,Up_in_Sepsis,0.967914438502674,2.87149299473703e-10,GSE57065
LCN2,GSE137340,14,43,7.67010171992857,10.3960011772326,7.420531063,10.28086345,2.72589945730399,Up_in_Sepsis,0.878737541528239,5.16186693059591e-06,GSE57065
LCN2,GSE236713,30,125,-1.140262623,0.487558468592,-1.05668355,0.59043336,1.627821091592,Up_in_Sepsis,0.835466666666667,1.23116575698421e-08,GSE57065
LCN2,GSE54514,18,35,11.6796901492222,11.5009548997143,11.40419817,11.13822651,-0.178735249507936,Down_in_Sepsis,0.473015873015873,0.756639937970471,GSE57065
LCN2,GSE65682,42,51,7.97513332819048,11.2084427045686,7.6710586825,11.51258298,3.23330937637815,Up_in_Sepsis,0.894024276377218,7.42481588396865e-11,GSE57065
LCN2,GSE95233,22,51,6.95965178954546,10.8096351239216,7.05040658,11.45825895,3.84998333437611,Up_in_Sepsis,0.993761140819965,2.84841857067922e-11,GSE57065
ITGA7,GSE137340,14,43,4.67739951585714,5.16184941293023,4.405458892,4.949191961,0.484449897073089,Up_in_Sepsis,0.780730897009967,0.0012817795557046,GSE57065
ITGA7,GSE236713,30,125,-3.43841331666667,0.8832891642,-3.51296285,0.9036689,4.32170248086667,Up_in_Sepsis,0.997066666666667,3.17356635260133e-17,GSE57065
ITGA7,GSE54514,18,35,7.18798743344444,7.26124273028571,7.1751744745,7.210695267,0.0732552968412694,Up_in_Sepsis,0.666666666666667,0.0490209988229125,GSE57065
ITGA7,GSE65682,42,51,2.89574477252381,4.0769386615098,2.8248532005,3.873331545,1.18119388898599,Up_in_Sepsis,0.831932773109244,4.13339067652042e-08,GSE57065
ITGA7,GSE95233,22,51,4.24256912636364,5.73593746764706,4.1529109975,5.660243465,1.49336834128342,Up_in_Sepsis,0.957219251336899,7.21511319630196e-10,GSE57065
GSTO1,GSE137340,14,43,9.03381711932143,10.684347756407,8.73774866,10.81451811,1.65053063708555,Up_in_Sepsis,0.855481727574751,2.47165216210598e-05,GSE57065
GSTO1,GSE236713,30,125,-0.584810701433333,0.08805488772,-0.4996829,0.09788275,0.672865589153333,Up_in_Sepsis,0.821066666666667,5.01489141257464e-08,GSE57065
GSTO1,GSE54514,18,35,11.0861301684167,11.1545495583143,11.01148176,11.149848465,0.0684193898976204,Up_in_Sepsis,0.56031746031746,0.484892703673966,GSE57065
GSTO1,GSE65682,42,51,8.66074945316667,9.4386096635098,8.67724544,9.499474827,0.777860210343137,Up_in_Sepsis,0.874416433239963,6.10967060983686e-10,GSE57065
GSTO1,GSE95233,22,51,8.08289759954545,9.82062042313725,8.051531915,9.82222832,1.7377228235918,Up_in_Sepsis,0.999108734402852,1.73990990394731e-11,GSE57065
TCF7,GSE137340,14,43,4.5362807182381,4.54528316596899,4.48022920183334,4.40029689666667,0.00900244773089653,Up_in_Sepsis,0.335548172757475,0.0674694949031739,GSE57065
TCF7,GSE236713,30,125,2.25886879666667,-0.4489542569,2.277126675,-0.396261585,-2.70782305356667,Down_in_Sepsis,0.00773333333333334,6.35373712127056e-17,GSE57065
TCF7,GSE54514,18,35,7.17996638352778,7.18485778397143,7.1887493135,7.1620082855,0.00489140044365044,Up_in_Sepsis,0.498412698412699,0.992581476239974,GSE57065
TCF7,GSE65682,42,51,4.17672209061905,3.51131071536078,4.1667805237,3.5651186398,-0.665411375258263,Down_in_Sepsis,0.245098039215686,2.53953936765205e-05,GSE57065
TCF7,GSE95233,22,51,8.28797413318182,6.58290461960784,8.1649394425,6.55440711,-1.70506951357397,Down_in_Sepsis,0.0035650623885918,2.22762533627504e-11,GSE57065
IL10,GSE137340,14,43,7.400438013,8.20294413719767,7.331801702,8.130449696,0.802506124197675,Up_in_Sepsis,0.877076411960133,5.81267228909064e-06,GSE57065
IL10,GSE236713,30,125,-2.411726201,0.43064073832,-2.5504639,0.28694677,2.84236693932,Up_in_Sepsis,0.988533333333333,1.08528994979761e-16,GSE57065
IL10,GSE54514,18,35,9.3612702025,9.3583498206,9.42679667525,9.390916825,-0.00292038190000099,Down_in_Sepsis,0.480952380952381,0.830638269796872,GSE57065
IL10,GSE65682,42,51,2.49251243707143,2.88937529939216,2.436297435,2.831393929,0.396862862320728,Up_in_Sepsis,0.751167133520075,3.33206979580799e-05,GSE57065
IL10,GSE95233,22,51,2.09511338636364,3.35605650882353,1.994026525,3.32369047,1.26094312245989,Up_in_Sepsis,0.973262032085562,1.79715761294967e-10,GSE57065
ADAM9,GSE137340,14,43,4.38508576242857,5.31710028906977,4.3539036125,5.179462722,0.932014526641196,Up_in_Sepsis,0.90531561461794,6.49938521848808e-07,GSE57065
ADAM9,GSE236713,30,125,-1.10282772336667,0.305596159048,-1.0708978,0.2735281,1.40842388241467,Up_in_Sepsis,0.887733333333333,4.60867152007077e-11,GSE57065
ADAM9,GSE54514,18,35,7.45855546,7.63298907965714,7.449800491,7.578174114,0.174433619657142,Up_in_Sepsis,0.677777777777778,0.0362469189319152,GSE57065
ADAM9,GSE65682,42,51,4.65611229442262,5.35708477797059,4.650807002625,5.20849272175,0.700972483547969,Up_in_Sepsis,0.776377217553688,4.96227278767466e-06,GSE57065
ADAM9,GSE95233,22,51,4.84262997121212,6.96467483928105,4.867097485,7.05093757333333,2.12204486806893,Up_in_Sepsis,0.991087344028521,3.63757408976493e-11,GSE57065
KLRK1,GSE137340,14,43,4.3346446165,4.62277292206977,4.2772545955,4.486210933,0.288128305569767,Up_in_Sepsis,0.789036544850498,0.000882837458545004,GSE57065
KLRK1,GSE236713,30,125,2.80717267666667,-0.424707229824,2.98719665,-0.27480245,-3.23187990649067,Down_in_Sepsis,0.0128,1.31271333426779e-16,GSE57065
KLRK1,GSE54514,18,35,7.18348781277778,7.21565678462857,7.162181854,7.185688972,0.0321689718507932,Up_in_Sepsis,0.612698412698413,0.187329444556183,GSE57065
KLRK1,GSE65682,42,51,4.53547238501191,3.35462442711765,4.25834983825,3.1569445535,-1.18084795789426,Down_in_Sepsis,0.19187675070028,3.55549239738882e-07,GSE57065
KLRK1,GSE95233,22,51,8.45150311590909,6.24926033901961,8.42232565,6.03444901,-2.20224277688948,Down_in_Sepsis,0.0089126559714795,3.63757408976493e-11,GSE57065
BMX,GSE137340,14,43,4.55935966323214,5.1446709944593,4.41826334425,5.06878465175,0.585311331227159,Up_in_Sepsis,0.857142857142857,2.22434280928559e-05,GSE57065
BMX,GSE236713,30,125,-4.15024724333333,0.579676904416,-3.85938645,0.6586814,4.72992414774933,Up_in_Sepsis,0.98,3.63532984217555e-16,GSE57065
BMX,GSE54514,18,35,7.43563013605556,7.41986342155714,7.3555368185,7.3635334965,-0.0157667144984135,Down_in_Sepsis,0.515873015873016,0.859761640454994,GSE57065
BMX,GSE65682,42,51,6.21105992733333,6.87670536266667,6.5937969595,7.111568492,0.665645435333333,Up_in_Sepsis,0.733893557422969,0.000111610576847226,GSE57065
BMX,GSE95233,22,51,4.86836926318182,7.48246598980392,4.848059235,7.50116214,2.6140967266221,Up_in_Sepsis,1,1.60188706567253e-11,GSE57065
UPP1,GSE137340,14,43,6.36924055446429,7.75294618354651,6.110650695,7.8271669045,1.38370562908223,Up_in_Sepsis,0.897009966777409,1.28968008164182e-06,GSE57065
UPP1,GSE236713,30,125,-0.8235940235,0.238714968964,-0.774116155,0.20617473,1.062308992464,Up_in_Sepsis,0.908,4.29036556442579e-12,GSE57065
UPP1,GSE54514,18,35,10.8585038179444,10.9527827404,10.631633755,11.0500412,0.0942789224555547,Up_in_Sepsis,0.533333333333333,0.700209260766534,GSE57065
UPP1,GSE65682,42,51,6.56647217418254,6.99437480713725,6.659621124,7.04593798366667,0.427902632954715,Up_in_Sepsis,0.704948646125117,0.000711219090907829,GSE57065
UPP1,GSE95233,22,51,7.75446764272727,9.99851484803922,7.77230046,10.03599566,2.24404720531194,Up_in_Sepsis,1,1.60188706567253e-11,GSE57065
MMP9,GSE137340,14,43,8.84626856864286,10.9993188026744,8.732213813,10.86574729,2.15305023403156,Up_in_Sepsis,0.820598006644518,0.000186294412620237,GSE57065
MMP9,GSE236713,30,125,-4.77118858666667,0.559798947816,-4.74752355,0.6349735,5.33098753448267,Up_in_Sepsis,0.991466666666667,7.12851805331957e-17,GSE57065
MMP9,GSE54514,18,35,12.1494886077778,12.3117602898286,12.141063215,12.31563473,0.162271682050793,Up_in_Sepsis,0.558730158730159,0.493002190492281,GSE57065
MMP9,GSE65682,42,51,11.6094327173333,11.8964784379412,11.776760255,12.17834074,0.287045720607843,Up_in_Sepsis,0.682539682539683,0.0025726946198045,GSE57065
MMP9,GSE95233,22,51,6.91074298590909,10.1395984860784,6.96883545,10.22683266,3.22885550016934,Up_in_Sepsis,0.980392156862745,9.55234536735608e-11,GSE57065
MS4A3,GSE137340,14,43,4.80305512453572,6.35994706127907,4.63958050975,6.3151337955,1.55689193674336,Up_in_Sepsis,0.872093023255814,8.24463721259666e-06,GSE57065
MS4A3,GSE236713,30,125,-2.19028454666667,0.35532680432,-2.1594298,0.40859675,2.54561135098667,Up_in_Sepsis,0.9632,3.6969859547151e-15,GSE57065
MS4A3,GSE54514,18,35,7.61670916162963,7.84520725073333,7.42541472116667,7.57226769133333,0.228498089103703,Up_in_Sepsis,0.546031746031746,0.595788354333167,GSE57065
MS4A3,GSE65682,42,51,3.5804328037619,5.96367369545098,3.2493348135,5.926548245,2.38324089168908,Up_in_Sepsis,0.879084967320262,3.73363792428656e-10,GSE57065
MS4A3,GSE95233,22,51,4.33030699409091,6.13158384323529,4.375361915,5.64381715,1.80127684914438,Up_in_Sepsis,0.855614973262032,1.66130255517787e-06,GSE57065
GALNT14,GSE137340,14,43,4.49403214107143,5.20731724539535,4.235813754,5.016652897,0.713285104323921,Up_in_Sepsis,0.870431893687708,9.24335675110831e-06,GSE57065
GALNT14,GSE236713,30,125,-4.18687559,0.424362516424,-4.33513645,0.5639994,4.611238106424,Up_in_Sepsis,0.9768,5.68982032753381e-16,GSE57065
GALNT14,GSE54514,18,35,7.54942462177778,7.48056413102857,7.4431469445,7.475632191,-0.0688604907492065,Down_in_Sepsis,0.415873015873016,0.327405769848281,GSE57065
GALNT14,GSE65682,42,51,3.64710281445238,4.85804955644118,3.64599905575,5.130848065,1.2109467419888,Up_in_Sepsis,0.791316526610645,1.48371788589805e-06,GSE57065
GALNT14,GSE95233,22,51,4.35107237272727,5.52201445509804,4.33344454,5.663050895,1.17094208237077,Up_in_Sepsis,0.979500891265597,1.03431303688478e-10,GSE57065
LCK,GSE137340,14,43,5.55957894754762,5.57794719572093,5.54788497366667,5.554781942,0.018368248173311,Up_in_Sepsis,0.496677740863787,0.978074020365707,GSE57065
LCK,GSE236713,30,125,1.44738868666667,-0.407891716192,1.46847105,-0.286011457,-1.85528040285867,Down_in_Sepsis,0.0056,4.67077632717853e-17,GSE57065
LCK,GSE54514,18,35,7.27508580244444,7.31436660399048,7.2605885665,7.26734924333333,0.039280801546032,Up_in_Sepsis,0.515873015873016,0.859761640454994,GSE57065
LCK,GSE65682,42,51,4.44206066173333,3.42731789850588,4.0753115459,3.2349531126,-1.01474276322745,Down_in_Sepsis,0.215686274509804,2.63215247427863e-06,GSE57065
LCK,GSE95233,22,51,8.08672564590909,5.99105659990196,8.0503183375,5.86693816,-2.09566904600713,Down_in_Sepsis,0.0035650623885918,2.22762533627504e-11,GSE57065
CD5,GSE137340,14,43,6.67748646114286,5.6325115542093,6.694207113,5.621053953,-1.04497490693355,Down_in_Sepsis,0.162790697674419,7.43901516703796e-05,GSE57065
CD5,GSE236713,30,125,1.94074734366667,-0.494284701816,2.06500675,-0.3661964,-2.43503204548267,Down_in_Sepsis,0.0109333333333333,1.00562164223352e-16,GSE57065
CD5,GSE54514,18,35,7.52292580072222,7.55147906714286,7.479497194,7.411153793,0.0285532664206345,Up_in_Sepsis,0.522222222222222,0.801741213878021,GSE57065
CD5,GSE65682,42,51,4.41897496688095,3.77141629735294,4.288979572,3.733617556,-0.647558669528011,Down_in_Sepsis,0.262838468720822,8.93248726288813e-05,GSE57065
CD5,GSE95233,22,51,6.077826255,4.77774765480392,6.059244855,4.728045905,-1.30007860019608,Down_in_Sepsis,0.0035650623885918,2.22762533627504e-11,GSE57065
BCL6,GSE137340,14,43,10.5691606481429,12.0325751632558,10.1670325,12.06754407,1.46341451511296,Up_in_Sepsis,0.830564784053156,0.00010836477926158,GSE57065
BCL6,GSE236713,30,125,-3.24843976333333,0.391965990184,-3.46802635,0.5918217,3.64040575351733,Up_in_Sepsis,0.985066666666666,1.77791698605755e-16,GSE57065
BCL6,GSE54514,18,35,12.0160900222222,12.1402279997143,11.93818569,12.1618042,0.124137977492063,Up_in_Sepsis,0.537301587301587,0.665733218591997,GSE57065
BCL6,GSE65682,42,51,9.62679411285714,9.80325466081177,9.6651421179,9.9206306838,0.176460547954623,Up_in_Sepsis,0.594304388422035,0.119808285134035,GSE57065
BCL6,GSE95233,22,51,9.22323070636364,10.9644747007843,9.35365831125,11.00211056,1.74124399442068,Up_in_Sepsis,0.983065953654189,7.51822548100406e-11,GSE57065
LTF,GSE137340,14,43,4.84707425421429,5.62357761074419,4.6748176725,5.392006576,0.7765033565299,Up_in_Sepsis,0.732558139534884,0.00860715367594649,GSE57065
LTF,GSE236713,30,125,-2.16325188033333,0.389110397376,-2.289994,0.3856845,2.55236227770933,Up_in_Sepsis,0.872,2.68695684553841e-10,GSE57065
LTF,GSE54514,18,35,7.51336063283333,7.52089240214286,7.294859648,7.301288128,0.00753176930952293,Up_in_Sepsis,0.50952380952381,0.918534356570284,GSE57065
LTF,GSE65682,42,51,4.99003408615476,7.67973502894118,4.84325347325,8.076573633,2.68970094278641,Up_in_Sepsis,0.904295051353875,2.36259014786027e-11,GSE57065
LTF,GSE95233,22,51,7.50049516545455,10.6707731458824,7.800084695,10.94539308,3.17027798042781,Up_in_Sepsis,0.97415329768271,1.66193362226705e-10,GSE57065
PGLYRP1,GSE137340,14,43,8.2463728645,10.5949774515116,8.1962241905,10.6908238,2.34860458701163,Up_in_Sepsis,0.852159468438538,3.04347690174248e-05,GSE57065
PGLYRP1,GSE236713,30,125,-2.80997192133333,0.3060054606,-2.7665265,0.44724846,3.11597738193333,Up_in_Sepsis,0.9592,6.34667569621056e-15,GSE57065
PGLYRP1,GSE54514,18,35,11.1584299930556,11.3760248457429,11.03189945,11.35566902,0.2175948526873,Up_in_Sepsis,0.565873015873016,0.441273226408107,GSE57065
PGLYRP1,GSE65682,42,51,6.81504751561905,7.53306122233333,6.739540714,7.585683968,0.718013706714285,Up_in_Sepsis,0.757703081232493,2.06654776808725e-05,GSE57065
PGLYRP1,GSE95233,22,51,6.16136507045455,8.15213205196078,6.24415001,8.08895182,1.99076698150624,Up_in_Sepsis,0.994652406417112,2.62469054871502e-11,GSE57065
SAMD3,GSE137340,14,43,6.330297702875,5.77530154137791,6.238959253375,5.560544291,-0.554996161497093,Down_in_Sepsis,0.275747508305648,0.0114791320682579,GSE57065
SAMD3,GSE236713,30,125,1.55614683733333,-0.429304447852,1.51232905,-0.3463490635,-1.98545128518533,Down_in_Sepsis,0.0293333333333333,1.33186391197432e-15,GSE57065
SAMD3,GSE54514,18,35,7.37058223612963,7.31262510389524,7.3550186155,7.29780340166667,-0.0579571322343924,Down_in_Sepsis,0.411111111111111,0.300340734781541,GSE57065
SAMD3,GSE65682,42,51,3.35650238542064,2.73522683843137,3.15999322266666,2.61955043433333,-0.621275546989263,Down_in_Sepsis,0.183473389355742,1.69238897793953e-07,GSE57065
SAMD3,GSE95233,22,51,7.47168535386364,5.16620065078431,7.41691266,5.16571571,-2.30548470307932,Down_in_Sepsis,0,1.60188706567253e-11,GSE57065
PNPLA1,GSE137340,14,43,4.38740219785714,5.14064118683721,4.319138534,4.946832154,0.753238988980066,Up_in_Sepsis,0.898671096345515,1.12784882767697e-06,GSE57065
PNPLA1,GSE236713,30,125,-1.87529928666667,0.350765931024,-1.6847677,0.43668938,2.22606521769067,Up_in_Sepsis,0.954666666666667,1.16453145345785e-14,GSE57065
PNPLA1,GSE54514,18,35,7.53483740488889,7.49948299954286,7.478311777,7.380781174,-0.0353544053460322,Down_in_Sepsis,0.377777777777778,0.152080729356349,GSE57065
PNPLA1,GSE65682,42,51,2.64830895905952,3.18159627296078,2.64547650875,3.1381949635,0.533287313901261,Up_in_Sepsis,0.813258636788049,2.26382806629161e-07,GSE57065
PNPLA1,GSE95233,22,51,3.34164590954545,5.02692521078431,3.454345565,5.14149137,1.68527930123886,Up_in_Sepsis,0.975044563279857,1.53617362330698e-10,GSE57065
UBASH3A,GSE137340,14,43,5.39224559514286,5.19659726448837,5.43575279225,5.275701419,-0.195648330654485,Down_in_Sepsis,0.415282392026578,0.353216514656515,GSE57065
UBASH3A,GSE236713,30,125,1.94919551833333,-0.412213388264,1.963755725,-0.247521402,-2.36140890659733,Down_in_Sepsis,0.0032,3.29891631128051e-17,GSE57065
UBASH3A,GSE54514,18,35,7.32096642927778,7.31353842874286,7.2673709395,7.267463207,-0.00742800053492054,Down_in_Sepsis,0.43968253968254,0.484892703673966,GSE57065
UBASH3A,GSE65682,42,51,3.2372283442381,2.69926535778431,3.003216896,2.590155179,-0.537962986453782,Down_in_Sepsis,0.242296918767507,2.06654776808725e-05,GSE57065
UBASH3A,GSE95233,22,51,5.84160664636364,4.77803255313726,5.90643271,4.69278598,-1.06357409322638,Down_in_Sepsis,0.0347593582887701,3.62218000785115e-10,GSE57065
RGL4,GSE137340,14,43,7.52430463942857,10.0497711047674,7.1372449255,9.648761062,2.52546646533887,Up_in_Sepsis,0.898671096345515,1.12784882767697e-06,GSE57065
RGL4,GSE236713,30,125,-1.41970987866667,0.573292126664,-1.40108015,0.5959959,1.99300200533067,Up_in_Sepsis,0.921066666666667,8.72868657060723e-13,GSE57065
RGL4,GSE54514,18,35,10.9173067937778,10.6848279407714,10.559741495,10.66281223,-0.232478853006349,Down_in_Sepsis,0.456349206349206,0.612082707933374,GSE57065
RGL4,GSE65682,42,51,9.14372572985714,10.0997767789412,9.3165806795,10.17018272,0.956051049084033,Up_in_Sepsis,0.787114845938376,2.09604769434101e-06,GSE57065
RGL4,GSE95233,22,51,7.35167300318182,10.6067878770588,7.298682655,10.65299108,3.255114873877,Up_in_Sepsis,1,1.60188706567253e-11,GSE57065
DAAM2,GSE137340,14,43,4.6616061675,5.86026830818605,4.2913572145,5.103634501,1.19866214068605,Up_in_Sepsis,0.8421926910299,5.56405121878381e-05,GSE57065
DAAM2,GSE236713,30,125,-3.860767265,0.840618502808,-3.9052885,1.23507377,4.701385767808,Up_in_Sepsis,0.973066666666667,9.56049645464289e-16,GSE57065
DAAM2,GSE54514,18,35,7.53224754333333,7.97726798734286,7.322125435,7.845442772,0.445020444009525,Up_in_Sepsis,0.680952380952381,0.0321019256782342,GSE57065
DAAM2,GSE65682,42,51,4.1136030847381,5.53823739721569,3.710214072,5.64839242,1.42463431247759,Up_in_Sepsis,0.750233426704015,3.56415344787041e-05,GSE57065
DAAM2,GSE95233,22,51,5.51924680909091,7.87150749568628,5.505633245,8.02571546,2.35226068659537,Up_in_Sepsis,0.950980392156863,1.22342240401873e-09,GSE57065
FOLR3,GSE137340,14,43,7.78031582228571,10.7634321393256,7.3107785305,10.78795637,2.98311631703987,Up_in_Sepsis,0.878737541528239,5.16186693059591e-06,GSE57065
FOLR3,GSE236713,30,125,-2.26840002066667,0.044576648888,-2.07689285,0.041836023,2.31297666955467,Up_in_Sepsis,0.925066666666667,5.30947248900134e-13,GSE57065
FOLR3,GSE54514,18,35,10.4749008286111,10.7396825792857,10.102611065,10.88411808,0.264781750674604,Up_in_Sepsis,0.632539682539683,0.119026798460476,GSE57065
FOLR3,GSE65682,42,51,6.71477786129762,7.82762550630392,6.4158650115,7.5001161015,1.1128476450063,Up_in_Sepsis,0.765172735760971,1.18083502950546e-05,GSE57065
FOLR3,GSE95233,22,51,7.22728167590909,9.60562909254902,7.22589388,9.41200952,2.37834741663993,Up_in_Sepsis,0.92602495543672,9.43827637107183e-09,GSE57065
RSPH9,GSE137340,14,43,4.53381353435714,5.25932196581395,4.3535309685,5.02485914,0.72550843145681,Up_in_Sepsis,0.847176079734219,4.13098133247111e-05,GSE57065
RSPH9,GSE236713,30,125,-1.29625465266667,0.376393829532,-1.3254007,0.3498981,1.67264848219867,Up_in_Sepsis,0.977066666666667,5.48193613878975e-16,GSE57065
RSPH9,GSE54514,18,35,7.2138817575,7.22506825585714,7.194389343,7.22298193,0.0111864983571426,Up_in_Sepsis,0.550793650793651,0.557589681355557,GSE57065
RSPH9,GSE65682,42,51,2.40720124847619,2.68466593094118,2.345513618,2.630564711,0.277464682464986,Up_in_Sepsis,0.750233426704015,3.56415344787041e-05,GSE57065
RSPH9,GSE95233,22,51,3.97336395636364,5.27368659921569,3.93409189,5.31890062,1.30032264285205,Up_in_Sepsis,0.979500891265597,1.03431303688478e-10,GSE57065
KLRG1,GSE137340,14,43,4.26463553657143,4.45042813016279,4.2335670075,4.295713273,0.185792593591362,Up_in_Sepsis,0.762458471760797,0.00277398677921297,GSE57065
KLRG1,GSE236713,30,125,2.2033672975,-0.3638078811,2.27022255,-0.3035959,-2.5671751786,Down_in_Sepsis,0.0218666666666666,4.72267228015068e-16,GSE57065
KLRG1,GSE54514,18,35,7.9997029305,7.83932613642857,7.949187756,7.660594463,-0.160376794071428,Down_in_Sepsis,0.385714285714286,0.181077171557747,GSE57065
KLRG1,GSE65682,42,51,3.65390333425,3.00715019243137,3.4510624315,2.794043851,-0.646753141818627,Down_in_Sepsis,0.258169934640523,6.46677990852284e-05,GSE57065
KLRG1,GSE95233,22,51,7.89931823727273,5.53852151568627,7.636022445,5.40478294,-2.36079672158645,Down_in_Sepsis,0,1.60188706567253e-11,GSE57065
IL32,GSE137340,14,43,8.21837775607143,7.7491988105,8.19337151725,7.8379052595,-0.469178945571428,Down_in_Sepsis,0.357142857142857,0.11366743416625,GSE57065
IL32,GSE236713,30,125,1.50014129416667,-0.383202292228,1.455793275,-0.135368705,-1.88334358639467,Down_in_Sepsis,0.0309333333333333,1.65978174307926e-15,GSE57065
IL32,GSE54514,18,35,7.90502346894444,7.79345735145714,7.80849671375,7.7366080285,-0.111566117487302,Down_in_Sepsis,0.411111111111111,0.300340734781541,GSE57065
IL32,GSE65682,42,51,4.99667749218452,4.11170733196078,4.6852517365,4.05999186275,-0.884970160223739,Down_in_Sepsis,0.186274509803921,2.17204927187551e-07,GSE57065
IL32,GSE95233,22,51,8.75230384227273,6.47253354215686,8.762651915,6.36860816,-2.27977030011586,Down_in_Sepsis,0.00445632798573975,2.41819260539641e-11,GSE57065
CKAP4,GSE137340,14,43,8.68354932635714,10.3548927002558,8.334189442,10.3958996,1.67134337389867,Up_in_Sepsis,0.822259136212625,0.000170516069266715,GSE57065
CKAP4,GSE236713,30,125,-1.15503529533333,0.23056830784,-1.2337575,0.27721238,1.38560360317333,Up_in_Sepsis,0.947466666666667,3.01722266171569e-14,GSE57065
CKAP4,GSE54514,18,35,10.4983355739444,10.6561353135714,10.36950207,10.58610821,0.157799739626984,Up_in_Sepsis,0.552380952380952,0.541587732899303,GSE57065
CKAP4,GSE65682,42,51,9.18399883615476,9.88531417870588,9.217519391,10.0192294835,0.701315342551121,Up_in_Sepsis,0.834733893557423,3.17728969892815e-08,GSE57065
CKAP4,GSE95233,22,51,7.61376698833333,9.61402933117647,7.68183343666667,9.59332071333333,2.00026234284314,Up_in_Sepsis,1,1.60188706567253e-11,GSE57065
GCLM,GSE137340,14,43,5.78819415896429,7.03259159616279,5.5851764475,7.0851690405,1.2443974371985,Up_in_Sepsis,0.868770764119601,1.0352095404657e-05,GSE57065
GCLM,GSE236713,30,125,-1.04396553366667,0.183001533848,-1.10622265,0.14565897,1.22696706751467,Up_in_Sepsis,0.8688,3.81311386796998e-10,GSE57065
GCLM,GSE54514,18,35,8.05119805866667,7.95342745784286,8.06381905075,7.9280779365,-0.0977706008238099,Down_in_Sepsis,0.4,0.243028800589674,GSE57065
GCLM,GSE65682,42,51,4.86525753780952,5.7799171554902,4.89675261675,5.773748018,0.914659617680672,Up_in_Sepsis,0.910364145658263,1.185113859869e-11,GSE57065
GCLM,GSE95233,22,51,4.18985757318182,5.84260062006536,4.197444275,5.80507515666667,1.65274304688354,Up_in_Sepsis,0.997326203208556,2.05178515500888e-11,GSE57065
SIL1,GSE137340,14,43,5.05816054411905,6.16901492409302,4.8279720745,6.19413987866667,1.11085437997397,Up_in_Sepsis,0.878737541528239,5.16186693059591e-06,GSE57065
SIL1,GSE236713,30,125,-0.980736208333333,0.111873885272,-0.959227565,0.14208245,1.09261009360533,Up_in_Sepsis,0.943733333333333,4.91445456572024e-14,GSE57065
SIL1,GSE54514,18,35,8.04746549661111,8.17145788321429,7.952652812,8.106673479,0.123992386603176,Up_in_Sepsis,0.558730158730159,0.496648773453112,GSE57065
SIL1,GSE65682,42,51,3.01941567911905,3.77848905092157,3.014714552,3.522290904,0.759073371802521,Up_in_Sepsis,0.820261437908497,1.20948914956201e-07,GSE57065
SIL1,GSE95233,22,51,5.66227941272727,6.28666251058824,5.695021515,6.2863817,0.624383097860963,Up_in_Sepsis,0.938502673796791,3.44535746390565e-09,GSE57065
MERTK,GSE137340,14,43,4.52140659260714,5.19461795568605,4.37054603375,5.0905564935,0.673211363078904,Up_in_Sepsis,0.867109634551495,1.15818527714491e-05,GSE57065
MERTK,GSE236713,30,125,-2.0128165215,0.710855985472,-2.11532115,0.736687302,2.723672506972,Up_in_Sepsis,0.970133333333334,1.43337123119402e-15,GSE57065
MERTK,GSE54514,18,35,7.54052025747222,7.5604057789,7.4285660985,7.5038194655,0.0198855214277778,Up_in_Sepsis,0.544444444444444,0.608776071190231,GSE57065
MERTK,GSE65682,42,51,2.64790451404762,3.66078210762745,2.482494099,3.49556805,1.01287759357983,Up_in_Sepsis,0.786647992530346,2.17745168959178e-06,GSE57065
MERTK,GSE95233,22,51,3.83729485939394,5.05348745202614,3.862245875,5.10078372,1.2161925926322,Up_in_Sepsis,0.968805704099821,2.6568328672965e-10,GSE57065
LRG1,GSE137340,14,43,7.87875290635714,9.98168908925581,7.719882162,10.02217396,2.10293618289867,Up_in_Sepsis,0.837209302325582,7.43901516703796e-05,GSE57065
LRG1,GSE236713,30,125,-2.65232736133333,0.29905142176,-2.67979765,0.35753083,2.95137878309333,Up_in_Sepsis,0.976533333333333,5.90546839114587e-16,GSE57065
LRG1,GSE54514,18,35,10.3734534596111,10.7517133432857,10.34638739,10.96588039,0.378259883674604,Up_in_Sepsis,0.646825396825397,0.083998876917753,GSE57065
LRG1,GSE65682,42,51,9.30556027992857,9.3420292345,9.318902384,9.4053062815,0.0364689545714292,Up_in_Sepsis,0.517740429505135,0.772198951957854,GSE57065
LRG1,GSE95233,22,51,6.20405822181818,8.02818196529412,6.262803945,8.14824263,1.82412374347594,Up_in_Sepsis,0.977718360071301,1.21213677994709e-10,GSE57065
ASPH,GSE137340,14,43,4.36804507290476,4.67473838751938,4.27430636083334,4.490615922,0.306693314614618,Up_in_Sepsis,0.882059800664452,4.05663071297044e-06,GSE57065
ASPH,GSE236713,30,125,-2.10731399111111,0.597818993757333,-2.10208918333334,0.65746115,2.70513298486844,Up_in_Sepsis,0.974133333333333,8.2463406798514e-16,GSE57065
ASPH,GSE54514,18,35,7.32647545251852,7.33855308355238,7.324177424,7.37743202833333,0.0120776310338622,Up_in_Sepsis,0.515873015873016,0.859761640454994,GSE57065
ASPH,GSE65682,42,51,3.56930819823469,4.12538212961625,3.60207031828572,4.14444603557143,0.556073931381552,Up_in_Sepsis,0.726890756302521,0.000178209697391078,GSE57065
ASPH,GSE95233,22,51,4.8621702789899,6.86161061568627,4.94632013555555,7.01443805333333,1.99944033669637,Up_in_Sepsis,0.988413547237077,4.63944869067713e-11,GSE57065
PVRIG,GSE137340,14,43,7.72663051485714,7.38324885309302,7.6489804295,7.322446885,-0.34338166176412,Down_in_Sepsis,0.416943521594684,0.362893895450819,GSE57065
PVRIG,GSE236713,30,125,1.37001128666667,-0.375043419456,1.43152785,-0.31261754,-1.74505470612267,Down_in_Sepsis,0.0309333333333333,1.65978174307926e-15,GSE57065
PVRIG,GSE54514,18,35,7.74745244444445,7.67170674454286,7.7707879545,7.536135197,-0.0757456999015878,Down_in_Sepsis,0.417460317460318,0.33676180410244,GSE57065
PVRIG,GSE65682,42,51,6.17335114064286,4.89616109405882,6.1560935395,4.83282121,-1.27719004658403,Down_in_Sepsis,0.195611577964519,4.91565394238915e-07,GSE57065
PVRIG,GSE95233,22,51,7.36016406636364,5.57913011627451,7.311372905,5.52474985,-1.78103395008913,Down_in_Sepsis,0.0151515151515152,6.40439715698351e-11,GSE57065
KIF1B,GSE137340,14,43,5.5280883277381,6.98780796731783,5.38700894516667,6.79839942466667,1.45971963957973,Up_in_Sepsis,0.898671096345515,1.12784882767697e-06,GSE57065
KIF1B,GSE236713,30,125,-1.65837921791667,0.35785732652,-1.72017819125,0.32322859875,2.01623654443667,Up_in_Sepsis,0.9752,7.11052358786845e-16,GSE57065
KIF1B,GSE54514,18,35,8.26908577820371,8.51468252,8.1966413655,8.46628014266667,0.245596741796295,Up_in_Sepsis,0.706349206349206,0.013996501301365,GSE57065
KIF1B,GSE65682,42,51,4.96487148781349,5.12895045621569,5.09920500116667,5.22113057833333,0.164078968402195,Up_in_Sepsis,0.570961718020541,0.242170395544248,GSE57065
KIF1B,GSE95233,22,51,6.27562536386364,7.85202734083333,6.2762148775,7.9329280575,1.5764019769697,Up_in_Sepsis,0.986631016042781,5.45249501386452e-11,GSE57065
ATP9A,GSE137340,14,43,4.80202090738095,5.52973604869767,4.648722985,5.46638302133333,0.727715141316722,Up_in_Sepsis,0.890365448504983,2.17438941765078e-06,GSE57065
ATP9A,GSE236713,30,125,-1.49502310066667,0.567868593624,-1.4536343775,0.4890709,2.06289169429067,Up_in_Sepsis,0.925333333333333,5.13556435775754e-13,GSE57065
ATP9A,GSE54514,18,35,8.16692366847222,8.30321235661429,8.1089799405,8.363950968,0.136288688142063,Up_in_Sepsis,0.585714285714286,0.318216803699425,GSE57065
ATP9A,GSE65682,42,51,3.97486160304762,5.15235669245098,3.965898105,5.309104248,1.17749508940336,Up_in_Sepsis,0.773576097105509,6.18231329672613e-06,GSE57065
ATP9A,GSE95233,22,51,6.17202132772727,7.87737336117647,6.2387981975,7.977047325,1.7053520334492,Up_in_Sepsis,0.973262032085561,1.79773479549631e-10,GSE57065
ZAP70,GSE137340,14,43,5.54474287121429,5.44022285481395,5.51946320883333,5.554335795,-0.104520016400333,Down_in_Sepsis,0.443521594684385,0.538756643962947,GSE57065
ZAP70,GSE236713,30,125,1.62651962333333,-0.428749837112,1.56673645,-0.22379994,-2.05526946044533,Down_in_Sepsis,0.00293333333333333,3.17356635260133e-17,GSE57065
ZAP70,GSE54514,18,35,7.35917117866667,7.44074737684286,7.35111236575,7.347866774,0.0815761981761902,Up_in_Sepsis,0.585714285714286,0.318216803699425,GSE57065
ZAP70,GSE65682,42,51,3.42073871492857,2.8909143200098,3.219381303,2.8555026345,-0.529824394918768,Down_in_Sepsis,0.165732959850607,3.32017774440668e-08,GSE57065
ZAP70,GSE95233,22,51,6.79913623386364,5.20116903843137,6.860717955,5.172781265,-1.59796719543226,Down_in_Sepsis,0,1.60188706567253e-11,GSE57065
FAM89A,GSE137340,14,43,4.98117451046429,6.09689272881977,4.670856211875,5.74710286675,1.11571821835548,Up_in_Sepsis,0.850498338870432,3.37270343526275e-05,GSE57065
FAM89A,GSE236713,30,125,-1.033003063,0.323139701944,-1.00651525,0.31397653,1.356142764944,Up_in_Sepsis,0.915466666666666,1.73739002477137e-12,GSE57065
FAM89A,GSE54514,18,35,7.72336205735185,7.85158061075238,7.52853139233333,7.862529119,0.128218553400528,Up_in_Sepsis,0.592063492063492,0.283133764153369,GSE57065
FAM89A,GSE65682,42,51,2.66973946119048,3.93414871060784,2.528447047,3.42732562,1.26440924941737,Up_in_Sepsis,0.827731092436975,6.1091786074841e-08,GSE57065
FAM89A,GSE95233,22,51,5.92866643136364,8.11963130509804,5.91891235,8.18619931,2.1909648737344,Up_in_Sepsis,0.979500891265597,1.03431303688478e-10,GSE57065
LY9,GSE137340,14,43,5.4104698412381,5.44835855427907,5.44586803066667,5.503299453,0.0378887130409744,Up_in_Sepsis,0.508305647840532,0.934286718242662,GSE57065
LY9,GSE236713,30,125,1.66639141516667,-0.29951097266,1.6793927,-0.26938856,-1.96590238782667,Down_in_Sepsis,0.0032,3.29891631128051e-17,GSE57065
LY9,GSE54514,18,35,7.40111618569445,7.4219030925,7.3937158585,7.371298075,0.0207869068055553,Up_in_Sepsis,0.495238095238095,0.962919951586959,GSE57065
LY9,GSE65682,42,51,3.32781337458333,2.83297544380392,3.1325616985,2.771464375,-0.494837930779412,Down_in_Sepsis,0.30812324929972,0.00152934116044883,GSE57065
LY9,GSE95233,22,51,6.53047616530303,5.14957291189543,6.58065606833333,5.06628309333333,-1.3809032534076,Down_in_Sepsis,0.0151515151515152,6.40439715698351e-11,GSE57065
HSD3B7,GSE137340,14,43,4.78039885457143,5.40030164386047,4.3406956385,5.263668491,0.619902789289037,Up_in_Sepsis,0.805647840531561,0.000400631980255359,GSE57065
HSD3B7,GSE236713,30,125,-2.46591938666667,0.374089013392,-2.168045,0.31106544,2.84000840005867,Up_in_Sepsis,0.986666666666667,1.41630902208344e-16,GSE57065
HSD3B7,GSE54514,18,35,7.30327428716667,7.38004193988571,7.2366938595,7.271981716,0.076767652719048,Up_in_Sepsis,0.561904761904762,0.473286065359816,GSE57065
HSD3B7,GSE65682,42,51,3.50623039269048,3.97003224464706,3.4753213165,3.894823538,0.463801851956583,Up_in_Sepsis,0.780112044817927,3.68970970257475e-06,GSE57065
HSD3B7,GSE95233,22,51,4.559016385,5.70936065784314,4.58768941,5.5555495,1.15034427284314,Up_in_Sepsis,1,1.60188706567253e-11,GSE57065
MAP4K1,GSE137340,14,43,7.68430585614286,7.17009072667442,7.4857924635,7.035443936,-0.514215129468439,Down_in_Sepsis,0.28405315614618,0.0151439987160872,GSE57065
MAP4K1,GSE236713,30,125,1.20138306833333,-0.36286659736,1.1815617,-0.26575732,-1.56424966569333,Down_in_Sepsis,0.0186666666666667,3.01374142962597e-16,GSE57065
MAP4K1,GSE54514,18,35,7.54903664861111,7.58918662068571,7.5773682595,7.5489444735,0.0401499720746026,Up_in_Sepsis,0.533333333333333,0.702910846357363,GSE57065
MAP4K1,GSE65682,42,51,3.09531360835714,2.78613836959477,2.951168527,2.79809332266667,-0.309175238762371,Down_in_Sepsis,0.264705882352941,0.000101483657502929,GSE57065
MAP4K1,GSE95233,22,51,8.4346600230303,6.48916199712418,8.44467421833334,6.37109784,-1.94549802590612,Down_in_Sepsis,0.00089126559714795,1.73990990394731e-11,GSE57065
PLBD1,GSE137340,14,43,10.258135156,12.034041004,9.921839318,12.14475792,1.775905848,Up_in_Sepsis,0.862126245847176,1.61210294818759e-05,GSE57065
PLBD1,GSE236713,30,125,-1.512165991,-0.054785747584,-1.53065705,-0.098792076,1.457380243416,Up_in_Sepsis,0.949333333333333,2.36063549223725e-14,GSE57065
PLBD1,GSE54514,18,35,12.2836093916667,12.2705257695714,12.39730406,12.44756794,-0.0130836220952393,Down_in_Sepsis,0.525396825396825,0.770927794053364,GSE57065
PLBD1,GSE65682,42,51,10.8770541978571,11.189726593902,10.905307265,11.31271528,0.312672396044817,Up_in_Sepsis,0.736227824463119,9.52211705749336e-05,GSE57065
PLBD1,GSE95233,22,51,8.301056265,9.91972977303922,8.4108737775,9.98209676,1.61867350803922,Up_in_Sepsis,0.988413547237077,4.63944869067713e-11,GSE57065
EXOSC4,GSE137340,14,43,5.41720706707143,6.70501075486047,5.0448648645,6.791334525,1.28780368778904,Up_in_Sepsis,0.820598006644518,0.000186294412620237,GSE57065
EXOSC4,GSE236713,30,125,-0.829816718333333,0.410322953936,-0.869314675,0.37447357,1.24013967226933,Up_in_Sepsis,0.909066666666667,3.77423354829332e-12,GSE57065
EXOSC4,GSE54514,18,35,8.26254481744445,8.35448402668571,7.823877573,8.217424393,0.0919392092412696,Up_in_Sepsis,0.547619047619047,0.582925964615309,GSE57065
EXOSC4,GSE65682,42,51,6.44449672502381,7.90887844835294,6.372095987,8.019929043,1.46438172332913,Up_in_Sepsis,0.843604108309991,1.36234445477292e-08,GSE57065
EXOSC4,GSE95233,22,51,5.77409575397727,7.21990638843137,5.68090552375,7.2263693775,1.4458106344541,Up_in_Sepsis,0.988413547237077,4.63944869067713e-11,GSE57065
SLC2A14,GSE137340,14,43,4.72020105757143,5.18214667690698,4.418413291,5.077188916,0.461945619335548,Up_in_Sepsis,0.747508305647841,0.00498173058996871,GSE57065
SLC2A14,GSE236713,30,125,-2.21512982,0.380350056648,-2.31436635,0.4446516,2.595479876648,Up_in_Sepsis,0.992,6.60229162961706e-17,GSE57065
SLC2A14,GSE54514,18,35,7.967736562,7.8455112458,7.992604017,7.831945419,-0.1222253162,Down_in_Sepsis,0.399206349206349,0.236714120171785,GSE57065
SLC2A14,GSE65682,42,51,9.41501099927381,9.72945564708824,9.567618374,9.771766149,0.314444647814426,Up_in_Sepsis,0.658263305322129,0.00896940777305106,GSE57065
SLC2A14,GSE95233,22,51,8.09039973363636,9.7104579427451,8.076450955,9.72699217,1.62005820910873,Up_in_Sepsis,0.985739750445633,5.9097281654302e-11,GSE57065
SLC16A3,GSE137340,14,43,9.30256015592857,11.046711550186,9.0822159315,11.09168374,1.74415139425748,Up_in_Sepsis,0.863787375415282,1.44528445939708e-05,GSE57065
SLC16A3,GSE236713,30,125,-1.62737424,0.136620356008,-1.7475455,0.15175962,1.763994596008,Up_in_Sepsis,0.990133333333333,8.63190787799774e-17,GSE57065
SLC16A3,GSE54514,18,35,11.6097177383333,11.7760471339429,11.48762321,11.74905682,0.166329395609523,Up_in_Sepsis,0.61984126984127,0.158897501424405,GSE57065
SLC16A3,GSE65682,42,51,7.52502979024603,7.68556502271242,7.53267558033334,7.687652717,0.160535232466386,Up_in_Sepsis,0.626984126984127,0.0360841095898539,GSE57065
SLC16A3,GSE95233,22,51,5.83246776090909,6.43791408535948,5.87343843333334,6.37225086,0.605446324450387,Up_in_Sepsis,0.933155080213904,5.3243992839665e-09,GSE57065
NR1D2,GSE137340,14,43,4.75517422439286,5.02197684474419,4.75095900475,5.1013782635,0.266802620351329,Up_in_Sepsis,0.730897009966777,0.0091254474349773,GSE57065
NR1D2,GSE236713,30,125,1.3771848522,-0.376359357528,1.42153693333334,-0.407372563333333,-1.753544209728,Down_in_Sepsis,0.0162666666666667,2.14765424902856e-16,GSE57065
NR1D2,GSE54514,18,35,7.22795719561111,7.20052261342857,7.234516859,7.176362038,-0.0274345821825399,Down_in_Sepsis,0.409523809523809,0.29165367273141,GSE57065
NR1D2,GSE65682,42,51,2.67993460388095,2.38682986096078,2.59752724525,2.3424930375,-0.293104742920168,Down_in_Sepsis,0.23062558356676,8.56400623491198e-06,GSE57065
NR1D2,GSE95233,22,51,5.51132363022727,4.05699949911765,5.5046800925,4.003274435,-1.45432413110963,Down_in_Sepsis,0.00267379679144385,2.05178515500888e-11,GSE57065
PRKCH,GSE137340,14,43,8.90525688528572,8.28652624374419,8.730410681,8.246701809,-0.618730641541529,Down_in_Sepsis,0.327242524916944,0.054341758859444,GSE57065
PRKCH,GSE236713,30,125,1.46145316146667,-0.430698047768,1.45801975,-0.34157968,-1.89215120923467,Down_in_Sepsis,0.0202666666666667,3.77402725193607e-16,GSE57065
PRKCH,GSE54514,18,35,8.50714723288889,8.33224923265714,8.57349062,8.322511673,-0.174898000231746,Down_in_Sepsis,0.39047619047619,0.200299536283,GSE57065
PRKCH,GSE65682,42,51,4.98949451569048,3.90648814362092,4.99943868266667,3.91666646166667,-1.08300637206956,Down_in_Sepsis,0.140522875816993,2.84092725693963e-09,GSE57065
PRKCH,GSE95233,22,51,7.17771039666667,5.98511199986928,7.20247338666667,5.93408341666667,-1.19259839679739,Down_in_Sepsis,0,1.60188706567253e-11,GSE57065
CLEC5A,GSE137340,14,43,5.00189759664286,6.65123972739535,4.5703880135,6.615549986,1.64934213075249,Up_in_Sepsis,0.868770764119601,1.0352095404657e-05,GSE57065
CLEC5A,GSE236713,30,125,-1.184479399,0.52980254804,-1.26361885,0.49863696,1.71428194704,Up_in_Sepsis,0.867466666666666,4.40809401061898e-10,GSE57065
CLEC5A,GSE54514,18,35,7.70518324105556,7.86377726968571,7.4606108665,7.644664288,0.158594028630159,Up_in_Sepsis,0.611111111111111,0.193736415761008,GSE57065
CLEC5A,GSE65682,42,51,3.1634017036746,3.78044791269281,3.082366928,3.75171799733333,0.617046209018208,Up_in_Sepsis,0.767973856209151,9.53684453297359e-06,GSE57065
CLEC5A,GSE95233,22,51,5.15997257045455,8.30271400215686,5.32874975,8.43299202,3.14274143170232,Up_in_Sepsis,0.996434937611408,2.22762533627504e-11,GSE57065
TMC8,GSE137340,14,43,5.40374133214286,5.15986757790698,5.407611208,5.136861137,-0.243873754235881,Down_in_Sepsis,0.355481727574751,0.109420434566108,GSE57065
TMC8,GSE236713,30,125,0.916570730833333,-0.22216652512,0.8884626625,-0.18730413,-1.13873725595333,Down_in_Sepsis,0.0274666666666667,1.0292890169365e-15,GSE57065
TMC8,GSE54514,18,35,7.14508612938889,7.13288952974286,7.166795969,7.089870453,-0.0121965996460318,Down_in_Sepsis,0.392063492063492,0.207020180060236,GSE57065
TMC8,GSE65682,42,51,5.04912586479762,4.66326837764706,4.95679593625,4.6841515675,-0.38585748715056,Down_in_Sepsis,0.250700280112045,3.81153364064026e-05,GSE57065
TMC8,GSE95233,22,51,7.31398008484849,6.54943494849673,7.3472268,6.52197893666667,-0.764545136351752,Down_in_Sepsis,0.0213903743315508,1.11977955795568e-10,GSE57065
GIMAP5,GSE137340,14,43,9.42316188285714,8.89274839090698,9.3972782775,8.952655259,-0.530413491950165,Down_in_Sepsis,0.345514950166113,0.0864562576455978,GSE57065
GIMAP5,GSE236713,30,125,1.173134448,-0.468587316616,1.2036898,-0.31616783,-1.641721764616,Down_in_Sepsis,0.0178666666666667,2.69238931579252e-16,GSE57065
GIMAP5,GSE54514,18,35,8.40176894933333,8.48733015051429,8.2569160465,8.488066673,0.0855612011809512,Up_in_Sepsis,0.552380952380952,0.541587732899303,GSE57065
GIMAP5,GSE65682,42,51,6.69048673095238,5.65463034145098,6.648465404,5.636483107,-1.0358563895014,Down_in_Sepsis,0.166666666666667,3.62489033813588e-08,GSE57065
GIMAP5,GSE95233,22,51,9.01435980772727,7.37476021856209,8.98457231166666,7.34495244666667,-1.63959958916518,Down_in_Sepsis,0.0053475935828877,2.62469054871502e-11,GSE57065
GNLY,GSE137340,14,43,9.14800889792857,8.15947509471318,9.1590614045,8.0730805,-0.98853380321539,Down_in_Sepsis,0.26578073089701,0.00811465598623881,GSE57065
GNLY,GSE236713,30,125,1.77677881166667,-0.167758878104,1.832153725,-0.32503754,-1.94453768977067,Down_in_Sepsis,0.112,4.47029686534949e-11,GSE57065
GNLY,GSE54514,18,35,8.15735403692593,8.0888684272381,8.23682268466667,8.02759917566667,-0.0684856096878299,Down_in_Sepsis,0.444444444444444,0.520600333060429,GSE57065
GNLY,GSE65682,42,51,6.51919426080357,5.05028397886765,6.423854145125,4.983618095,-1.46891028193592,Down_in_Sepsis,0.180672268907563,1.31591298422381e-07,GSE57065
GNLY,GSE95233,22,51,11.0241741922727,8.14679967784314,10.97150678,8.166844705,-2.87737451442959,Down_in_Sepsis,0.00445632798573975,2.41819260539641e-11,GSE57065
P2RY10,GSE137340,14,43,5.22870422189286,5.07467455475581,5.20885770375,5.076721172,-0.154029667137044,Down_in_Sepsis,0.383720930232558,0.200000657368105,GSE57065
P2RY10,GSE236713,30,125,2.29180673666667,-0.252867437656,2.42090815,-0.22849774,-2.54467417432267,Down_in_Sepsis,0.0136,1.47108884225019e-16,GSE57065
P2RY10,GSE54514,18,35,7.23527383811111,7.2064361299619,7.22071623816667,7.18002065,-0.0288377081492071,Down_in_Sepsis,0.40952380952381,0.29165367273141,GSE57065
P2RY10,GSE65682,42,51,2.86786147078571,2.52487895017647,2.537433278,2.372884737,-0.342982520609244,Down_in_Sepsis,0.359010270774977,0.0199345125634883,GSE57065
P2RY10,GSE95233,22,51,6.54158134469697,4.66785335287582,6.58741538333333,4.59033880666667,-1.87372799182115,Down_in_Sepsis,0,1.60188706567253e-11,GSE57065
RAB13,GSE137340,14,43,4.49018866769047,5.04186443144186,4.40273275783333,4.97189848733333,0.551675763751386,Up_in_Sepsis,0.898671096345515,1.12784882767697e-06,GSE57065
RAB13,GSE236713,30,125,-1.297242414,0.338783827568,-1.2061429,0.41705966,1.636026241568,Up_in_Sepsis,0.891733333333334,2.91117583120505e-11,GSE57065
RAB13,GSE54514,18,35,7.28551430166667,7.22612330574286,7.238955021,7.166293144,-0.0593909959238097,Down_in_Sepsis,0.336507936507937,0.0536371037869218,GSE57065
RAB13,GSE65682,42,51,3.8686346161746,5.25104202801307,3.699742118,5.11878573966667,1.38240741183847,Up_in_Sepsis,0.931372549019608,1.00796795073921e-12,GSE57065
RAB13,GSE95233,22,51,9.73755451909091,10.5658753613726,9.68670688,10.48076184,0.828320842281642,Up_in_Sepsis,0.972370766488413,1.94435767733088e-10,GSE57065
DHRS9,GSE137340,14,43,6.47891907254762,7.54693531428682,6.03463694933333,7.612591659,1.0680162417392,Up_in_Sepsis,0.820598006644518,0.000186294412620237,GSE57065
DHRS9,GSE236713,30,125,-1.05189128033333,0.673714650624,-1.11708335,0.6834445,1.72560593095733,Up_in_Sepsis,0.8552,1.63445601352276e-09,GSE57065
DHRS9,GSE54514,18,35,7.15118503561111,7.0925009728,7.112692833,7.069767475,-0.0586840628111114,Down_in_Sepsis,0.380952380952381,0.163232997664367,GSE57065
DHRS9,GSE65682,42,51,8.15645838390476,9.50818690492157,8.3326282765,9.750075598,1.35172852101681,Up_in_Sepsis,0.776844070961718,4.78279497877484e-06,GSE57065
DHRS9,GSE95233,22,51,6.36678382590909,9.55002221385621,6.40964877666667,9.64092690333333,3.18323838794712,Up_in_Sepsis,1,1.60188706567253e-11,GSE57065
TIMP1,GSE137340,14,43,9.81592886714286,11.6363049372791,9.65986537,11.6536414,1.82037607013621,Up_in_Sepsis,0.916943521594684,2.32597094559008e-07,GSE57065
TIMP1,GSE236713,30,125,-1.27196941466667,0.309522782376,-1.25564505,0.20902586,1.58149219704267,Up_in_Sepsis,0.945066666666667,4.13052690891091e-14,GSE57065
TIMP1,GSE54514,18,35,12.1652583033333,12.0709945945714,12.289051055,12.27932835,-0.094263708761904,Down_in_Sepsis,0.468253968253968,0.714152272707494,GSE57065
TIMP1,GSE65682,42,51,8.60073302813095,9.26236238856863,8.53016123525,9.333708612,0.661629360437676,Up_in_Sepsis,0.818860877684408,1.372467611671e-07,GSE57065
TIMP1,GSE95233,22,51,7.64146381863636,8.92114833098039,7.71945454,8.92598903,1.27968451234403,Up_in_Sepsis,0.957219251336898,7.21511319630196e-10,GSE57065
SLC26A8,GSE137340,14,43,4.9899783315,6.21397293356395,4.63687399875,6.19378155925,1.22399460206395,Up_in_Sepsis,0.87375415282392,7.34598051394299e-06,GSE57065
SLC26A8,GSE236713,30,125,-3.313180685,0.2865534076,-3.40846845,0.6120777,3.5997340926,Up_in_Sepsis,0.944533333333334,4.42812327766133e-14,GSE57065
SLC26A8,GSE54514,18,35,7.48923361302778,7.67345543589286,7.460270703,7.65936887275,0.18422182286508,Up_in_Sepsis,0.788888888888889,0.000427528816453806,GSE57065
SLC26A8,GSE65682,42,51,4.18775508078571,4.46535759517647,4.4242065175,4.493589345,0.277602514390757,Up_in_Sepsis,0.586367880485527,0.154348393835561,GSE57065
SLC26A8,GSE95233,22,51,4.39333912818182,6.48541257313726,4.47672437,6.71208165,2.09207344495544,Up_in_Sepsis,0.983065953654189,7.51571277898833e-11,GSE57065
HMGB3,GSE137340,14,43,4.30279909792857,4.58526838734219,4.260812913,4.44462123385714,0.282469289413622,Up_in_Sepsis,0.878737541528239,5.16186693059591e-06,GSE57065
HMGB3,GSE236713,30,125,-1.7758933225,0.29834280614,-1.73935605,0.1862275615,2.07423612864,Up_in_Sepsis,0.9824,2.59297050143436e-16,GSE57065
HMGB3,GSE54514,18,35,7.16323335955556,7.21915967117143,7.1877787115,7.200767517,0.055926311615873,Up_in_Sepsis,0.649206349206349,0.0789959304049665,GSE57065
HMGB3,GSE65682,42,51,2.49300907483333,3.26759644539216,2.439562411,3.000443047,0.774587370558824,Up_in_Sepsis,0.831465919701214,4.31777489377655e-08,GSE57065
HMGB3,GSE95233,22,51,4.62541109659091,5.48070635421569,4.6084107725,5.329346685,0.855295257624777,Up_in_Sepsis,0.948306595365419,1.53088505184395e-09,GSE57065
KLF12,GSE137340,14,43,5.05962446178571,4.88697669132558,4.996358988,4.756022428,-0.172647770460133,Down_in_Sepsis,0.393687707641196,0.242138750369348,GSE57065
KLF12,GSE236713,30,125,1.55249611083333,-0.422833857576,1.5583819,-0.27787006,-1.97532996840933,Down_in_Sepsis,0.0112,1.04470720762514e-16,GSE57065
KLF12,GSE54514,18,35,7.2009787295,7.20960675651429,7.1858873365,7.1805956365,0.00862802701428578,Up_in_Sepsis,0.541269841269841,0.635114297097459,GSE57065
KLF12,GSE65682,42,51,3.05842709021429,2.75880389871373,2.9905599379,2.7386565728,-0.29962319150056,Down_in_Sepsis,0.257236227824463,6.05808351607603e-05,GSE57065
KLF12,GSE95233,22,51,5.83170762096591,4.23510710497549,5.72888159,4.16819464,-1.59660051599042,Down_in_Sepsis,0,1.60188706567253e-11,GSE57065
ZDHHC3,GSE137340,14,43,5.34467040828571,6.13299005906977,5.1801497425,6.163031381,0.788319650784053,Up_in_Sepsis,0.803986710963455,0.000434777002978728,GSE57065
ZDHHC3,GSE236713,30,125,-0.6022909975,0.11556518736,-0.615189315,0.159786225,0.71785618486,Up_in_Sepsis,0.922399999999999,7.39949169071023e-13,GSE57065
ZDHHC3,GSE54514,18,35,7.70002966455556,7.90285861162857,7.620201349,7.928459167,0.202828947073016,Up_in_Sepsis,0.674603174603174,0.0388930382204774,GSE57065
ZDHHC3,GSE65682,42,51,5.70252456302381,6.13801785792647,5.7555070775,6.161720429,0.435493294902662,Up_in_Sepsis,0.80765639589169,3.70316141537795e-07,GSE57065
ZDHHC3,GSE95233,22,51,6.10024053465909,7.18533389387255,6.12567473375,7.1734460875,1.08509335921346,Up_in_Sepsis,1,1.60188706567253e-11,GSE57065
ELL2,GSE137340,14,43,4.74750812492857,5.46895382641861,4.361217991,5.283276694,0.721445701490033,Up_in_Sepsis,0.832225913621263,9.87519484005879e-05,GSE57065
ELL2,GSE236713,30,125,-1.14776451966667,0.11433177912,-1.1742456,0.026556492,1.26209629878667,Up_in_Sepsis,0.9552,1.0846021960622e-14,GSE57065
ELL2,GSE54514,18,35,7.5344904265,7.5643885612,7.509443283,7.529659271,0.0298981347000007,Up_in_Sepsis,0.485714285714286,0.87439633186128,GSE57065
ELL2,GSE65682,42,51,2.65065515554762,3.12153890973726,2.5992014937,3.0186471712,0.470883754189636,Up_in_Sepsis,0.869747899159664,9.93971462224936e-10,GSE57065
ELL2,GSE95233,22,51,5.47484565579546,6.6826355754902,5.4977540075,6.6303098,1.20778991969474,Up_in_Sepsis,0.994652406417112,2.62469054871502e-11,GSE57065
NEDD4,GSE137340,14,43,4.38250902180952,4.96151792105426,4.29213641416666,4.801195909,0.57900889924474,Up_in_Sepsis,0.910299003322259,4.22790671752083e-07,GSE57065
NEDD4,GSE236713,30,125,-1.273502168,0.397297183056,-1.2119789,0.24166799,1.670799351056,Up_in_Sepsis,0.9384,9.79858691639425e-14,GSE57065
NEDD4,GSE54514,18,35,7.40197377744445,7.45255441668572,7.293729067,7.362484932,0.0505806392412698,Up_in_Sepsis,0.544444444444444,0.608776071190231,GSE57065
NEDD4,GSE65682,42,51,2.49075096504762,3.27117288477451,2.42147204125,3.09234915,0.780421919726891,Up_in_Sepsis,0.854808590102708,4.53660421333723e-09,GSE57065
NEDD4,GSE95233,22,51,4.48783945818182,5.98384373176471,4.468600125,6.04517117,1.49600427358289,Up_in_Sepsis,0.982174688057041,8.14407368438532e-11,GSE57065
ADM,GSE137340,14,43,9.20151606264286,10.8318754218605,8.839707672,11.05994973,1.63035935921761,Up_in_Sepsis,0.815614617940199,0.000241926158971228,GSE57065
ADM,GSE236713,30,125,-3.35761926,0.356034619056,-3.51896,0.39667892,3.713653879056,Up_in_Sepsis,0.9984,2.6139489943517e-17,GSE57065
ADM,GSE54514,18,35,11.8478035933333,11.3326583317143,11.99541569,11.34145927,-0.515145261619047,Down_in_Sepsis,0.303968253968254,0.0208781113856751,GSE57065
ADM,GSE65682,42,51,7.66319903653175,7.81727407335294,7.77951472233334,7.806430994,0.154075036821195,Up_in_Sepsis,0.591503267973856,0.131232651951072,GSE57065
ADM,GSE95233,22,51,8.56368600181818,9.75888219156863,8.62496138,9.85655069,1.19519618975045,Up_in_Sepsis,0.95632798573975,7.78375215666962e-10,GSE57065
PASK,GSE137340,14,43,6.37031804482143,6.11265043167442,6.2935267225,6.1287754015,-0.25766761314701,Down_in_Sepsis,0.383720930232558,0.200000657368105,GSE57065
PASK,GSE236713,30,125,1.4095134,-0.389006534632,1.4518367875,-0.4585363735,-1.798519934632,Down_in_Sepsis,0.0370666666666666,3.83314988106933e-15,GSE57065
PASK,GSE54514,18,35,7.22100742658333,7.24563468522857,7.207277894,7.190819979,0.0246272586452383,Up_in_Sepsis,0.511111111111111,0.903787579790874,GSE57065
PASK,GSE65682,42,51,3.20281937969048,2.50297786292157,2.8986187065,2.470888917,-0.699841516768908,Down_in_Sepsis,0.256302521008403,5.67392658172337e-05,GSE57065
PASK,GSE95233,22,51,6.02428164181818,4.77577526503268,5.94061260333334,4.74311968666667,-1.2485063767855,Down_in_Sepsis,0.018716577540107,8.82077171942536e-11,GSE57065
IL18RAP,GSE137340,14,43,8.63602282771429,10.7498260946512,8.494994314,10.73374129,2.11380326693688,Up_in_Sepsis,0.830564784053156,0.00010836477926158,GSE57065
IL18RAP,GSE236713,30,125,-2.13119036,0.485935977076,-2.00284575,0.6597452,2.617126337076,Up_in_Sepsis,0.922933333333333,6.92535137086423e-13,GSE57065
IL18RAP,GSE54514,18,35,11.4061150026667,11.5249247690571,11.54227924,11.75607681,0.118809766390477,Up_in_Sepsis,0.545238095238095,0.598968556656899,GSE57065
IL18RAP,GSE65682,42,51,7.26682408366667,7.60633486853922,7.370170294,7.638264965,0.339510784872549,Up_in_Sepsis,0.619047619047619,0.0494445145222802,GSE57065
IL18RAP,GSE95233,22,51,8.117991135,10.8379640731373,8.382675855,10.96167861,2.71997293813726,Up_in_Sepsis,1,1.60188706567253e-11,GSE57065
UBE2F,GSE137340,14,43,7.30355571535714,9.0745201692093,6.8495421605,9.025839757,1.77096445385216,Up_in_Sepsis,0.867109634551495,1.15818527714491e-05,GSE57065
UBE2F,GSE236713,30,125,-0.368793487933333,0.162755596656,-0.364049915,0.116556644,0.531549084589333,Up_in_Sepsis,0.747733333333333,2.60762698214956e-05,GSE57065
UBE2F,GSE54514,18,35,10.6508857411111,10.6333123067714,10.72046232,10.72938728,-0.0175734343396829,Down_in_Sepsis,0.496031746031746,0.970035370665407,GSE57065
UBE2F,GSE65682,42,51,5.75524809940212,6.45038157776471,5.78872423144444,6.49638270266667,0.695133478362591,Up_in_Sepsis,0.859943977591037,2.71015528900733e-09,GSE57065
UBE2F,GSE95233,22,51,6.75911467727273,8.23466372215686,6.73561727125,8.2456943825,1.47554904488414,Up_in_Sepsis,1,1.60188706567253e-11,GSE57065
HK3,GSE137340,14,43,8.75082910471429,10.4119840827674,8.390877427,10.41149064,1.66115497805316,Up_in_Sepsis,0.832225913621263,0.000216857743109656,GSE57065
HK3,GSE236713,30,125,-1.44986136,0.403689497512,-1.5138011,0.471241,1.853550857512,Up_in_Sepsis,0.909333333333333,3.65502650130104e-12,GSE57065
HK3,GSE54514,18,35,10.4937286905,10.6485877990286,10.47875452,10.64564991,0.154859108528573,Up_in_Sepsis,0.561904761904762,0.473286065359816,GSE57065
HK3,GSE65682,42,51,8.83781198766667,9.71433418754902,8.7901525005,9.778881384,0.876522199882352,Up_in_Sepsis,0.824929971988796,7.90621994484101e-08,GSE57065
HK3,GSE95233,22,51,6.70271733136364,9.05404229490196,6.63855448,9.14997634,2.35132496353832,Up_in_Sepsis,1,1.60188706567253e-11,GSE57065
PPARG,GSE137340,14,43,4.310288496125,4.72054263266861,4.24559562175,4.584669031,0.410254136543605,Up_in_Sepsis,0.878737541528239,5.16186693059591e-06,GSE57065
PPARG,GSE236713,30,125,-3.63981122666667,0.469375403976,-3.552862425,0.58926998,4.10918663064267,Up_in_Sepsis,0.998933333333333,2.41844026700985e-17,GSE57065
PPARG,GSE54514,18,35,7.27792481140741,7.2546535628381,7.2700215975,7.232601325,-0.0232712485693112,Down_in_Sepsis,0.43968253968254,0.484892703673966,GSE57065
PPARG,GSE65682,42,51,2.43400705611905,2.55545664392157,2.404317799,2.525757896,0.121449587802521,Up_in_Sepsis,0.578431372549019,0.195976822516782,GSE57065
PPARG,GSE95233,22,51,4.37617266318182,5.29866765392157,4.33607779,5.294765815,0.92249499073975,Up_in_Sepsis,0.955436720142603,8.39602113585593e-10,GSE57065
CD247,GSE137340,14,43,10.3408201655714,9.89281029886046,10.376613525,10.07084645,-0.448009866710965,Down_in_Sepsis,0.40531561461794,0.2985473132378,GSE57065
CD247,GSE236713,30,125,0.765497108333333,-0.185380890592,0.75289249,-0.161884785,-0.950877998925333,Down_in_Sepsis,0.1048,1.94792934863068e-11,GSE57065
CD247,GSE54514,18,35,9.74945513422222,9.38249128234286,9.946455479,9.3137831685,-0.366963851879365,Down_in_Sepsis,0.376190476190476,0.146722427447959,GSE57065
CD247,GSE65682,42,51,4.92602738795238,3.9358988694902,4.778689274,3.911796267,-0.990128518462185,Down_in_Sepsis,0.136321195144725,1.85505783163801e-09,GSE57065
CD247,GSE95233,22,51,9.17332886454545,6.62387738705882,9.14544178,6.55802082,-2.54945147748663,Down_in_Sepsis,0,1.60188706567253e-11,GSE57065
RORA,GSE137340,14,43,5.01258896726786,4.95378745143895,5.03151788675,4.9451376725,-0.0588015158289039,Down_in_Sepsis,0.431893687707641,0.457093279438225,GSE57065
RORA,GSE236713,30,125,1.62773954,-0.457789509928,1.6519983,-0.25106025,-2.085529049928,Down_in_Sepsis,0.0333333333333333,2.30592428929965e-15,GSE57065
RORA,GSE54514,18,35,7.28849949835556,7.30800459995429,7.2765829563,7.2860398292,0.01950510159873,Up_in_Sepsis,0.525396825396825,0.773107646476209,GSE57065
RORA,GSE65682,42,51,3.96613137085714,3.06236520933333,3.68559131816667,2.948146407,-0.90376616152381,Down_in_Sepsis,0.211951447245565,1.94192092211731e-06,GSE57065
RORA,GSE95233,22,51,6.91478204085227,5.05348908598039,6.8897204275,5.0774353375,-1.86129295487188,Down_in_Sepsis,0,1.60188706567253e-11,GSE57065
C1orf122,GSE137340,14,43,5.56088789928571,6.87881397269767,5.296312564,6.848643173,1.31792607341196,Up_in_Sepsis,0.838870431893688,6.75807999629674e-05,GSE57065
C1orf122,GSE236713,30,125,-0.475567137666667,0.101346666544,-0.4683926,0.034481764,0.576913804210667,Up_in_Sepsis,0.811733333333333,1.20812075245234e-07,GSE57065
C1orf122,GSE54514,18,35,7.88321259288889,8.00930262971429,7.777810574,7.97199297,0.126090036825397,Up_in_Sepsis,0.673015873015873,0.0415697490247223,GSE57065
C1orf122,GSE65682,42,51,4.67717149730952,5.38174227831373,4.6305299405,5.403628802,0.704570781004202,Up_in_Sepsis,0.873482726423903,6.73738457061858e-10,GSE57065
C1orf122,GSE95233,22,51,5.98594967863636,6.90354934686275,5.994764905,6.81029623,0.917599668226382,Up_in_Sepsis,0.997326203208556,2.05178515500888e-11,GSE57065
TGFBR3,GSE137340,14,43,7.74993682371429,7.33905411639535,7.6953400345,7.107790151,-0.410882707318938,Down_in_Sepsis,0.367109634551495,0.141856475742545,GSE57065
TGFBR3,GSE236713,30,125,2.03996323133333,-0.24559642176,2.0683601,-0.25213146,-2.28555965309333,Down_in_Sepsis,0.0290666666666667,1.28379968378171e-15,GSE57065
TGFBR3,GSE54514,18,35,7.99519769338889,8.07080417354286,7.899880409,7.807504654,0.0756064801539687,Up_in_Sepsis,0.476190476190476,0.787389209638866,GSE57065
TGFBR3,GSE65682,42,51,4.26547564505952,3.30484652430392,4.14797694425,3.12881557,-0.960629120755602,Down_in_Sepsis,0.174136321195145,7.25672640549993e-08,GSE57065
TGFBR3,GSE95233,22,51,7.22999721931818,5.23549599333333,7.26889498,5.199087175,-1.99450122598485,Down_in_Sepsis,0,1.60188706567253e-11,GSE57065
CD40LG,GSE137340,14,43,5.52968138642857,4.95405682141861,5.6434468545,4.765482407,-0.575624565009966,Down_in_Sepsis,0.22093023255814,0.00137868549658167,GSE57065
CD40LG,GSE236713,30,125,2.01247037333333,-0.496911676152,2.06293465,-0.48420095,-2.50938204948533,Down_in_Sepsis,0.0125333333333333,1.26375431476583e-16,GSE57065
CD40LG,GSE54514,18,35,7.1898295615,7.2195152964,7.129025221,7.19689703,0.0296857349000002,Up_in_Sepsis,0.598412698412699,0.250718918621702,GSE57065
CD40LG,GSE65682,42,51,2.70231174914286,2.46449742847059,2.714213027,2.436825467,-0.237814320672269,Down_in_Sepsis,0.26844070961718,0.000130635719861379,GSE57065
CD40LG,GSE95233,22,51,5.54293723181818,4.50850350568627,5.52005451,4.51497136,-1.03443372613191,Down_in_Sepsis,0.0276292335115865,1.94435767733088e-10,GSE57065
SKAP1,GSE137340,14,43,6.75342548582143,6.59792653456977,6.66308332925,6.410583889,-0.155498951251661,Down_in_Sepsis,0.435215946843854,0.479707999120335,GSE57065
SKAP1,GSE236713,30,125,1.14631333166667,-0.470640086344,1.1121488,-0.34739232,-1.61695341801067,Down_in_Sepsis,0.0498666666666667,2.12432482875358e-14,GSE57065
SKAP1,GSE54514,18,35,7.87423566980556,7.76671812877143,7.8986992835,7.6331207755,-0.107517541034127,Down_in_Sepsis,0.396825396825397,0.228139828404204,GSE57065
SKAP1,GSE65682,42,51,4.8155777434881,3.96331850976471,4.62935674475,3.8508469025,-0.85225923372339,Down_in_Sepsis,0.196545284780579,5.32722689167168e-07,GSE57065
SKAP1,GSE95233,22,51,7.65342184909091,5.95558554921569,7.643077125,5.87812378,-1.69783629987522,Down_in_Sepsis,0,1.60188706567253e-11,GSE57065
STK3,GSE137340,14,43,5.36812052107143,6.51732132472093,5.1294200755,6.521989887,1.1492008036495,Up_in_Sepsis,0.837209302325582,7.43901516703796e-05,GSE57065
STK3,GSE236713,30,125,-1.4170050985,0.209736251668,-1.425205575,0.234654785,1.626741350168,Up_in_Sepsis,0.988800000000001,1.04470720762514e-16,GSE57065
STK3,GSE54514,18,35,8.34080921277778,8.19166631691429,8.350311279,8.048762321,-0.149142895863491,Down_in_Sepsis,0.382539682539682,0.169030570051923,GSE57065
STK3,GSE65682,42,51,3.91778082073016,4.2451933451634,3.841459823,4.18967632633333,0.327412524433239,Up_in_Sepsis,0.6531279178338,0.0114617009111308,GSE57065
STK3,GSE95233,22,51,4.02867583121212,5.11322359424837,4.06598942833334,5.14450283333333,1.08454776303624,Up_in_Sepsis,0.973262032085561,1.79773479549631e-10,GSE57065
GATA3,GSE137340,14,43,4.66679660957143,4.78491348734884,4.682917991,4.677289185,0.118116877777409,Up_in_Sepsis,0.576411960132891,0.403199137058811,GSE57065
GATA3,GSE236713,30,125,1.81746118866667,-0.605813857712,1.86761665,-0.5380032,-2.42327504637867,Down_in_Sepsis,0.0101333333333333,8.96813082580416e-17,GSE57065
GATA3,GSE54514,18,35,7.16149449333333,7.17257690437143,7.1827664375,7.151836872,0.0110824110380952,Up_in_Sepsis,0.51984126984127,0.82168443829249,GSE57065
GATA3,GSE65682,42,51,3.41190837157937,2.97634525392157,3.36877569283334,2.940493242,-0.435563117657797,Down_in_Sepsis,0.140056022408964,2.71015528900733e-09,GSE57065
GATA3,GSE95233,22,51,5.54114001803031,3.81553183117647,5.53925500666667,3.81578659333333,-1.72560818685383,Down_in_Sepsis,0,1.60188706567253e-11,GSE57065
ZBTB8OS,GSE137340,14,43,4.43118600717857,4.83144525065504,4.32716044233333,4.68700454,0.400259243476468,Up_in_Sepsis,0.882059800664452,4.05663071297044e-06,GSE57065
ZBTB8OS,GSE236713,30,125,-0.569892523055556,0.2087835916,-0.646200421,0.131982966666667,0.778676114655556,Up_in_Sepsis,0.934666666666667,1.58073643665628e-13,GSE57065
ZBTB8OS,GSE54514,18,35,7.24049439702778,7.24007785661429,7.1937617065,7.2229328155,-0.00041654041349215,Down_in_Sepsis,0.544444444444445,0.608776071190231,GSE57065
ZBTB8OS,GSE65682,42,51,3.46137587542857,4.06068646721569,3.391314426,4.094507529,0.599310591787115,Up_in_Sepsis,0.785714285714286,2.34946181807094e-06,GSE57065
ZBTB8OS,GSE95233,22,51,5.56323834636364,6.48216824431373,5.53107066,6.42587499,0.918929897950089,Up_in_Sepsis,0.943850267379679,2.21753737820061e-09,GSE57065
ALPL,GSE137340,14,43,10.3111428597857,12.3941668166279,9.779099904,12.47900949,2.08302395684219,Up_in_Sepsis,0.8421926910299,5.56405121878381e-05,GSE57065
ALPL,GSE236713,30,125,-3.05842141333333,0.286827409312,-3.30897325,0.47065985,3.34524882264533,Up_in_Sepsis,0.9656,2.66735498895389e-15,GSE57065
ALPL,GSE54514,18,35,12.9301314355556,12.7936352595429,13.025610445,13.00140953,-0.136496176012699,Down_in_Sepsis,0.498412698412698,0.992506284573576,GSE57065
ALPL,GSE65682,42,51,6.46301430922381,7.14190184189412,6.6677252105,7.4459562462,0.678887532670308,Up_in_Sepsis,0.685807656395892,0.00214994082693125,GSE57065
ALPL,GSE95233,22,51,5.76857001863636,7.28921400960784,5.890189465,7.342228995,1.52064399097148,Up_in_Sepsis,0.953654188948306,9.76469344626009e-10,GSE57065
TSEN54,GSE137340,14,43,6.42324827178571,5.87021958697674,6.4437740375,5.85201709,-0.55302868480897,Down_in_Sepsis,0.269102990033223,0.0091254474349773,GSE57065
TSEN54,GSE236713,30,125,0.935930648333333,-0.233806446496,0.8792305,-0.23895669,-1.16973709482933,Down_in_Sepsis,0.0613333333333333,9.46808836066134e-14,GSE57065
TSEN54,GSE54514,18,35,7.255215009,7.29880080902857,7.2327387335,7.24778223,0.0435858000285716,Up_in_Sepsis,0.541269841269841,0.635114297097459,GSE57065
TSEN54,GSE65682,42,51,3.95500163419048,3.360699128,3.8425869405,3.34273128,-0.594302506190477,Down_in_Sepsis,0.214285714285714,2.34946181807094e-06,GSE57065
TSEN54,GSE95233,22,51,6.88718881924242,5.64676556960784,6.93623899666667,5.60041233666667,-1.24042324963458,Down_in_Sepsis,0.0035650623885918,2.22762533627504e-11,GSE57065
KLHL3,GSE137340,14,43,5.29017538878571,5.06659191274419,5.377336212,5.07718279,-0.223583476041529,Down_in_Sepsis,0.353820598006645,0.105296879795389,GSE57065
KLHL3,GSE236713,30,125,1.92621867,-0.353077924384,1.95270895,-0.25498104,-2.279296594384,Down_in_Sepsis,0.0106666666666667,9.67978792008901e-17,GSE57065
KLHL3,GSE54514,18,35,7.2225904995,7.17732527591429,7.186978102,7.170975208,-0.0452652235857141,Down_in_Sepsis,0.395238095238095,0.220939150662259,GSE57065
KLHL3,GSE65682,42,51,2.82930008716667,2.5056128994902,2.713147557,2.43801738,-0.32368718767647,Down_in_Sepsis,0.23015873015873,8.26135619987797e-06,GSE57065
KLHL3,GSE95233,22,51,4.76269522863636,3.6849658372549,4.8487677925,3.682840945,-1.07772939138146,Down_in_Sepsis,0.0035650623885918,2.22762533627504e-11,GSE57065
HLA-DPA1,GSE137340,14,43,10.6967885564286,10.2423249065349,10.672699315,10.36299526,-0.454463649893688,Down_in_Sepsis,0.358803986710964,0.11803996685988,GSE57065
HLA-DPA1,GSE236713,30,125,1.48327634383333,-0.438564005648,1.58055065,-0.39964175,-1.92184034948133,Down_in_Sepsis,0.0330666666666667,2.22338235075182e-15,GSE57065
HLA-DPA1,GSE54514,18,35,9.34623000361111,9.5561307226,9.4723677635,9.466587067,0.209900718988889,Up_in_Sepsis,0.555555555555555,0.520600333060429,GSE57065
HLA-DPA1,GSE65682,42,51,8.99584355726786,7.73614581129902,8.90278210675,7.6643193495,-1.25969774596884,Down_in_Sepsis,0.148926237161531,6.56947070631456e-09,GSE57065
HLA-DPA1,GSE95233,22,51,9.14406467060606,7.02634107333333,9.21945868666666,6.93200443666667,-2.11772359727273,Down_in_Sepsis,0.00267379679144385,2.05178515500888e-11,GSE57065
FGR,GSE137340,14,43,8.83286420947619,9.61833111382946,8.67644394016666,9.70615659033333,0.785466904353267,Up_in_Sepsis,0.837209302325581,7.43901516703796e-05,GSE57065
FGR,GSE236713,30,125,-1.164638191,0.17570071224,-1.26392625,0.1711483,1.34033890324,Up_in_Sepsis,0.970666666666667,1.33186391197432e-15,GSE57065
FGR,GSE54514,18,35,10.4301105248148,10.4706169993333,10.4184277058333,10.5300847706667,0.04050647451853,Up_in_Sepsis,0.536507936507937,0.675476268134141,GSE57065
FGR,GSE65682,42,51,6.60237850259524,6.88985161743137,6.640507996,6.9662462355,0.287473114836135,Up_in_Sepsis,0.69467787114846,0.00130273081746015,GSE57065
FGR,GSE95233,22,51,10.260195835,11.0228396939216,10.35424337,11.07649438,0.762643858921569,Up_in_Sepsis,0.943850267379679,2.21816559060711e-09,GSE57065
TPST2,GSE137340,14,43,8.27969496325,9.79783269608139,7.9765398905,9.858399753,1.5181377328314,Up_in_Sepsis,0.818936877076412,0.000203389487077016,GSE57065
TPST2,GSE236713,30,125,-0.5442433062,0.234032943728,-0.440820935,0.16251373,0.778276249928,Up_in_Sepsis,0.881066666666666,9.81126041913943e-11,GSE57065
TPST2,GSE54514,18,35,10.6547624273333,10.3847428183571,10.470162869,10.44403124,-0.27001960897619,Down_in_Sepsis,0.341269841269841,0.0612219903360194,GSE57065
TPST2,GSE65682,42,51,7.29053642883333,8.31062247454902,7.257098495,8.309882325,1.02008604571569,Up_in_Sepsis,0.918300653594771,4.73658625634737e-12,GSE57065
TPST2,GSE95233,22,51,7.52804846712121,8.36179940117647,7.549906045,8.41934404,0.833750934055259,Up_in_Sepsis,0.949197860962567,1.42085083033673e-09,GSE57065
WFDC1,GSE137340,14,43,4.205615935,4.57591430988372,4.189742317,4.420395603,0.370298374883721,Up_in_Sepsis,0.926910299003322,8.95420161947516e-08,GSE57065
WFDC1,GSE236713,30,125,-2.77511509,1.664425650824,-2.84508705,1.708086,4.439540740824,Up_in_Sepsis,0.9832,2.31592243570331e-16,GSE57065
WFDC1,GSE54514,18,35,7.23051815566667,7.24043757574286,7.144080639,7.182022095,0.00991942007618984,Up_in_Sepsis,0.562698412698413,0.463874555664097,GSE57065
WFDC1,GSE65682,42,51,2.70518473128571,4.58206792831373,2.461403191,4.466267602,1.87688319702801,Up_in_Sepsis,0.879084967320262,3.73363792428656e-10,GSE57065
WFDC1,GSE95233,22,51,3.94230838818182,5.02224086,3.94291873,4.64983652,1.07993247181818,Up_in_Sepsis,0.896613190730838,9.1018582871885e-08,GSE57065
SMPDL3A,GSE137340,14,43,5.29939157914286,6.6831912217907,4.747642469,6.715797357,1.38379964264784,Up_in_Sepsis,0.805647840531562,0.000400631980255359,GSE57065
SMPDL3A,GSE236713,30,125,-1.20063452233333,0.311127671024,-1.1526017,0.24967122,1.51176219335733,Up_in_Sepsis,0.845333333333334,4.54768652152315e-09,GSE57065
SMPDL3A,GSE54514,18,35,8.08815202433333,7.91349780904286,7.66974496825,7.7591075895,-0.174654215290476,Down_in_Sepsis,0.474603174603175,0.773107646476209,GSE57065
SMPDL3A,GSE65682,42,51,5.57082502838095,7.5624378732549,5.6595786905,7.80132781,1.99161284487395,Up_in_Sepsis,0.8874883286648,1.51621161941954e-10,GSE57065
SMPDL3A,GSE95233,22,51,3.86107923909091,6.20458559343137,3.7048692175,6.18548596,2.34350635434046,Up_in_Sepsis,0.987522281639929,5.0299256890297e-11,GSE57065
KLRB1,GSE137340,14,43,8.25073499914286,8.14459388127907,8.021210383,8.243464032,-0.106141117863787,Down_in_Sepsis,0.504983388704319,0.963464689999678,GSE57065
KLRB1,GSE236713,30,125,1.985355415,-0.451247087696,2.0609729,-0.38002348,-2.436602502696,Down_in_Sepsis,0.0250666666666667,7.3791217923107e-16,GSE57065
KLRB1,GSE54514,18,35,8.94385533883333,8.57228198742857,8.828835487,8.402605057,-0.371573351404763,Down_in_Sepsis,0.346031746031746,0.0698983158244375,GSE57065
KLRB1,GSE65682,42,51,4.77806926721429,3.48218287278431,4.501435413,3.294786803,-1.29588639442997,Down_in_Sepsis,0.178804855275444,1.11141518784715e-07,GSE57065
KLRB1,GSE95233,22,51,8.34931134909091,6.8756715654902,8.32232901,6.82042037,-1.47363978360071,Down_in_Sepsis,0.0409982174688057,6.19679960010317e-10,GSE57065
BCL2A1,GSE137340,14,43,4.60990932578571,5.01017809439535,4.283226649,4.858933987,0.400268768609635,Up_in_Sepsis,0.803986710963455,0.000434777002978728,GSE57065
BCL2A1,GSE236713,30,125,-1.45969010116667,0.24871872618,-1.519434565,0.23144495,1.70840882734667,Up_in_Sepsis,0.971466666666667,1.19273989918378e-15,GSE57065
BCL2A1,GSE54514,18,35,8.15509226577778,7.88597145082857,8.0920963285,7.862134457,-0.269120814949207,Down_in_Sepsis,0.33968253968254,0.0586025873125773,GSE57065
BCL2A1,GSE65682,42,51,8.2640164355,8.65264045066667,8.2646633865,8.844380911,0.388624015166666,Up_in_Sepsis,0.602707749766573,0.0901629673682237,GSE57065
BCL2A1,GSE95233,22,51,6.66538162136364,10.3014807092157,6.625251835,10.52057087,3.63609908785205,Up_in_Sepsis,0.998217468805704,1.88955739655682e-11,GSE57065
FCER1A,GSE137340,14,43,6.68894818178571,5.85049081730233,6.9267978015,5.521763067,-0.838457364483388,Down_in_Sepsis,0.308970099667774,0.0326831125398416,GSE57065
FCER1A,GSE236713,30,125,3.50311959333333,-1.006875617488,3.58525585,-1.3169296,-4.50999521082133,Down_in_Sepsis,0.0109333333333333,1.00562164223352e-16,GSE57065
FCER1A,GSE54514,18,35,7.64199142994444,7.4347460202,7.3834056855,7.246059418,-0.207245409744444,Down_in_Sepsis,0.5,1,GSE57065
FCER1A,GSE65682,42,51,3.93125288285714,2.81104443721569,3.5521964815,2.565815738,-1.12020844564146,Down_in_Sepsis,0.202147525676937,8.58850803458066e-07,GSE57065
FCER1A,GSE95233,22,51,5.12418443727273,4.22176301980392,5.133108515,4.104968555,-0.902421417468806,Down_in_Sepsis,0.0739750445632799,9.43827637107183e-09,GSE57065
CEP55,GSE137340,14,43,4.61597219692857,5.21411076995349,4.288316736,5.114318375,0.598138573024917,Up_in_Sepsis,0.837209302325582,7.43901516703796e-05,GSE57065
CEP55,GSE236713,30,125,-1.44958016966667,0.663381611184,-1.48125865,0.59621751,2.11296178085067,Up_in_Sepsis,0.894133333333333,2.20506409235788e-11,GSE57065
CEP55,GSE54514,18,35,7.31195847194444,7.45416235234286,7.2863919735,7.323082924,0.142203880398413,Up_in_Sepsis,0.590476190476191,0.29165367273141,GSE57065
CEP55,GSE65682,42,51,2.00371197339286,2.94133015806863,1.98208703625,2.646532761,0.93761818467577,Up_in_Sepsis,0.915032679738562,6.92401244723124e-12,GSE57065
CEP55,GSE95233,22,51,3.13773853545455,6.08370973823529,3.141772585,6.02673995,2.94597120278075,Up_in_Sepsis,0.996434937611408,2.22762533627504e-11,GSE57065
C1QB,GSE137340,14,43,5.24179558428571,7.30330751497674,4.7074671475,7.573940806,2.06151193069103,Up_in_Sepsis,0.822259136212624,0.000170516069266715,GSE57065
C1QB,GSE236713,30,125,-2.90335931333333,0.918078826376,-2.9607172,0.94987965,3.82143813970933,Up_in_Sepsis,0.964266666666667,3.19836502929864e-15,GSE57065
C1QB,GSE54514,18,35,7.75509338911111,7.81141828808571,7.6126630305,7.725527287,0.0563248989746032,Up_in_Sepsis,0.536507936507936,0.675476268134141,GSE57065
C1QB,GSE65682,42,51,3.23979102501191,4.37316366671569,3.03880017225,4.2690806275,1.13337264170378,Up_in_Sepsis,0.80718954248366,3.85674096862125e-07,GSE57065
C1QB,GSE95233,22,51,3.97113737818182,5.23398709039216,3.95375674,5.23919113,1.26284971221034,Up_in_Sepsis,0.955436720142603,8.39602113585593e-10,GSE57065
FGFBP2,GSE137340,14,43,8.82698706192857,7.64860136590698,8.8254792715,7.341597524,-1.17838569602159,Down_in_Sepsis,0.292358803986711,0.0197696198688842,GSE57065
FGFBP2,GSE236713,30,125,1.554705039,-0.632313492712,1.6569903,-0.5379405,-2.187018531712,Down_in_Sepsis,0.106133333333333,2.27437142377527e-11,GSE57065
FGFBP2,GSE54514,18,35,8.11455218005556,7.82419850482857,8.0140652655,7.588447094,-0.290353675226984,Down_in_Sepsis,0.33968253968254,0.0586025873125773,GSE57065
FGFBP2,GSE65682,42,51,5.72802640064286,4.17341366347059,5.865941656,3.9159778725,-1.55461273717227,Down_in_Sepsis,0.127450980392157,7.42785999895666e-10,GSE57065
FGFBP2,GSE95233,22,51,8.93605766181818,6.23053564411765,9.11388281,6.38139275,-2.70552201770054,Down_in_Sepsis,0.0142602495543672,5.9097281654302e-11,GSE57065
PYHIN1,GSE137340,14,43,6.78898905942857,6.37240256026357,6.53029079366667,6.15445283466667,-0.416586499165003,Down_in_Sepsis,0.29734219269103,0.0230841553432246,GSE57065
PYHIN1,GSE236713,30,125,1.4972959105,-0.205208716624,1.4432535,-0.12966108,-1.702504627124,Down_in_Sepsis,0.0285333333333333,1.19273989918378e-15,GSE57065
PYHIN1,GSE54514,18,35,7.46591795814815,7.38868513106667,7.48539789516667,7.331729889,-0.0772328270814819,Down_in_Sepsis,0.358730158730159,0.0967556702455424,GSE57065
PYHIN1,GSE65682,42,51,3.43482365276984,2.87020069726797,3.283139674,2.837312938,-0.564622955501868,Down_in_Sepsis,0.183006535947712,1.62312054686357e-07,GSE57065
PYHIN1,GSE95233,22,51,4.90507134045455,3.55468397784314,4.9427290525,3.50047893,-1.35038736261141,Down_in_Sepsis,0.0329768270944742,3.10305804161485e-10,GSE57065
B3GNT8,GSE137340,14,43,5.53627490378571,7.13366808383721,5.290472529,7.12382998,1.5973931800515,Up_in_Sepsis,0.817275747508306,0.000221898960304589,GSE57065
B3GNT8,GSE236713,30,125,-1.48152378766667,0.244423010832,-1.5312574,0.09051871,1.72594679849867,Up_in_Sepsis,0.961866666666667,4.42894244091179e-15,GSE57065
B3GNT8,GSE54514,18,35,7.8590367105,8.17957913531429,7.7530851365,8.139367104,0.320542424814287,Up_in_Sepsis,0.621428571428571,0.153464514434381,GSE57065
B3GNT8,GSE65682,42,51,5.93687098897619,6.56438767360784,6.024093405,6.660648121,0.627516684631653,Up_in_Sepsis,0.781512605042017,3.29854853270912e-06,GSE57065
B3GNT8,GSE95233,22,51,5.36239206045455,6.11972641137255,5.296468205,6.15470698,0.757334350918004,Up_in_Sepsis,0.937611408199643,3.70589718114253e-09,GSE57065
TRIB2,GSE137340,14,43,6.50527396892857,6.28440411755814,6.257338748,6.319690867,-0.220869851370431,Down_in_Sepsis,0.456810631229236,0.64006068634829,GSE57065
TRIB2,GSE236713,30,125,1.51976797778333,-0.4904209961,1.555561175,-0.35614288,-2.01018897388333,Down_in_Sepsis,0.0157333333333333,1.99145076149493e-16,GSE57065
TRIB2,GSE54514,18,35,7.37152046627778,7.45347833631429,7.330051422,7.416750431,0.0819578700365078,Up_in_Sepsis,0.563492063492063,0.461830916701879,GSE57065
TRIB2,GSE65682,42,51,3.61341414883333,3.01302365968627,3.50258498675,2.949073536,-0.600390489147059,Down_in_Sepsis,0.233893557422969,1.09991828891113e-05,GSE57065
TRIB2,GSE95233,22,51,7.45005756068182,5.77557273813726,7.4162056675,5.730705985,-1.67448482254456,Down_in_Sepsis,0.00980392156862745,3.94540435484238e-11,GSE57065
CORO2A,GSE137340,14,43,5.28316005760714,6.00858634530233,5.11605098575,6.025425844,0.725426287695183,Up_in_Sepsis,0.782392026578073,0.0011910207519427,GSE57065
CORO2A,GSE236713,30,125,-0.5199214198,0.213472372536,-0.46149505425,0.24115312,0.733393792336,Up_in_Sepsis,0.8448,4.80257529988398e-09,GSE57065
CORO2A,GSE54514,18,35,7.4504498375,7.5184669676381,7.44821921966667,7.52497132633333,0.0680171301380952,Up_in_Sepsis,0.619047619047619,0.163232997664367,GSE57065
CORO2A,GSE65682,42,51,3.70629702822619,4.65990027285784,3.677145447625,4.6758834205,0.953603244631653,Up_in_Sepsis,0.876750700280112,4.77959681350515e-10,GSE57065
CORO2A,GSE95233,22,51,4.62865646886364,5.59748904029412,4.6219504925,5.610873555,0.968832571430482,Up_in_Sepsis,0.973262032085562,1.79773479549631e-10,GSE57065
MYL6B,GSE137340,14,43,5.47812732592857,7.17314988711628,5.0353909105,7.309438938,1.69502256118771,Up_in_Sepsis,0.845514950166113,4.56594410621073e-05,GSE57065
MYL6B,GSE236713,30,125,-0.89573427,0.0304518082,-0.947350505,0.040035248,0.9261860782,Up_in_Sepsis,0.889866666666667,3.60924411389993e-11,GSE57065
MYL6B,GSE54514,18,35,8.07172004383333,8.13949262071429,7.997961998,8.052117348,0.0677725768809534,Up_in_Sepsis,0.538095238095238,0.661913156874205,GSE57065
MYL6B,GSE65682,42,51,2.6915533075119,3.30073593103922,2.7060278555,3.200169321,0.609182623527311,Up_in_Sepsis,0.881886087768441,2.77067867780162e-10,GSE57065
MYL6B,GSE95233,22,51,6.20397393863636,7.03314206,6.216192435,6.9550619,0.829168121363637,Up_in_Sepsis,0.964349376114082,3.91141292996744e-10,GSE57065
SLC22A4,GSE137340,14,43,6.62915107667857,7.86978081701163,6.25423268075,7.9834974245,1.24062974033306,Up_in_Sepsis,0.787375415282392,0.000952278968464737,GSE57065
SLC22A4,GSE236713,30,125,-2.23118588233333,0.17182621576,-2.15473455,0.41756248,2.40301209809333,Up_in_Sepsis,0.965066666666667,2.86844175544285e-15,GSE57065
SLC22A4,GSE54514,18,35,9.06959864822222,8.95887375554286,9.07957077025,8.9105238915,-0.110724892679364,Down_in_Sepsis,0.442857142857143,0.508552086621423,GSE57065
SLC22A4,GSE65682,42,51,8.18572281233333,8.43599748539216,8.211869128,8.514700148,0.250274673058824,Up_in_Sepsis,0.627450980392157,0.0354047671078647,GSE57065
SLC22A4,GSE95233,22,51,6.25762445045455,7.99711069039216,6.29720801,8.07938812,1.73948623993761,Up_in_Sepsis,0.981283422459893,8.82077171942536e-11,GSE57065
MTF1,GSE137340,14,43,7.76451157764286,8.93228578253488,7.506201039,9.068975369,1.16777420489203,Up_in_Sepsis,0.794019933554817,0.000700977779606083,GSE57065
MTF1,GSE236713,30,125,-1.30024173766667,0.203970547088,-1.2425673,0.17809558,1.50421228475467,Up_in_Sepsis,0.9752,7.11052358786845e-16,GSE57065
MTF1,GSE54514,18,35,9.30062760277778,9.70296508265714,9.288960457,9.710276604,0.402337479879364,Up_in_Sepsis,0.706349206349206,0.0150067897101463,GSE57065
MTF1,GSE65682,42,51,6.07646413678095,6.65641912182353,6.1187502983,6.7281799964,0.579954985042577,Up_in_Sepsis,0.77357609710551,6.18231329672613e-06,GSE57065
MTF1,GSE95233,22,51,7.17531765727273,8.26197867084967,7.17700403333334,8.26250471,1.08666101357695,Up_in_Sepsis,0.985739750445633,5.9097281654302e-11,GSE57065
SLC36A1,GSE137340,14,43,5.36834375578571,6.26609923083721,5.2172862155,6.216704166,0.897755475051495,Up_in_Sepsis,0.770764119601329,0.00196863175131151,GSE57065
SLC36A1,GSE236713,30,125,-2.38962104666667,0.370897736592,-2.46955705,0.3440714,2.76051878325867,Up_in_Sepsis,0.9944,4.67077632717853e-17,GSE57065
SLC36A1,GSE54514,18,35,8.17284764194445,8.09716792782857,8.210329056,8.023094177,-0.0756797141158732,Down_in_Sepsis,0.412698412698413,0.309195100119527,GSE57065
SLC36A1,GSE65682,42,51,3.68333410316667,3.9258257334,3.6923092594,3.9088342818,0.242491630233333,Up_in_Sepsis,0.725023342670402,0.00020146121540794,GSE57065
SLC36A1,GSE95233,22,51,6.70560630848485,7.70390139372549,6.68430672666667,7.67628275,0.998295085240642,Up_in_Sepsis,0.970588235294117,2.27348975174705e-10,GSE57065
ANKS1A,GSE137340,14,43,6.100923982,7.28556765618605,5.8797756445,7.288437028,1.18464367418605,Up_in_Sepsis,0.81063122923588,0.000312251163096141,GSE57065
ANKS1A,GSE236713,30,125,-1.14569345556667,0.428403218384,-1.105058675,0.403834225,1.57409667395067,Up_in_Sepsis,0.9768,5.68982032753381e-16,GSE57065
ANKS1A,GSE54514,18,35,8.36291376744445,8.47786478311429,8.35987854,8.536522865,0.11495101566984,Up_in_Sepsis,0.582539682539683,0.33676180410244,GSE57065
ANKS1A,GSE65682,42,51,4.55654991301191,5.25225121583333,4.6455979815,5.2903660715,0.695701302821429,Up_in_Sepsis,0.774509803921569,5.74681376280225e-06,GSE57065
ANKS1A,GSE95233,22,51,7.33716994727273,8.20160833078431,7.33971589,8.13895383,0.864438383511587,Up_in_Sepsis,0.911764705882353,2.88669210785192e-08,GSE57065
OSCAR,GSE137340,14,43,8.09392213135714,9.17151098431395,7.85375902225,9.3020855255,1.07758885295681,Up_in_Sepsis,0.790697674418605,0.000817983541866246,GSE57065
OSCAR,GSE236713,30,125,-1.22318913483333,0.310133562124,-1.262642025,0.24224699,1.53332269695733,Up_in_Sepsis,0.988266666666667,1.12742635392446e-16,GSE57065
OSCAR,GSE54514,18,35,9.98900307555556,9.9531713485,9.91548228425,9.9920511245,-0.0358317270555553,Down_in_Sepsis,0.503174603174603,0.977746942500812,GSE57065
OSCAR,GSE65682,42,51,6.41322966732143,6.92777905773529,6.49339115825,6.975326572,0.514549390413865,Up_in_Sepsis,0.774976657329599,5.54023063653005e-06,GSE57065
OSCAR,GSE95233,22,51,8.163267005,9.60164760411765,8.296556385,9.61905156,1.43838059911765,Up_in_Sepsis,0.996434937611408,2.22762533627504e-11,GSE57065
RSAD1,GSE137340,14,43,5.18173348521429,5.12743308716279,5.2049339525,5.219712977,-0.0543003980514953,Down_in_Sepsis,0.471760797342193,0.762327881735052,GSE57065
RSAD1,GSE236713,30,125,0.928114844666667,-0.311901930008,0.94580865,-0.2358706,-1.24001677467467,Down_in_Sepsis,0.0048,4.16034114355925e-17,GSE57065
RSAD1,GSE54514,18,35,7.17367055694445,7.15730676645714,7.1820456985,7.110842228,-0.0163637904873015,Down_in_Sepsis,0.444444444444444,0.520600333060429,GSE57065
RSAD1,GSE65682,42,51,3.07335721382143,2.79999240065686,3.0805788385,2.784231679,-0.273364813164566,Down_in_Sepsis,0.242296918767507,2.06654776808725e-05,GSE57065
RSAD1,GSE95233,22,51,6.66351486590909,5.72724474627451,6.639752195,5.72946802,-0.936270119634582,Down_in_Sepsis,0.00267379679144385,2.05178515500888e-11,GSE57065
SIRPD,GSE137340,14,43,5.21444842664286,6.26854771444186,5.045672866,6.351271597,1.054099287799,Up_in_Sepsis,0.79734219269103,0.000599272533308424,GSE57065
SIRPD,GSE236713,30,125,-1.233942053,0.1833675574,-1.2067642,0.248096585,1.4173096104,Up_in_Sepsis,0.961066666666667,4.93476029279883e-15,GSE57065
SIRPD,GSE54514,18,35,7.505291144,7.5210190228,7.4709227085,7.515074253,0.0157278787999999,Up_in_Sepsis,0.528571428571429,0.744773717603001,GSE57065
SIRPD,GSE65682,42,51,4.08133907366667,4.50172045705882,4.019137582,4.502483854,0.420381383392157,Up_in_Sepsis,0.69140989729225,0.00157046393819263,GSE57065
SIRPD,GSE95233,22,51,6.62153386272727,7.57431131607843,6.662535295,7.63030882,0.952777453351159,Up_in_Sepsis,0.93048128342246,6.60636637173921e-09,GSE57065
OLAH,GSE137340,14,43,4.69426092571429,5.85085577318605,4.3346094625,4.996071678,1.15659484747176,Up_in_Sepsis,0.782392026578073,0.0011910207519427,GSE57065
OLAH,GSE236713,30,125,-3.06712965166667,1.43117601538,-3.100506725,1.32750345,4.49830566704667,Up_in_Sepsis,0.9728,9.92003678560482e-16,GSE57065
OLAH,GSE54514,18,35,8.14875949727778,8.42373714437143,7.7577610015,8.232910156,0.274977647093651,Up_in_Sepsis,0.555555555555555,0.520600333060429,GSE57065
OLAH,GSE65682,42,51,3.97283181542857,5.692985117,3.6834860235,5.98110319,1.72015330157143,Up_in_Sepsis,0.776844070961719,4.78279497877484e-06,GSE57065
OLAH,GSE95233,22,51,3.96071946833333,6.49699370058824,3.90941330833334,6.53217998666667,2.5362742322549,Up_in_Sepsis,0.967023172905526,3.10305804161485e-10,GSE57065
MCTP1,GSE137340,14,43,4.58472268861905,5.14239252375194,4.493196245,5.119668143,0.557669835132892,Up_in_Sepsis,0.863787375415283,1.44528445939708e-05,GSE57065
MCTP1,GSE236713,30,125,-1.16406979591667,0.10902400144,-1.14267647,0.21543135,1.27309379735667,Up_in_Sepsis,0.9224,7.39949169071023e-13,GSE57065
MCTP1,GSE54514,18,35,7.42282923063889,7.45341083661429,7.438111067,7.458173752,0.0305816059753967,Up_in_Sepsis,0.549206349206349,0.570192060596712,GSE57065
MCTP1,GSE65682,42,51,5.19963975995238,5.60998496197059,5.255462713125,5.622212291,0.410345202018207,Up_in_Sepsis,0.69421101774043,0.00133820759393894,GSE57065
MCTP1,GSE95233,22,51,5.80417616909091,7.11363349686275,5.81084347666667,7.13389901666667,1.30945732777183,Up_in_Sepsis,0.977718360071301,1.21213677994709e-10,GSE57065
SYNE2,GSE137340,14,43,4.76432425851786,4.92700091938954,4.703507414375,4.8216147425,0.162676660871678,Up_in_Sepsis,0.682724252491695,0.0414129511255236,GSE57065
SYNE2,GSE236713,30,125,0.76388175025,-0.321986714332,0.6747276825,-0.25829077,-1.085868464582,Down_in_Sepsis,0.0936,5.19673185499701e-12,GSE57065
SYNE2,GSE54514,18,35,7.32218722508333,7.3966979776,7.33065104475,7.4062700275,0.0745107525166668,Up_in_Sepsis,0.649206349206349,0.0789959304049665,GSE57065
SYNE2,GSE65682,42,51,4.88353500925,3.97667879352941,4.982785343875,3.86910198175,-0.906856215720588,Down_in_Sepsis,0.15266106442577,9.47797294486998e-09,GSE57065
SYNE2,GSE95233,22,51,7.18850405118182,5.60627026156863,7.151897092,5.508085154,-1.58223378961319,Down_in_Sepsis,0,1.60188706567253e-11,GSE57065
TP53,GSE137340,14,43,5.16969410078572,5.00969971925581,5.2459890345,5.018548144,-0.159994381529901,Down_in_Sepsis,0.362126245847176,0.127169822973794,GSE57065
TP53,GSE236713,30,125,1.01808966133333,-0.32744601876,1.0070018625,-0.367823955,-1.34553568009333,Down_in_Sepsis,0.0176,2.59297050143436e-16,GSE57065
TP53,GSE54514,18,35,7.12623776333333,7.1686722892,7.1269099715,7.175934792,0.0424345258666667,Up_in_Sepsis,0.666666666666667,0.0490209988229125,GSE57065
TP53,GSE65682,42,51,2.47697870042857,2.33623595177451,2.495268214,2.311044089,-0.140742748654062,Down_in_Sepsis,0.291316526610644,0.000566896165186858,GSE57065
TP53,GSE95233,22,51,7.31862288545455,6.09248923813726,7.3450128875,6.04792243,-1.22613364731729,Down_in_Sepsis,0.00802139037433155,3.35328660937072e-11,GSE57065
VSIG4,GSE137340,14,43,4.63008178992857,6.01494695560465,4.4139989185,5.867212438,1.38486516567608,Up_in_Sepsis,0.89202657807309,1.9120745116751e-06,GSE57065
VSIG4,GSE236713,30,125,-3.33360905333333,1.017398512016,-3.275336,1.4247501,4.35100756534933,Up_in_Sepsis,0.9528,1.49264834572507e-14,GSE57065
VSIG4,GSE54514,18,35,7.55802530722222,7.6912268094,7.5016069415,7.581792355,0.133201502177777,Up_in_Sepsis,0.593650793650794,0.271889047022957,GSE57065
VSIG4,GSE65682,42,51,2.85815244730159,3.84623663199346,2.44407194716667,3.64410957033333,0.988084184691877,Up_in_Sepsis,0.753968253968254,2.71890025629624e-05,GSE57065
VSIG4,GSE95233,22,51,4.92218644590909,6.86265454686275,4.857229825,6.72377599,1.94046810095365,Up_in_Sepsis,0.967914438502673,2.87149299473703e-10,GSE57065
CNIH4,GSE137340,14,43,6.7512102525,9.03706861781395,6.2617334665,9.164049359,2.28585836531395,Up_in_Sepsis,0.883720930232558,3.58984112855028e-06,GSE57065
CNIH4,GSE236713,30,125,-0.939929663633333,0.183516375232,-0.94743395,0.15975022,1.12344603886533,Up_in_Sepsis,0.946933333333333,3.23578325446997e-14,GSE57065
CNIH4,GSE54514,18,35,10.3210467763889,10.1514122015429,10.27687979,10.05037594,-0.169634574846031,Down_in_Sepsis,0.402380952380952,0.251928972885693,GSE57065
CNIH4,GSE65682,42,51,6.64538319521429,7.04820688133333,6.69730519825,7.0190952715,0.402823686119048,Up_in_Sepsis,0.664799253034547,0.00650261354751696,GSE57065
CNIH4,GSE95233,22,51,5.7925571830303,7.28288286764706,5.77971258583334,7.315604745,1.49032568461676,Up_in_Sepsis,0.999108734402852,1.73990990394731e-11,GSE57065
GNAQ,GSE137340,14,43,4.89663924628571,5.33040220825581,4.7870511525,5.248171445,0.4337629619701,Up_in_Sepsis,0.712624584717608,0.0168688224440177,GSE57065
GNAQ,GSE236713,30,125,-1.23460720166667,0.324490817824,-1.2489655,0.28020716,1.55909801949067,Up_in_Sepsis,0.9656,2.66735498895389e-15,GSE57065
GNAQ,GSE54514,18,35,7.6014662055,7.70797726768571,7.556985855,7.743002415,0.106511062185714,Up_in_Sepsis,0.603174603174603,0.228139828404204,GSE57065
GNAQ,GSE65682,42,51,6.06936961479932,6.44789964690756,6.14781391392857,6.44804611628571,0.378530032108242,Up_in_Sepsis,0.711484593837535,0.000477095055252169,GSE57065
GNAQ,GSE95233,22,51,7.38210607718182,8.39327061827451,7.431075228,8.374957922,1.01116454109269,Up_in_Sepsis,0.950089126559715,1.3185393727247e-09,GSE57065
STOM,GSE137340,14,43,8.23320589035714,9.38235874089535,7.85615944175,9.3587265825,1.14915285053821,Up_in_Sepsis,0.823920265780731,0.000155963210178198,GSE57065
STOM,GSE236713,30,125,-0.536013684233333,0.383011969864,-0.51854515,0.32296205,0.919025654097333,Up_in_Sepsis,0.8112,1.26943453077288e-07,GSE57065
STOM,GSE54514,18,35,9.72495530691667,10.0369861195143,9.7291828385,10.042113304,0.312030812597619,Up_in_Sepsis,0.663492063492063,0.0536371037869218,GSE57065
STOM,GSE65682,42,51,7.13952911081429,8.53513391934118,7.084577163,8.744077645,1.39560480852689,Up_in_Sepsis,0.874883286647993,5.81758965299673e-10,GSE57065
STOM,GSE95233,22,51,6.85191532393939,8.50666960287582,6.85278244833333,8.49452273,1.65475427893642,Up_in_Sepsis,1,1.60188706567253e-11,GSE57065
KIF5B,GSE137340,14,43,4.74038577664286,5.43629723565116,4.4616205525,5.462534102,0.695911459008306,Up_in_Sepsis,0.818936877076412,0.000203389487077016,GSE57065
KIF5B,GSE236713,30,125,-0.624168243933333,0.136108950172,-0.616924405,0.1396172035,0.760277194105333,Up_in_Sepsis,0.962666666666666,3.97424855205802e-15,GSE57065
KIF5B,GSE54514,18,35,7.6060207155,7.57336957114286,7.635559082,7.571011543,-0.0326511443571427,Down_in_Sepsis,0.446031746031746,0.532791074333115,GSE57065
KIF5B,GSE65682,42,51,5.845023643125,6.19438380720588,5.862472381625,6.24963236075,0.349360164080883,Up_in_Sepsis,0.740429505135388,7.12906014729878e-05,GSE57065
KIF5B,GSE95233,22,51,7.56086366833333,8.2992340248366,7.583117945,8.35138468666667,0.738370356503268,Up_in_Sepsis,0.950089126559715,1.3185393727247e-09,GSE57065
FLT3LG,GSE137340,14,43,7.07478383064286,6.49588967281395,7.0485604375,6.374846729,-0.578894157828904,Down_in_Sepsis,0.29734219269103,0.0230841553432246,GSE57065
FLT3LG,GSE236713,30,125,2.27837494666667,-0.439255397392,2.27617785,-0.4355023,-2.71763034405867,Down_in_Sepsis,0.00986666666666667,8.63190787799774e-17,GSE57065
FLT3LG,GSE54514,18,35,7.56449053033333,7.56465364177143,7.4955224995,7.470183372,0.000163111438095775,Up_in_Sepsis,0.495238095238095,0.962919951586959,GSE57065
FLT3LG,GSE65682,42,51,3.22423766236508,2.72883120655556,3.03803668,2.73531118366667,-0.495406455809524,Down_in_Sepsis,0.239028944911298,1.62065236077654e-05,GSE57065
FLT3LG,GSE95233,22,51,6.15748357159091,5.11342464441177,6.12097883,5.08953355,-1.04405892717914,Down_in_Sepsis,0.0106951871657754,4.27867888939574e-11,GSE57065
TNFRSF25,GSE137340,14,43,6.18019690946429,5.81296683565116,6.12706963725,5.915617081,-0.367230073813123,Down_in_Sepsis,0.332225913621263,0.0619421081092126,GSE57065
TNFRSF25,GSE236713,30,125,1.62109185766667,-0.444809486876,1.56461085,-0.49960864,-2.06590134454267,Down_in_Sepsis,0.0157333333333333,1.99145076149493e-16,GSE57065
TNFRSF25,GSE54514,18,35,7.07549866027778,7.13480898991429,7.0658040045,7.114365578,0.0593103296365083,Up_in_Sepsis,0.695238095238095,0.0203799907117107,GSE57065
TNFRSF25,GSE65682,42,51,3.67147418067857,3.15122739492157,3.46610433275,3.0961701355,-0.520246785757003,Down_in_Sepsis,0.23062558356676,8.56400623491198e-06,GSE57065
TNFRSF25,GSE95233,22,51,5.85135510484849,5.05691001232026,5.86218558333333,5.02973236666667,-0.794445092528224,Down_in_Sepsis,0.0294117647058824,2.27348975174705e-10,GSE57065
ARHGEF9,GSE137340,14,43,4.48642430721429,4.72865547913954,4.4300563135,4.616161585,0.242231171925249,Up_in_Sepsis,0.732558139534884,0.00860715367594649,GSE57065
ARHGEF9,GSE236713,30,125,0.932643189616667,-0.164976697296,0.976572265,-0.101801752,-1.09761988691267,Down_in_Sepsis,0.0290666666666667,1.28379968378171e-15,GSE57065
ARHGEF9,GSE54514,18,35,7.08697014372222,7.1023269926,7.0605049135,7.088788033,0.0153568488777776,Up_in_Sepsis,0.612698412698413,0.187329444556183,GSE57065
ARHGEF9,GSE65682,42,51,3.13619706992857,2.73069413031373,3.0840761835,2.702918147,-0.405502939614846,Down_in_Sepsis,0.234360410830999,1.13969133024811e-05,GSE57065
ARHGEF9,GSE95233,22,51,5.66064651681818,4.56655629029412,5.6764301125,4.62431338,-1.09409022652406,Down_in_Sepsis,0.0035650623885918,2.22762533627504e-11,GSE57065
NDUFAF1,GSE137340,14,43,5.392302765,6.79047954474419,5.091140203,6.971118247,1.39817677974419,Up_in_Sepsis,0.812292358803987,0.0002869816641554,GSE57065
NDUFAF1,GSE236713,30,125,-0.445369071133333,-0.00185189846400002,-0.46258211,-0.007460356,0.443517172669333,Up_in_Sepsis,0.738666666666667,5.09366329603788e-05,GSE57065
NDUFAF1,GSE54514,18,35,7.36864235666667,7.49095548914286,7.3494980335,7.459527969,0.122313132476191,Up_in_Sepsis,0.609523809523809,0.200299536283,GSE57065
NDUFAF1,GSE65682,42,51,5.82976296954762,6.43335832106863,5.821339374,6.5530313075,0.603595351521009,Up_in_Sepsis,0.814659197012139,1.99915688810139e-07,GSE57065
NDUFAF1,GSE95233,22,51,5.26522573590909,6.98095489921569,5.323704455,6.93288925,1.7157291633066,Up_in_Sepsis,0.999108734402852,1.73990990394731e-11,GSE57065
CD3G,GSE137340,14,43,7.149762827,7.10332487439535,6.938175635,6.807411888,-0.0464379526046512,Down_in_Sepsis,0.460132890365448,0.666553111249036,GSE57065
CD3G,GSE236713,30,125,1.223825094,-0.484905625528,1.18619205,-0.34002852,-1.708730719528,Down_in_Sepsis,0.0672,2.00476526653066e-13,GSE57065
CD3G,GSE54514,18,35,7.444454723,7.29931347717143,7.439926863,7.228958607,-0.145141245828571,Down_in_Sepsis,0.314285714285714,0.0276873816875773,GSE57065
CD3G,GSE65682,42,51,5.10648394111905,4.06275310296078,4.948626137,3.922238456,-1.04373083815826,Down_in_Sepsis,0.236694677871148,1.36003111070665e-05,GSE57065
CD3G,GSE95233,22,51,9.56972165,7.05596450352941,9.45041639,6.93287937,-2.51375714647059,Down_in_Sepsis,0,1.60188706567253e-11,GSE57065
FKBP5,GSE137340,14,43,8.98427448996429,10.6316965455233,8.68653668175,10.569545925,1.64742205555897,Up_in_Sepsis,0.870431893687708,9.24335675110831e-06,GSE57065
FKBP5,GSE236713,30,125,-1.57748909416667,0.426975397316,-1.629614575,0.63807976,2.00446449148267,Up_in_Sepsis,0.9152,1.79488537873991e-12,GSE57065
FKBP5,GSE54514,18,35,10.5303719307222,10.7150913784,10.63995886,10.90611935,0.184719447677779,Up_in_Sepsis,0.538888888888889,0.652163958851931,GSE57065
FKBP5,GSE65682,42,51,6.06332153619048,6.48986142538889,6.35335386716667,6.526923938,0.426539889198412,Up_in_Sepsis,0.621848739495798,0.0443192845349304,GSE57065
FKBP5,GSE95233,22,51,8.4358889089394,10.4362166120915,8.53580598,10.52179544,2.00032770315211,Up_in_Sepsis,0.993761140819965,2.84841857067922e-11,GSE57065
CYP19A1,GSE137340,14,43,4.29139055296429,4.61029230009884,4.270936294375,4.40875429725,0.318901747134552,Up_in_Sepsis,0.863787375415283,1.44528445939708e-05,GSE57065
CYP19A1,GSE236713,30,125,-1.39247230001667,0.831775081002,-1.36507903375,0.827028446,2.22424738101867,Up_in_Sepsis,0.962933333333333,3.83314988106933e-15,GSE57065
CYP19A1,GSE54514,18,35,7.1846496882037,7.19157070886667,7.14215000466666,7.13390382133333,0.00692102066296307,Up_in_Sepsis,0.515873015873016,0.859761640454994,GSE57065
CYP19A1,GSE65682,42,51,2.31934063948413,3.38809583831373,2.2569039425,2.92016020933333,1.0687551988296,Up_in_Sepsis,0.879551820728292,3.55307577044625e-10,GSE57065
CYP19A1,GSE95233,22,51,3.13237327538961,3.62995080666667,3.08299057857143,3.61554053285714,0.497577531277055,Up_in_Sepsis,0.92156862745098,1.34367473355187e-08,GSE57065
AIG1,GSE137340,14,43,4.890745989,5.53068375737209,4.715566998,5.550354313,0.639937768372093,Up_in_Sepsis,0.784053156146179,0.00110606663595566,GSE57065
AIG1,GSE236713,30,125,-0.314412177841667,0.24551400282,-0.334457755625,0.1811163425,0.559926180661667,Up_in_Sepsis,0.828,2.56884941235005e-08,GSE57065
AIG1,GSE54514,18,35,7.63796395727778,7.56909096577143,7.505123377,7.529231071,-0.0688729915063497,Down_in_Sepsis,0.447619047619048,0.545121751957247,GSE57065
AIG1,GSE65682,42,51,3.42310153502381,4.72144683901961,3.309192477,4.804051067,1.2983453039958,Up_in_Sepsis,0.929038281979459,1.33324965116795e-12,GSE57065
AIG1,GSE95233,22,51,3.50927409106061,4.10948518539216,3.4719250125,4.15137834166667,0.600211094331551,Up_in_Sepsis,0.943850267379679,2.21816559060711e-09,GSE57065
SORT1,GSE137340,14,43,6.21958410678571,7.78477742302326,5.784902287,7.510779683,1.56519331623754,Up_in_Sepsis,0.82890365448505,0.000118823654645357,GSE57065
SORT1,GSE236713,30,125,-0.706404423733333,0.227203096272,-0.771602615,0.19755125,0.933607520005333,Up_in_Sepsis,0.8504,2.6981277217036e-09,GSE57065
SORT1,GSE54514,18,35,8.71298405866667,9.14312447157143,8.58379364,9.232644081,0.430140412904763,Up_in_Sepsis,0.66984126984127,0.0447364418045057,GSE57065
SORT1,GSE65682,42,51,5.31315710940476,6.39276388773203,5.30154617333333,6.49105467533333,1.07960677832726,Up_in_Sepsis,0.792717086834734,1.32094619341197e-06,GSE57065
SORT1,GSE95233,22,51,5.89014374712121,7.79737380843137,5.88646377833333,7.73794418666667,1.90723006131016,Up_in_Sepsis,1,1.60188706567253e-11,GSE57065
AQP9,GSE137340,14,43,11.2093767921429,12.632747962093,10.929711265,12.75550199,1.42337116995017,Up_in_Sepsis,0.835548172757475,8.18207367405696e-05,GSE57065
AQP9,GSE236713,30,125,-2.63173465333333,0.158606047856,-2.72709225,0.19639158,2.79034070118933,Up_in_Sepsis,0.990933333333333,7.69606348967632e-17,GSE57065
AQP9,GSE54514,18,35,12.9532710177778,13.0090685434286,12.93002844,13.11397552,0.0557975256507923,Up_in_Sepsis,0.549206349206349,0.566683777277514,GSE57065
AQP9,GSE65682,42,51,8.04365835147619,7.92644409985621,8.12637520716666,8.05450929033333,-0.117214251619981,Down_in_Sepsis,0.443043884220355,0.348255062790102,GSE57065
AQP9,GSE95233,22,51,10.2882506831818,11.2802130343137,10.385096385,11.42488537,0.991962351131907,Up_in_Sepsis,0.919786096256685,1.54606197723968e-08,GSE57065
NCR3,GSE137340,14,43,5.812918324,5.48806191181395,5.7066608505,5.497941656,-0.324856412186047,Down_in_Sepsis,0.387043189368771,0.213421759301115,GSE57065
NCR3,GSE236713,30,125,1.876070091,-0.290340701348,1.912268275,-0.361694155,-2.166410792348,Down_in_Sepsis,0.02,3.63532984217555e-16,GSE57065
NCR3,GSE54514,18,35,7.433417903,7.42677395685714,7.404913902,7.350765228,-0.00664394614285691,Down_in_Sepsis,0.403174603174603,0.255836951670749,GSE57065
NCR3,GSE65682,42,51,2.79659240180952,2.43470624386275,2.7840260215,2.331542547,-0.361886157946779,Down_in_Sepsis,0.223155929038282,4.78279497877484e-06,GSE57065
NCR3,GSE95233,22,51,5.53412538575758,4.47658897124183,5.58214964333333,4.49132468333333,-1.05753641451575,Down_in_Sepsis,0.0151515151515152,6.40439715698351e-11,GSE57065
CLEC2D,GSE137340,14,43,5.10812314608929,5.10759094686047,5.051989424,5.106395474375,-0.000532199228820751,Down_in_Sepsis,0.493355481727575,0.948867329475225,GSE57065
CLEC2D,GSE236713,30,125,1.04120925358333,-0.198422718188,1.1047092675,-0.22315204,-1.23963197177133,Down_in_Sepsis,0.0429333333333333,8.45106671254997e-15,GSE57065
CLEC2D,GSE54514,18,35,8.45484662955556,8.39492305122857,8.49691168533333,8.377343497,-0.059923578326984,Down_in_Sepsis,0.422222222222222,0.365828622459723,GSE57065
CLEC2D,GSE65682,42,51,3.16864387478571,2.93176400130882,3.016411025125,2.8802499715,-0.236879873476891,Down_in_Sepsis,0.343604108309991,0.00981334239464975,GSE57065
CLEC2D,GSE95233,22,51,6.90685445443182,5.74225261147059,6.86646445625,5.6758782525,-1.16460184296123,Down_in_Sepsis,0.0071301247771836,3.09077930949446e-11,GSE57065
TSPO,GSE137340,14,43,9.49792795573809,11.1286073497752,9.1370081325,11.2951774906667,1.63067939403711,Up_in_Sepsis,0.862126245847176,1.61210294818759e-05,GSE57065
TSPO,GSE236713,30,125,-0.846677832533333,0.000317008679999967,-0.84117175,0.001459122,0.846994841213333,Up_in_Sepsis,0.877333333333334,1.4897284264812e-10,GSE57065
TSPO,GSE54514,18,35,12.0371245810278,12.0085690904143,12.01227951175,12.035803795,-0.0285554906134919,Down_in_Sepsis,0.492063492063492,0.933308660155946,GSE57065
TSPO,GSE65682,42,51,9.99027076420635,10.5461345918693,10.0103408118333,10.5624629066667,0.555863827662934,Up_in_Sepsis,0.80905695611578,3.27701771838717e-07,GSE57065
TSPO,GSE95233,22,51,8.87713736954546,10.6166380707843,8.923230245,10.62249139,1.73950070123886,Up_in_Sepsis,0.998217468805704,1.88955739655682e-11,GSE57065
CEACAM1,GSE137340,14,43,6.29628782309524,8.10092838565892,5.98170451766667,7.780456437,1.80464056256368,Up_in_Sepsis,0.865448504983389,1.29444347247364e-05,GSE57065
CEACAM1,GSE236713,30,125,-2.2297633795,0.75392329112,-2.24272845,0.64667261,2.98368667062,Up_in_Sepsis,0.931733333333333,2.29532700678025e-13,GSE57065
CEACAM1,GSE54514,18,35,9.36693746983333,9.57006856835238,9.13677549416667,9.362805367,0.20313109851905,Up_in_Sepsis,0.552380952380952,0.545121751957247,GSE57065
CEACAM1,GSE65682,42,51,6.17503790852116,6.89064320154248,6.409779824,7.01586341133333,0.715605293021319,Up_in_Sepsis,0.649859943977591,0.013351321075262,GSE57065
CEACAM1,GSE95233,22,51,6.20708566854546,8.81420881686275,6.248672308,9.037525914,2.60712314831729,Up_in_Sepsis,0.994652406417112,2.62469054871502e-11,GSE57065
NDST2,GSE137340,14,43,5.20678947217857,5.99129690981395,5.106917747,6.02337956,0.784507437635382,Up_in_Sepsis,0.868770764119601,1.0352095404657e-05,GSE57065
NDST2,GSE236713,30,125,-0.844546086166667,0.153230272956,-0.848564375,0.10800743,0.997776359122667,Up_in_Sepsis,0.927733333333333,3.80211632577724e-13,GSE57065
NDST2,GSE54514,18,35,8.43623047411111,8.558761515,8.266138077,8.473205566,0.122531040888889,Up_in_Sepsis,0.577777777777778,0.365828622459723,GSE57065
NDST2,GSE65682,42,51,5.04624420984524,5.44335230143137,5.096814666,5.445633335,0.397108091586134,Up_in_Sepsis,0.662464985994398,0.00730309246733773,GSE57065
NDST2,GSE95233,22,51,5.47293090113636,6.81028055931373,5.5298272575,6.86557027,1.33734965817736,Up_in_Sepsis,0.982174688057041,8.14407368438532e-11,GSE57065
IL1R1,GSE137340,14,43,4.33088103014286,4.8965065692093,4.2525747,4.66580794,0.565625539066446,Up_in_Sepsis,0.820598006644518,0.000186294412620237,GSE57065
IL1R1,GSE236713,30,125,-2.66152682,0.584737665396,-2.554641375,0.81595932,3.246264485396,Up_in_Sepsis,0.954933333333333,1.12386782366496e-14,GSE57065
IL1R1,GSE54514,18,35,7.29579459294445,7.37789568211429,7.249023676,7.331950188,0.0821010891698411,Up_in_Sepsis,0.546031746031746,0.595788354333167,GSE57065
IL1R1,GSE65682,42,51,6.81979721247619,7.397391214,6.9725608125,7.36697304,0.577594001523809,Up_in_Sepsis,0.711484593837535,0.000477095055252169,GSE57065
IL1R1,GSE95233,22,51,5.47308182545455,7.25990217107843,5.5245138775,7.220090055,1.78682034562389,Up_in_Sepsis,0.975044563279857,1.53617362330698e-10,GSE57065
SBK1,GSE137340,14,43,5.29313249842857,5.27125216347287,5.25604142733333,5.20230538433333,-0.0218803349557026,Down_in_Sepsis,0.476744186046512,0.804590920857132,GSE57065
SBK1,GSE236713,30,125,1.57695919,-0.503621287408,1.5470889,-0.47542453,-2.080580477408,Down_in_Sepsis,0.0386666666666667,4.76013747757254e-15,GSE57065
SBK1,GSE54514,18,35,7.68092624355556,7.64618398131429,7.6743888855,7.506723881,-0.0347422622412701,Down_in_Sepsis,0.442857142857143,0.508552086621423,GSE57065
SBK1,GSE65682,42,51,4.15991376559524,3.52257684,3.961265052,3.502584684,-0.637336925595238,Down_in_Sepsis,0.207282913165266,1.32094619341197e-06,GSE57065
SBK1,GSE95233,22,51,6.2586531925,4.67684599313726,6.3554100125,4.604520365,-1.58180719936274,Down_in_Sepsis,0.00089126559714795,1.73990990394731e-11,GSE57065
EPHX2,GSE137340,14,43,5.43788152971429,5.13566059890698,5.4975403105,5.155130116,-0.302220930807309,Down_in_Sepsis,0.365448504983389,0.136826079481739,GSE57065
EPHX2,GSE236713,30,125,1.58566066,-0.204346971464,1.5675025,-0.1949563,-1.790007631464,Down_in_Sepsis,0.0274666666666667,1.0292890169365e-15,GSE57065
EPHX2,GSE54514,18,35,7.32003508672222,7.1843408448,7.3228383065,7.171639442,-0.135694241922222,Down_in_Sepsis,0.2,0.00023988281015398,GSE57065
EPHX2,GSE65682,42,51,2.53026451654762,2.17223946598039,2.261567005,2.098151418,-0.358025050567227,Down_in_Sepsis,0.355275443510738,0.016878759275338,GSE57065
EPHX2,GSE95233,22,51,5.06283071772727,3.6848447345098,5.04680941,3.6894332,-1.37798598321747,Down_in_Sepsis,0.0303030303030303,2.45787230860139e-10,GSE57065
CDK5RAP2,GSE137340,14,43,5.60830444940476,7.02519647022481,5.3105203395,6.95299426066667,1.41689202082005,Up_in_Sepsis,0.87375415282392,7.34598051394299e-06,GSE57065
CDK5RAP2,GSE236713,30,125,-0.791296477333333,0.425802082072,-0.7820822,0.3672675,1.21709855940533,Up_in_Sepsis,0.908,4.29036556442579e-12,GSE57065
CDK5RAP2,GSE54514,18,35,8.52106659488889,8.23422440579048,8.62943132666667,8.21826394366667,-0.286842189098413,Down_in_Sepsis,0.317460317460317,0.0305690600321864,GSE57065
CDK5RAP2,GSE65682,42,51,5.10440442710952,6.2762897959451,5.0014233092,6.3855947708,1.17188536883557,Up_in_Sepsis,0.767507002801121,9.88395829280705e-06,GSE57065
CDK5RAP2,GSE95233,22,51,6.21705412318182,7.83570588078431,6.22542759333333,7.86152518666667,1.6186517576025,Up_in_Sepsis,0.989304812834224,4.27867888939574e-11,GSE57065
COL17A1,GSE137340,14,43,4.45358845896429,5.72561517976744,4.30852907025,5.3935172645,1.27202672080316,Up_in_Sepsis,0.92358803986711,1.24122170380611e-07,GSE57065
COL17A1,GSE236713,30,125,-2.27305892333333,0.448300560368,-2.15012385,0.4743929,2.72135948370133,Up_in_Sepsis,0.949866666666667,2.20038679780032e-14,GSE57065
COL17A1,GSE54514,18,35,7.55877251105556,7.61633255821429,7.418541789,7.4756383895,0.0575600471587308,Up_in_Sepsis,0.557142857142857,0.508552086621423,GSE57065
COL17A1,GSE65682,42,51,2.8403861505,4.70186157785294,2.67673723275,4.463769466,1.86147542735294,Up_in_Sepsis,0.906629318394024,1.81407085393543e-11,GSE57065
COL17A1,GSE95233,22,51,4.57999039636364,5.19428925254902,4.70824452,5.06570141,0.614298856185383,Up_in_Sepsis,0.85650623885918,1.5645681811231e-06,GSE57065
BATF,GSE137340,14,43,5.89742888992857,7.7595928172093,5.4418309795,7.94081838,1.86216392728073,Up_in_Sepsis,0.863787375415283,5.10508434320555e-05,GSE57065
BATF,GSE236713,30,125,-0.958426793666667,0.17377761664,-1.0034547,0.100373745,1.13220441030667,Up_in_Sepsis,0.927466666666666,3.93158254485476e-13,GSE57065
BATF,GSE54514,18,35,8.53568686383333,8.55606524591429,8.405973911,8.528324127,0.0203783820809527,Up_in_Sepsis,0.507936507936508,0.933308660155946,GSE57065
BATF,GSE65682,42,51,5.91809098602381,6.39711166082353,5.9544999675,6.486804148,0.47902067479972,Up_in_Sepsis,0.699346405228758,0.000992735535672885,GSE57065
BATF,GSE95233,22,51,6.06310874272727,7.51767523705882,6.05110794,7.48997782,1.45456649433155,Up_in_Sepsis,0.998217468805704,1.88955739655682e-11,GSE57065
MAN1C1,GSE137340,14,43,4.50016437664286,4.65308727555814,4.475744193,4.4708536245,0.152922898915282,Up_in_Sepsis,0.568106312292359,0.457093279438225,GSE57065
MAN1C1,GSE236713,30,125,1.54189632141667,-0.494039855968,1.513714325,-0.57853006,-2.03593617738467,Down_in_Sepsis,0.0181333333333333,2.7955634552206e-16,GSE57065
MAN1C1,GSE54514,18,35,7.13800485933333,7.10575205937143,7.1438844205,7.09834671,-0.0322527999619053,Down_in_Sepsis,0.363492063492063,0.108826486254413,GSE57065
MAN1C1,GSE65682,42,51,2.81013794619048,2.53431460214706,2.748877117,2.520034175,-0.275823344043418,Down_in_Sepsis,0.213818860877684,2.26188717306207e-06,GSE57065
MAN1C1,GSE95233,22,51,5.13426187068182,4.0177127245098,5.0583876975,3.97315829,-1.11654914617202,Down_in_Sepsis,0.0151515151515152,6.40439715698351e-11,GSE57065
CD2,GSE137340,14,43,9.56113330642857,8.85449397169768,9.600393138,8.671266105,-0.706639334730896,Down_in_Sepsis,0.289867109634552,0.0194959726563581,GSE57065
CD2,GSE236713,30,125,0.708043955666666,-0.0776268521413334,0.666660063333334,-0.134848751666667,-0.785670807808,Down_in_Sepsis,0.138666666666667,8.53324050885315e-10,GSE57065
CD2,GSE54514,18,35,8.75932876266667,8.56340471002857,8.981865883,8.418735504,-0.195924052638095,Down_in_Sepsis,0.423809523809524,0.375848631836723,GSE57065
CD2,GSE65682,42,51,6.20772458516667,4.81238850996078,6.070118461,4.667293134,-1.39533607520588,Down_in_Sepsis,0.19140989729225,3.41351490852647e-07,GSE57065
CD2,GSE95233,22,51,8.10285617409091,6.12674059098039,8.079412035,6.09951893,-1.97611558311052,Down_in_Sepsis,0.0035650623885918,2.22762533627504e-11,GSE57065
LILRB3,GSE137340,14,43,11.8985558657143,13.0289695974419,11.8624151225,13.189878895,1.13041373172758,Up_in_Sepsis,0.875415282392027,6.53811501196993e-06,GSE57065
LILRB3,GSE236713,30,125,-1.459986804,0.203519264252,-1.448245995,0.29297376,1.663506068252,Up_in_Sepsis,0.982933333333333,2.4048647245251e-16,GSE57065
LILRB3,GSE54514,18,35,13.1803430452778,13.0914659094143,13.16352987,13.1163497,-0.088877135863493,Down_in_Sepsis,0.455555555555556,0.608776071190231,GSE57065
LILRB3,GSE65682,42,51,5.470849822,5.48744601859608,5.4723189952,5.5126531744,0.0165961965960788,Up_in_Sepsis,0.512605042016807,0.837900406763883,GSE57065
LILRB3,GSE95233,22,51,10.3755975621591,11.100380462598,10.34797536375,11.108406795,0.724782900438948,Up_in_Sepsis,0.947415329768271,1.64920787156369e-09,GSE57065
FCRL3,GSE137340,14,43,4.81071894975,4.8890602155814,4.7684874915,4.749129275,0.0783412658313951,Up_in_Sepsis,0.501661129568106,0.992690542203752,GSE57065
FCRL3,GSE236713,30,125,1.273647143,-0.192225734172,1.2623353,-0.15301692,-1.465872877172,Down_in_Sepsis,0.068,2.21902628234289e-13,GSE57065
FCRL3,GSE54514,18,35,7.14384541247222,7.1706733159,7.13995945475,7.1457457545,0.0268279034277779,Up_in_Sepsis,0.596825396825397,0.258573851662861,GSE57065
FCRL3,GSE65682,42,51,4.44443419128571,3.44874680003922,4.20127511525,3.293936597,-0.995687391246499,Down_in_Sepsis,0.239495798319328,1.67819968292486e-05,GSE57065
FCRL3,GSE95233,22,51,6.63973678431818,4.78294111637255,6.64623244,4.782497485,-1.85679566794563,Down_in_Sepsis,0.0249554367201426,1.53617362330698e-10,GSE57065
LAIR1,GSE137340,14,43,9.57394493732143,9.91217118466279,9.41391727525,9.979673495,0.338226247341362,Up_in_Sepsis,0.722591362126246,0.0121436159405964,GSE57065
LAIR1,GSE236713,30,125,-0.491852474166667,0.429300807028,-0.4056186675,0.417940855,0.921153281194667,Up_in_Sepsis,0.838933333333334,8.7036618314493e-09,GSE57065
LAIR1,GSE54514,18,35,10.9968985851667,11.0406450473714,10.93478882375,11.028947353,0.0437464622047621,Up_in_Sepsis,0.587301587301587,0.309195100119527,GSE57065
LAIR1,GSE65682,42,51,4.84521210076191,6.12802099523529,4.731518972625,6.12633336525,1.28280889447339,Up_in_Sepsis,0.824463118580766,8.25173484308114e-08,GSE57065
LAIR1,GSE95233,22,51,6.92242194022727,8.35862656156863,6.8946952675,8.45690259,1.43620462134135,Up_in_Sepsis,0.959001782531194,6.19679960010317e-10,GSE57065
CEACAM4,GSE137340,14,43,5.1281244895,6.34823634165116,4.862252826,6.175179978,1.22011185215116,Up_in_Sepsis,0.820598006644518,0.000186294412620237,GSE57065
CEACAM4,GSE236713,30,125,-2.19357991333333,0.152652336016,-2.1577318,0.19596028,2.34623224934933,Up_in_Sepsis,0.968533333333333,1.78584783999178e-15,GSE57065
CEACAM4,GSE54514,18,35,7.71812224383333,7.82083865568572,7.6622262,7.721954346,0.102716411852382,Up_in_Sepsis,0.603174603174603,0.225728116842966,GSE57065
CEACAM4,GSE65682,42,51,7.21374951991071,7.52334147327451,7.156277366625,7.57698902725,0.309591953363795,Up_in_Sepsis,0.643790849673202,0.0176014046390807,GSE57065
CEACAM4,GSE95233,22,51,4.61410412681818,5.73549626607843,4.60024122,5.81308571,1.12139213926025,Up_in_Sepsis,0.951871657754011,1.1350067909103e-09,GSE57065
HGF,GSE137340,14,43,4.2601195235,4.58234537560465,4.23308502416667,4.38070884,0.322225852104651,Up_in_Sepsis,0.926910299003322,8.95420161947516e-08,GSE57065
HGF,GSE236713,30,125,-1.31327028293333,0.462119447124,-1.1955155,0.39933395,1.77538973005733,Up_in_Sepsis,0.917866666666666,1.29493828107797e-12,GSE57065
HGF,GSE54514,18,35,7.20112337008333,7.1720018046,7.1685459615,7.141106367,-0.0291215654833339,Down_in_Sepsis,0.433333333333333,0.439382697129536,GSE57065
HGF,GSE65682,42,51,3.05749881820833,3.76559557133824,2.837288876875,3.721770785,0.708096753129902,Up_in_Sepsis,0.749299719887955,3.81153364064026e-05,GSE57065
HGF,GSE95233,22,51,3.73173866318182,5.67914667031373,3.677977873,5.628819858,1.94740800713191,Up_in_Sepsis,0.99554367201426,2.41819260539641e-11,GSE57065
RCAN3,GSE137340,14,43,4.42932593971429,4.66435588518605,4.364500706,4.535849962,0.235029945471761,Up_in_Sepsis,0.719269102990033,0.0135726503386928,GSE57065
RCAN3,GSE236713,30,125,1.58249357666667,-0.322811407856,1.579923375,-0.33525325,-1.90530498452267,Down_in_Sepsis,0.0104,9.31726147513612e-17,GSE57065
RCAN3,GSE54514,18,35,7.18511764211111,7.16941578734286,7.195699215,7.169031143,-0.0157018547682535,Down_in_Sepsis,0.438095238095238,0.473286065359816,GSE57065
RCAN3,GSE65682,42,51,2.69091071388095,2.62882946119608,2.6158717795,2.58265251,-0.062081252684874,Down_in_Sepsis,0.458450046685341,0.494468171923456,GSE57065
RCAN3,GSE95233,22,51,7.68422956015152,5.90345120346405,7.61621696666667,5.93703009,-1.78077835668746,Down_in_Sepsis,0,1.60188706567253e-11,GSE57065
HLA-DRB1,GSE137340,14,43,8.14223886030952,7.43658830400775,8.491853129,7.42264241033333,-0.705650556301771,Down_in_Sepsis,0.290697674418605,0.0187588436756909,GSE57065
HLA-DRB1,GSE236713,30,125,0.7768310798,-0.461721187136,0.9588511,-0.3633566,-1.238552266936,Down_in_Sepsis,0.114666666666667,6.05811589133145e-11,GSE57065
HLA-DRB1,GSE54514,18,35,8.07767777966667,7.84696529931429,8.050330162,7.225830078,-0.230712480352381,Down_in_Sepsis,0.49047619047619,0.918534356570284,GSE57065
HLA-DRB1,GSE65682,42,51,8.70409771288095,7.31744396111765,8.7031124085,7.310401546,-1.3866537517633,Down_in_Sepsis,0.139122315592904,2.46596291598238e-09,GSE57065
HLA-DRB1,GSE95233,22,51,7.73874228454546,6.15605486993464,7.747733325,6.11209931333333,-1.58268741461082,Down_in_Sepsis,0.0133689839572193,5.45249501386452e-11,GSE57065
SH2D2A,GSE137340,14,43,5.06714114778572,5.21927578365116,4.9573040265,5.236784501,0.152134635865449,Up_in_Sepsis,0.581395348837209,0.372731651961575,GSE57065
SH2D2A,GSE236713,30,125,1.27358673433333,-0.110303092064,1.150724775,-0.018749595,-1.38388982639733,Down_in_Sepsis,0.0752,5.48915910333226e-13,GSE57065
SH2D2A,GSE54514,18,35,7.20249605177778,7.1861244474,7.2023272515,7.18654108,-0.0163716043777775,Down_in_Sepsis,0.447619047619048,0.545121751957247,GSE57065
SH2D2A,GSE65682,42,51,4.36522422857143,3.37220571194118,4.5203968525,3.185579001,-0.993018516630253,Down_in_Sepsis,0.195611577964519,4.91565394238915e-07,GSE57065
SH2D2A,GSE95233,22,51,6.99523442045455,5.26735127372549,6.91179954,5.28637186,-1.72788314672906,Down_in_Sepsis,0.0071301247771836,3.09077930949446e-11,GSE57065
SRPK1,GSE137340,14,43,7.28468028178572,9.29764261211628,6.8626926065,9.272162039,2.01296233033056,Up_in_Sepsis,0.878737541528239,5.16186693059591e-06,GSE57065
SRPK1,GSE236713,30,125,-1.88451007,0.11872681884,-2.01168365,0.08205795,2.00323688884,Up_in_Sepsis,0.965866666666667,2.57208337503296e-15,GSE57065
SRPK1,GSE54514,18,35,9.80264393516667,9.93408775291429,9.8482875825,9.988170624,0.131443817747618,Up_in_Sepsis,0.626190476190476,0.137868603395991,GSE57065
SRPK1,GSE65682,42,51,7.30623438856349,7.26195895171242,7.3301232785,7.30271059666667,-0.0442754368510743,Down_in_Sepsis,0.505135387488329,0.935394286414627,GSE57065
SRPK1,GSE95233,22,51,7.28783440727273,8.61788456166667,7.320236285,8.703194995,1.33005015439394,Up_in_Sepsis,0.964349376114082,3.91262324649178e-10,GSE57065
KLRF1,GSE137340,14,43,5.95922678375,5.59529415854651,5.80683890725,5.513115767,-0.363932625203488,Down_in_Sepsis,0.352159468438538,0.101294663733976,GSE57065
KLRF1,GSE236713,30,125,1.7801234765,-0.302001508312,1.7993622,-0.2195095925,-2.082124984812,Down_in_Sepsis,0.052,2.81319751669028e-14,GSE57065
KLRF1,GSE54514,18,35,7.67264817816667,7.55483685215714,7.65868830675,7.478268385,-0.117811326009524,Down_in_Sepsis,0.353968253968254,0.0857597614090956,GSE57065
KLRF1,GSE65682,42,51,3.49926157905556,2.6817996475817,3.29856738866667,2.476504295,-0.817461931473856,Down_in_Sepsis,0.199346405228758,6.77111143044872e-07,GSE57065
KLRF1,GSE95233,22,51,6.92582580772727,4.99884829078431,6.858687925,4.92776437,-1.92697751694296,Down_in_Sepsis,0.0285204991087344,2.10264174876355e-10,GSE57065
SPOCK2,GSE137340,14,43,9.61108025607143,8.96696637739535,9.724686562,8.87144506,-0.64411387867608,Down_in_Sepsis,0.274086378737542,0.0108462939219553,GSE57065
SPOCK2,GSE236713,30,125,0.95195917505,-0.0801791475679999,1.01618135,-0.14886856,-1.032138322618,Down_in_Sepsis,0.0914666666666667,4.0241950348672e-12,GSE57065
SPOCK2,GSE54514,18,35,8.98992053705556,9.01634499688571,8.985435963,8.900390625,0.0264244598301584,Up_in_Sepsis,0.487301587301587,0.887976812215392,GSE57065
SPOCK2,GSE65682,42,51,3.67304098487143,3.23943820356863,3.5566672705,3.2292105954,-0.433602781302801,Down_in_Sepsis,0.23015873015873,8.26135619987797e-06,GSE57065
SPOCK2,GSE95233,22,51,8.18261071454545,6.30450530284314,8.1931786275,6.243209625,-1.87810541170232,Down_in_Sepsis,0.00089126559714795,1.73990990394731e-11,GSE57065
LRRN1,GSE137340,14,43,4.59039416471429,5.10155516753488,4.3490111625,5.116178121,0.511161002820598,Up_in_Sepsis,0.800664451827243,0.000511075771431277,GSE57065
LRRN1,GSE236713,30,125,-1.668266549,0.428428481464,-1.74543925,0.46802545,2.096695030464,Up_in_Sepsis,0.9352,1.47670499582509e-13,GSE57065
LRRN1,GSE54514,18,35,7.35407201455556,7.34601267414286,7.3348052505,7.26224947,-0.00805934041269829,Down_in_Sepsis,0.457142857142857,0.621885846678168,GSE57065
LRRN1,GSE65682,42,51,3.45069152916667,3.99531559703922,3.3387435385,3.834797785,0.544624067872549,Up_in_Sepsis,0.698879551820728,0.00102033981118695,GSE57065
LRRN1,GSE95233,22,51,3.55431540840909,5.38012391205882,3.62806274,5.400476055,1.82580850364973,Up_in_Sepsis,0.994652406417112,2.62469054871502e-11,GSE57065
IKZF2,GSE137340,14,43,4.43425792483333,4.72522123767442,4.417573983,4.65942034733333,0.290963312841085,Up_in_Sepsis,0.848837209302326,3.73425195502401e-05,GSE57065
IKZF2,GSE236713,30,125,1.44717406022222,-0.283229699130667,1.4414653,-0.255656716666667,-1.73040375935289,Down_in_Sepsis,0.0368,3.6969859547151e-15,GSE57065
IKZF2,GSE54514,18,35,7.24253732183333,7.26206650511429,7.23477276166667,7.24816433566667,0.0195291832809525,Up_in_Sepsis,0.585714285714286,0.318216803699425,GSE57065
IKZF2,GSE65682,42,51,2.30243908519048,2.10009492494118,2.195092858,2.05836692,-0.2023441602493,Down_in_Sepsis,0.321661998132586,0.00322769215714026,GSE57065
IKZF2,GSE95233,22,51,6.32735359833333,4.71685715267974,6.345953685,4.69897366666667,-1.61049644565359,Down_in_Sepsis,0.00089126559714795,1.73990990394731e-11,GSE57065
EIF4G3,GSE137340,14,43,6.81440131257143,8.17403629774419,6.4340414965,8.172374826,1.35963498517276,Up_in_Sepsis,0.858803986710963,1.99991144589167e-05,GSE57065
EIF4G3,GSE236713,30,125,-0.990645624866666,0.311425086328,-1.05614781666667,0.390278096666667,1.30207071119467,Up_in_Sepsis,0.9184,1.21279262641199e-12,GSE57065
EIF4G3,GSE54514,18,35,8.36292166183333,8.58126881462857,8.305440426,8.570972443,0.218347152795237,Up_in_Sepsis,0.708730158730159,0.0138787061167146,GSE57065
EIF4G3,GSE65682,42,51,4.12609285612857,4.40012387159216,4.116067153,4.459375022,0.274031015463585,Up_in_Sepsis,0.681139122315593,0.00277612651080502,GSE57065
EIF4G3,GSE95233,22,51,6.53619833375,7.35320601965686,6.586448255,7.42675563,0.817007685906863,Up_in_Sepsis,0.966131907308377,3.35282320392347e-10,GSE57065
HLA-DRA,GSE137340,14,43,11.7956561907143,11.8814242381977,11.672261195,11.890478775,0.0857680474833877,Up_in_Sepsis,0.548172757475083,0.601156915200568,GSE57065
HLA-DRA,GSE236713,30,125,1.50770212866667,-0.63892096888,1.6101177,-0.59573317,-2.14662309754667,Down_in_Sepsis,0.0298666666666666,1.43337123119402e-15,GSE57065
HLA-DRA,GSE54514,18,35,10.5237225559444,10.8152167050714,10.685018065,10.80700302,0.291494149126983,Up_in_Sepsis,0.563492063492063,0.461830916701879,GSE57065
HLA-DRA,GSE65682,42,51,10.3096743050595,9.14570403047059,10.3818455925,9.036172214,-1.16397027458894,Down_in_Sepsis,0.134920634920635,1.60768834134193e-09,GSE57065
HLA-DRA,GSE95233,22,51,10.4334353061364,8.56736766294118,10.47082615,8.593767615,-1.86606764319519,Down_in_Sepsis,0.0311942959001782,2.6568328672965e-10,GSE57065
FGD4,GSE137340,14,43,4.37305626192857,4.97252042539535,4.271322009,4.688483829,0.599464163466777,Up_in_Sepsis,0.847176079734219,4.13098133247111e-05,GSE57065
FGD4,GSE236713,30,125,-1.48731373511111,0.265071638282667,-1.459107625,0.44960681,1.75238537339378,Up_in_Sepsis,0.9536,1.34216974006198e-14,GSE57065
FGD4,GSE54514,18,35,7.26143052838889,7.35503440594286,7.272166729,7.323793411,0.093603877553968,Up_in_Sepsis,0.634920634920635,0.113099435153609,GSE57065
FGD4,GSE65682,42,51,4.98027886968571,5.02361538538039,5.0128656349,5.0915596574,0.0433365156946781,Up_in_Sepsis,0.507002801120448,0.910871049431307,GSE57065
FGD4,GSE95233,22,51,5.49461728651515,7.06965304784314,5.56427415166667,7.17676399,1.57503576132799,Up_in_Sepsis,0.978609625668449,1.11977955795568e-10,GSE57065
PLEKHA1,GSE137340,14,43,6.57338838682143,6.49949036945349,6.429584573,6.358614804,-0.0738980173679407,Down_in_Sepsis,0.435215946843854,0.479707999120335,GSE57065
PLEKHA1,GSE236713,30,125,1.183555254,-0.458963047876,1.2275623,-0.37898171,-1.642518301876,Down_in_Sepsis,0.032,1.9213337153322e-15,GSE57065
PLEKHA1,GSE54514,18,35,7.84305142036111,7.84067649837143,7.741616726,7.691126585,-0.00237492198968248,Down_in_Sepsis,0.480952380952381,0.830638269796872,GSE57065
PLEKHA1,GSE65682,42,51,3.36878960083333,2.89621589328431,3.223601132375,2.87778412425,-0.47257370754902,Down_in_Sepsis,0.204014939309057,1.00520795442081e-06,GSE57065
PLEKHA1,GSE95233,22,51,6.40705179772727,4.87859009656863,6.429101055,4.86366984,-1.52846170115865,Down_in_Sepsis,0,1.60188706567253e-11,GSE57065
ELANE,GSE137340,14,43,5.3029858485,8.02222263997675,4.7629406725,7.328105527,2.71923679147675,Up_in_Sepsis,0.906976744186047,5.64079846616375e-07,GSE57065
ELANE,GSE236713,30,125,-1.97987722466667,0.45597907676,-1.95628835,0.30448294,2.43585630142667,Up_in_Sepsis,0.9304,2.71721365865525e-13,GSE57065
ELANE,GSE54514,18,35,8.96081251527778,9.43427698894286,8.579442978,9.150415421,0.473464473665079,Up_in_Sepsis,0.536507936507936,0.675476268134141,GSE57065
ELANE,GSE65682,42,51,3.5060406762381,5.28609273876471,3.296946499,4.817845175,1.78005206252661,Up_in_Sepsis,0.859010270774977,2.9778361613566e-09,GSE57065
ELANE,GSE95233,22,51,3.8225959,5.33250396431373,3.74546389,4.82635872,1.50990806431373,Up_in_Sepsis,0.870766488413547,5.87871512632611e-07,GSE57065
CCNB2,GSE137340,14,43,5.0676788925,5.90522847588372,4.4406852475,5.651949738,0.837549583383721,Up_in_Sepsis,0.780730897009967,0.0012817795557046,GSE57065
CCNB2,GSE236713,30,125,-1.70556342,0.45367152204,-1.71816275,0.56692505,2.15923494204,Up_in_Sepsis,0.919466666666667,1.06354654378727e-12,GSE57065
CCNB2,GSE54514,18,35,7.373208152,7.54851213188571,7.358486414,7.522895813,0.175303979885714,Up_in_Sepsis,0.633333333333333,0.117500725327251,GSE57065
CCNB2,GSE65682,42,51,2.92892780109524,4.47459772860784,2.9761381265,4.180596535,1.5456699275126,Up_in_Sepsis,0.927637721755369,1.57574257046212e-12,GSE57065
CCNB2,GSE95233,22,51,4.37037753651515,4.90320197124183,4.36382639333333,4.84011277666667,0.532824434726678,Up_in_Sepsis,0.936720142602496,3.98557721361722e-09,GSE57065
CACNA1E,GSE137340,14,43,4.82979547135714,6.44748469846512,4.4814771975,6.251980795,1.61768922710797,Up_in_Sepsis,0.887043189368771,2.80092257029665e-06,GSE57065
CACNA1E,GSE236713,30,125,-3.91463297333333,0.409063265832,-3.71008965,0.6338866,4.32369623916533,Up_in_Sepsis,0.9632,3.6969859547151e-15,GSE57065
CACNA1E,GSE54514,18,35,7.39858977,7.65266011105714,7.360971689,7.501854897,0.254070341057143,Up_in_Sepsis,0.625396825396826,0.141506854350495,GSE57065
CACNA1E,GSE65682,42,51,2.69073155032143,3.12848961527451,2.64151243275,3.0583520415,0.437758064953081,Up_in_Sepsis,0.774509803921569,5.74681376280225e-06,GSE57065
CACNA1E,GSE95233,22,51,3.6725932480303,4.3854312475817,3.63262169916667,4.42678915333333,0.712837999551399,Up_in_Sepsis,0.936720142602496,3.98557721361722e-09,GSE57065
MYBPC3,GSE137340,14,43,5.45723711421429,7.39288964832558,5.2243982135,7.458965874,1.9356525341113,Up_in_Sepsis,0.90531561461794,6.49938521848808e-07,GSE57065
MYBPC3,GSE236713,30,125,-2.47217642666667,0.366789393008,-2.43882705,0.53848505,2.83896581967467,Up_in_Sepsis,0.975466666666667,6.85156372711254e-16,GSE57065
MYBPC3,GSE54514,18,35,7.94224450327778,8.23613843917143,7.8944909575,8.156253815,0.29389393589365,Up_in_Sepsis,0.719047619047619,0.00888550581107009,GSE57065
MYBPC3,GSE65682,42,51,4.08925327602381,3.98131247152941,4.0041115795,3.923519485,-0.107940804494397,Down_in_Sepsis,0.420168067226891,0.188087134543294,GSE57065
MYBPC3,GSE95233,22,51,5.42495653363636,6.1072969554902,5.45721933,6.11446309,0.682340421853833,Up_in_Sepsis,0.979500891265597,1.03431303688478e-10,GSE57065
LBH,GSE137340,14,43,5.57862206505357,5.5337914325407,5.47435262,5.51667521625,-0.0448306325128742,Down_in_Sepsis,0.446843853820598,0.563332937029135,GSE57065
LBH,GSE236713,30,125,1.09658640849167,-0.108171849482,1.04611248,-0.16066739675,-1.20475825797367,Down_in_Sepsis,0.0770666666666667,6.92535137086423e-13,GSE57065
LBH,GSE54514,18,35,7.55686577162963,7.55328455426667,7.59424002966667,7.539172649,-0.00358121736296102,Down_in_Sepsis,0.474603174603175,0.773107646476209,GSE57065
LBH,GSE65682,42,51,3.89112339257937,3.51522087839216,3.7918112435,3.460948696,-0.375902514187208,Down_in_Sepsis,0.309523809523809,0.00165577991334264,GSE57065
LBH,GSE95233,22,51,9.45326960181818,7.33419141568627,9.47168537,7.28804241,-2.11907818613191,Down_in_Sepsis,0.0035650623885918,2.22762533627504e-11,GSE57065
OXNAD1,GSE137340,14,43,4.67370512764286,4.84939694466279,4.69470303375,4.850240153,0.175691817019934,Up_in_Sepsis,0.63953488372093,0.122540086310893,GSE57065
OXNAD1,GSE236713,30,125,1.71146616233333,-0.469834204224,1.73813105,-0.36164308,-2.18130036655733,Down_in_Sepsis,0.00613333333333334,5.04489186905776e-17,GSE57065
OXNAD1,GSE54514,18,35,7.17020501038889,7.14740787225714,7.179548502,7.129337311,-0.0227971381317458,Down_in_Sepsis,0.412698412698413,0.309195100119527,GSE57065
OXNAD1,GSE65682,42,51,3.69733484242063,3.36351694094118,3.59445659266667,3.33543044833333,-0.333817901479458,Down_in_Sepsis,0.297385620915033,0.000818040315248112,GSE57065
OXNAD1,GSE95233,22,51,7.95533503090909,6.58903558058824,7.98982864,6.46919137,-1.36629945032086,Down_in_Sepsis,0.0142602495543672,5.9097281654302e-11,GSE57065
CLEC1B,GSE137340,14,43,5.26101284464286,6.05740315195349,4.8242684735,6.080306439,0.796390307310632,Up_in_Sepsis,0.744186046511628,0.00660843094286776,GSE57065
CLEC1B,GSE236713,30,125,-1.52439417677778,0.850107896173334,-1.45814623333334,0.859176333333333,2.37450207295111,Up_in_Sepsis,0.9384,9.79858691639425e-14,GSE57065
CLEC1B,GSE54514,18,35,9.42180479894444,8.6523664608,9.036893845,8.260569572,-0.769438338144445,Down_in_Sepsis,0.251587301587302,0.00339041483698135,GSE57065
CLEC1B,GSE65682,42,51,5.00461825640476,6.86330397045098,4.727702655,6.840634903,1.85868571404622,Up_in_Sepsis,0.871148459383754,8.59473712909179e-10,GSE57065
CLEC1B,GSE95233,22,51,6.08557601636364,8.07011106196078,6.029908335,7.93547046,1.98453504559715,Up_in_Sepsis,0.981283422459893,8.82077171942536e-11,GSE57065
TARP,GSE137340,14,43,7.10796534371429,6.15085815127907,7.088790671,6.303269551,-0.957107192435216,Down_in_Sepsis,0.224252491694352,0.00159239590439453,GSE57065
TARP,GSE236713,30,125,2.0316118565,-0.224488382,2.072985275,-0.3735243045,-2.2561002385,Down_in_Sepsis,0.0504,2.27912616137746e-14,GSE57065
TARP,GSE54514,18,35,7.26613648738889,7.16088468008571,7.2430894375,7.132469177,-0.105251807303175,Down_in_Sepsis,0.252380952380952,0.0028821830918808,GSE57065
TARP,GSE65682,42,51,6.22646801688095,5.56563107082353,5.936322968,5.401331171,-0.660836946057423,Down_in_Sepsis,0.361811391223156,0.0225331709810997,GSE57065
TARP,GSE95233,22,51,9.2027658475,7.20571085843137,9.1321835925,7.17645207,-1.99705498906863,Down_in_Sepsis,0.036541889483066,4.22575839864111e-10,GSE57065
ADAMTS2,GSE137340,14,43,4.28641004367857,4.66397738448837,4.23566255225,4.46860468,0.377567340809801,Up_in_Sepsis,0.900332225913621,9.84903435988751e-07,GSE57065
ADAMTS2,GSE236713,30,125,-3.25835493333333,0.441657347512,-3.246380675,0.374192,3.70001228084533,Up_in_Sepsis,0.9984,2.6139489943517e-17,GSE57065
ADAMTS2,GSE54514,18,35,7.13658316938889,7.18138935914286,7.145100832,7.167894363,0.0448061897539684,Up_in_Sepsis,0.592063492063492,0.283133764153369,GSE57065
ADAMTS2,GSE65682,42,51,3.4131515837381,3.51347989931373,3.4014069235,3.419625738,0.10032831557563,Up_in_Sepsis,0.565359477124183,0.281507445326184,GSE57065
ADAMTS2,GSE95233,22,51,4.13875304409091,4.96961968222222,4.184561965,4.80549934,0.830866638131313,Up_in_Sepsis,0.931372549019608,6.1488394698215e-09,GSE57065
EXOC6,GSE137340,14,43,4.88543899878571,5.63656971111628,4.7585954085,5.61375517666667,0.751130712330565,Up_in_Sepsis,0.830564784053156,0.00010836477926158,GSE57065
EXOC6,GSE236713,30,125,-0.931458507833333,0.184415845396,-0.99509085,0.1650509,1.11587435322933,Up_in_Sepsis,0.8672,4.53752399627033e-10,GSE57065
EXOC6,GSE54514,18,35,7.57355576968519,7.62558890755238,7.541206757,7.603348732,0.0520331378671957,Up_in_Sepsis,0.568253968253968,0.42839311053673,GSE57065
EXOC6,GSE65682,42,51,5.36268628829762,6.01722990917647,5.42427552425,5.956479046,0.654543620878852,Up_in_Sepsis,0.754435107376284,2.62776482435079e-05,GSE57065
EXOC6,GSE95233,22,51,5.41806518515152,6.57804132339869,5.37086918,6.66889392333333,1.15997613824718,Up_in_Sepsis,0.966131907308378,3.35282320392347e-10,GSE57065
STAT4,GSE137340,14,43,7.85706948621429,7.53867792509302,7.577214019,7.360061222,-0.318391561121262,Down_in_Sepsis,0.377076411960133,0.174985876084044,GSE57065
STAT4,GSE236713,30,125,1.756422655,-0.270951191372,1.74187625,-0.186457515,-2.027373846372,Down_in_Sepsis,0.0192,3.24868406725649e-16,GSE57065
STAT4,GSE54514,18,35,7.96285049127778,8.03548515865714,7.8583993915,7.947469711,0.0726346673793641,Up_in_Sepsis,0.549206349206349,0.570192060596712,GSE57065
STAT4,GSE65682,42,51,4.98455541134524,4.23852325806863,4.85715758825,4.011113863,-0.746032153276611,Down_in_Sepsis,0.26937441643324,0.000139069668039901,GSE57065
STAT4,GSE95233,22,51,8.64004798,7.01069937764706,8.622611025,6.88613663,-1.62934860235294,Down_in_Sepsis,0.0222816399286987,1.21213677994709e-10,GSE57065
BAZ1A,GSE137340,14,43,7.02536312053571,8.44793026040698,6.62429578625,8.4639753055,1.42256713987126,Up_in_Sepsis,0.848837209302326,3.73425195502401e-05,GSE57065
BAZ1A,GSE236713,30,125,-1.10758373866667,0.330047585472,-1.08332845,0.21280956,1.43763132413867,Up_in_Sepsis,0.955466666666666,1.04668728554346e-14,GSE57065
BAZ1A,GSE54514,18,35,9.00212816402778,8.99772211498572,9.0386412145,8.980738164,-0.00440604904206232,Down_in_Sepsis,0.503174603174603,0.977746942500812,GSE57065
BAZ1A,GSE65682,42,51,8.40711531929167,8.76998904987255,8.45247456125,8.7790546115,0.362873730580883,Up_in_Sepsis,0.666199813258636,0.00606109341560624,GSE57065
BAZ1A,GSE95233,22,51,8.42885938613636,9.74536054519608,8.3961479325,9.852005555,1.31650115905972,Up_in_Sepsis,0.968805704099822,2.6568328672965e-10,GSE57065
ASAP1,GSE137340,14,43,8.4004158675,9.71628294721706,8.34355480066667,9.78714225166667,1.31586707971706,Up_in_Sepsis,0.903654485049834,7.47687024826658e-07,GSE57065
ASAP1,GSE236713,30,125,-1.61195794533333,0.195069292888,-1.59342455,0.14571881,1.80702723822133,Up_in_Sepsis,0.9648,2.974510303906e-15,GSE57065
ASAP1,GSE54514,18,35,9.89913508633333,10.2114696227286,9.85586667025,10.1248168945,0.312334536395239,Up_in_Sepsis,0.758730158730159,0.00178494027499339,GSE57065
ASAP1,GSE65682,42,51,7.24625852153571,7.48411016998039,7.3532761835,7.4686396555,0.237851648444678,Up_in_Sepsis,0.639122315592904,0.0216359913017819,GSE57065
ASAP1,GSE95233,22,51,7.83952025872727,8.30134822756863,7.883631609,8.334615466,0.461827968841355,Up_in_Sepsis,0.86096256684492,1.15668335054344e-06,GSE57065
FBXO30,GSE137340,14,43,5.78085122692857,6.84026546437209,5.609534453,6.878514554,1.05941423744352,Up_in_Sepsis,0.835548172757475,8.18207367405696e-05,GSE57065
FBXO30,GSE236713,30,125,-0.858864862,0.24163586772,-0.837116,0.17695165,1.10050072972,Up_in_Sepsis,0.8488,3.18419537976975e-09,GSE57065
FBXO30,GSE54514,18,35,8.07124393525,8.13047505788572,7.975256443,8.135940552,0.0592311226357154,Up_in_Sepsis,0.557142857142857,0.508552086621423,GSE57065
FBXO30,GSE65682,42,51,5.51255607814286,6.51641343668628,5.598263473,6.499298281,1.00385735854342,Up_in_Sepsis,0.805322128851541,4.53483226434796e-07,GSE57065
FBXO30,GSE95233,22,51,5.22157793772727,6.55908296264706,5.22161568,6.657940565,1.33750502491979,Up_in_Sepsis,0.949197860962567,1.42085083033673e-09,GSE57065
ZBTB4,GSE137340,14,43,6.52450132060714,6.45946898355814,6.501577827,6.538945105,-0.0650323370490042,Down_in_Sepsis,0.51328903654485,0.890692821059384,GSE57065
ZBTB4,GSE236713,30,125,0.937390389333333,-0.272839610176,0.9208231,-0.21354294,-1.21022999950933,Down_in_Sepsis,0.0546666666666667,3.98919422636361e-14,GSE57065
ZBTB4,GSE54514,18,35,7.99907712136111,7.92733907022857,7.97531640525,7.853297472,-0.0717380511325398,Down_in_Sepsis,0.388888888888889,0.193736415761008,GSE57065
ZBTB4,GSE65682,42,51,4.68232307653571,4.32625691963726,4.633139319625,4.30365187675,-0.356066156898459,Down_in_Sepsis,0.162931839402428,2.54774905292748e-08,GSE57065
ZBTB4,GSE95233,22,51,8.62887460340909,7.40794592686275,8.56976789,7.370551125,-1.22092867654635,Down_in_Sepsis,0.0017825311942959,1.88955739655682e-11,GSE57065
ZDHHC20,GSE137340,14,43,4.48646148357143,4.78128549688372,4.3296851225,4.651275156,0.294824013312293,Up_in_Sepsis,0.79734219269103,0.000599272533308424,GSE57065
ZDHHC20,GSE236713,30,125,-1.11654541284445,0.367440331629334,-1.16088580166667,0.421545366666667,1.48398574447378,Up_in_Sepsis,0.922933333333333,6.92535137086423e-13,GSE57065
ZDHHC20,GSE54514,18,35,7.30557690727778,7.27663435265714,7.278277874,7.260931015,-0.0289425546206346,Down_in_Sepsis,0.444444444444444,0.520600333060429,GSE57065
ZDHHC20,GSE65682,42,51,2.29026644545238,2.56450359323529,2.2490377625,2.585127424,0.274237147782913,Up_in_Sepsis,0.708683473389356,0.000566896165186858,GSE57065
ZDHHC20,GSE95233,22,51,7.02591832909091,8.90033525137255,7.07179978,9.08506975,1.87441692228164,Up_in_Sepsis,0.974153297682709,1.66193362226705e-10,GSE57065
PLIN3,GSE137340,14,43,9.5015074145,10.6072270084419,9.37979679,10.58601805,1.10571959394186,Up_in_Sepsis,0.805647840531561,0.000400631980255359,GSE57065
PLIN3,GSE236713,30,125,-1.44321500933333,0.133289852072,-1.42219495,0.044245243,1.57650486140533,Up_in_Sepsis,0.977066666666666,5.48193613878975e-16,GSE57065
PLIN3,GSE54514,18,35,11.4040917827778,11.1436422342286,11.28389311,11.09276199,-0.260449548549206,Down_in_Sepsis,0.392063492063492,0.204866505300935,GSE57065
PLIN3,GSE65682,42,51,7.81331341402381,8.10717024798039,7.882359329,8.177461566,0.293856833956582,Up_in_Sepsis,0.661531279178338,0.00764729574068998,GSE57065
PLIN3,GSE95233,22,51,7.35776063590909,8.54454621921569,7.34741437,8.55239122,1.1867855833066,Up_in_Sepsis,0.983065953654189,7.51822548100406e-11,GSE57065
ADAM10,GSE137340,14,43,4.48043107585714,5.09768083739535,4.359139949,5.084724601,0.617249761538206,Up_in_Sepsis,0.86046511627907,1.79643132928885e-05,GSE57065
ADAM10,GSE236713,30,125,-0.875317824333333,0.056368999368,-0.8783458425,0.035924318,0.931686823701333,Up_in_Sepsis,0.942933333333333,5.45320783544238e-14,GSE57065
ADAM10,GSE54514,18,35,7.45231525091667,7.43542406905714,7.45439970475,7.4410367015,-0.0168911818595241,Down_in_Sepsis,0.453968253968254,0.595788354333167,GSE57065
ADAM10,GSE65682,42,51,3.49851926471429,4.12967614060784,3.455905008125,4.00353234925,0.631156875893558,Up_in_Sepsis,0.785247432306256,2.44028691992065e-06,GSE57065
ADAM10,GSE95233,22,51,8.26524703924242,8.81274514535948,8.40103763333334,8.89890022,0.547498106117054,Up_in_Sepsis,0.855614973262032,1.66130255517787e-06,GSE57065
EMILIN2,GSE137340,14,43,7.33949255485714,9.39673616383721,7.018746708,9.464265431,2.05724360898007,Up_in_Sepsis,0.888704318936877,2.46942812179279e-06,GSE57065
EMILIN2,GSE236713,30,125,-1.01244754666667,-0.00343507148799997,-1.04604815,0.024497986,1.00901247517867,Up_in_Sepsis,0.872266666666667,2.60937083671852e-10,GSE57065
EMILIN2,GSE54514,18,35,9.57334582027778,9.68221378285714,9.5208711625,9.629037857,0.108867962579366,Up_in_Sepsis,0.552380952380952,0.545121751957247,GSE57065
EMILIN2,GSE65682,42,51,6.80862898614286,7.6547813354902,6.7851443455,7.898482727,0.84615234934734,Up_in_Sepsis,0.790382819794585,1.60276759432169e-06,GSE57065
EMILIN2,GSE95233,22,51,6.47999677787879,7.54168831352941,6.52021395333334,7.67629235666667,1.06169153565062,Up_in_Sepsis,0.927807486631016,8.18661083468126e-09,GSE57065
ITGAM,GSE137340,14,43,8.28098930371429,9.90805056344186,7.990106598,9.90494104,1.62706125972757,Up_in_Sepsis,0.867109634551495,1.15818527714491e-05,GSE57065
ITGAM,GSE236713,30,125,-1.14417423066667,0.122462905848,-1.05519555,0.10728216,1.26663713651467,Up_in_Sepsis,0.918133333333333,1.25320518707278e-12,GSE57065
ITGAM,GSE54514,18,35,10.4662495726667,10.6690413064286,10.43363619,10.81633568,0.202791733761904,Up_in_Sepsis,0.598412698412698,0.250718918621702,GSE57065
ITGAM,GSE65682,42,51,8.20292604039683,8.60428952526144,8.2261655985,8.637922122,0.401363484864612,Up_in_Sepsis,0.743230625583567,5.86302607729117e-05,GSE57065
ITGAM,GSE95233,22,51,8.02743138454546,9.04962278,8.11553856,9.069464185,1.02219139545455,Up_in_Sepsis,0.980392156862745,9.55234536735608e-11,GSE57065
IKZF3,GSE137340,14,43,4.34986026592857,4.48718648967442,4.325491557,4.320742322,0.137326223745847,Up_in_Sepsis,0.556478405315615,0.538756643962947,GSE57065
IKZF3,GSE236713,30,125,2.64809626333333,-0.4496063042,2.66854215,-0.20453382,-3.09770256753333,Down_in_Sepsis,0.0088,7.40693175161351e-17,GSE57065
IKZF3,GSE54514,18,35,7.24617536875,7.23152393617143,7.2424907685,7.2273221015,-0.0146514325785718,Down_in_Sepsis,0.396825396825397,0.228139828404204,GSE57065
IKZF3,GSE65682,42,51,2.77046021359524,2.4212338975098,2.5585132765,2.387578154,-0.349226316085434,Down_in_Sepsis,0.30532212885154,0.00130273081746015,GSE57065
IKZF3,GSE95233,22,51,7.01289813409091,5.08389907346405,7.046595855,4.94219608333333,-1.92899906062686,Down_in_Sepsis,0,1.60188706567253e-11,GSE57065
HLA-DMB,GSE137340,14,43,9.82182282428571,10.1748542256279,9.878310596,10.23693209,0.353031401342193,Up_in_Sepsis,0.616279069767442,0.200000657368105,GSE57065
HLA-DMB,GSE236713,30,125,1.248833275,-0.682809527256,1.19099855,-0.75847864,-1.931642802256,Down_in_Sepsis,0.0386666666666667,4.76013747757254e-15,GSE57065
HLA-DMB,GSE54514,18,35,9.45346535483333,9.45272918411429,9.572611809,9.393052101,-0.000736170719047635,Down_in_Sepsis,0.473015873015873,0.758901012021438,GSE57065
HLA-DMB,GSE65682,42,51,4.56454977827619,3.60009992926667,4.6382516544,3.5857985826,-0.964449849009524,Down_in_Sepsis,0.128851540616246,8.59473712909179e-10,GSE57065
HLA-DMB,GSE95233,22,51,8.31748332909091,6.43170552666667,8.33921637,6.31402947,-1.88577780242424,Down_in_Sepsis,0.0017825311942959,1.88955739655682e-11,GSE57065
CD27,GSE137340,14,43,7.84403436214286,7.37142041341861,7.8740610205,7.235576987,-0.472613948724252,Down_in_Sepsis,0.348837209302326,0.0936456948900907,GSE57065
CD27,GSE236713,30,125,1.60952607,-0.448547118312,1.60144545,-0.43886185,-2.058073188312,Down_in_Sepsis,0.0162666666666667,2.14765424902856e-16,GSE57065
CD27,GSE54514,18,35,7.76306345722222,7.73695680074286,7.7280151845,7.715987682,-0.0261066564793655,Down_in_Sepsis,0.474603174603175,0.773107646476209,GSE57065
CD27,GSE65682,42,51,5.837026783,5.19841813684314,5.746443044,5.111161601,-0.638608646156863,Down_in_Sepsis,0.320261437908497,0.00299415182946891,GSE57065
CD27,GSE95233,22,51,7.60511039136364,6.09770327470588,7.64433871,5.98499079,-1.50740711665775,Down_in_Sepsis,0.0374331550802139,4.56190854345469e-10,GSE57065
CMTM4,GSE137340,14,43,4.40293041566071,4.8392845702907,4.310838303125,4.77322446675,0.436354154629983,Up_in_Sepsis,0.878737541528239,5.16186693059591e-06,GSE57065
CMTM4,GSE236713,30,125,-1.0398128522,0.263297993632,-1.0905502,0.2537036,1.303110845832,Up_in_Sepsis,0.916266666666666,1.57552988621293e-12,GSE57065
CMTM4,GSE54514,18,35,7.24278647811111,7.21287143341905,7.24228183416667,7.18002812066667,-0.0299150446920633,Down_in_Sepsis,0.426984126984127,0.396380670853483,GSE57065
CMTM4,GSE65682,42,51,2.84113232057143,3.5327281930098,2.7848991055,3.4363588565,0.691595872438375,Up_in_Sepsis,0.836134453781513,2.78350647402994e-08,GSE57065
CMTM4,GSE95233,22,51,4.92635740212121,5.84571677366013,4.90314294,5.81686926,0.91935937153892,Up_in_Sepsis,0.988413547237077,4.63944869067713e-11,GSE57065
SLC22A15,GSE137340,14,43,5.19843856157143,6.28167985009302,4.8939751685,6.282553722,1.08324128852159,Up_in_Sepsis,0.803986710963455,0.000434777002978728,GSE57065
SLC22A15,GSE236713,30,125,-1.6412228766,0.17472447664,-1.662424925,0.27860021,1.81594735324,Up_in_Sepsis,0.962666666666667,3.97424855205802e-15,GSE57065
SLC22A15,GSE54514,18,35,7.77363846038889,7.99127152308572,7.744202852,7.912961483,0.217633062696826,Up_in_Sepsis,0.623809523809524,0.146722427447959,GSE57065
SLC22A15,GSE65682,42,51,3.78211947952381,3.90564864782353,3.835081754,3.87926299466667,0.12352916829972,Up_in_Sepsis,0.558823529411765,0.332615420903934,GSE57065
SLC22A15,GSE95233,22,51,4.90752292227273,6.34464838137255,4.934843775,6.44982426,1.43712545909982,Up_in_Sepsis,0.959001782531194,6.19679960010317e-10,GSE57065
SCPEP1,GSE137340,14,43,8.12590898642857,8.917539731,7.9055583125,9.065013474,0.791630744571428,Up_in_Sepsis,0.810631229235881,0.000312251163096141,GSE57065
SCPEP1,GSE236713,30,125,-1.12716903,0.179563105924,-1.095904225,0.135390872,1.306732135924,Up_in_Sepsis,0.936,1.33315134703302e-13,GSE57065
SCPEP1,GSE54514,18,35,9.69039445577778,9.69556497814286,9.8113656045,9.691429138,0.00517052236507887,Up_in_Sepsis,0.504761904761905,0.962919951586959,GSE57065
SCPEP1,GSE65682,42,51,6.783089732,7.77190746080392,6.796857719,7.820611227,0.988817728803922,Up_in_Sepsis,0.889355742296919,1.23786686298747e-10,GSE57065
SCPEP1,GSE95233,22,51,6.73323381,7.91883330411765,6.6752651575,8.00899795,1.18559949411765,Up_in_Sepsis,0.957219251336898,7.21511319630196e-10,GSE57065
ATM,GSE137340,14,43,6.03900699760714,6.00804276519186,5.972607909625,5.96263388475,-0.0309642324152826,Down_in_Sepsis,0.485049833887043,0.87622654000719,GSE57065
ATM,GSE236713,30,125,0.977297793777778,-0.301063912218667,0.996744636666665,-0.119739296666667,-1.27836170599645,Down_in_Sepsis,0.0096,8.30812206318591e-17,GSE57065
ATM,GSE54514,18,35,8.18864723044444,8.15939443447143,8.19803261775,8.16906929,-0.0292527959730151,Down_in_Sepsis,0.455555555555556,0.608776071190231,GSE57065
ATM,GSE65682,42,51,4.05585096710119,3.55468416773039,4.124494958375,3.57641183925,-0.501166799370798,Down_in_Sepsis,0.205415499533147,1.13043864028343e-06,GSE57065
ATM,GSE95233,22,51,6.82783657757576,5.99723875107843,6.77844196083334,5.97957317833333,-0.830597826497326,Down_in_Sepsis,0.0115864527629234,4.63944869067713e-11,GSE57065
MBOAT2,GSE137340,14,43,5.25210661667857,6.11768587436047,5.0634674695,6.0258867145,0.865579257681893,Up_in_Sepsis,0.800664451827243,0.000511075771431277,GSE57065
MBOAT2,GSE236713,30,125,-2.22391400733333,0.160730654336,-2.1164951,0.51386666,2.38464466166933,Up_in_Sepsis,0.910933333333333,3.01354347333603e-12,GSE57065
MBOAT2,GSE54514,18,35,8.00047442644445,8.08352207462857,7.9885799885,8.050322533,0.0830476481841274,Up_in_Sepsis,0.598412698412698,0.250718918621702,GSE57065
MBOAT2,GSE65682,42,51,5.86010217576191,6.42362696176471,5.90341027683334,6.54037096366667,0.5635247860028,Up_in_Sepsis,0.817460317460318,1.55659726353475e-07,GSE57065
MBOAT2,GSE95233,22,51,6.05110651181818,7.21374337186275,6.0558060575,7.32181216,1.16263686004456,Up_in_Sepsis,0.985739750445633,5.9097281654302e-11,GSE57065
DDX24,GSE137340,14,43,8.22030239414286,7.70547660251163,8.361723108,7.736638603,-0.514825791631229,Down_in_Sepsis,0.269102990033223,0.0091254474349773,GSE57065
DDX24,GSE236713,30,125,1.54151412266667,-0.480346133584,1.54734185,-0.20377183,-2.02186025625067,Down_in_Sepsis,0.0301333333333333,1.48694508222996e-15,GSE57065
DDX24,GSE54514,18,35,7.83455446016667,7.85656765534286,7.85738492,7.769836903,0.022013195176191,Up_in_Sepsis,0.495238095238095,0.962549921097313,GSE57065
DDX24,GSE65682,42,51,4.12204973032381,3.65627379955686,3.9895664527,3.6741840082,-0.465775930766947,Down_in_Sepsis,0.271241830065359,0.000157499220487827,GSE57065
DDX24,GSE95233,22,51,8.63628290159091,7.25384864392157,8.66158573,7.241871075,-1.38243425766934,Down_in_Sepsis,0,1.60188706567253e-11,GSE57065
CD8A,GSE137340,14,43,7.89632855295238,7.83493663002326,7.71529864733334,7.41662127866667,-0.0613919229291255,Down_in_Sepsis,0.40531561461794,0.2985473132378,GSE57065
CD8A,GSE236713,30,125,1.62156802146667,-0.349378986044,1.64931215,-0.3938661715,-1.97094700751067,Down_in_Sepsis,0.0509333333333333,2.44501050410599e-14,GSE57065
CD8A,GSE54514,18,35,8.27412705951852,8.01058866862857,8.35645858433333,8.09400669733333,-0.263538390889947,Down_in_Sepsis,0.353968253968254,0.0857597614090956,GSE57065
CD8A,GSE65682,42,51,4.3904368659881,3.63416317409804,4.4599920225,3.5338893995,-0.756273691890057,Down_in_Sepsis,0.278244631185808,0.000249145047489647,GSE57065
CD8A,GSE95233,22,51,8.76438650545455,6.14961487745098,8.67951009,6.07731891,-2.61477162800357,Down_in_Sepsis,0.0169340463458111,7.51822548100406e-11,GSE57065
CD6,GSE137340,14,43,8.5482399465,8.10190115909302,8.516028483,7.954736219,-0.446338787406978,Down_in_Sepsis,0.368770764119601,0.147024236484459,GSE57065
CD6,GSE236713,30,125,1.60104903,-0.519484763728,1.61194445,-0.3742149,-2.120533793728,Down_in_Sepsis,0.0101333333333333,8.96813082580416e-17,GSE57065
CD6,GSE54514,18,35,8.21523065033333,8.19186835965714,8.0957922935,8.089945793,-0.0233622906761912,Down_in_Sepsis,0.475396825396825,0.778155331238459,GSE57065
CD6,GSE65682,42,51,3.32676661802381,2.67602735207843,3.17050320616667,2.62702528533333,-0.650739265945378,Down_in_Sepsis,0.208683473389356,1.48371788589805e-06,GSE57065
CD6,GSE95233,22,51,5.98845004448052,4.75510112212885,5.91514864642857,4.70904462428571,-1.23334892235167,Down_in_Sepsis,0,1.60188706567253e-11,GSE57065
PDGFC,GSE137340,14,43,4.55291631171429,5.11840138551163,4.313469426,4.877442192,0.565485073797341,Up_in_Sepsis,0.830564784053156,0.00010836477926158,GSE57065
PDGFC,GSE236713,30,125,-0.658623697933333,0.298032218976,-0.63494515,0.37303758,0.956655916909333,Up_in_Sepsis,0.799733333333333,3.60996238332741e-07,GSE57065
PDGFC,GSE54514,18,35,7.72665953633333,7.52740244182857,7.5128457545,7.501349926,-0.199257094504762,Down_in_Sepsis,0.399206349206349,0.236714120171785,GSE57065
PDGFC,GSE65682,42,51,2.92138781271429,4.15396739868628,2.7791706445,4.2395434385,1.23257958597199,Up_in_Sepsis,0.920634920634921,3.60514881788073e-12,GSE57065
PDGFC,GSE95233,22,51,3.94279649568182,5.6417746477451,3.849903155,5.67325891,1.69897815206328,Up_in_Sepsis,0.975044563279858,1.53617362330698e-10,GSE57065
ATP11B,GSE137340,14,43,5.2846282495,6.44507444991861,4.958368882,6.3306674895,1.1604462004186,Up_in_Sepsis,0.867109634551495,1.15818527714491e-05,GSE57065
ATP11B,GSE236713,30,125,-0.692571196933333,0.330172582608,-0.64014244,0.32793975,1.02274377954133,Up_in_Sepsis,0.824,3.78497075509226e-08,GSE57065
ATP11B,GSE54514,18,35,8.65592421441667,8.45945029935714,8.665524125,8.423412323,-0.196473915059524,Down_in_Sepsis,0.377777777777778,0.152080729356349,GSE57065
ATP11B,GSE65682,42,51,5.28349894106845,6.11965036229412,5.2728987829375,6.2433836155,0.836151421225665,Up_in_Sepsis,0.800653594771242,6.77111143044872e-07,GSE57065
ATP11B,GSE95233,22,51,6.62596131151515,8.41418258964052,6.67846374666667,8.53843933166667,1.78822127812537,Up_in_Sepsis,0.981283422459893,8.82077171942536e-11,GSE57065
RASGRP1,GSE137340,14,43,5.76315659492857,5.74034018081395,5.649684841,5.684216414,-0.0228164141146179,Down_in_Sepsis,0.476744186046512,0.804590920857132,GSE57065
RASGRP1,GSE236713,30,125,1.20997883566667,-0.440873478976,1.24826525,-0.39428043,-1.65085231464267,Down_in_Sepsis,0.0517333333333334,2.71633609541585e-14,GSE57065
RASGRP1,GSE54514,18,35,7.58946365777778,7.50196955548571,7.474839449,7.396328449,-0.0874941022920632,Down_in_Sepsis,0.396825396825397,0.228139828404204,GSE57065
RASGRP1,GSE65682,42,51,4.0937187339,3.49476184095294,4.0467968729,3.4622469572,-0.598956892947059,Down_in_Sepsis,0.225023342670401,5.54023063653005e-06,GSE57065
RASGRP1,GSE95233,22,51,8.88486916045455,7.01190822862745,8.927970105,7.08088049,-1.87296093182709,Down_in_Sepsis,0.0017825311942959,1.88955739655682e-11,GSE57065
BPI,GSE137340,14,43,4.84446739003571,6.49851855245349,4.46660934425,6.208227746,1.65405116241777,Up_in_Sepsis,0.875415282392027,6.53811501196993e-06,GSE57065
BPI,GSE236713,30,125,-0.633550104466667,-0.050161200852,-0.4393005325,-0.1286159745,0.583388903614667,Up_in_Sepsis,0.649066666666667,0.0114222929938134,GSE57065
BPI,GSE54514,18,35,8.55465899622222,8.88823001042857,8.1360206605,8.371845245,0.333571014206349,Up_in_Sepsis,0.577777777777778,0.365828622459723,GSE57065
BPI,GSE65682,42,51,4.83502321428571,6.97909554484314,4.7705400085,7.032659697,2.14407233055742,Up_in_Sepsis,0.872549019607843,7.42785999895666e-10,GSE57065
BPI,GSE95233,22,51,4.92815042136364,8.15305477196078,5.33084636,8.15181368,3.22490435059715,Up_in_Sepsis,0.991978609625669,3.35328660937072e-11,GSE57065
YIPF1,GSE137340,14,43,7.72299529221429,9.0579410965,7.35664632575,9.0819028485,1.33494580428571,Up_in_Sepsis,0.86046511627907,1.79643132928885e-05,GSE57065
YIPF1,GSE236713,30,125,-0.921013183666667,0.151742949984,-0.933890835,0.16913533,1.07275613365067,Up_in_Sepsis,0.9568,8.75825730165772e-15,GSE57065
YIPF1,GSE54514,18,35,9.39998727377778,9.38890248031429,9.39851570125,9.3943080905,-0.0110847934634926,Down_in_Sepsis,0.50952380952381,0.918534356570284,GSE57065
YIPF1,GSE65682,42,51,7.66575859009524,7.75471376789216,7.7277537765,7.8651088705,0.0889551777969189,Up_in_Sepsis,0.584033613445378,0.165826638185137,GSE57065
YIPF1,GSE95233,22,51,6.33195479636364,7.35878572823529,6.275804545,7.39298402,1.02683093187166,Up_in_Sepsis,0.974153297682709,1.66139807131073e-10,GSE57065
PRF1,GSE137340,14,43,9.32492551192857,8.69386502541861,9.053954235,8.525522612,-0.631060486509966,Down_in_Sepsis,0.315614617940199,0.0395278901132636,GSE57065
PRF1,GSE236713,30,125,1.35118907033333,-0.2663513296,1.38126825,-0.1534996,-1.61754039993333,Down_in_Sepsis,0.120266666666667,1.13946343817083e-10,GSE57065
PRF1,GSE54514,18,35,8.4960291385,8.33293646388571,8.535378933,8.141581535,-0.163092674614287,Down_in_Sepsis,0.382539682539682,0.169030570051923,GSE57065
PRF1,GSE65682,42,51,6.02112690760714,4.77303257662745,6.00905596475,4.554959574,-1.24809433097969,Down_in_Sepsis,0.166666666666667,3.62489033813588e-08,GSE57065
PRF1,GSE95233,22,51,9.62513631886364,7.26471138068628,9.689502325,7.22537834,-2.36042493817736,Down_in_Sepsis,0.00267379679144385,2.05178515500888e-11,GSE57065
PSMA6,GSE137340,14,43,6.92914489398214,8.42839877790116,6.539784391375,8.47533833275,1.49925388391902,Up_in_Sepsis,0.858803986710963,1.99991144589167e-05,GSE57065
PSMA6,GSE236713,30,125,-0.327094396333333,-0.024061607712,-0.39008189,-0.037061214,0.303032788621333,Up_in_Sepsis,0.676266666666666,0.00277632429426354,GSE57065
PSMA6,GSE54514,18,35,9.98456372216667,10.2105448587857,9.982036115,10.31391239,0.225981136619049,Up_in_Sepsis,0.617460317460317,0.169030570051923,GSE57065
PSMA6,GSE65682,42,51,7.69171299978572,8.407880337,7.647334828,8.52560911,0.716167337214285,Up_in_Sepsis,0.760037348272642,1.73769118586227e-05,GSE57065
PSMA6,GSE95233,22,51,7.94707985181818,9.67774119098039,7.88719635,9.70625391,1.73066133916221,Up_in_Sepsis,0.990196078431372,3.94540435484238e-11,GSE57065
CDC25B,GSE137340,14,43,8.99977323285714,8.09544132341861,8.94229677,7.993413291,-0.904331909438538,Down_in_Sepsis,0.249169435215947,0.00438898494776219,GSE57065
CDC25B,GSE236713,30,125,1.71788823,-0.459540968904,1.72541835,-0.21615744,-2.177429198904,Down_in_Sepsis,0.00373333333333333,3.56444855003682e-17,GSE57065
CDC25B,GSE54514,18,35,8.61353985466667,8.84845126011429,8.577946186,8.79829216,0.234911405447619,Up_in_Sepsis,0.615873015873016,0.174978076951376,GSE57065
CDC25B,GSE65682,42,51,3.55868608170476,3.37394224260784,3.51874942,3.349326644,-0.184743839096919,Down_in_Sepsis,0.368814192343604,0.030352604154893,GSE57065
CDC25B,GSE95233,22,51,9.29842921363636,7.24626622686275,9.253458165,7.29020516,-2.05216298677362,Down_in_Sepsis,0,1.60188706567253e-11,GSE57065
GSR,GSE137340,14,43,5.06909384978571,5.91483409243023,4.86397793375,5.8952778595,0.845740242644518,Up_in_Sepsis,0.895348837209302,1.47261484413906e-06,GSE57065
GSR,GSE236713,30,125,-0.419421736166667,-0.03727039466,-0.379866599,0.05957389,0.382151341506667,Up_in_Sepsis,0.765066666666667,6.8059374930732e-06,GSE57065
GSR,GSE54514,18,35,7.71439990738889,7.70364262718571,7.6778616905,7.6295170785,-0.0107572802031743,Down_in_Sepsis,0.441269841269841,0.496648773453112,GSE57065
GSR,GSE65682,42,51,6.28374000703571,7.05024103068628,6.281296745,7.1603994575,0.766501023650561,Up_in_Sepsis,0.880952380952381,3.06104293530879e-10,GSE57065
GSR,GSE95233,22,51,7.70072529590909,8.71863071470588,7.722355155,8.786793945,1.01790541879679,Up_in_Sepsis,0.978609625668449,1.11977955795568e-10,GSE57065
SAR1B,GSE137340,14,43,4.96288918397619,5.7967823898062,4.74066407516667,5.83919571933333,0.833893205830011,Up_in_Sepsis,0.850498338870432,3.37270343526275e-05,GSE57065
SAR1B,GSE236713,30,125,-0.3761259553,-0.072661887632,-0.356144675,-0.10803676,0.303464067668,Up_in_Sepsis,0.656266666666667,0.00800656553790933,GSE57065
SAR1B,GSE54514,18,35,7.71429450427778,7.75418118522857,7.70739698433334,7.743089676,0.0398866809507927,Up_in_Sepsis,0.541269841269841,0.635114297097459,GSE57065
SAR1B,GSE65682,42,51,3.97035117780159,5.24703485094771,3.98297982466667,5.36727524666667,1.27668367314613,Up_in_Sepsis,0.893090569561158,8.22784431790555e-11,GSE57065
SAR1B,GSE95233,22,51,5.52880230790909,6.50345642733333,5.531369546,6.582986702,0.974654119424242,Up_in_Sepsis,0.954545454545455,9.05517246612493e-10,GSE57065
FGF13,GSE137340,14,43,4.30185742744643,4.60361055773256,4.25523978225,4.39199137925,0.30175313028613,Up_in_Sepsis,0.827242524916944,0.000130195088864173,GSE57065
FGF13,GSE236713,30,125,-2.22697956933333,0.704872419504,-2.3833241,0.6453433,2.93185198883733,Up_in_Sepsis,0.9384,9.79858691639425e-14,GSE57065
FGF13,GSE54514,18,35,7.44594842861111,7.25893823075714,7.28998279575,7.2224493025,-0.187010197853969,Down_in_Sepsis,0.336507936507936,0.0536371037869218,GSE57065
FGF13,GSE65682,42,51,2.80877961715873,3.75684415039869,2.6509292725,3.767244189,0.948064533239963,Up_in_Sepsis,0.817927170868348,1.49271414358995e-07,GSE57065
FGF13,GSE95233,22,51,3.26019512409091,4.7265285595098,3.1230154175,4.736748405,1.46633343541889,Up_in_Sepsis,0.938502673796792,3.44535746390565e-09,GSE57065
NMT2,GSE137340,14,43,6.39162576819048,6.78077687793798,6.41136928233334,6.77233469466667,0.389151109747508,Up_in_Sepsis,0.722591362126246,0.0121436159405964,GSE57065
NMT2,GSE236713,30,125,1.89452943,-0.336287058776,1.927006825,-0.33382845,-2.230816488776,Down_in_Sepsis,0.00373333333333333,3.56444855003682e-17,GSE57065
NMT2,GSE54514,18,35,7.27988437813889,7.2612199579,7.26405155675,7.2005257605,-0.0186644202388893,Down_in_Sepsis,0.461904761904762,0.661913156874205,GSE57065
NMT2,GSE65682,42,51,2.67730049928571,2.36512180907843,2.52563570825,2.37330062,-0.312178690207283,Down_in_Sepsis,0.293183940242764,0.000635255334763871,GSE57065
NMT2,GSE95233,22,51,4.56380403113636,3.74823347578431,4.54752649375,3.7685915175,-0.81557055535205,Down_in_Sepsis,0.0053475935828877,2.62469054871502e-11,GSE57065
MTX1,GSE137340,14,43,6.41896852321429,7.72711368460465,6.153055401,7.780039786,1.30814516139037,Up_in_Sepsis,0.840531561461794,6.13456473478384e-05,GSE57065
MTX1,GSE236713,30,125,-1.14921714533333,0.206562206096,-1.14799905,0.24279046,1.35577935142933,Up_in_Sepsis,0.9416,6.48292922957738e-14,GSE57065
MTX1,GSE54514,18,35,8.58105178669445,8.40004285402857,8.57755589475,8.4306783675,-0.181008932665874,Down_in_Sepsis,0.336507936507936,0.0536371037869218,GSE57065
MTX1,GSE65682,42,51,6.31007348288095,6.61885108123529,6.358932539,6.715279826,0.308777598354342,Up_in_Sepsis,0.712885154061625,0.000437347051827842,GSE57065
MTX1,GSE95233,22,51,7.24540449318182,8.27535357588235,7.268127565,8.33084898,1.02994908270053,Up_in_Sepsis,0.99554367201426,2.41819260539641e-11,GSE57065
UPB1,GSE137340,14,43,4.678811194,6.12327243855814,4.384152472,6.084392235,1.44446124455814,Up_in_Sepsis,0.865448504983389,1.29444347247364e-05,GSE57065
UPB1,GSE236713,30,125,-1.77395577233333,0.469087067088,-1.69688835,0.55952144,2.24304283942133,Up_in_Sepsis,0.902933333333334,7.85227423060346e-12,GSE57065
UPB1,GSE54514,18,35,7.60611218872222,7.7056809016,7.5633885865,7.550678253,0.0995687128777778,Up_in_Sepsis,0.477777777777778,0.801741213878021,GSE57065
UPB1,GSE65682,42,51,2.59044840755952,3.34478063563726,2.6102920925,3.268771641,0.754332228077731,Up_in_Sepsis,0.821195144724557,1.11141518784715e-07,GSE57065
UPB1,GSE95233,22,51,4.40960178181818,5.52647547377451,4.454629835,5.423347225,1.11687369195633,Up_in_Sepsis,1,1.60188706567253e-11,GSE57065
GBGT1,GSE137340,14,43,6.33241329,7.75527575362791,6.2932139065,7.947088017,1.42286246362791,Up_in_Sepsis,0.867109634551495,1.15818527714491e-05,GSE57065
GBGT1,GSE236713,30,125,-0.893675808566667,0.247903282556,-0.86477089,0.27727103,1.14157909112267,Up_in_Sepsis,0.958133333333333,7.32485636027738e-15,GSE57065
GBGT1,GSE54514,18,35,8.29963088033333,8.28130520405714,8.34290123,8.268483162,-0.0183256762761914,Down_in_Sepsis,0.485714285714286,0.873161936952312,GSE57065
GBGT1,GSE65682,42,51,5.08379808270238,5.361531788,5.05898281825,5.2626423365,0.277733705297619,Up_in_Sepsis,0.657796451914099,0.00917408155874052,GSE57065
GBGT1,GSE95233,22,51,5.01024545,5.76816412058824,4.96467169,5.76586184,0.757918670588235,Up_in_Sepsis,0.958110516934046,6.6870715209803e-10,GSE57065
SAMSN1,GSE137340,14,43,6.19271278664286,7.64745421406977,5.560114094,7.533327854,1.45474142742691,Up_in_Sepsis,0.818936877076412,0.000203389487077016,GSE57065
SAMSN1,GSE236713,30,125,-1.322184437,0.389682398088,-1.27199865,0.454906,1.711866835088,Up_in_Sepsis,0.921066666666666,8.72868657060723e-13,GSE57065
SAMSN1,GSE54514,18,35,8.54743970766667,8.24368333817143,8.6319236755,8.245950222,-0.30375636949524,Down_in_Sepsis,0.373015873015873,0.136432076366508,GSE57065
SAMSN1,GSE65682,42,51,8.64918178359524,9.36890865386274,8.93843928875,9.3145396715,0.719726870267506,Up_in_Sepsis,0.663865546218487,0.00681281918159801,GSE57065
SAMSN1,GSE95233,22,51,4.53768675378788,7.75494894176471,4.68618369166667,7.88851986333333,3.21726218797683,Up_in_Sepsis,1,1.60188706567253e-11,GSE57065
MPO,GSE137340,14,43,4.86977819714286,6.546457698,4.4605027055,5.734356103,1.67667950085714,Up_in_Sepsis,0.870431893687708,9.24335675110831e-06,GSE57065
MPO,GSE236713,30,125,-1.57629387966667,0.584259629792,-1.5246446,0.16214395,2.16055350945867,Up_in_Sepsis,0.939466666666667,8.54095201033925e-14,GSE57065
MPO,GSE54514,18,35,7.91268552677778,8.58842936951429,7.608141899,8.005535126,0.675743842736508,Up_in_Sepsis,0.650793650793651,0.0757771396566388,GSE57065
MPO,GSE65682,42,51,3.52584413935714,4.93375340480392,3.37495188425,4.4294089485,1.40790926544678,Up_in_Sepsis,0.841269841269842,1.70588611090761e-08,GSE57065
MPO,GSE95233,22,51,4.92856586409091,6.75881621127451,4.9404758025,6.03816741,1.8302503471836,Up_in_Sepsis,0.905525846702317,4.65472975591541e-08,GSE57065
TBC1D4,GSE137340,14,43,5.43786769642857,5.46914916665116,5.3740103205,5.546613936,0.0312814702225914,Up_in_Sepsis,0.504983388704319,0.963464689999678,GSE57065
TBC1D4,GSE236713,30,125,1.79231042666667,-0.538257457464,1.70606735,-0.3567071,-2.33056788413067,Down_in_Sepsis,0.00746666666666667,6.11441610250757e-17,GSE57065
TBC1D4,GSE54514,18,35,7.20126271233333,7.22801118582857,7.144759655,7.178913593,0.0267484734952381,Up_in_Sepsis,0.53015873015873,0.730730102071719,GSE57065
TBC1D4,GSE65682,42,51,2.83027375319048,2.45488948801961,2.624195817,2.383416346,-0.375384265170868,Down_in_Sepsis,0.273109243697479,0.000178209697391078,GSE57065
TBC1D4,GSE95233,22,51,6.81278753181818,5.41639427460784,6.77776977,5.444948725,-1.39639325721034,Down_in_Sepsis,0.0320855614973262,2.87149299473703e-10,GSE57065
FLOT1,GSE137340,14,43,9.24425606878571,10.1690713976977,8.939208067,10.23693209,0.92481532891196,Up_in_Sepsis,0.792358803986711,0.000757448462939206,GSE57065
FLOT1,GSE236713,30,125,-1.165068242,0.223471958176,-1.1975839,0.32332516,1.388540200176,Up_in_Sepsis,0.939733333333333,8.25220638541581e-14,GSE57065
FLOT1,GSE54514,18,35,10.6643228525556,10.5952044625143,10.58430719,10.71742725,-0.06911839004127,Down_in_Sepsis,0.461111111111111,0.6521574088568,GSE57065
FLOT1,GSE65682,42,51,8.68636359471429,9.08375224970588,8.83385315383334,9.1793227455,0.397388654991596,Up_in_Sepsis,0.722689075630252,0.000234538753894669,GSE57065
FLOT1,GSE95233,22,51,7.74679310647727,9.09481459642157,7.77259990875,9.14834847,1.3480214899443,Up_in_Sepsis,0.997326203208556,2.05178515500888e-11,GSE57065
TBC1D7,GSE137340,14,43,5.61671633878571,6.73491253013954,5.276996927,6.71756793,1.11819619135382,Up_in_Sepsis,0.845514950166113,4.56594410621073e-05,GSE57065
TBC1D7,GSE236713,30,125,-0.4575469658,0.116603444696,-0.406740195,0.11324405,0.574150410496,Up_in_Sepsis,0.905333333333333,5.90263795177242e-12,GSE57065
TBC1D7,GSE54514,18,35,7.87161596622222,7.94773457391429,7.856547356,7.876677513,0.076118607692063,Up_in_Sepsis,0.546031746031746,0.595788354333167,GSE57065
TBC1D7,GSE65682,42,51,4.03437470842857,4.68178867282353,3.9720966605,4.687471572,0.647413964394958,Up_in_Sepsis,0.799253034547152,7.62783761565202e-07,GSE57065
TBC1D7,GSE95233,22,51,5.19498902022727,5.67338753009804,5.19933672,5.6175436,0.478398509870766,Up_in_Sepsis,0.864527629233512,9.06106766121862e-07,GSE57065
WDR54,GSE137340,14,43,6.94464982978571,7.0669306184186,6.7588218165,6.881276341,0.122280788632891,Up_in_Sepsis,0.574750830564784,0.413669783035459,GSE57065
WDR54,GSE236713,30,125,1.227231487,-0.312700614624,1.26547095,-0.2917421,-1.539932101624,Down_in_Sepsis,0.0112,1.04470720762514e-16,GSE57065
WDR54,GSE54514,18,35,7.76683719961111,7.75551064348572,7.672617912,7.635645866,-0.0113265561253968,Down_in_Sepsis,0.466666666666667,0.700220762319713,GSE57065
WDR54,GSE65682,42,51,3.60488360419048,3.1011597734902,3.376050639,2.972349846,-0.503723830700281,Down_in_Sepsis,0.276377217553688,0.000220738921520509,GSE57065
WDR54,GSE95233,22,51,7.45122088227273,6.09507323431373,7.407006945,6.11579538,-1.356147647959,Down_in_Sepsis,0.00445632798573975,2.41819260539641e-11,GSE57065
USP11,GSE137340,14,43,5.49829490878572,5.63761052409302,5.420901539,5.602518765,0.139315615307309,Up_in_Sepsis,0.556478405315615,0.538756643962947,GSE57065
USP11,GSE236713,30,125,1.22974691616667,-0.065262743532,1.26205195,-0.06613338,-1.29500965969867,Down_in_Sepsis,0.0336,2.39148221399339e-15,GSE57065
USP11,GSE54514,18,35,7.242617819,7.21510011128571,7.2462449075,7.209900379,-0.0275177077142859,Down_in_Sepsis,0.361904761904762,0.104679689649896,GSE57065
USP11,GSE65682,42,51,4.47281165547619,3.88011481696078,4.4219169945,3.874351241,-0.592696838515407,Down_in_Sepsis,0.256769374416433,5.86302607729117e-05,GSE57065
USP11,GSE95233,22,51,6.31754345272727,5.31865872176471,6.28241341,5.25437632,-0.998884730962567,Down_in_Sepsis,0.0454545454545455,9.05517246612493e-10,GSE57065
HMGN3,GSE137340,14,43,4.304859432,4.64052022045349,4.29613704875,4.472333396,0.335660788453489,Up_in_Sepsis,0.928571428571429,7.57955725087636e-08,GSE57065
HMGN3,GSE236713,30,125,1.16113619766667,-0.2952496986,1.17591355,-0.24154401,-1.45638589626667,Down_in_Sepsis,0.032,1.9213337153322e-15,GSE57065
HMGN3,GSE54514,18,35,7.16714183483333,7.15611050474286,7.156966925,7.143279076,-0.0110313300904759,Down_in_Sepsis,0.411111111111111,0.300340734781541,GSE57065
HMGN3,GSE65682,42,51,4.35855524967857,3.7569734415098,4.2773614045,3.7769206565,-0.601581808168767,Down_in_Sepsis,0.164332399626517,2.90919121368197e-08,GSE57065
HMGN3,GSE95233,22,51,8.02071305681818,6.87577318372549,7.96402491,6.89547269,-1.14493987309269,Down_in_Sepsis,0.0115864527629234,4.63944869067713e-11,GSE57065
CYB5R1,GSE137340,14,43,6.3196704895,7.95795986848837,6.154026823,7.95684116,1.63828937898837,Up_in_Sepsis,0.928571428571429,7.57955725087636e-08,GSE57065
CYB5R1,GSE236713,30,125,-0.237758159233333,0.147999844024,-0.209058285,0.13319969,0.385758003257333,Up_in_Sepsis,0.723733333333333,0.000146070156572098,GSE57065
CYB5R1,GSE54514,18,35,8.98223363016667,9.01604281831429,8.939682484,8.998031616,0.0338091881476199,Up_in_Sepsis,0.517460317460317,0.845174025846265,GSE57065
CYB5R1,GSE65682,42,51,5.06975704723016,6.03091804543791,5.06324544816667,6.084449159,0.961160998207751,Up_in_Sepsis,0.919701213818861,4.02176143670063e-12,GSE57065
CYB5R1,GSE95233,22,51,4.87653129931818,5.50911197627451,4.841807945,5.52366388,0.632580676956328,Up_in_Sepsis,0.958110516934046,6.6870715209803e-10,GSE57065
DOK3,GSE137340,14,43,5.40086906421429,6.33753827088372,5.2127208245,6.322302534,0.936669206669436,Up_in_Sepsis,0.767441860465116,0.00226161516289298,GSE57065
DOK3,GSE236713,30,125,-1.67909428755556,0.224177715392,-1.6654524,0.268820764,1.90327200294756,Up_in_Sepsis,0.990133333333333,8.63190787799774e-17,GSE57065
DOK3,GSE54514,18,35,8.13020131327778,8.03837145397143,8.153305531,8.144927025,-0.0918298593063493,Down_in_Sepsis,0.425396825396825,0.38603295488447,GSE57065
DOK3,GSE65682,42,51,6.22396526465476,6.32483940677451,6.2491345155,6.3407494175,0.100874142119748,Up_in_Sepsis,0.560224089635854,0.321188145156386,GSE57065
DOK3,GSE95233,22,51,7.86645108681818,8.85841136941177,7.9507644575,8.90433151,0.991960282593584,Up_in_Sepsis,0.972370766488413,1.94435767733088e-10,GSE57065
NUSAP1,GSE137340,14,43,4.84754210932143,5.72190968913954,4.479372356,5.435684919,0.874367579818106,Up_in_Sepsis,0.872093023255814,8.24463721259666e-06,GSE57065
NUSAP1,GSE236713,30,125,-1.144938931,0.184010742184,-1.1821208,0.10547876,1.328949673184,Up_in_Sepsis,0.886933333333334,5.04942079900385e-11,GSE57065
NUSAP1,GSE54514,18,35,7.41447153355556,7.58718887741429,7.41761934775,7.5285303595,0.17271734385873,Up_in_Sepsis,0.665079365079365,0.0512864999292285,GSE57065
NUSAP1,GSE65682,42,51,2.31635408975397,3.1385205360719,2.289734528,2.781785024,0.822166446317927,Up_in_Sepsis,0.88655462184874,1.67745462605401e-10,GSE57065
NUSAP1,GSE95233,22,51,4.73952126931818,6.07991348176471,4.7505074975,5.6997716,1.34039221244652,Up_in_Sepsis,0.923351158645276,1.16712386229402e-08,GSE57065
TOMM40L,GSE137340,14,43,5.48796499157143,6.39844447472093,5.346166092,6.425259998,0.910479483149502,Up_in_Sepsis,0.847176079734219,4.13098133247111e-05,GSE57065
TOMM40L,GSE236713,30,125,-1.185955145,0.426428105984,-1.204201,0.44114685,1.612383250984,Up_in_Sepsis,0.944533333333333,4.42812327766133e-14,GSE57065
TOMM40L,GSE54514,18,35,7.32491298525,7.35035275725714,7.308074236,7.3380525115,0.0254397720071431,Up_in_Sepsis,0.56984126984127,0.417561982091769,GSE57065
TOMM40L,GSE65682,42,51,2.5815750775,2.76353676362745,2.537908222,2.754491219,0.181961686127451,Up_in_Sepsis,0.647058823529412,0.0151849341254925,GSE57065
TOMM40L,GSE95233,22,51,5.49804219863636,6.68718420509804,5.51934621,6.62689003,1.18914200646168,Up_in_Sepsis,0.992869875222816,3.09077930949446e-11,GSE57065
DYRK2,GSE137340,14,43,6.85232160559524,7.01527731642636,6.73589147816667,6.91390101966667,0.162955710831119,Up_in_Sepsis,0.573089700996678,0.424295910299058,GSE57065
DYRK2,GSE236713,30,125,1.35593036266667,-0.430184983368,1.3771887,-0.3400731,-1.78611534603467,Down_in_Sepsis,0.00986666666666667,8.63190787799774e-17,GSE57065
DYRK2,GSE54514,18,35,7.79651194154167,7.85631804811429,7.7922880055,7.71498012525,0.0598061065726192,Up_in_Sepsis,0.573015873015873,0.396380670853483,GSE57065
DYRK2,GSE65682,42,51,3.3386985775,2.84668979696569,3.048677431125,2.7980315135,-0.492008780534314,Down_in_Sepsis,0.295051353874883,0.000711219090907829,GSE57065
DYRK2,GSE95233,22,51,6.55505491477273,4.98056270980392,6.47301483,4.9024808275,-1.57449220496881,Down_in_Sepsis,0,1.60188706567253e-11,GSE57065
MAN1A1,GSE137340,14,43,5.13464665171429,5.65894574311628,4.8625548995,5.577880882,0.524299091401993,Up_in_Sepsis,0.744186046511628,0.00564374679021193,GSE57065
MAN1A1,GSE236713,30,125,-0.807728851166667,0.04536863128,-0.801960705,0.08826518,0.853097482446667,Up_in_Sepsis,0.881333333333333,9.52145944207486e-11,GSE57065
MAN1A1,GSE54514,18,35,7.79152949661111,7.75925510954286,7.749751568,7.825304985,-0.032274387068254,Down_in_Sepsis,0.502380952380952,0.985015344860853,GSE57065
MAN1A1,GSE65682,42,51,4.80973082888095,5.65856288477941,4.6331179925,5.779392985,0.848832055898459,Up_in_Sepsis,0.795518207282913,1.04538904539685e-06,GSE57065
MAN1A1,GSE95233,22,51,6.61289860522727,7.83762681490196,6.7148550325,7.88069167,1.22472820967469,Up_in_Sepsis,0.951871657754011,1.1350067909103e-09,GSE57065
ACER3,GSE137340,14,43,6.06819525235714,7.34387312363953,5.83769596725,7.331703519,1.27567787128239,Up_in_Sepsis,0.885382059800665,3.17289010265243e-06,GSE57065
ACER3,GSE236713,30,125,-0.6687739604,0.257773583936,-0.49246311,0.3676746,0.926547544336,Up_in_Sepsis,0.759733333333333,1.03807429853664e-05,GSE57065
ACER3,GSE54514,18,35,9.38691801488889,9.6129014698,9.215175152,9.575764656,0.225983454911113,Up_in_Sepsis,0.578571428571429,0.357417247786138,GSE57065
ACER3,GSE65682,42,51,3.43824333679365,4.41551928049346,3.39502614958333,4.43610782766667,0.977275943699814,Up_in_Sepsis,0.875816993464053,5.27372854023542e-10,GSE57065
ACER3,GSE95233,22,51,4.94110338219697,6.96670663833333,4.9239103075,6.88641480666667,2.02560325613636,Up_in_Sepsis,0.997326203208556,2.05178515500888e-11,GSE57065
GSN,GSE137340,14,43,4.22377401442857,4.52488996448837,4.187802175,4.308931746,0.301115950059801,Up_in_Sepsis,0.792358803986711,0.000757448462939206,GSE57065
GSN,GSE236713,30,125,-1.55273077816667,0.249167161436,-1.578709475,0.13222444,1.80189793960267,Up_in_Sepsis,0.987466666666667,1.26375431476583e-16,GSE57065
GSN,GSE54514,18,35,7.77994834038889,7.93659954071429,7.761471033,7.916757107,0.156651200325397,Up_in_Sepsis,0.604761904761905,0.220939150662259,GSE57065
GSN,GSE65682,42,51,7.02865115857143,7.56613318905882,7.1103088395,7.550005003,0.537482030487395,Up_in_Sepsis,0.76937441643324,8.56400623491198e-06,GSE57065
GSN,GSE95233,22,51,5.48185846159091,5.729662105,5.4961630925,5.66805268,0.247803643409091,Up_in_Sepsis,0.748663101604278,0.000813560722399155,GSE57065
CDC20,GSE137340,14,43,5.20260497228571,6.6762787815814,4.526809443,6.390373869,1.47367380929568,Up_in_Sepsis,0.803986710963455,0.000434777002978728,GSE57065
CDC20,GSE236713,30,125,-1.9221575251,0.161695734608,-1.78365495,0.25609207,2.083853259708,Up_in_Sepsis,0.92,9.95838637189864e-13,GSE57065
CDC20,GSE54514,18,35,7.51751671894444,7.71507531571429,7.4473917485,7.643301487,0.197558596769841,Up_in_Sepsis,0.592063492063492,0.283133764153369,GSE57065
CDC20,GSE65682,42,51,2.43415611540476,3.29013629558824,2.474548692,3.082701499,0.855980180183473,Up_in_Sepsis,0.88608776844071,1.76424246483822e-10,GSE57065
CDC20,GSE95233,22,51,4.85527110772727,5.57583759627451,4.92485206,5.44288233,0.720566488547237,Up_in_Sepsis,0.893939393939394,1.10997260814708e-07,GSE57065
ZNF331,GSE137340,14,43,4.54073064508929,4.82687522751163,4.56112953975,4.71500806175,0.286144582422342,Up_in_Sepsis,0.81063122923588,0.000312251163096141,GSE57065
ZNF331,GSE236713,30,125,0.953477680788889,-0.156995782525333,1.02763461333334,-0.13865257,-1.11047346331422,Down_in_Sepsis,0.0357333333333333,3.19836502929864e-15,GSE57065
ZNF331,GSE54514,18,35,7.16115809370371,7.13792643778095,7.157583952,7.130355358,-0.0232316559227517,Down_in_Sepsis,0.380952380952381,0.163232997664367,GSE57065
ZNF331,GSE65682,42,51,3.54891470767857,3.08650428648039,3.46059364725,3.091039797,-0.462410421198179,Down_in_Sepsis,0.166199813258637,3.46929065408589e-08,GSE57065
ZNF331,GSE95233,22,51,5.54157874204546,4.93893834107843,5.5069541925,4.896994065,-0.602640400967023,Down_in_Sepsis,0.0552584670231729,2.06018498425851e-09,GSE57065
SLC1A3,GSE137340,14,43,4.48188100335714,5.26234474588372,4.2988367575,4.874028354,0.780463742526578,Up_in_Sepsis,0.830564784053156,0.00010836477926158,GSE57065
SLC1A3,GSE236713,30,125,-2.476037202,0.847582395524,-2.51835965,0.82272325,3.323619597524,Up_in_Sepsis,0.9904,8.30812206318591e-17,GSE57065
SLC1A3,GSE54514,18,35,7.44207655061111,7.41151992254286,7.22416544,7.191098213,-0.0305566280682541,Down_in_Sepsis,0.428571428571429,0.406890737204955,GSE57065
SLC1A3,GSE65682,42,51,2.61505117280159,2.69630968712418,2.4794716965,2.567343465,0.0812585143225957,Up_in_Sepsis,0.594304388422035,0.119808285134035,GSE57065
SLC1A3,GSE95233,22,51,3.9402980125,5.45196096058824,3.9859677775,5.38823924,1.51166294808824,Up_in_Sepsis,0.999108734402852,1.73990990394731e-11,GSE57065
LY96,GSE137340,14,43,7.41408872221429,9.92685163725581,6.70322251,10.25331571,2.51276291504153,Up_in_Sepsis,0.830564784053156,0.00010836477926158,GSE57065
LY96,GSE236713,30,125,-1.29393349566667,0.030431864064,-1.4169574,0.05807972,1.32436535973067,Up_in_Sepsis,0.956,9.74728284615764e-15,GSE57065
LY96,GSE54514,18,35,11.1674271165556,11.1535691122286,11.07376528,10.91038418,-0.013858004326984,Down_in_Sepsis,0.508730158730159,0.925182301343194,GSE57065
LY96,GSE65682,42,51,7.33274887945238,7.50797329131373,7.196952624,7.613331044,0.175224411861345,Up_in_Sepsis,0.57796451914099,0.198659875398559,GSE57065
LY96,GSE95233,22,51,7.150900215,9.64002873215686,7.243820295,9.75927487,2.48912851715686,Up_in_Sepsis,0.982174688057041,8.14407368438532e-11,GSE57065
FHIT,GSE137340,14,43,4.54590930442857,4.89266365593023,4.399561154,4.83722906,0.346754351501661,Up_in_Sepsis,0.712624584717608,0.0168688224440177,GSE57065
FHIT,GSE236713,30,125,1.72235265033333,-0.400628163456,1.74746635,-0.37112284,-2.12298081378933,Down_in_Sepsis,0.0282666666666667,1.1496266352639e-15,GSE57065
FHIT,GSE54514,18,35,7.21225375588889,7.23171369002857,7.183431387,7.186676025,0.0194599341396824,Up_in_Sepsis,0.496825396825397,0.977746942500812,GSE57065
FHIT,GSE65682,42,51,3.9493621442381,3.39674858940196,3.79063013675,3.313987758,-0.552613554836134,Down_in_Sepsis,0.291783380018674,0.000583312485993505,GSE57065
FHIT,GSE95233,22,51,5.55071483136364,4.1011215672549,5.510172445,3.98972778,-1.44959326410874,Down_in_Sepsis,0.0409982174688057,6.19679960010317e-10,GSE57065
FEM1C,GSE137340,14,43,6.63242736,8.29958290223256,6.4240635395,8.227627676,1.66715554223256,Up_in_Sepsis,0.867109634551495,4.35406099715591e-05,GSE57065
FEM1C,GSE236713,30,125,-0.938265116666667,0.24833075108,-0.98257757,0.20626926,1.18659586774667,Up_in_Sepsis,0.918133333333333,1.25320518707278e-12,GSE57065
FEM1C,GSE54514,18,35,9.06441566661111,9.21357198437143,9.041049957,9.192925453,0.149156317760317,Up_in_Sepsis,0.582539682539682,0.33676180410244,GSE57065
FEM1C,GSE65682,42,51,4.95319744820238,5.32793151965686,5.10553184825,5.280712109,0.374734071454482,Up_in_Sepsis,0.638655462184874,0.0220806177715745,GSE57065
FEM1C,GSE95233,22,51,7.62682322909091,8.74611340666667,7.737954775,8.7632935,1.11929017757576,Up_in_Sepsis,0.967023172905526,3.10305804161485e-10,GSE57065
EPAS1,GSE137340,14,43,4.424952156,5.13099900486047,4.26407848,4.94536309,0.706046848860465,Up_in_Sepsis,0.832225913621262,9.87519484005879e-05,GSE57065
EPAS1,GSE236713,30,125,-2.03433318,0.334835591416,-1.9600272,0.25902677,2.369168771416,Up_in_Sepsis,0.984533333333333,1.91760430413013e-16,GSE57065
EPAS1,GSE54514,18,35,7.40699251505556,7.56302339011429,7.371248484,7.504533291,0.156030875058731,Up_in_Sepsis,0.679365079365079,0.0336987484346747,GSE57065
EPAS1,GSE65682,42,51,2.88832020138095,2.97960713637255,2.782766226,2.933771405,0.0912869349915963,Up_in_Sepsis,0.598039215686274,0.105805180505194,GSE57065
EPAS1,GSE95233,22,51,4.5150123825,5.58524049529412,4.5151882,5.522219435,1.07022811279412,Up_in_Sepsis,0.972370766488413,1.94435767733088e-10,GSE57065
PDSS1,GSE137340,14,43,4.87477783396429,5.80203496423256,4.5902921985,5.5433477345,0.927257130268273,Up_in_Sepsis,0.875415282392027,6.53811501196993e-06,GSE57065
PDSS1,GSE236713,30,125,-1.00155676716667,0.597587169616,-0.9401100725,0.451724645,1.59914393678267,Up_in_Sepsis,0.967733333333333,1.9928233814751e-15,GSE57065
PDSS1,GSE54514,18,35,7.65794539447222,7.60928865158572,7.529928446,7.550133705,-0.0486567428865072,Down_in_Sepsis,0.504761904761905,0.962919951586959,GSE57065
PDSS1,GSE65682,42,51,3.94996409061905,4.58803409526471,4.0685394095,4.555912455,0.638070004645658,Up_in_Sepsis,0.704481792717087,0.000731486509059689,GSE57065
PDSS1,GSE95233,22,51,5.66611093068182,6.75672191901961,5.6697036825,6.728702045,1.09061098833779,Up_in_Sepsis,0.982174688057041,8.14407368438532e-11,GSE57065
TTC3,GSE137340,14,43,6.18149239071429,6.16350391634884,6.1393921695,6.1686691925,-0.017988474365449,Down_in_Sepsis,0.453488372093023,0.614009054792775,GSE57065
TTC3,GSE236713,30,125,1.1542030185,-0.353639129396,1.194192675,-0.23060298,-1.507842147896,Down_in_Sepsis,0.0114666666666667,1.08528994979761e-16,GSE57065
TTC3,GSE54514,18,35,8.14962307622222,8.3438826152,8.016328812,8.284819603,0.194259538977779,Up_in_Sepsis,0.63015873015873,0.126696950829082,GSE57065
TTC3,GSE65682,42,51,4.11215339126191,3.69043854791667,3.99753431025,3.65191710275,-0.421714843345238,Down_in_Sepsis,0.282913165266106,0.000335869767187596,GSE57065
TTC3,GSE95233,22,51,6.83912278103896,5.50424043112045,6.81790380357143,5.47661537428571,-1.33488234991851,Down_in_Sepsis,0,1.60188706567253e-11,GSE57065
CYYR1,GSE137340,14,43,4.30008888485714,4.82531211746512,4.217911602,4.630778143,0.525223232607973,Up_in_Sepsis,0.878737541528239,5.16186693059591e-06,GSE57065
CYYR1,GSE236713,30,125,-1.0747997875,0.488633174008,-1.18436025,0.61604237,1.563432961508,Up_in_Sepsis,0.898666666666667,1.29897882001981e-11,GSE57065
CYYR1,GSE54514,18,35,7.380106767,7.34473870142857,7.276334286,7.213427544,-0.0353680655714284,Down_in_Sepsis,0.479365079365079,0.816159107237985,GSE57065
CYYR1,GSE65682,42,51,2.23099578516667,2.70906473215686,2.213602467,2.5825090805,0.478068946990196,Up_in_Sepsis,0.880485527544351,3.21716311826814e-10,GSE57065
CYYR1,GSE95233,22,51,3.42785998022727,5.0035517072549,3.3975785875,4.86377811,1.57569172702763,Up_in_Sepsis,0.977718360071301,1.21213677994709e-10,GSE57065
UBL5,GSE137340,14,43,5.41049776998214,6.25013951182558,5.268550405625,6.20783024175,0.839641741843439,Up_in_Sepsis,0.893687707641196,1.67917460911234e-06,GSE57065
UBL5,GSE236713,30,125,-0.305689681566667,-0.036063365632,-0.338374385,-0.012788773,0.269626315934667,Up_in_Sepsis,0.685333333333334,0.001658226942731,GSE57065
UBL5,GSE54514,18,35,8.73538888827778,8.72563792641429,8.7294416415,8.594999552,-0.00975096186349056,Down_in_Sepsis,0.496825396825397,0.977746942500812,GSE57065
UBL5,GSE65682,42,51,8.67088171433333,9.09062276287255,8.6609331285,9.12697465,0.419741048539215,Up_in_Sepsis,0.765172735760971,1.18083502950546e-05,GSE57065
UBL5,GSE95233,22,51,7.16289955272727,8.86143234941176,7.16524337,8.82787972,1.69853279668449,Up_in_Sepsis,1,1.60188706567253e-11,GSE57065
PFKFB2,GSE137340,14,43,4.62022538290476,5.23232464682946,4.35004013416667,5.02867624,0.612099263924695,Up_in_Sepsis,0.843853820598007,5.04245530910106e-05,GSE57065
PFKFB2,GSE236713,30,125,-2.26000509133333,0.733351312316,-2.423886375,0.894303325,2.99335640364933,Up_in_Sepsis,0.913066666666667,2.32721751822594e-12,GSE57065
PFKFB2,GSE54514,18,35,7.57077472292593,7.66353771118095,7.4597402415,7.60244003966667,0.0927629882550267,Up_in_Sepsis,0.573015873015873,0.396380670853483,GSE57065
PFKFB2,GSE65682,42,51,4.07893998481746,5.04283318396405,4.05806536775,4.9927778725,0.963893199146593,Up_in_Sepsis,0.737628384687208,8.65077263309552e-05,GSE57065
PFKFB2,GSE95233,22,51,5.0298247294697,6.89880536212418,5.053907615,6.89724832166667,1.86898063265449,Up_in_Sepsis,1,1.60188706567253e-11,GSE57065
TPST1,GSE137340,14,43,5.1377074625,6.82970276713954,4.6554527225,6.677383253,1.69199530463954,Up_in_Sepsis,0.810631229235881,0.000312251163096141,GSE57065
TPST1,GSE236713,30,125,-3.026685818,0.29540814752,-3.01893575,0.40367484,3.32209396552,Up_in_Sepsis,0.9752,7.11052358786845e-16,GSE57065
TPST1,GSE54514,18,35,8.4354544745,8.41612428928571,8.298698425,8.056647301,-0.0193301852142866,Down_in_Sepsis,0.487301587301587,0.889073268134695,GSE57065
TPST1,GSE65682,42,51,4.66228357109524,5.04576656331373,4.829025787,5.2010724,0.383482992218488,Up_in_Sepsis,0.603641456582633,0.0872698171142742,GSE57065
TPST1,GSE95233,22,51,5.26374798590909,6.95771485764706,5.151191945,6.95301427,1.69396687173797,Up_in_Sepsis,0.959001782531194,6.19679960010317e-10,GSE57065
PHKA2,GSE137340,14,43,7.26072973478571,8.6271443332093,7.1386741355,8.632777558,1.36641459842359,Up_in_Sepsis,0.885382059800664,3.17289010265243e-06,GSE57065
PHKA2,GSE236713,30,125,-0.980780092,0.307192739568,-0.99983405,0.3487935,1.287972831568,Up_in_Sepsis,0.9504,2.05085072128668e-14,GSE57065
PHKA2,GSE54514,18,35,9.09943040238889,9.32224099277143,9.0763783455,9.323565483,0.22281059038254,Up_in_Sepsis,0.636507936507937,0.108826486254413,GSE57065
PHKA2,GSE65682,42,51,5.69322320794048,5.96236782036275,5.702571802,6.1352799205,0.269144612422269,Up_in_Sepsis,0.65359477124183,0.0112120961277788,GSE57065
PHKA2,GSE95233,22,51,6.01450559712121,6.70870667810458,6.00821683333334,6.72997449666667,0.694201080983362,Up_in_Sepsis,0.951871657754011,1.1350067909103e-09,GSE57065
LLGL2,GSE137340,14,43,4.53646867539286,4.61605973504651,4.51929986225,4.520318354,0.0795910596536542,Up_in_Sepsis,0.511627906976744,0.905194739718358,GSE57065
LLGL2,GSE236713,30,125,1.00189000813333,-0.276230320924,1.030899475,-0.265174925,-1.27812032905733,Down_in_Sepsis,0.0538666666666667,3.59312028896703e-14,GSE57065
LLGL2,GSE54514,18,35,7.12688818247222,7.12154406141429,7.11717534075,7.1136932375,-0.00534412105793702,Down_in_Sepsis,0.457142857142857,0.621885846678168,GSE57065
LLGL2,GSE65682,42,51,3.62882659878571,3.19497647645098,3.590882704,3.176368534,-0.433850122334734,Down_in_Sepsis,0.176003734827264,8.61185098001542e-08,GSE57065
LLGL2,GSE95233,22,51,6.33881127075758,5.60236114287582,6.377126535,5.58703583666667,-0.73645012788176,Down_in_Sepsis,0.00623885918003565,2.84841857067922e-11,GSE57065
FAM110B,GSE137340,14,43,4.32520651678571,4.73021222623256,4.2711306115,4.485282174,0.405005709446844,Up_in_Sepsis,0.870431893687708,9.24335675110831e-06,GSE57065
FAM110B,GSE236713,30,125,-2.27529002666667,0.376181942752,-2.1886432,0.23004246,2.65147196941867,Up_in_Sepsis,0.971466666666667,1.19273989918378e-15,GSE57065
FAM110B,GSE54514,18,35,7.29289939661111,7.37834177014286,7.2426099775,7.247424603,0.0854423735317456,Up_in_Sepsis,0.533333333333333,0.702910846357363,GSE57065
FAM110B,GSE65682,42,51,3.0576417777381,3.35777572786275,2.9401953135,3.1382969535,0.30013395012465,Up_in_Sepsis,0.664799253034547,0.00650261354751696,GSE57065
FAM110B,GSE95233,22,51,4.70666231939394,5.79027387575163,4.64628395166667,5.76619872,1.08361155635769,Up_in_Sepsis,0.988413547237077,4.63944869067713e-11,GSE57065
CD4,GSE137340,14,43,6.17750543142857,5.24339995665116,6.3336965765,5.136112206,-0.934105474777408,Down_in_Sepsis,0.174418604651163,0.000142549672571846,GSE57065
CD4,GSE236713,30,125,0.8517124739,-0.384954492228,0.9272418,-0.38806795,-1.236666966128,Down_in_Sepsis,0.0829333333333334,1.42849008186007e-12,GSE57065
CD4,GSE54514,18,35,7.41429781911111,7.55217966354286,7.261749983,7.517261982,0.137881844431746,Up_in_Sepsis,0.612698412698413,0.187329444556183,GSE57065
CD4,GSE65682,42,51,2.96461791157143,2.71212943901961,3.002856902,2.697364969,-0.252488472551821,Down_in_Sepsis,0.283846872082166,0.000356304227316836,GSE57065
CD4,GSE95233,22,51,5.78955792363636,4.43294481509804,5.82380931,4.41106811,-1.35661310853832,Down_in_Sepsis,0.0035650623885918,2.22762533627504e-11,GSE57065
