gene_symbol,dataset,n_control,n_sepsis,mean_control,mean_sepsis,median_control,median_sepsis,dataset_logFC,dataset_direction,auc,wilcox_p,heldout_dataset
CD177,GSE137340,14,43,4.84320548114286,6.19967237805233,4.274549700375,5.93976807,1.35646689690947,Up_in_Sepsis,0.867109634551495,1.15818527714491e-05,GSE65682
CD177,GSE236713,30,125,-4.59570063022222,0.997677143048,-4.8352926,1.18436154666667,5.59337777327022,Up_in_Sepsis,0.978933333333333,4.22217230068948e-16,GSE65682
CD177,GSE54514,18,35,8.04642282583333,8.34422796814286,7.585268259,7.933347225,0.297805142309523,Up_in_Sepsis,0.546031746031746,0.595788354333167,GSE65682
CD177,GSE57065,25,28,5.1301448,11.2849585714286,5.00765,11.48255,6.15481377142857,Up_in_Sepsis,0.998571428571429,4.42509124931643e-15,GSE65682
CD177,GSE95233,22,51,5.19170742772727,11.2084004954902,5.25854487,11.39021861,6.01669306776292,Up_in_Sepsis,1,1.60188706567253e-11,GSE65682
VNN1,GSE137340,14,43,5.84198521592857,8.33127632462791,5.2407587655,8.28171284,2.48929110869934,Up_in_Sepsis,0.833887043189369,8.99233343862789e-05,GSE65682
VNN1,GSE236713,30,125,-2.51087958666667,0.174100949376,-2.3667963,0.22361732,2.68498053604267,Up_in_Sepsis,0.966933333333334,2.22338235075182e-15,GSE65682
VNN1,GSE54514,18,35,8.22397820144444,8.80589087351429,8.2312779425,8.825949669,0.581912672069842,Up_in_Sepsis,0.73015873015873,0.0066488422773127,GSE65682
VNN1,GSE57065,25,28,5.4584908,9.17175178571429,5.309355,9.329995,3.71326098571429,Up_in_Sepsis,0.995714285714286,1.54878193726075e-14,GSE65682
VNN1,GSE95233,22,51,6.12347101727273,9.81471244029412,6.2628003225,9.948698,3.69124142302139,Up_in_Sepsis,1,1.60188706567253e-11,GSE65682
TLR5,GSE137340,14,43,7.45698871914286,9.88626998116279,7.152195425,10.11726915,2.42928126201993,Up_in_Sepsis,0.857142857142857,6.99054388330195e-05,GSE65682
TLR5,GSE236713,30,125,-1.76521059833333,0.342181207492,-1.726134175,0.4524085465,2.10739180582533,Up_in_Sepsis,0.986133333333333,1.52795650971528e-16,GSE65682
TLR5,GSE54514,18,35,8.65817268636111,8.86676242032857,8.6723899845,8.870217563,0.208589733967461,Up_in_Sepsis,0.663492063492063,0.0536371037869218,GSE65682
TLR5,GSE57065,25,28,6.7654072,9.0116675,6.80244,9.13032,2.2462603,Up_in_Sepsis,0.997142857142857,8.85018249863286e-15,GSE65682
TLR5,GSE95233,22,51,7.09033071954546,9.28910596784314,7.022787335,9.43570202,2.19877524829768,Up_in_Sepsis,0.989304812834225,4.27867888939574e-11,GSE65682
S100A8,GSE137340,14,43,11.7670707607143,13.8612130895349,11.6478577,13.9794618,2.0941423288206,Up_in_Sepsis,0.900332225913621,8.24610608071691e-06,GSE65682
S100A8,GSE236713,30,125,-1.74534144333333,0.245866349664,-1.83901405,0.19146156,1.99120779299733,Up_in_Sepsis,0.993333333333333,5.44853176760137e-17,GSE65682
S100A8,GSE54514,18,35,14.4818180944444,14.455229432,14.509645465,14.56532383,-0.0265886624444445,Down_in_Sepsis,0.484126984126984,0.858264733607146,GSE65682
S100A8,GSE57065,25,28,9.4961188,10.2673585714286,9.421735,10.24313,0.771239771428572,Up_in_Sepsis,0.88,3.59733314920835e-07,GSE65682
S100A8,GSE95233,22,51,10.7613722531818,13.0814998472549,10.6646902575,13.108627835,2.32012759407308,Up_in_Sepsis,1,1.60188706567253e-11,GSE65682
S100P,GSE137340,14,43,7.11713931071429,10.6221696755814,7.245426574,10.78611659,3.50503036486711,Up_in_Sepsis,0.893687707641196,1.67917460911234e-06,GSE65682
S100P,GSE236713,30,125,-2.98257649866667,0.092648548928,-3.066798,0.20399523,3.07522504759467,Up_in_Sepsis,0.974933333333333,7.3791217923107e-16,GSE65682
S100P,GSE54514,18,35,10.8642796408889,11.5575663426571,10.817378045,11.22842979,0.693286701768255,Up_in_Sepsis,0.665079365079365,0.0512864999292285,GSE65682
S100P,GSE57065,25,28,8.7936928,11.40341,9.09986,11.5109,2.6097172,Up_in_Sepsis,0.985714285714286,3.07543841827492e-13,GSE65682
S100P,GSE95233,22,51,8.66531628136364,11.8757753331373,8.813103335,11.93590325,3.21045905177362,Up_in_Sepsis,0.998217468805704,1.88955739655682e-11,GSE65682
S100A12,GSE137340,14,43,7.70278727485714,11.0668810956512,7.065018702,11.04278397,3.36409382079402,Up_in_Sepsis,0.898671096345515,1.12784882767697e-06,GSE65682
S100A12,GSE236713,30,125,-1.917598468,0.1769893729,-1.901658775,0.180045844,2.0945878409,Up_in_Sepsis,0.973066666666666,9.56049645464289e-16,GSE65682
S100A12,GSE54514,18,35,13.46449889,13.4374514174286,13.757225515,13.76200581,-0.0270474725714287,Down_in_Sepsis,0.479365079365079,0.814369036014009,GSE65682
S100A12,GSE57065,25,28,9.826516,13.2250428571429,9.69309,13.31705,3.39852685714286,Up_in_Sepsis,0.998571428571429,4.42509124931643e-15,GSE65682
S100A12,GSE95233,22,51,9.08179684272727,12.5885895996078,8.865218125,12.6154914,3.50679275688057,Up_in_Sepsis,1,1.60188706567253e-11,GSE65682
IRAK3,GSE137340,14,43,6.47396456585714,9.10218682455814,5.964591442,9.217291858,2.628222258701,Up_in_Sepsis,0.875415282392027,6.53811501196993e-06,GSE65682
IRAK3,GSE236713,30,125,-2.2557758,0.510612487264,-2.2103551,0.74091697,2.766388287264,Up_in_Sepsis,0.9824,2.59297050143436e-16,GSE65682
IRAK3,GSE54514,18,35,9.97324305155556,10.1531717713714,10.1306290635,10.4770212165,0.179928719815873,Up_in_Sepsis,0.6,0.243028800589674,GSE65682
IRAK3,GSE57065,25,28,5.32564786666667,8.14573369047619,5.33925,8.23077,2.82008582380952,Up_in_Sepsis,1,2.21254562465821e-15,GSE65682
IRAK3,GSE95233,22,51,6.60189167469697,9.13780613104575,6.68542414,9.22017156666667,2.53591445634878,Up_in_Sepsis,0.99554367201426,2.41819260539641e-11,GSE65682
TNFAIP6,GSE137340,14,43,6.27006474171429,7.63948308497674,6.136230148,7.544343218,1.36941834326246,Up_in_Sepsis,0.868770764119601,1.0352095404657e-05,GSE65682
TNFAIP6,GSE236713,30,125,-3.05653364,0.290474225472,-2.97301435,0.47928786,3.347007865472,Up_in_Sepsis,0.992533333333333,6.11441610250757e-17,GSE65682
TNFAIP6,GSE54514,18,35,8.65480277255556,8.8839384697,8.66083169025,8.9170858845,0.229135697144445,Up_in_Sepsis,0.677777777777778,0.0353615208408517,GSE65682
TNFAIP6,GSE57065,25,28,7.4643938,9.61311178571429,7.312245,9.727425,2.14871798571429,Up_in_Sepsis,0.944285714285714,3.90036392897249e-10,GSE65682
TNFAIP6,GSE95233,22,51,7.05627400295455,9.5566334022549,7.1440883625,9.421209355,2.50035939930036,Up_in_Sepsis,0.991978609625668,3.35328660937072e-11,GSE65682
ANXA3,GSE137340,14,43,6.19006722014286,8.80938603476744,5.5669530855,8.970790383,2.61931881462459,Up_in_Sepsis,0.838870431893687,6.75807999629674e-05,GSE65682
ANXA3,GSE236713,30,125,-3.47895378333333,0.369189877872,-3.41165095,0.4734826,3.84814366120533,Up_in_Sepsis,0.9616,4.59160112920663e-15,GSE65682
ANXA3,GSE54514,18,35,8.97661760155556,8.53801453448572,8.844226837,8.419454575,-0.43860306706984,Down_in_Sepsis,0.343650793650794,0.0656808931938673,GSE65682
ANXA3,GSE57065,25,28,6.590432,11.05753,6.51191,11.3417,4.467098,Up_in_Sepsis,1,2.21254562465821e-15,GSE65682
ANXA3,GSE95233,22,51,6.21233055909091,10.3470795898039,6.197868215,10.51778229,4.13474903071301,Up_in_Sepsis,1,1.60188706567253e-11,GSE65682
TDRD9,GSE137340,14,43,4.93534616642857,6.7997167887093,4.36161464675,6.3466674295,1.86437062228073,Up_in_Sepsis,0.87375415282392,7.34598051394299e-06,GSE65682
TDRD9,GSE236713,30,125,-3.39393928333333,0.728508634968,-3.5223222,0.61764884,4.12244791830133,Up_in_Sepsis,0.991466666666667,7.12851805331957e-17,GSE65682
TDRD9,GSE54514,18,35,8.22346499241667,8.5398926803,8.05224168325,8.5265431405,0.316427687883333,Up_in_Sepsis,0.619047619047619,0.163232997664367,GSE65682
TDRD9,GSE57065,25,28,3.3303612,6.89073321428572,3.19424,7.142525,3.56037201428571,Up_in_Sepsis,0.99,9.95645531096197e-14,GSE65682
TDRD9,GSE95233,22,51,4.25339464136364,7.46258520078431,4.28958474,7.5901051,3.20919055942068,Up_in_Sepsis,0.993761140819965,2.84841857067922e-11,GSE65682
GPR84,GSE137340,14,43,4.92734887142857,6.88936857467442,4.435268492,6.63126722,1.96201970324585,Up_in_Sepsis,0.882059800664452,4.05663071297044e-06,GSE65682
GPR84,GSE236713,30,125,-2.36265875666667,0.811980091432,-2.3565483,0.67417645,3.17463884809867,Up_in_Sepsis,0.988533333333333,1.08528994979761e-16,GSE65682
GPR84,GSE54514,18,35,8.45748119894445,8.35290996034286,7.911521435,7.836024284,-0.104571238601588,Down_in_Sepsis,0.482539682539683,0.845174025846265,GSE65682
GPR84,GSE57065,25,28,4.3664652,9.12399035714286,4.35207,9.540155,4.75752515714286,Up_in_Sepsis,1,2.21254562465821e-15,GSE65682
GPR84,GSE95233,22,51,4.22026272045455,8.65059058882353,4.09957837,8.75996829,4.43032786836898,Up_in_Sepsis,1,1.60188706567253e-11,GSE65682
MS4A4A,GSE137340,14,43,4.38027034123809,4.79825954171318,4.21162892683333,4.621282503,0.417989200475084,Up_in_Sepsis,0.87375415282392,7.34598051394299e-06,GSE65682
MS4A4A,GSE236713,30,125,-2.61123413333333,0.377198846528,-2.6311412,0.40470123,2.98843297986133,Up_in_Sepsis,0.988533333333334,1.08528994979761e-16,GSE65682
MS4A4A,GSE54514,18,35,7.69527950547222,7.83805843751429,7.73644423475,7.662946701,0.142778932042063,Up_in_Sepsis,0.53968253968254,0.648457933533109,GSE65682
MS4A4A,GSE57065,25,28,4.93951413333333,7.63538952380952,4.82179333333333,7.60882666666667,2.69587539047619,Up_in_Sepsis,0.988571428571429,1.482405568521e-13,GSE65682
MS4A4A,GSE95233,22,51,4.23226711469697,7.65297900960784,4.15824913166667,7.34865074333333,3.42071189491088,Up_in_Sepsis,1,1.60188706567253e-11,GSE65682
DACH1,GSE137340,14,43,4.46732213919048,5.14534074217054,4.34262644933334,4.93249457133333,0.678018602980067,Up_in_Sepsis,0.895348837209303,1.47261484413906e-06,GSE65682
DACH1,GSE236713,30,125,-2.14178051166667,0.192125785648,-2.132796525,0.32250023,2.33390629731467,Up_in_Sepsis,0.9808,3.24868406725649e-16,GSE65682
DACH1,GSE54514,18,35,7.62045986561111,7.60723197565714,7.54754503566667,7.53868643466667,-0.013227889953968,Down_in_Sepsis,0.484126984126984,0.859761640454994,GSE65682
DACH1,GSE57065,25,28,3.41800226666667,6.180005,3.40577333333333,6.26129333333333,2.76200273333333,Up_in_Sepsis,1,2.21254562465821e-15,GSE65682
DACH1,GSE95233,22,51,3.1235810880303,5.35821073751634,3.08244476666667,5.30643560333333,2.23462964948604,Up_in_Sepsis,0.997326203208556,2.05178515500888e-11,GSE65682
GRB10,GSE137340,14,43,4.56440252525,5.22920618850581,4.38811246875,5.0267802825,0.664803663255814,Up_in_Sepsis,0.86046511627907,1.79643132928885e-05,GSE65682
GRB10,GSE236713,30,125,-3.89471878333333,0.417078135436,-3.96789635,0.6052891,4.31179691876933,Up_in_Sepsis,0.9992,2.32616920867582e-17,GSE65682
GRB10,GSE54514,18,35,7.34481861856945,7.42220233847143,7.335484862375,7.44299376025,0.0773837199019836,Up_in_Sepsis,0.604761904761905,0.220939150662259,GSE65682
GRB10,GSE57065,25,28,4.5430876,6.88285482142857,4.53553,7.0517825,2.33976722142857,Up_in_Sepsis,1,2.21254562465821e-15,GSE65682
GRB10,GSE95233,22,51,5.38171027272727,7.47753324985294,5.3005039125,7.5704178725,2.09582297712567,Up_in_Sepsis,0.994652406417112,2.62469054871502e-11,GSE65682
TP53I3,GSE137340,14,43,4.59942489925,5.53219730161628,4.43879523875,5.3940422195,0.932772402366279,Up_in_Sepsis,0.875415282392027,6.53811501196993e-06,GSE65682
TP53I3,GSE236713,30,125,-1.42931272416667,0.220877632548,-1.445740925,0.222686527,1.65019035671467,Up_in_Sepsis,0.9624,4.12045780957839e-15,GSE65682
TP53I3,GSE54514,18,35,7.47757449413889,7.6071469375,7.44879531875,7.5213742255,0.129572443361112,Up_in_Sepsis,0.628571428571429,0.131496116104732,GSE65682
TP53I3,GSE57065,25,28,4.9611108,6.94046321428572,4.92601,7.14898,1.97935241428571,Up_in_Sepsis,1,2.21254562465821e-15,GSE65682
TP53I3,GSE95233,22,51,5.83148782727273,8.2367748072549,5.86947041,8.24667048,2.40528697998217,Up_in_Sepsis,1,1.60188706567253e-11,GSE65682
BCL9L,GSE137340,14,43,5.63381018871429,4.94135932369767,5.6595003125,4.822681264,-0.692450865016611,Down_in_Sepsis,0.131229235880399,1.0352095404657e-05,GSE65682
BCL9L,GSE236713,30,125,1.50684055983333,-0.206247490844,1.51030955,-0.1328442,-1.71308805067733,Down_in_Sepsis,0.008,6.60229162961706e-17,GSE65682
BCL9L,GSE54514,18,35,7.17467631238889,7.1977876664,7.173951626,7.176938057,0.0231113540111112,Up_in_Sepsis,0.517460317460317,0.845174025846265,GSE65682
BCL9L,GSE57065,25,28,6.5540542,5.30580339285714,6.534365,5.2188175,-1.24825080714286,Down_in_Sepsis,0,2.21254562465821e-15,GSE65682
BCL9L,GSE95233,22,51,6.39400990977273,5.13587235127451,6.3346484625,5.107778375,-1.25813755849822,Down_in_Sepsis,0.0017825311942959,1.88955739655682e-11,GSE65682
CLEC4D,GSE137340,14,43,5.1546208625,6.58479816990698,4.582975165,6.382337398,1.43017730740698,Up_in_Sepsis,0.812292358803987,0.0002869816641554,GSE65682
CLEC4D,GSE236713,30,125,-1.81036647083333,0.238648247424,-1.777268525,0.261546255,2.04901471825733,Up_in_Sepsis,0.968,1.9213337153322e-15,GSE65682
CLEC4D,GSE54514,18,35,8.11288634933333,8.09458709437143,8.066710949,7.917171478,-0.0182992549619048,Down_in_Sepsis,0.479365079365079,0.816159107237985,GSE65682
CLEC4D,GSE57065,25,28,5.3772788,9.33756732142857,5.37215,9.7270175,3.96028852142857,Up_in_Sepsis,0.998571428571429,4.42509124931643e-15,GSE65682
CLEC4D,GSE95233,22,51,6.31477353318182,9.76741677529412,6.231621425,9.89875776,3.4526432421123,Up_in_Sepsis,1,1.60188706567253e-11,GSE65682
ABLIM1,GSE137340,14,43,5.85463673442857,5.65571428069186,5.78113520325,5.6068577235,-0.198922453736711,Down_in_Sepsis,0.363787375415282,0.131931166909804,GSE65682
ABLIM1,GSE236713,30,125,1.48281813655555,-0.203484871834667,1.46177024166667,-0.226563213333333,-1.68630300839022,Down_in_Sepsis,0.0146666666666667,1.71188481427709e-16,GSE65682
ABLIM1,GSE54514,18,35,7.47108970751852,7.58333965029524,7.44839056333334,7.573652585,0.112249942776719,Up_in_Sepsis,0.66031746031746,0.0586025873125773,GSE65682
ABLIM1,GSE57065,25,28,7.2038044,5.46805267857143,7.23139,5.4631175,-1.73575172142857,Down_in_Sepsis,0,2.21254562465821e-15,GSE65682
ABLIM1,GSE95233,22,51,8.23902331090909,6.14861887078431,8.206853725,6.06508925,-2.09040444012478,Down_in_Sepsis,0.00267379679144385,2.05178515500888e-11,GSE65682
BCL11B,GSE137340,14,43,5.98113905671429,5.59100855484884,5.9846407675,5.5688549385,-0.390130501865448,Down_in_Sepsis,0.302325581395349,0.0268571212063966,GSE65682
BCL11B,GSE236713,30,125,2.220160065,-0.349411487824,2.257028925,-0.28752565,-2.569571552824,Down_in_Sepsis,0.0064,5.24288184560356e-17,GSE65682
BCL11B,GSE54514,18,35,7.77644255422222,7.81485186991429,7.7203633785,7.658464909,0.0384093156920633,Up_in_Sepsis,0.507936507936508,0.933308660155946,GSE65682
BCL11B,GSE57065,25,28,7.25788853333333,5.18344464285714,7.28888,5.22762166666666,-2.07444389047619,Down_in_Sepsis,0,2.21254562465821e-15,GSE65682
BCL11B,GSE95233,22,51,7.20962040227273,5.29110927601307,7.15841215166667,5.19352229,-1.91851112625966,Down_in_Sepsis,0,1.60188706567253e-11,GSE65682
NELL2,GSE137340,14,43,6.49554174478571,5.89434837602326,6.6868329055,5.813746076,-0.601193368762458,Down_in_Sepsis,0.26578073089701,0.00811465598623881,GSE65682
NELL2,GSE236713,30,125,2.64676992,-0.69962685492,2.7429225,-0.860307,-3.34639677492,Down_in_Sepsis,0.00986666666666667,8.63190787799774e-17,GSE65682
NELL2,GSE54514,18,35,7.36743333611111,7.39712310508571,7.227577448,7.351003647,0.0296897689746025,Up_in_Sepsis,0.523809523809524,0.787389209638866,GSE65682
NELL2,GSE57065,25,28,8.1009788,5.30718821428572,7.99138,5.2103,-2.79379058571429,Down_in_Sepsis,0,2.21254562465821e-15,GSE65682
NELL2,GSE95233,22,51,6.40110207,4.16448993078431,6.443161585,4.09752712,-2.23661213921569,Down_in_Sepsis,0.00802139037433155,3.35212501057368e-11,GSE65682
ANKRD22,GSE137340,14,43,5.63655461485714,8.05516097733721,4.955305934,7.786172296,2.41860636248007,Up_in_Sepsis,0.872093023255814,8.24463721259666e-06,GSE65682
ANKRD22,GSE236713,30,125,-2.85101746333333,1.022537681272,-2.8997055,0.98461366,3.87355514460533,Up_in_Sepsis,0.958933333333333,6.57843625058159e-15,GSE65682
ANKRD22,GSE54514,18,35,8.52571954986111,8.87529359547143,8.69458103175,8.477663517,0.349574045610316,Up_in_Sepsis,0.571428571428571,0.406890737204955,GSE65682
ANKRD22,GSE57065,25,28,4.9164542,8.50486089285714,4.857295,8.6982375,3.58840669285714,Up_in_Sepsis,0.982857142857143,6.01812409907034e-13,GSE65682
ANKRD22,GSE95233,22,51,4.29564052431818,8.56352469696078,4.1869591325,8.686646645,4.2678841726426,Up_in_Sepsis,1,1.60188706567253e-11,GSE65682
UPP1,GSE137340,14,43,6.36924055446429,7.75294618354651,6.110650695,7.8271669045,1.38370562908223,Up_in_Sepsis,0.897009966777409,1.28968008164182e-06,GSE65682
UPP1,GSE236713,30,125,-0.8235940235,0.238714968964,-0.774116155,0.20617473,1.062308992464,Up_in_Sepsis,0.908,4.29036556442579e-12,GSE65682
UPP1,GSE54514,18,35,10.8585038179444,10.9527827404,10.631633755,11.0500412,0.0942789224555547,Up_in_Sepsis,0.533333333333333,0.700209260766534,GSE65682
UPP1,GSE57065,25,28,7.2129604,9.45425107142857,7.22195,9.60008,2.24129067142857,Up_in_Sepsis,1,2.21254562465821e-15,GSE65682
UPP1,GSE95233,22,51,7.75446764272727,9.99851484803922,7.77230046,10.03599566,2.24404720531194,Up_in_Sepsis,1,1.60188706567253e-11,GSE65682
CD3E,GSE137340,14,43,8.07039240107143,5.88392111839535,8.276842362,5.779868265,-2.18647128267608,Down_in_Sepsis,0.053156146179402,1.01995612661308e-08,GSE65682
CD3E,GSE236713,30,125,1.97366016666667,-0.193724511728,2.02472565,-0.16553044,-2.16738467839467,Down_in_Sepsis,0.0306666666666667,1.60007772207837e-15,GSE65682
CD3E,GSE54514,18,35,7.93333676116667,8.04534809934286,7.8882203105,7.870785713,0.11201133817619,Up_in_Sepsis,0.531746031746032,0.716774420138131,GSE65682
CD3E,GSE57065,25,28,8.8292944,6.82665,8.76822,6.719105,-2.0026444,Down_in_Sepsis,0.0214285714285714,1.51338120726622e-12,GSE65682
CD3E,GSE95233,22,51,6.84893544818182,4.84148069254902,6.812105725,4.83025782,-2.0074547556328,Down_in_Sepsis,0.0071301247771836,3.08970483898191e-11,GSE65682
NLRC4,GSE137340,14,43,5.55132285385714,7.22118646581395,5.1589393945,7.26193747,1.66986361195681,Up_in_Sepsis,0.805647840531561,0.000400631980255359,GSE65682
NLRC4,GSE236713,30,125,-1.78090573316667,0.349063856668,-1.6988298,0.45337687,2.12996958983467,Up_in_Sepsis,0.968266666666667,1.85237119125629e-15,GSE65682
NLRC4,GSE54514,18,35,8.24117922783333,8.49875315257143,8.0718331335,8.417428017,0.257573924738095,Up_in_Sepsis,0.626984126984127,0.136432076366508,GSE65682
NLRC4,GSE57065,25,28,5.35220746666667,7.07516642857143,5.33810333333333,7.13635333333334,1.72295896190476,Up_in_Sepsis,0.99,9.95645531096197e-14,GSE65682
NLRC4,GSE95233,22,51,5.92346704727273,8.06012161640523,6.00441967333333,8.09675851666667,2.1366545691325,Up_in_Sepsis,0.998217468805704,1.88955739655682e-11,GSE65682
ATP6V1C1,GSE137340,14,43,5.04136580589286,5.73415236531395,4.906265868,5.689115671,0.692786559421096,Up_in_Sepsis,0.830564784053156,0.00010836477926158,GSE65682
ATP6V1C1,GSE236713,30,125,-1.074058834,0.236285986636,-1.054627425,0.22516934,1.310344820636,Up_in_Sepsis,0.9792,4.06725214686755e-16,GSE65682
ATP6V1C1,GSE54514,18,35,7.69440666833333,7.66646626334286,7.6981620785,7.6462945935,-0.0279404049904759,Down_in_Sepsis,0.465079365079365,0.689143463767284,GSE65682
ATP6V1C1,GSE57065,25,28,5.6078049,7.47761964285714,5.6252925,7.68454375,1.86981474285714,Up_in_Sepsis,0.951428571428571,1.46118725598053e-10,GSE65682
ATP6V1C1,GSE95233,22,51,5.22768845727273,7.05554861,5.23748087375,7.145759595,1.82786015272727,Up_in_Sepsis,0.994652406417112,2.62469054871502e-11,GSE65682
MMP9,GSE137340,14,43,8.84626856864286,10.9993188026744,8.732213813,10.86574729,2.15305023403156,Up_in_Sepsis,0.820598006644518,0.000186294412620237,GSE65682
MMP9,GSE236713,30,125,-4.77118858666667,0.559798947816,-4.74752355,0.6349735,5.33098753448267,Up_in_Sepsis,0.991466666666667,7.12851805331957e-17,GSE65682
MMP9,GSE54514,18,35,12.1494886077778,12.3117602898286,12.141063215,12.31563473,0.162271682050793,Up_in_Sepsis,0.558730158730159,0.493002190492281,GSE65682
MMP9,GSE57065,25,28,8.8954708,11.9319703571429,8.90457,12.037,3.03649955714286,Up_in_Sepsis,0.978571428571428,1.51338120726622e-12,GSE65682
MMP9,GSE95233,22,51,6.91074298590909,10.1395984860784,6.96883545,10.22683266,3.22885550016934,Up_in_Sepsis,0.980392156862745,9.55234536735608e-11,GSE65682
ARG1,GSE137340,14,43,5.39318331628572,8.42492957209302,4.8148795855,8.18703108,3.03174625580731,Up_in_Sepsis,0.903654485049834,7.47687024826658e-07,GSE65682
ARG1,GSE236713,30,125,-5.70737630333333,0.607655357684,-5.273505225,1.0022521,6.31503166101733,Up_in_Sepsis,0.988533333333333,1.08528994979761e-16,GSE65682
ARG1,GSE54514,18,35,9.91732189377778,9.94933240062857,9.8969225885,10.34985065,0.0320105068507939,Up_in_Sepsis,0.519047619047619,0.830638269796872,GSE65682
ARG1,GSE57065,25,28,3.2255926,4.93748616071429,3.2431525,4.861785,1.71189356071429,Up_in_Sepsis,1,2.21254562465821e-15,GSE65682
ARG1,GSE95233,22,51,4.60294954704546,8.15285476784314,4.57397270125,8.3056969125,3.54990522079768,Up_in_Sepsis,1,1.60188706567253e-11,GSE65682
CARD6,GSE137340,14,43,4.63616553407143,4.91750596602326,4.4106857275,4.89764085,0.281340431951827,Up_in_Sepsis,0.777408637873754,0.00148209884903873,GSE65682
CARD6,GSE236713,30,125,-1.64551811633333,0.174654875544,-1.6436938,0.15912545,1.82017299187733,Up_in_Sepsis,0.987733333333334,1.21659665288115e-16,GSE65682
CARD6,GSE54514,18,35,7.45402614283333,7.30953249248571,7.485522509,7.291709423,-0.144493650347619,Down_in_Sepsis,0.292063492063492,0.0132432221949124,GSE65682
CARD6,GSE57065,25,28,6.9144216,8.6368225,6.95104,8.737985,1.7224009,Up_in_Sepsis,0.997142857142857,8.85018249863286e-15,GSE65682
CARD6,GSE95233,22,51,7.62536779272727,9.29978000666667,7.537637815,9.40990241,1.67441221393939,Up_in_Sepsis,0.99108734402852,3.63757408976493e-11,GSE65682
CA4,GSE137340,14,43,6.91940812057143,9.65519712048837,6.459628585,9.669696759,2.73578899991694,Up_in_Sepsis,0.880398671096346,4.5786917253501e-06,GSE65682
CA4,GSE236713,30,125,-3.66853894,0.384889875952,-3.70356985,0.6014385,4.053428815952,Up_in_Sepsis,0.972533333333333,1.0292890169365e-15,GSE65682
CA4,GSE54514,18,35,10.6089483364444,10.6232313162,10.449402335,10.4002409,0.0142829797555546,Up_in_Sepsis,0.501587301587302,0.992507342069996,GSE65682
CA4,GSE57065,25,28,6.0628788,8.69593821428571,5.889615,8.6840025,2.63305941428571,Up_in_Sepsis,0.978571428571428,1.51338120726622e-12,GSE65682
CA4,GSE95233,22,51,5.33730089909091,7.46785604637255,5.2940546725,7.43619414,2.13055514728164,Up_in_Sepsis,1,1.60188706567253e-11,GSE65682
RETN,GSE137340,14,43,5.20533511935714,7.98698026388372,4.6106590085,8.017298027,2.78164514452658,Up_in_Sepsis,0.853820598006645,2.74394577444583e-05,GSE65682
RETN,GSE236713,30,125,-3.35105348333333,0.713783831712,-3.412232375,0.611680735,4.06483731504533,Up_in_Sepsis,0.9864,1.47108884225019e-16,GSE65682
RETN,GSE54514,18,35,9.55170414166667,9.70309085842857,9.6156725885,9.064110756,0.151386716761905,Up_in_Sepsis,0.53015873015873,0.730730102071719,GSE65682
RETN,GSE57065,25,28,4.613864,9.30737357142857,4.54531,9.56555,4.69350957142857,Up_in_Sepsis,0.997142857142857,8.85018249863286e-15,GSE65682
RETN,GSE95233,22,51,5.149751095,7.83679717882353,5.05946805,8.05463729,2.68704608382353,Up_in_Sepsis,0.986631016042781,5.45249501386452e-11,GSE65682
RNASE2,GSE137340,14,43,7.73033038857143,10.6338123868837,7.4552856515,11.07030608,2.90348199831229,Up_in_Sepsis,0.888704318936877,2.46942812179279e-06,GSE65682
RNASE2,GSE236713,30,125,-1.96222776066667,0.158999471508,-2.013210425,0.282015202,2.12122723217467,Up_in_Sepsis,0.904266666666667,6.70227324101856e-12,GSE65682
RNASE2,GSE54514,18,35,10.78919024,11.2153499872857,10.87018156,11.41287899,0.426159747285714,Up_in_Sepsis,0.683333333333333,0.0307784193547815,GSE65682
RNASE2,GSE57065,25,28,7.5409372,10.5329417857143,7.54956,10.5821,2.99200458571429,Up_in_Sepsis,0.991428571428571,6.63763687397464e-14,GSE65682
RNASE2,GSE95233,22,51,6.77813487681818,9.51050022568627,6.78675501,9.64329331,2.73236534886809,Up_in_Sepsis,0.988413547237077,4.63944869067713e-11,GSE65682
LRG1,GSE137340,14,43,7.87875290635714,9.98168908925581,7.719882162,10.02217396,2.10293618289867,Up_in_Sepsis,0.837209302325582,7.43901516703796e-05,GSE65682
LRG1,GSE236713,30,125,-2.65232736133333,0.29905142176,-2.67979765,0.35753083,2.95137878309333,Up_in_Sepsis,0.976533333333333,5.90546839114587e-16,GSE65682
LRG1,GSE54514,18,35,10.3734534596111,10.7517133432857,10.34638739,10.96588039,0.378259883674604,Up_in_Sepsis,0.646825396825397,0.083998876917753,GSE65682
LRG1,GSE57065,25,28,7.8083352,9.46729642857143,7.68215,9.48017,1.65896122857143,Up_in_Sepsis,0.981428571428571,8.25279517997514e-13,GSE65682
LRG1,GSE95233,22,51,6.20405822181818,8.02818196529412,6.262803945,8.14824263,1.82412374347594,Up_in_Sepsis,0.977718360071301,1.21213677994709e-10,GSE65682
KIF1B,GSE137340,14,43,5.5280883277381,6.98780796731783,5.38700894516667,6.79839942466667,1.45971963957973,Up_in_Sepsis,0.898671096345515,1.12784882767697e-06,GSE65682
KIF1B,GSE236713,30,125,-1.65837921791667,0.35785732652,-1.72017819125,0.32322859875,2.01623654443667,Up_in_Sepsis,0.9752,7.11052358786845e-16,GSE65682
KIF1B,GSE54514,18,35,8.26908577820371,8.51468252,8.1966413655,8.46628014266667,0.245596741796295,Up_in_Sepsis,0.706349206349206,0.013996501301365,GSE65682
KIF1B,GSE57065,25,28,5.2217212,6.61516098214286,5.234115,6.6660875,1.39343978214286,Up_in_Sepsis,1,2.21254562465821e-15,GSE65682
KIF1B,GSE95233,22,51,6.27562536386364,7.85202734083333,6.2762148775,7.9329280575,1.5764019769697,Up_in_Sepsis,0.986631016042781,5.45249501386452e-11,GSE65682
BMX,GSE137340,14,43,4.55935966323214,5.1446709944593,4.41826334425,5.06878465175,0.585311331227159,Up_in_Sepsis,0.857142857142857,2.22434280928559e-05,GSE65682
BMX,GSE236713,30,125,-4.15024724333333,0.579676904416,-3.85938645,0.6586814,4.72992414774933,Up_in_Sepsis,0.98,3.63532984217555e-16,GSE65682
BMX,GSE54514,18,35,7.43563013605556,7.41986342155714,7.3555368185,7.3635334965,-0.0157667144984135,Down_in_Sepsis,0.515873015873016,0.859761640454994,GSE65682
BMX,GSE57065,25,28,4.324058,7.42156178571429,4.27012,7.611915,3.09750378571429,Up_in_Sepsis,0.995714285714286,6.66429193248588e-10,GSE65682
BMX,GSE95233,22,51,4.86836926318182,7.48246598980392,4.848059235,7.50116214,2.6140967266221,Up_in_Sepsis,1,1.60188706567253e-11,GSE65682
TCN1,GSE137340,14,43,5.92217254121429,8.4238244502093,5.549934306,8.175739311,2.50165190899502,Up_in_Sepsis,0.870431893687708,9.24335675110831e-06,GSE65682
TCN1,GSE236713,30,125,-2.116104969,0.395259804608,-2.239315,0.40213156,2.511364773608,Up_in_Sepsis,0.9296,3.00598095206023e-13,GSE65682
TCN1,GSE54514,18,35,9.37911383288889,9.8034695618,8.888700008,9.539639473,0.424355728911111,Up_in_Sepsis,0.623015873015873,0.148126164258606,GSE65682
TCN1,GSE57065,25,28,5.9357436,9.57655321428572,6.03304,9.47519,3.64080961428571,Up_in_Sepsis,0.992857142857143,4.20383668685061e-14,GSE65682
TCN1,GSE95233,22,51,5.01863434545455,8.36151990235294,5.04874131,8.31396416,3.3428855568984,Up_in_Sepsis,1,1.60188706567253e-11,GSE65682
LILRA5,GSE137340,14,43,7.42001433247619,9.54247215132558,7.19596167783333,9.55634477233333,2.1224578188494,Up_in_Sepsis,0.87375415282392,7.34598051394299e-06,GSE65682
LILRA5,GSE236713,30,125,-1.44724332833333,0.156060930264,-1.32604715,0.2754941,1.60330425859733,Up_in_Sepsis,0.931466666666667,2.37420343089897e-13,GSE65682
LILRA5,GSE54514,18,35,10.7801393227778,10.8140689301333,10.5921104765,10.8437690753333,0.0339296073555584,Up_in_Sepsis,0.522222222222222,0.801741213878021,GSE65682
LILRA5,GSE57065,25,28,5.0902356,6.95282794642857,5.1211775,7.02134,1.86259234642857,Up_in_Sepsis,0.985714285714286,3.07543841827492e-13,GSE65682
LILRA5,GSE95233,22,51,7.11645134261364,9.51360269279412,7.08574943625,9.654418455,2.39715135018048,Up_in_Sepsis,1,1.60188706567253e-11,GSE65682
BCL2A1,GSE137340,14,43,4.60990932578571,5.01017809439535,4.283226649,4.858933987,0.400268768609635,Up_in_Sepsis,0.803986710963455,0.000434777002978728,GSE65682
BCL2A1,GSE236713,30,125,-1.45969010116667,0.24871872618,-1.519434565,0.23144495,1.70840882734667,Up_in_Sepsis,0.971466666666667,1.19273989918378e-15,GSE65682
BCL2A1,GSE54514,18,35,8.15509226577778,7.88597145082857,8.0920963285,7.862134457,-0.269120814949207,Down_in_Sepsis,0.33968253968254,0.0586025873125773,GSE65682
BCL2A1,GSE57065,25,28,7.1701396,9.93450321428571,7.36959,10.1972,2.76436361428571,Up_in_Sepsis,0.968571428571428,9.97415567595923e-12,GSE65682
BCL2A1,GSE95233,22,51,6.66538162136364,10.3014807092157,6.625251835,10.52057087,3.63609908785205,Up_in_Sepsis,0.998217468805704,1.88955739655682e-11,GSE65682
ZNF438,GSE137340,14,43,6.011259107,7.414814933,5.6935261025,7.54984771,1.403555826,Up_in_Sepsis,0.830564784053156,0.00010836477926158,GSE65682
ZNF438,GSE236713,30,125,-2.00385324666667,0.272921269688,-2.03095335,0.24590015,2.27677451635467,Up_in_Sepsis,0.990666666666667,7.99631971871393e-17,GSE65682
ZNF438,GSE54514,18,35,8.51915007172222,8.47946158811429,8.56369257,8.511802673,-0.0396884836079376,Down_in_Sepsis,0.496825396825397,0.977746942500812,GSE65682
ZNF438,GSE57065,25,28,5.388177,6.90787517857143,5.37315,6.9155975,1.51969817857143,Up_in_Sepsis,0.995714285714286,1.54878193726075e-14,GSE65682
ZNF438,GSE95233,22,51,5.79770358931818,7.50971257441177,5.784056845,7.64675054,1.71200898509358,Up_in_Sepsis,0.993761140819964,2.84841857067922e-11,GSE65682
LIN7A,GSE137340,14,43,4.90124060207143,6.00237916232558,4.54409923,5.841986616,1.10113856025415,Up_in_Sepsis,0.812292358803987,0.0002869816641554,GSE65682
LIN7A,GSE236713,30,125,-1.77383954,-0.028028324416,-1.7013788,0.12625504,1.745811215584,Up_in_Sepsis,0.966933333333333,2.22338235075182e-15,GSE65682
LIN7A,GSE54514,18,35,8.19500676788889,8.09935812262857,8.2465963365,8.083361626,-0.0956486452603187,Down_in_Sepsis,0.447619047619048,0.545121751957247,GSE65682
LIN7A,GSE57065,25,28,4.8304398,6.605744375,4.836965,6.5766675,1.775304575,Up_in_Sepsis,0.981428571428571,8.25279517997514e-13,GSE65682
LIN7A,GSE95233,22,51,5.87961799,7.64378624156863,6.002409555,7.769969035,1.76416825156863,Up_in_Sepsis,0.980392156862745,9.55234536735608e-11,GSE65682
C3AR1,GSE137340,14,43,5.66257417528571,7.64411645930233,5.2767078905,7.74853268,1.98154228401661,Up_in_Sepsis,0.875415282392027,6.53811501196993e-06,GSE65682
C3AR1,GSE236713,30,125,-1.55061417533333,0.196685696712,-1.5652845,0.17176986,1.74729987204533,Up_in_Sepsis,0.9488,2.53235015615329e-14,GSE65682
C3AR1,GSE54514,18,35,8.12928456727778,8.61633907051429,8.0673708915,8.529092789,0.487054503236507,Up_in_Sepsis,0.714285714285714,0.0105698275685497,GSE65682
C3AR1,GSE57065,25,28,7.5821536,9.34956321428571,7.51862,9.50142,1.76740961428571,Up_in_Sepsis,0.924285714285714,4.53013185284708e-09,GSE65682
C3AR1,GSE95233,22,51,7.42931918909091,9.44700825098039,7.54210163,9.42253796,2.01768906188948,Up_in_Sepsis,0.990196078431372,3.94540435484238e-11,GSE65682
NFE2,GSE137340,14,43,10.5144076772857,11.9746088921163,10.38796917,12.0910567,1.46020121483057,Up_in_Sepsis,0.863787375415283,1.44528445939708e-05,GSE65682
NFE2,GSE236713,30,125,-2.05305652666667,0.33666373884,-2.09813905,0.32316303,2.38972026550667,Up_in_Sepsis,0.992266666666667,6.35373712127056e-17,GSE65682
NFE2,GSE54514,18,35,12.5278267861111,12.6580457954286,12.5178175,12.65333939,0.130219009317461,Up_in_Sepsis,0.615873015873016,0.17328634223047,GSE65682
NFE2,GSE57065,25,28,9.6137636,10.5226053571429,9.66035,10.58755,0.908841757142858,Up_in_Sepsis,0.98,1.12397317732637e-12,GSE65682
NFE2,GSE95233,22,51,9.91453735136364,10.8008077896078,9.93597108,10.83252363,0.886270438244207,Up_in_Sepsis,0.967914438502674,2.87149299473703e-10,GSE65682
ST6GALNAC3,GSE137340,14,43,4.50137086075,5.26059257533721,4.31088362225,5.0850363435,0.759221714587209,Up_in_Sepsis,0.872093023255814,8.24463721259666e-06,GSE65682
ST6GALNAC3,GSE236713,30,125,-1.624927869,0.340497375576,-1.67360055,0.45912015,1.965425244576,Up_in_Sepsis,0.960266666666667,5.49734641168987e-15,GSE65682
ST6GALNAC3,GSE54514,18,35,7.56375496916667,7.61624943185714,7.528279543,7.5792064665,0.0524944626904764,Up_in_Sepsis,0.523809523809524,0.787389209638866,GSE65682
ST6GALNAC3,GSE57065,25,28,3.4878912,5.77572321428572,3.4873,5.914285,2.28783201428571,Up_in_Sepsis,0.968571428571428,9.97415567595923e-12,GSE65682
ST6GALNAC3,GSE95233,22,51,3.91260054272727,6.32286726823529,3.902799155,6.39476853,2.41026672550802,Up_in_Sepsis,0.988413547237077,4.63786430560109e-11,GSE65682
KCNE1,GSE137340,14,43,4.33918809985714,5.32449742881395,4.207419919,5.013995002,0.98530932895681,Up_in_Sepsis,0.89202657807309,1.9120745116751e-06,GSE65682
KCNE1,GSE236713,30,125,-2.26869852566667,0.694333473672,-2.36768555,0.6509087,2.96303199933867,Up_in_Sepsis,0.9896,9.31726147513612e-17,GSE65682
KCNE1,GSE54514,18,35,7.45810219972222,7.41774894165714,7.3216030595,7.376817226,-0.0403532580650792,Down_in_Sepsis,0.449206349206349,0.557589681355557,GSE65682
KCNE1,GSE57065,25,28,3.5885864,5.18116428571429,3.59016,5.135155,1.59257788571429,Up_in_Sepsis,0.965714285714285,1.6235659793742e-11,GSE65682
KCNE1,GSE95233,22,51,4.11064333181818,6.18825438313726,4.1158276275,6.23025916,2.07761105131907,Up_in_Sepsis,0.992869875222817,3.09077930949446e-11,GSE65682
UBE2J1,GSE137340,14,43,7.51051921157143,8.90058205346512,7.0956391145,8.877279489,1.39006284189369,Up_in_Sepsis,0.848837209302326,3.73425195502401e-05,GSE65682
UBE2J1,GSE236713,30,125,-0.985950385,0.126259820264,-0.911705255,0.04517293,1.112210205264,Up_in_Sepsis,0.965066666666667,2.86844175544285e-15,GSE65682
UBE2J1,GSE54514,18,35,9.72016090805556,9.72255412485714,9.6136245725,9.672478676,0.00239321680158611,Up_in_Sepsis,0.534920634920635,0.689143463767284,GSE65682
UBE2J1,GSE57065,25,28,6.41856846666667,7.87583732142857,6.40528,8.02547666666667,1.4572688547619,Up_in_Sepsis,0.97,7.7571849600517e-12,GSE65682
UBE2J1,GSE95233,22,51,6.98358755787879,8.72503335183007,6.9664858275,8.78516449666667,1.74144579395128,Up_in_Sepsis,0.991978609625668,3.35328660937072e-11,GSE65682
BCL6,GSE137340,14,43,10.5691606481429,12.0325751632558,10.1670325,12.06754407,1.46341451511296,Up_in_Sepsis,0.830564784053156,0.00010836477926158,GSE65682
BCL6,GSE236713,30,125,-3.24843976333333,0.391965990184,-3.46802635,0.5918217,3.64040575351733,Up_in_Sepsis,0.985066666666666,1.77791698605755e-16,GSE65682
BCL6,GSE54514,18,35,12.0160900222222,12.1402279997143,11.93818569,12.1618042,0.124137977492063,Up_in_Sepsis,0.537301587301587,0.665733218591997,GSE65682
BCL6,GSE57065,25,28,8.2624333,9.81840196428571,8.197805,9.964295,1.55596866428571,Up_in_Sepsis,0.997142857142857,8.85018249863286e-15,GSE65682
BCL6,GSE95233,22,51,9.22323070636364,10.9644747007843,9.35365831125,11.00211056,1.74124399442068,Up_in_Sepsis,0.983065953654189,7.51822548100406e-11,GSE65682
DRAM1,GSE137340,14,43,5.97951676114286,7.6284219607907,5.498105704,7.858016126,1.64890519964784,Up_in_Sepsis,0.807308970099668,0.000368932478636985,GSE65682
DRAM1,GSE236713,30,125,-1.44896454766667,0.021617724808,-1.43339515,0.07594013,1.47058227247467,Up_in_Sepsis,0.958133333333333,7.32485636027738e-15,GSE65682
DRAM1,GSE54514,18,35,8.34397490811111,8.52077736165714,8.4047923085,8.501205444,0.176802453546031,Up_in_Sepsis,0.6,0.243028800589674,GSE65682
DRAM1,GSE57065,25,28,6.452056,7.92729107142857,6.44573,7.85264,1.47523507142857,Up_in_Sepsis,0.99,9.95645531096197e-14,GSE65682
DRAM1,GSE95233,22,51,6.05118779727273,8.04099513019608,6.121587845,8.0836456,1.98980733292335,Up_in_Sepsis,0.990196078431373,3.94540435484238e-11,GSE65682
SIGLEC9,GSE137340,14,43,5.78244769457143,7.11633562930233,5.451645955,7.266684748,1.3338879347309,Up_in_Sepsis,0.817275747508306,0.000221898960304589,GSE65682
SIGLEC9,GSE236713,30,125,-1.69944844766667,0.213711724072,-1.71993565,0.18686748,1.91316017173867,Up_in_Sepsis,0.981066666666667,3.12904008175581e-16,GSE65682
SIGLEC9,GSE54514,18,35,7.61595479644444,7.82706080851429,7.527886152,7.753226757,0.211106012069842,Up_in_Sepsis,0.617460317460318,0.169030570051923,GSE65682
SIGLEC9,GSE57065,25,28,6.3004972,7.55829571428571,6.30182,7.53513,1.25779851428571,Up_in_Sepsis,0.977142857142857,2.02447924656227e-12,GSE65682
SIGLEC9,GSE95233,22,51,6.92141898409091,8.14732807235294,7.027481635,8.24924891,1.22590908826203,Up_in_Sepsis,0.981283422459893,8.82077171942536e-11,GSE65682
HP,GSE137340,14,43,5.363253116,8.42878847960465,4.5018803655,8.465870512,3.06553536360465,Up_in_Sepsis,0.86046511627907,1.79643132928885e-05,GSE65682
HP,GSE236713,30,125,-4.03911341,0.179046727752,-3.7438183,0.33035803,4.218160137752,Up_in_Sepsis,0.9768,5.68982032753381e-16,GSE65682
HP,GSE54514,18,35,9.57451147544444,9.60321500031429,9.4727401735,9.702293396,0.028703524869842,Up_in_Sepsis,0.519047619047619,0.830638269796872,GSE65682
HP,GSE57065,25,28,3.8130822,6.18478839285714,3.803155,6.46058,2.37170619285714,Up_in_Sepsis,1,2.21254562465821e-15,GSE65682
HP,GSE95233,22,51,5.79297588340909,7.87475571607843,5.740234965,7.936269885,2.08177983266934,Up_in_Sepsis,1,1.60188706567253e-11,GSE65682
IL1R2,GSE137340,14,43,5.95834191904762,7.19872886627132,5.75693874783333,7.06508131933333,1.2403869472237,Up_in_Sepsis,0.840531561461794,6.13456473478384e-05,GSE65682
IL1R2,GSE236713,30,125,-3.54273072333333,0.982190017752,-3.29390715,1.5063055,4.52492074108533,Up_in_Sepsis,0.9416,6.48292922957738e-14,GSE65682
IL1R2,GSE54514,18,35,7.64505672438889,7.53738310677143,7.5770671365,7.478478432,-0.10767361761746,Down_in_Sepsis,0.428571428571429,0.406890737204955,GSE65682
IL1R2,GSE57065,25,28,8.257506,11.7996123214286,8.33788,12.2743,3.54210632142857,Up_in_Sepsis,0.981428571428571,8.25279517997514e-13,GSE65682
IL1R2,GSE95233,22,51,8.20996723727273,11.8301803792157,8.359223745,11.96681247,3.62021314194296,Up_in_Sepsis,1,1.60188706567253e-11,GSE65682
CCPG1,GSE137340,14,43,5.71398015628571,7.19531445209302,5.407865091,7.143221333,1.48133429580731,Up_in_Sepsis,0.87375415282392,7.34598051394299e-06,GSE65682
CCPG1,GSE236713,30,125,-1.38570976466667,0.199617117968,-1.3767164,0.23355675,1.58532688263467,Up_in_Sepsis,0.964266666666667,3.19836502929864e-15,GSE65682
CCPG1,GSE54514,18,35,8.52722313633333,8.60512421485714,8.48179435725,8.6312851905,0.0779010785238103,Up_in_Sepsis,0.546031746031746,0.595788354333167,GSE65682
CCPG1,GSE57065,25,28,6.45456624,7.88405864285714,6.497546,7.867906,1.42949240285714,Up_in_Sepsis,0.965714285714285,1.6235659793742e-11,GSE65682
CCPG1,GSE95233,22,51,6.15918117136364,7.5556615647451,6.122413141,7.582680408,1.39648039338146,Up_in_Sepsis,0.968805704099822,2.6568328672965e-10,GSE65682
SLC26A8,GSE137340,14,43,4.9899783315,6.21397293356395,4.63687399875,6.19378155925,1.22399460206395,Up_in_Sepsis,0.87375415282392,7.34598051394299e-06,GSE65682
SLC26A8,GSE236713,30,125,-3.313180685,0.2865534076,-3.40846845,0.6120777,3.5997340926,Up_in_Sepsis,0.944533333333334,4.42812327766133e-14,GSE65682
SLC26A8,GSE54514,18,35,7.48923361302778,7.67345543589286,7.460270703,7.65936887275,0.18422182286508,Up_in_Sepsis,0.788888888888889,0.000427528816453806,GSE65682
SLC26A8,GSE57065,25,28,4.1855804,6.50867357142857,4.14418,6.42574,2.32309317142857,Up_in_Sepsis,1,2.21254562465821e-15,GSE65682
SLC26A8,GSE95233,22,51,4.39333912818182,6.48541257313726,4.47672437,6.71208165,2.09207344495544,Up_in_Sepsis,0.983065953654189,7.51571277898833e-11,GSE65682
FGD4,GSE137340,14,43,4.37305626192857,4.97252042539535,4.271322009,4.688483829,0.599464163466777,Up_in_Sepsis,0.847176079734219,4.13098133247111e-05,GSE65682
FGD4,GSE236713,30,125,-1.48731373511111,0.265071638282667,-1.459107625,0.44960681,1.75238537339378,Up_in_Sepsis,0.9536,1.34216974006198e-14,GSE65682
FGD4,GSE54514,18,35,7.26143052838889,7.35503440594286,7.272166729,7.323793411,0.093603877553968,Up_in_Sepsis,0.634920634920635,0.113099435153609,GSE65682
FGD4,GSE57065,25,28,5.12866506666667,6.80232880952381,5.18355333333333,6.82797,1.67366374285714,Up_in_Sepsis,1,2.21254562465821e-15,GSE65682
FGD4,GSE95233,22,51,5.49461728651515,7.06965304784314,5.56427415166667,7.17676399,1.57503576132799,Up_in_Sepsis,0.978609625668449,1.11977955795568e-10,GSE65682
P2RY10,GSE137340,14,43,5.22870422189286,5.07467455475581,5.20885770375,5.076721172,-0.154029667137044,Down_in_Sepsis,0.383720930232558,0.200000657368105,GSE65682
P2RY10,GSE236713,30,125,2.29180673666667,-0.252867437656,2.42090815,-0.22849774,-2.54467417432267,Down_in_Sepsis,0.0136,1.47108884225019e-16,GSE65682
P2RY10,GSE54514,18,35,7.23527383811111,7.2064361299619,7.22071623816667,7.18002065,-0.0288377081492071,Down_in_Sepsis,0.40952380952381,0.29165367273141,GSE65682
P2RY10,GSE57065,25,28,6.2908392,4.44726595238095,6.26264,4.31115333333333,-1.84357324761905,Down_in_Sepsis,0.0228571428571429,2.02447924656227e-12,GSE65682
P2RY10,GSE95233,22,51,6.54158134469697,4.66785335287582,6.58741538333333,4.59033880666667,-1.87372799182115,Down_in_Sepsis,0,1.60188706567253e-11,GSE65682
MAFG,GSE137340,14,43,5.04420703228572,5.67367849393023,4.87875633875,5.61753403575,0.629471461644518,Up_in_Sepsis,0.81063122923588,0.000312251163096141,GSE65682
MAFG,GSE236713,30,125,-1.45022450483333,0.186943544492,-1.48757375,0.168280005,1.63716804932533,Up_in_Sepsis,0.9848,1.84645884066347e-16,GSE65682
MAFG,GSE54514,18,35,7.4532050027037,7.42861338567619,7.40565530466667,7.41964260766667,-0.0245916170275127,Down_in_Sepsis,0.484126984126984,0.859761640454994,GSE65682
MAFG,GSE57065,25,28,5.6658582,6.58839785714286,5.687745,6.5331525,0.922539657142857,Up_in_Sepsis,0.991428571428571,6.63763687397464e-14,GSE65682
MAFG,GSE95233,22,51,4.93541762977273,6.35596386666667,4.99381957,6.332195785,1.42054623689394,Up_in_Sepsis,1,1.60188706567253e-11,GSE65682
FAM20A,GSE137340,14,43,4.60387537064286,5.51444685655814,4.2362247565,5.166399941,0.910571485915282,Up_in_Sepsis,0.848837209302326,3.73425195502401e-05,GSE65682
FAM20A,GSE236713,30,125,-4.97264707,0.33737264728,-5.159307,0.533299085,5.31001971728,Up_in_Sepsis,0.996533333333333,3.42914793133614e-17,GSE65682
FAM20A,GSE54514,18,35,7.29186911072222,7.43903177805714,7.2659902575,7.255633831,0.14716266733492,Up_in_Sepsis,0.593650793650794,0.274780752688366,GSE65682
FAM20A,GSE57065,25,28,3.3005982,4.90246303571429,3.3136225,4.93922125,1.60186483571429,Up_in_Sepsis,0.992857142857143,4.20383668685061e-14,GSE65682
FAM20A,GSE95233,22,51,5.09433562613636,6.14140299980392,5.10718502,6.0436982575,1.04706737366756,Up_in_Sepsis,0.970588235294118,2.27348975174705e-10,GSE65682
LILRA6,GSE137340,14,43,5.39125489983929,6.05395338214535,5.241444203375,5.9880023175,0.662698482306063,Up_in_Sepsis,0.799003322259136,0.0005535902217946,GSE65682
LILRA6,GSE236713,30,125,-1.7083050945,0.290166193844,-1.641738535,0.318514465,1.998471288344,Up_in_Sepsis,0.988,1.17117500268751e-16,GSE65682
LILRA6,GSE54514,18,35,7.24401503138889,7.3235259465,7.23241746425,7.340320587,0.0795109151111113,Up_in_Sepsis,0.704761904761905,0.0147864871531677,GSE65682
LILRA6,GSE57065,25,28,8.1589152,9.12026821428571,8.15807,9.15663,0.961353014285715,Up_in_Sepsis,0.958571428571428,5.09106748233855e-11,GSE65682
LILRA6,GSE95233,22,51,6.70944997318182,7.7721306145098,6.72318676,7.8056858,1.06268064132799,Up_in_Sepsis,0.989304812834224,4.27867888939574e-11,GSE65682
GADD45A,GSE137340,14,43,5.30691045196429,6.19020441647674,4.79919859475,5.967946497,0.883293964512459,Up_in_Sepsis,0.754152823920266,0.00385928762593356,GSE65682
GADD45A,GSE236713,30,125,-1.83901991666667,0.88889644512,-1.8438382,0.79994035,2.72791636178667,Up_in_Sepsis,0.972533333333333,1.0292890169365e-15,GSE65682
GADD45A,GSE54514,18,35,9.15976790619444,8.56680619378571,9.09830832475,8.408894539,-0.59296171240873,Down_in_Sepsis,0.29047619047619,0.0125252546921486,GSE65682
GADD45A,GSE57065,25,28,6.1883888,9.48613428571429,6.17952,9.860785,3.29774548571429,Up_in_Sepsis,1,2.21254562465821e-15,GSE65682
GADD45A,GSE95233,22,51,6.19195034590909,9.49780938431373,6.143981605,9.57783296,3.30585903840464,Up_in_Sepsis,1,1.60188706567253e-11,GSE65682
SLC2A14,GSE137340,14,43,4.72020105757143,5.18214667690698,4.418413291,5.077188916,0.461945619335548,Up_in_Sepsis,0.747508305647841,0.00498173058996871,GSE65682
SLC2A14,GSE236713,30,125,-2.21512982,0.380350056648,-2.31436635,0.4446516,2.595479876648,Up_in_Sepsis,0.992,6.60229162961706e-17,GSE65682
SLC2A14,GSE54514,18,35,7.967736562,7.8455112458,7.992604017,7.831945419,-0.1222253162,Down_in_Sepsis,0.399206349206349,0.236714120171785,GSE65682
SLC2A14,GSE57065,25,28,7.7052776,9.50053392857143,7.67191,9.48658,1.79525632857143,Up_in_Sepsis,0.982857142857143,6.01812409907034e-13,GSE65682
SLC2A14,GSE95233,22,51,8.09039973363636,9.7104579427451,8.076450955,9.72699217,1.62005820910873,Up_in_Sepsis,0.985739750445633,5.9097281654302e-11,GSE65682
UBASH3A,GSE137340,14,43,5.39224559514286,5.19659726448837,5.43575279225,5.275701419,-0.195648330654485,Down_in_Sepsis,0.415282392026578,0.353216514656515,GSE65682
UBASH3A,GSE236713,30,125,1.94919551833333,-0.412213388264,1.963755725,-0.247521402,-2.36140890659733,Down_in_Sepsis,0.0032,3.29891631128051e-17,GSE65682
UBASH3A,GSE54514,18,35,7.32096642927778,7.31353842874286,7.2673709395,7.267463207,-0.00742800053492054,Down_in_Sepsis,0.43968253968254,0.484892703673966,GSE65682
UBASH3A,GSE57065,25,28,6.8672084,4.96445464285714,6.71541,4.86264,-1.90275375714286,Down_in_Sepsis,0.02,1.12397317732637e-12,GSE65682
UBASH3A,GSE95233,22,51,5.84160664636364,4.77803255313726,5.90643271,4.69278598,-1.06357409322638,Down_in_Sepsis,0.0347593582887701,3.62218000785115e-10,GSE65682
SIGLEC5,GSE137340,14,43,5.64303503042857,6.67996813468605,5.3354653065,6.831768214,1.03693310425748,Up_in_Sepsis,0.802325581395349,0.000471533014356313,GSE65682
SIGLEC5,GSE236713,30,125,-1.94441204333333,0.125625905216,-1.81730605,0.19648027,2.07003794854933,Up_in_Sepsis,0.973333333333333,9.21380093416917e-16,GSE65682
SIGLEC5,GSE54514,18,35,8.09787909180556,8.26050394608572,8.06792688375,8.2851572035,0.162624854280159,Up_in_Sepsis,0.634920634920635,0.113099435153609,GSE65682
SIGLEC5,GSE57065,25,28,8.3267848,9.49934392857143,8.39725,9.5337,1.17255912857143,Up_in_Sepsis,0.958571428571428,5.09106748233855e-11,GSE65682
SIGLEC5,GSE95233,22,51,8.64087915090909,10.2324821978431,8.783868005,10.26555641,1.59160304693405,Up_in_Sepsis,0.982174688057041,8.14407368438532e-11,GSE65682
GPR183,GSE137340,14,43,6.07481682480952,5.76299714488372,6.064974771,5.70024795566667,-0.311819679925803,Down_in_Sepsis,0.313953488372093,0.0377143793648217,GSE65682
GPR183,GSE236713,30,125,1.60711066233333,-0.432276675368,1.6063957,-0.3275633,-2.03938733770133,Down_in_Sepsis,0.00746666666666667,6.11441610250757e-17,GSE65682
GPR183,GSE54514,18,35,7.69109768330556,7.6143441268,7.60110473625,7.4851653575,-0.0767535565055555,Down_in_Sepsis,0.463492063492064,0.675476268134141,GSE65682
GPR183,GSE57065,25,28,7.730874,5.84445964285714,7.71563,5.765175,-1.88641435714286,Down_in_Sepsis,0.00714285714285714,4.20383668685061e-14,GSE65682
GPR183,GSE95233,22,51,5.92948687681818,4.40194825372549,5.938862105,4.41436089,-1.52753862309269,Down_in_Sepsis,0.00445632798573975,2.41819260539641e-11,GSE65682
CLEC5A,GSE137340,14,43,5.00189759664286,6.65123972739535,4.5703880135,6.615549986,1.64934213075249,Up_in_Sepsis,0.868770764119601,1.0352095404657e-05,GSE65682
CLEC5A,GSE236713,30,125,-1.184479399,0.52980254804,-1.26361885,0.49863696,1.71428194704,Up_in_Sepsis,0.867466666666666,4.40809401061898e-10,GSE65682
CLEC5A,GSE54514,18,35,7.70518324105556,7.86377726968571,7.4606108665,7.644664288,0.158594028630159,Up_in_Sepsis,0.611111111111111,0.193736415761008,GSE65682
CLEC5A,GSE57065,25,28,3.5716424,6.95783571428571,3.55891,7.221545,3.38619331428571,Up_in_Sepsis,0.991428571428571,6.63763687397464e-14,GSE65682
CLEC5A,GSE95233,22,51,5.15997257045455,8.30271400215686,5.32874975,8.43299202,3.14274143170232,Up_in_Sepsis,0.996434937611408,2.22762533627504e-11,GSE65682
GLA,GSE137340,14,43,7.28061185971429,8.73848134283721,7.102133541,8.846975906,1.45786948312292,Up_in_Sepsis,0.893687707641196,1.16271413116417e-05,GSE65682
GLA,GSE236713,30,125,-1.39151691233333,0.253925604736,-1.44446515,0.17690945,1.64544251706933,Up_in_Sepsis,0.989866666666667,8.96813082580416e-17,GSE65682
GLA,GSE54514,18,35,8.96371936805556,8.97981698174286,8.9635100365,8.92196846,0.0160976136873021,Up_in_Sepsis,0.473015873015873,0.756639937970471,GSE65682
GLA,GSE57065,25,28,7.2877836,7.99893607142857,7.29184,8.00531,0.711152471428571,Up_in_Sepsis,0.927142857142857,3.26467523300631e-09,GSE65682
GLA,GSE95233,22,51,8.20225829318182,9.1204415627451,8.246516965,9.10326591,0.918183269563279,Up_in_Sepsis,0.975935828877006,1.41972918224125e-10,GSE65682
RCAN3,GSE137340,14,43,4.42932593971429,4.66435588518605,4.364500706,4.535849962,0.235029945471761,Up_in_Sepsis,0.719269102990033,0.0135726503386928,GSE65682
RCAN3,GSE236713,30,125,1.58249357666667,-0.322811407856,1.579923375,-0.33525325,-1.90530498452267,Down_in_Sepsis,0.0104,9.31726147513612e-17,GSE65682
RCAN3,GSE54514,18,35,7.18511764211111,7.16941578734286,7.195699215,7.169031143,-0.0157018547682535,Down_in_Sepsis,0.438095238095238,0.473286065359816,GSE65682
RCAN3,GSE57065,25,28,5.98347133333333,4.41583083333333,5.94485333333333,4.34362833333334,-1.5676405,Down_in_Sepsis,0,2.21254562465821e-15,GSE65682
RCAN3,GSE95233,22,51,7.68422956015152,5.90345120346405,7.61621696666667,5.93703009,-1.78077835668746,Down_in_Sepsis,0,1.60188706567253e-11,GSE65682
LY9,GSE137340,14,43,5.4104698412381,5.44835855427907,5.44586803066667,5.503299453,0.0378887130409744,Up_in_Sepsis,0.508305647840532,0.934286718242662,GSE65682
LY9,GSE236713,30,125,1.66639141516667,-0.29951097266,1.6793927,-0.26938856,-1.96590238782667,Down_in_Sepsis,0.0032,3.29891631128051e-17,GSE65682
LY9,GSE54514,18,35,7.40111618569445,7.4219030925,7.3937158585,7.371298075,0.0207869068055553,Up_in_Sepsis,0.495238095238095,0.962919951586959,GSE65682
LY9,GSE57065,25,28,7.12409986666667,5.62186238095238,7.15808,5.584375,-1.50223748571429,Down_in_Sepsis,0.00571428571428571,2.65505474958986e-14,GSE65682
LY9,GSE95233,22,51,6.53047616530303,5.14957291189543,6.58065606833333,5.06628309333333,-1.3809032534076,Down_in_Sepsis,0.0151515151515152,6.40439715698351e-11,GSE65682
NR1D2,GSE137340,14,43,4.75517422439286,5.02197684474419,4.75095900475,5.1013782635,0.266802620351329,Up_in_Sepsis,0.730897009966777,0.0091254474349773,GSE65682
NR1D2,GSE236713,30,125,1.3771848522,-0.376359357528,1.42153693333334,-0.407372563333333,-1.753544209728,Down_in_Sepsis,0.0162666666666667,2.14765424902856e-16,GSE65682
NR1D2,GSE54514,18,35,7.22795719561111,7.20052261342857,7.234516859,7.176362038,-0.0274345821825399,Down_in_Sepsis,0.409523809523809,0.29165367273141,GSE65682
NR1D2,GSE57065,25,28,6.7125234,4.73404482142857,6.765955,4.5568725,-1.97847857857143,Down_in_Sepsis,0.0328571428571429,1.27509004349053e-11,GSE65682
NR1D2,GSE95233,22,51,5.51132363022727,4.05699949911765,5.5046800925,4.003274435,-1.45432413110963,Down_in_Sepsis,0.00267379679144385,2.05178515500888e-11,GSE65682
IL18RAP,GSE137340,14,43,8.63602282771429,10.7498260946512,8.494994314,10.73374129,2.11380326693688,Up_in_Sepsis,0.830564784053156,0.00010836477926158,GSE65682
IL18RAP,GSE236713,30,125,-2.13119036,0.485935977076,-2.00284575,0.6597452,2.617126337076,Up_in_Sepsis,0.922933333333333,6.92535137086423e-13,GSE65682
IL18RAP,GSE54514,18,35,11.4061150026667,11.5249247690571,11.54227924,11.75607681,0.118809766390477,Up_in_Sepsis,0.545238095238095,0.598968556656899,GSE65682
IL18RAP,GSE57065,25,28,9.1602816,11.3402642857143,9.23783,11.36945,2.17998268571429,Up_in_Sepsis,1,2.21254562465821e-15,GSE65682
IL18RAP,GSE95233,22,51,8.117991135,10.8379640731373,8.382675855,10.96167861,2.71997293813726,Up_in_Sepsis,1,1.60188706567253e-11,GSE65682
RABGEF1,GSE137340,14,43,5.07011195157143,5.83793009624419,4.83198427725,5.744361042,0.767818144672757,Up_in_Sepsis,0.86046511627907,1.79643132928885e-05,GSE65682
RABGEF1,GSE236713,30,125,-0.609821439311111,0.134485228544,-0.560180905,0.126799823333333,0.744306667855111,Up_in_Sepsis,0.9472,3.12462408578603e-14,GSE65682
RABGEF1,GSE54514,18,35,7.68468871388889,7.8949894701,7.61534142525,7.919806242,0.210300756211111,Up_in_Sepsis,0.66031746031746,0.0586025873125773,GSE65682
RABGEF1,GSE57065,25,28,5.9546008,6.89700482142857,5.93103,6.8534525,0.942404021428572,Up_in_Sepsis,0.997142857142857,8.85018249863286e-15,GSE65682
RABGEF1,GSE95233,22,51,6.09718584318182,7.12916605166667,6.0956849175,7.123054375,1.03198020848485,Up_in_Sepsis,0.991978609625668,3.35328660937072e-11,GSE65682
PGLYRP1,GSE137340,14,43,8.2463728645,10.5949774515116,8.1962241905,10.6908238,2.34860458701163,Up_in_Sepsis,0.852159468438538,3.04347690174248e-05,GSE65682
PGLYRP1,GSE236713,30,125,-2.80997192133333,0.3060054606,-2.7665265,0.44724846,3.11597738193333,Up_in_Sepsis,0.9592,6.34667569621056e-15,GSE65682
PGLYRP1,GSE54514,18,35,11.1584299930556,11.3760248457429,11.03189945,11.35566902,0.2175948526873,Up_in_Sepsis,0.565873015873016,0.441273226408107,GSE65682
PGLYRP1,GSE57065,25,28,7.0209396,9.52004428571429,6.93452,9.452565,2.49910468571429,Up_in_Sepsis,0.995714285714286,1.54878193726075e-14,GSE65682
PGLYRP1,GSE95233,22,51,6.16136507045455,8.15213205196078,6.24415001,8.08895182,1.99076698150624,Up_in_Sepsis,0.994652406417112,2.62469054871502e-11,GSE65682
ADM,GSE137340,14,43,9.20151606264286,10.8318754218605,8.839707672,11.05994973,1.63035935921761,Up_in_Sepsis,0.815614617940199,0.000241926158971228,GSE65682
ADM,GSE236713,30,125,-3.35761926,0.356034619056,-3.51896,0.39667892,3.713653879056,Up_in_Sepsis,0.9984,2.6139489943517e-17,GSE65682
ADM,GSE54514,18,35,11.8478035933333,11.3326583317143,11.99541569,11.34145927,-0.515145261619047,Down_in_Sepsis,0.303968253968254,0.0208781113856751,GSE65682
ADM,GSE57065,25,28,8.4250244,10.0404775,8.44271,9.967445,1.6154531,Up_in_Sepsis,0.991428571428571,6.63763687397464e-14,GSE65682
ADM,GSE95233,22,51,8.56368600181818,9.75888219156863,8.62496138,9.85655069,1.19519618975045,Up_in_Sepsis,0.95632798573975,7.78375215666962e-10,GSE65682
LCK,GSE137340,14,43,5.55957894754762,5.57794719572093,5.54788497366667,5.554781942,0.018368248173311,Up_in_Sepsis,0.496677740863787,0.978074020365707,GSE65682
LCK,GSE236713,30,125,1.44738868666667,-0.407891716192,1.46847105,-0.286011457,-1.85528040285867,Down_in_Sepsis,0.0056,4.67077632717853e-17,GSE65682
LCK,GSE54514,18,35,7.27508580244444,7.31436660399048,7.2605885665,7.26734924333333,0.039280801546032,Up_in_Sepsis,0.515873015873016,0.859761640454994,GSE65682
LCK,GSE57065,25,28,9.0942556,6.9294725,9.065125,6.8193975,-2.1647831,Down_in_Sepsis,0.00857142857142857,6.63763687397464e-14,GSE65682
LCK,GSE95233,22,51,8.08672564590909,5.99105659990196,8.0503183375,5.86693816,-2.09566904600713,Down_in_Sepsis,0.0035650623885918,2.22762533627504e-11,GSE65682
TCF7,GSE137340,14,43,4.5362807182381,4.54528316596899,4.48022920183334,4.40029689666667,0.00900244773089653,Up_in_Sepsis,0.335548172757475,0.0674694949031739,GSE65682
TCF7,GSE236713,30,125,2.25886879666667,-0.4489542569,2.277126675,-0.396261585,-2.70782305356667,Down_in_Sepsis,0.00773333333333334,6.35373712127056e-17,GSE65682
TCF7,GSE54514,18,35,7.17996638352778,7.18485778397143,7.1887493135,7.1620082855,0.00489140044365044,Up_in_Sepsis,0.498412698412699,0.992581476239974,GSE65682
TCF7,GSE57065,25,28,8.2727108,6.57395589285714,8.276505,6.6254125,-1.69875490714286,Down_in_Sepsis,0.00571428571428571,2.65505474958986e-14,GSE65682
TCF7,GSE95233,22,51,8.28797413318182,6.58290461960784,8.1649394425,6.55440711,-1.70506951357397,Down_in_Sepsis,0.0035650623885918,2.22762533627504e-11,GSE65682
ADAM9,GSE137340,14,43,4.38508576242857,5.31710028906977,4.3539036125,5.179462722,0.932014526641196,Up_in_Sepsis,0.90531561461794,6.49938521848808e-07,GSE65682
ADAM9,GSE236713,30,125,-1.10282772336667,0.305596159048,-1.0708978,0.2735281,1.40842388241467,Up_in_Sepsis,0.887733333333333,4.60867152007077e-11,GSE65682
ADAM9,GSE54514,18,35,7.45855546,7.63298907965714,7.449800491,7.578174114,0.174433619657142,Up_in_Sepsis,0.677777777777778,0.0362469189319152,GSE65682
ADAM9,GSE57065,25,28,3.97467653333333,5.69312297619048,3.96054,5.79155666666667,1.71844644285714,Up_in_Sepsis,0.995714285714286,1.54878193726075e-14,GSE65682
ADAM9,GSE95233,22,51,4.84262997121212,6.96467483928105,4.867097485,7.05093757333333,2.12204486806893,Up_in_Sepsis,0.991087344028521,3.63757408976493e-11,GSE65682
SRPK1,GSE137340,14,43,7.28468028178572,9.29764261211628,6.8626926065,9.272162039,2.01296233033056,Up_in_Sepsis,0.878737541528239,5.16186693059591e-06,GSE65682
SRPK1,GSE236713,30,125,-1.88451007,0.11872681884,-2.01168365,0.08205795,2.00323688884,Up_in_Sepsis,0.965866666666667,2.57208337503296e-15,GSE65682
SRPK1,GSE54514,18,35,9.80264393516667,9.93408775291429,9.8482875825,9.988170624,0.131443817747618,Up_in_Sepsis,0.626190476190476,0.137868603395991,GSE65682
SRPK1,GSE57065,25,28,7.3552492,8.49494428571429,7.27256,8.4468475,1.13969508571429,Up_in_Sepsis,0.994285714285714,2.65505474958986e-14,GSE65682
SRPK1,GSE95233,22,51,7.28783440727273,8.61788456166667,7.320236285,8.703194995,1.33005015439394,Up_in_Sepsis,0.964349376114082,3.91262324649178e-10,GSE65682
RGL4,GSE137340,14,43,7.52430463942857,10.0497711047674,7.1372449255,9.648761062,2.52546646533887,Up_in_Sepsis,0.898671096345515,1.12784882767697e-06,GSE65682
RGL4,GSE236713,30,125,-1.41970987866667,0.573292126664,-1.40108015,0.5959959,1.99300200533067,Up_in_Sepsis,0.921066666666667,8.72868657060723e-13,GSE65682
RGL4,GSE54514,18,35,10.9173067937778,10.6848279407714,10.559741495,10.66281223,-0.232478853006349,Down_in_Sepsis,0.456349206349206,0.612082707933374,GSE65682
RGL4,GSE57065,25,28,6.0675284,9.26186857142857,6.07707,9.45003,3.19434017142857,Up_in_Sepsis,0.972857142857143,4.61758271866169e-12,GSE65682
RGL4,GSE95233,22,51,7.35167300318182,10.6067878770588,7.298682655,10.65299108,3.255114873877,Up_in_Sepsis,1,1.60188706567253e-11,GSE65682
PFKFB3,GSE137340,14,43,7.74358018535714,9.06909692376744,7.2162996415,9.111500084,1.3255167384103,Up_in_Sepsis,0.774086378737542,0.00170997202021529,GSE65682
PFKFB3,GSE236713,30,125,-2.14768644883333,0.67124669534,-2.232824525,0.642308595,2.81893314417333,Up_in_Sepsis,0.968533333333334,1.78584783999178e-15,GSE65682
PFKFB3,GSE54514,18,35,9.5116083225,9.38904431198571,9.43218255075,9.371786596,-0.122564010514285,Down_in_Sepsis,0.461904761904762,0.661913156874205,GSE65682
PFKFB3,GSE57065,25,28,7.1088256,9.87498214285714,7.09434,10.1057,2.76615654285714,Up_in_Sepsis,0.991428571428571,6.63763687397464e-14,GSE65682
PFKFB3,GSE95233,22,51,9.38511231772727,11.285708264902,9.34229645,11.39190353,1.90059594717469,Up_in_Sepsis,0.983065953654189,7.51822548100406e-11,GSE65682
SLC22A4,GSE137340,14,43,6.62915107667857,7.86978081701163,6.25423268075,7.9834974245,1.24062974033306,Up_in_Sepsis,0.787375415282392,0.000952278968464737,GSE65682
SLC22A4,GSE236713,30,125,-2.23118588233333,0.17182621576,-2.15473455,0.41756248,2.40301209809333,Up_in_Sepsis,0.965066666666667,2.86844175544285e-15,GSE65682
SLC22A4,GSE54514,18,35,9.06959864822222,8.95887375554286,9.07957077025,8.9105238915,-0.110724892679364,Down_in_Sepsis,0.442857142857143,0.508552086621423,GSE65682
SLC22A4,GSE57065,25,28,7.590702,9.29907107142857,7.60221,9.32645,1.70836907142857,Up_in_Sepsis,0.997142857142857,8.85018249863286e-15,GSE65682
SLC22A4,GSE95233,22,51,6.25762445045455,7.99711069039216,6.29720801,8.07938812,1.73948623993761,Up_in_Sepsis,0.981283422459893,8.82077171942536e-11,GSE65682
IL10,GSE137340,14,43,7.400438013,8.20294413719767,7.331801702,8.130449696,0.802506124197675,Up_in_Sepsis,0.877076411960133,5.81267228909064e-06,GSE65682
IL10,GSE236713,30,125,-2.411726201,0.43064073832,-2.5504639,0.28694677,2.84236693932,Up_in_Sepsis,0.988533333333333,1.08528994979761e-16,GSE65682
IL10,GSE54514,18,35,9.3612702025,9.3583498206,9.42679667525,9.390916825,-0.00292038190000099,Down_in_Sepsis,0.480952380952381,0.830638269796872,GSE65682
IL10,GSE57065,25,28,3.4014536,4.66862392857143,3.38691,4.534755,1.26717032857143,Up_in_Sepsis,0.978571428571428,1.51338120726622e-12,GSE65682
IL10,GSE95233,22,51,2.09511338636364,3.35605650882353,1.994026525,3.32369047,1.26094312245989,Up_in_Sepsis,0.973262032085562,1.79715761294967e-10,GSE65682
LBH,GSE137340,14,43,5.57862206505357,5.5337914325407,5.47435262,5.51667521625,-0.0448306325128742,Down_in_Sepsis,0.446843853820598,0.563332937029135,GSE65682
LBH,GSE236713,30,125,1.09658640849167,-0.108171849482,1.04611248,-0.16066739675,-1.20475825797367,Down_in_Sepsis,0.0770666666666667,6.92535137086423e-13,GSE65682
LBH,GSE54514,18,35,7.55686577162963,7.55328455426667,7.59424002966667,7.539172649,-0.00358121736296102,Down_in_Sepsis,0.474603174603175,0.773107646476209,GSE65682
LBH,GSE57065,25,28,8.764602,6.65086107142857,8.77607,6.537715,-2.11374092857143,Down_in_Sepsis,0,2.21254562465821e-15,GSE65682
LBH,GSE95233,22,51,9.45326960181818,7.33419141568627,9.47168537,7.28804241,-2.11907818613191,Down_in_Sepsis,0.0035650623885918,2.22762533627504e-11,GSE65682
FYN,GSE137340,14,43,7.937087380625,7.30378023042442,7.98737291725,7.39833398925,-0.633307150200581,Down_in_Sepsis,0.247508305647841,0.00411662639779107,GSE65682
FYN,GSE236713,30,125,0.931028999,-0.271037153888,0.932108405,-0.2211585,-1.202066152888,Down_in_Sepsis,0.0344,2.66735498895389e-15,GSE65682
FYN,GSE54514,18,35,7.95278616083333,7.91861346787143,7.906122326875,7.820687294,-0.0341726929619046,Down_in_Sepsis,0.449206349206349,0.557589681355557,GSE65682
FYN,GSE57065,25,28,8.72753693333333,7.15084654761905,8.74644666666667,7.25993166666667,-1.57669038571429,Down_in_Sepsis,0.0257142857142857,3.53343536257917e-12,GSE65682
FYN,GSE95233,22,51,8.34728094136364,6.62451437052288,8.37729033333333,6.69098861666667,-1.72276657084076,Down_in_Sepsis,0.00089126559714795,1.73990990394731e-11,GSE65682
MAP4K1,GSE137340,14,43,7.68430585614286,7.17009072667442,7.4857924635,7.035443936,-0.514215129468439,Down_in_Sepsis,0.28405315614618,0.0151439987160872,GSE65682
MAP4K1,GSE236713,30,125,1.20138306833333,-0.36286659736,1.1815617,-0.26575732,-1.56424966569333,Down_in_Sepsis,0.0186666666666667,3.01374142962597e-16,GSE65682
MAP4K1,GSE54514,18,35,7.54903664861111,7.58918662068571,7.5773682595,7.5489444735,0.0401499720746026,Up_in_Sepsis,0.533333333333333,0.702910846357363,GSE65682
MAP4K1,GSE57065,25,28,6.5844388,5.4021680952381,6.57529333333333,5.34939666666667,-1.1822707047619,Down_in_Sepsis,0.0214285714285714,1.51338120726622e-12,GSE65682
MAP4K1,GSE95233,22,51,8.4346600230303,6.48916199712418,8.44467421833334,6.37109784,-1.94549802590612,Down_in_Sepsis,0.00089126559714795,1.73990990394731e-11,GSE65682
DDAH2,GSE137340,14,43,6.08321869521429,7.57824647653488,5.6365278395,7.619190009,1.4950277813206,Up_in_Sepsis,0.813953488372093,0.000263581497271942,GSE65682
DDAH2,GSE236713,30,125,-1.27922573033333,0.19872973652,-1.300472,0.27447033,1.47795546685333,Up_in_Sepsis,0.933866666666667,1.75042029032808e-13,GSE65682
DDAH2,GSE54514,18,35,7.81064618961111,7.82061367045714,7.7546439175,7.641768456,0.00996748084603194,Up_in_Sepsis,0.507936507936508,0.933308660155946,GSE65682
DDAH2,GSE57065,25,28,6.08238986666667,7.82757821428571,6.09504333333333,7.85892,1.74518834761905,Up_in_Sepsis,0.997142857142857,8.85018249863286e-15,GSE65682
DDAH2,GSE95233,22,51,6.09254895863636,7.90755793954248,6.056235065,8.00775867,1.81500898090612,Up_in_Sepsis,0.998217468805704,1.88955739655682e-11,GSE65682
TARP,GSE137340,14,43,7.10796534371429,6.15085815127907,7.088790671,6.303269551,-0.957107192435216,Down_in_Sepsis,0.224252491694352,0.00159239590439453,GSE65682
TARP,GSE236713,30,125,2.0316118565,-0.224488382,2.072985275,-0.3735243045,-2.2561002385,Down_in_Sepsis,0.0504,2.27912616137746e-14,GSE65682
TARP,GSE54514,18,35,7.26613648738889,7.16088468008571,7.2430894375,7.132469177,-0.105251807303175,Down_in_Sepsis,0.252380952380952,0.0028821830918808,GSE65682
TARP,GSE57065,25,28,8.466887,6.63202321428572,8.621685,6.3118975,-1.83486378571429,Down_in_Sepsis,0.08,7.3143926292801e-09,GSE65682
TARP,GSE95233,22,51,9.2027658475,7.20571085843137,9.1321835925,7.17645207,-1.99705498906863,Down_in_Sepsis,0.036541889483066,4.22575839864111e-10,GSE65682
PCOLCE2,GSE137340,14,43,4.27362411078571,5.12858838253488,4.27310016,4.909687741,0.854964271749169,Up_in_Sepsis,0.933554817275748,4.53258095428679e-08,GSE65682
PCOLCE2,GSE236713,30,125,-4.53269394333333,1.406010466584,-4.470698,1.711073,5.93870440991733,Up_in_Sepsis,0.977866666666666,4.90216050318513e-16,GSE65682
PCOLCE2,GSE54514,18,35,8.15473386944444,7.86995833265714,7.690903425,7.619874477,-0.284775536787302,Down_in_Sepsis,0.452380952380952,0.582925964615309,GSE65682
PCOLCE2,GSE57065,25,28,2.3919432,5.06888071428571,2.39644,4.839825,2.67693751428571,Up_in_Sepsis,1,2.21254562465821e-15,GSE65682
PCOLCE2,GSE95233,22,51,3.24523768,7.33323879882353,3.24782485,7.3415958,4.08800111882353,Up_in_Sepsis,0.994652406417112,2.62469054871502e-11,GSE65682
ASPH,GSE137340,14,43,4.36804507290476,4.67473838751938,4.27430636083334,4.490615922,0.306693314614618,Up_in_Sepsis,0.882059800664452,4.05663071297044e-06,GSE65682
ASPH,GSE236713,30,125,-2.10731399111111,0.597818993757333,-2.10208918333334,0.65746115,2.70513298486844,Up_in_Sepsis,0.974133333333333,8.2463406798514e-16,GSE65682
ASPH,GSE54514,18,35,7.32647545251852,7.33855308355238,7.324177424,7.37743202833333,0.0120776310338622,Up_in_Sepsis,0.515873015873016,0.859761640454994,GSE65682
ASPH,GSE57065,25,28,3.81561088888889,5.387855,3.79508,5.36804611111112,1.57224411111111,Up_in_Sepsis,0.988571428571428,1.482405568521e-13,GSE65682
ASPH,GSE95233,22,51,4.8621702789899,6.86161061568627,4.94632013555555,7.01443805333333,1.99944033669637,Up_in_Sepsis,0.988413547237077,4.63944869067713e-11,GSE65682
PLBD1,GSE137340,14,43,10.258135156,12.034041004,9.921839318,12.14475792,1.775905848,Up_in_Sepsis,0.862126245847176,1.61210294818759e-05,GSE65682
PLBD1,GSE236713,30,125,-1.512165991,-0.054785747584,-1.53065705,-0.098792076,1.457380243416,Up_in_Sepsis,0.949333333333333,2.36063549223725e-14,GSE65682
PLBD1,GSE54514,18,35,12.2836093916667,12.2705257695714,12.39730406,12.44756794,-0.0130836220952393,Down_in_Sepsis,0.525396825396825,0.770927794053364,GSE65682
PLBD1,GSE57065,25,28,6.7267004,7.79688660714286,6.710275,7.8310725,1.07018620714286,Up_in_Sepsis,0.998571428571429,4.42509124931643e-15,GSE65682
PLBD1,GSE95233,22,51,8.301056265,9.91972977303922,8.4108737775,9.98209676,1.61867350803922,Up_in_Sepsis,0.988413547237077,4.63944869067713e-11,GSE65682
CNIH4,GSE137340,14,43,6.7512102525,9.03706861781395,6.2617334665,9.164049359,2.28585836531395,Up_in_Sepsis,0.883720930232558,3.58984112855028e-06,GSE65682
CNIH4,GSE236713,30,125,-0.939929663633333,0.183516375232,-0.94743395,0.15975022,1.12344603886533,Up_in_Sepsis,0.946933333333333,3.23578325446997e-14,GSE65682
CNIH4,GSE54514,18,35,10.3210467763889,10.1514122015429,10.27687979,10.05037594,-0.169634574846031,Down_in_Sepsis,0.402380952380952,0.251928972885693,GSE65682
CNIH4,GSE57065,25,28,6.33976486666667,7.8545294047619,6.28157,7.79011416666667,1.51476453809524,Up_in_Sepsis,1,2.21254562465821e-15,GSE65682
CNIH4,GSE95233,22,51,5.7925571830303,7.28288286764706,5.77971258583334,7.315604745,1.49032568461676,Up_in_Sepsis,0.999108734402852,1.73990990394731e-11,GSE65682
YIPF1,GSE137340,14,43,7.72299529221429,9.0579410965,7.35664632575,9.0819028485,1.33494580428571,Up_in_Sepsis,0.86046511627907,1.79643132928885e-05,GSE65682
YIPF1,GSE236713,30,125,-0.921013183666667,0.151742949984,-0.933890835,0.16913533,1.07275613365067,Up_in_Sepsis,0.9568,8.75825730165772e-15,GSE65682
YIPF1,GSE54514,18,35,9.39998727377778,9.38890248031429,9.39851570125,9.3943080905,-0.0110847934634926,Down_in_Sepsis,0.50952380952381,0.918534356570284,GSE65682
YIPF1,GSE57065,25,28,6.268358,7.12745535714286,6.24274,7.099035,0.859097357142857,Up_in_Sepsis,0.972857142857143,4.61758271866169e-12,GSE65682
YIPF1,GSE95233,22,51,6.33195479636364,7.35878572823529,6.275804545,7.39298402,1.02683093187166,Up_in_Sepsis,0.974153297682709,1.66139807131073e-10,GSE65682
ALPL,GSE137340,14,43,10.3111428597857,12.3941668166279,9.779099904,12.47900949,2.08302395684219,Up_in_Sepsis,0.8421926910299,5.56405121878381e-05,GSE65682
ALPL,GSE236713,30,125,-3.05842141333333,0.286827409312,-3.30897325,0.47065985,3.34524882264533,Up_in_Sepsis,0.9656,2.66735498895389e-15,GSE65682
ALPL,GSE54514,18,35,12.9301314355556,12.7936352595429,13.025610445,13.00140953,-0.136496176012699,Down_in_Sepsis,0.498412698412698,0.992506284573576,GSE65682
ALPL,GSE57065,25,28,5.8954288,8.19505178571429,5.84984,8.4127325,2.29962298571429,Up_in_Sepsis,0.957142857142857,6.3278804865225e-11,GSE65682
ALPL,GSE95233,22,51,5.76857001863636,7.28921400960784,5.890189465,7.342228995,1.52064399097148,Up_in_Sepsis,0.953654188948306,9.76469344626009e-10,GSE65682
OLFM4,GSE137340,14,43,4.54263055035714,5.90532457310465,4.24708841475,5.5772952645,1.36269402274751,Up_in_Sepsis,0.910299003322259,4.22790671752083e-07,GSE65682
OLFM4,GSE236713,30,125,-3.89017209,0.38682899196,-4.09831955,0.4451604,4.27700108196,Up_in_Sepsis,0.912533333333333,2.48284480141307e-12,GSE65682
OLFM4,GSE54514,18,35,8.914224492,8.79847958418571,8.501371384,8.294371605,-0.115744907814287,Down_in_Sepsis,0.465079365079365,0.689143463767284,GSE65682
OLFM4,GSE57065,25,28,3.3893216,9.43543642857143,3.25378,9.84019,6.04611482857143,Up_in_Sepsis,0.978571428571428,1.51338120726622e-12,GSE65682
OLFM4,GSE95233,22,51,5.17500045409091,10.0501089431373,4.84326208,10.55058836,4.87510848904635,Up_in_Sepsis,0.985739750445633,5.9097281654302e-11,GSE65682
TMC8,GSE137340,14,43,5.40374133214286,5.15986757790698,5.407611208,5.136861137,-0.243873754235881,Down_in_Sepsis,0.355481727574751,0.109420434566108,GSE65682
TMC8,GSE236713,30,125,0.916570730833333,-0.22216652512,0.8884626625,-0.18730413,-1.13873725595333,Down_in_Sepsis,0.0274666666666667,1.0292890169365e-15,GSE65682
TMC8,GSE54514,18,35,7.14508612938889,7.13288952974286,7.166795969,7.089870453,-0.0121965996460318,Down_in_Sepsis,0.392063492063492,0.207020180060236,GSE65682
TMC8,GSE57065,25,28,6.89209213333333,5.89622964285714,6.98972666666667,5.92308333333333,-0.995862490476191,Down_in_Sepsis,0.0242857142857143,2.68160529708576e-12,GSE65682
TMC8,GSE95233,22,51,7.31398008484849,6.54943494849673,7.3472268,6.52197893666667,-0.764545136351752,Down_in_Sepsis,0.0213903743315508,1.11977955795568e-10,GSE65682
WSB1,GSE137340,14,43,7.65388872685714,9.03069428797674,7.2946631255,9.064331147,1.3768055611196,Up_in_Sepsis,0.852159468438538,3.04347690174248e-05,GSE65682
WSB1,GSE236713,30,125,-1.08910919133333,0.340143733024,-1.06008505,0.28591585,1.42925292435733,Up_in_Sepsis,0.9232,6.69959649076527e-13,GSE65682
WSB1,GSE54514,18,35,9.46674460841667,9.60778127434286,9.4580073355,9.481149197,0.14103666592619,Up_in_Sepsis,0.547619047619048,0.582925964615309,GSE65682
WSB1,GSE57065,25,28,6.4107612,8.16704351190476,6.36780666666667,8.37171833333333,1.75628231190476,Up_in_Sepsis,0.992857142857143,4.20383668685061e-14,GSE65682
WSB1,GSE95233,22,51,7.4778496019697,9.0621863820915,7.481995445,9.12323310333333,1.58433678012181,Up_in_Sepsis,1,1.60188706567253e-11,GSE65682
NDST2,GSE137340,14,43,5.20678947217857,5.99129690981395,5.106917747,6.02337956,0.784507437635382,Up_in_Sepsis,0.868770764119601,1.0352095404657e-05,GSE65682
NDST2,GSE236713,30,125,-0.844546086166667,0.153230272956,-0.848564375,0.10800743,0.997776359122667,Up_in_Sepsis,0.927733333333333,3.80211632577724e-13,GSE65682
NDST2,GSE54514,18,35,8.43623047411111,8.558761515,8.266138077,8.473205566,0.122531040888889,Up_in_Sepsis,0.577777777777778,0.365828622459723,GSE65682
NDST2,GSE57065,25,28,5.291112,6.29394214285714,5.271295,6.398975,1.00283014285714,Up_in_Sepsis,0.981428571428571,8.25279517997514e-13,GSE65682
NDST2,GSE95233,22,51,5.47293090113636,6.81028055931373,5.5298272575,6.86557027,1.33734965817736,Up_in_Sepsis,0.982174688057041,8.14407368438532e-11,GSE65682
UBE2C,GSE137340,14,43,4.73512227735714,5.34429621340698,4.432073448625,5.27754126775,0.609173936049833,Up_in_Sepsis,0.808970099667774,0.000339521427323367,GSE65682
UBE2C,GSE236713,30,125,-2.38996792,0.167743539728,-2.4488444,0.12778091,2.557711459728,Up_in_Sepsis,0.988533333333334,1.08528994979761e-16,GSE65682
UBE2C,GSE54514,18,35,7.42056694291667,7.47562612125714,7.4238853455,7.447782755,0.0550591783404766,Up_in_Sepsis,0.585714285714286,0.318216803699425,GSE65682
UBE2C,GSE57065,25,28,5.756006,6.83034571428571,5.76903,6.838895,1.07433971428571,Up_in_Sepsis,0.964285714285714,2.05678241268228e-11,GSE65682
UBE2C,GSE95233,22,51,4.68462515954546,5.61843182960784,4.718211675,5.50469678,0.933806670062388,Up_in_Sepsis,0.934046345811052,4.95356158238257e-09,GSE65682
RSPH9,GSE137340,14,43,4.53381353435714,5.25932196581395,4.3535309685,5.02485914,0.72550843145681,Up_in_Sepsis,0.847176079734219,4.13098133247111e-05,GSE65682
RSPH9,GSE236713,30,125,-1.29625465266667,0.376393829532,-1.3254007,0.3498981,1.67264848219867,Up_in_Sepsis,0.977066666666667,5.48193613878975e-16,GSE65682
RSPH9,GSE54514,18,35,7.2138817575,7.22506825585714,7.194389343,7.22298193,0.0111864983571426,Up_in_Sepsis,0.550793650793651,0.557589681355557,GSE65682
RSPH9,GSE57065,25,28,3.5401948,4.46714035714286,3.50504,4.48348,0.926945557142857,Up_in_Sepsis,0.941428571428571,5.67619729823566e-10,GSE65682
RSPH9,GSE95233,22,51,3.97336395636364,5.27368659921569,3.93409189,5.31890062,1.30032264285205,Up_in_Sepsis,0.979500891265597,1.03431303688478e-10,GSE65682
NAIP,GSE137340,14,43,4.82506354455953,5.55448692027907,4.76230410616667,5.54298314833333,0.729423375719544,Up_in_Sepsis,0.887043189368771,2.80092257029665e-06,GSE65682
NAIP,GSE236713,30,125,-1.44798230833333,0.306962246765333,-1.48199296666667,0.407299595666667,1.75494455509867,Up_in_Sepsis,0.9248,5.48915910333226e-13,GSE65682
NAIP,GSE54514,18,35,7.47314039868519,7.50406985057143,7.43612806016667,7.47848510733333,0.0309294518862435,Up_in_Sepsis,0.538095238095238,0.661913156874205,GSE65682
NAIP,GSE57065,25,28,6.11830173333333,8.31776678571429,6.23411333333333,8.28508166666667,2.19946505238095,Up_in_Sepsis,0.995714285714286,1.54878193726075e-14,GSE65682
NAIP,GSE95233,22,51,7.521604475,9.07320612091503,7.47850330666667,9.19294927333333,1.55160164591503,Up_in_Sepsis,0.948306595365419,1.53088505184395e-09,GSE65682
AQP9,GSE137340,14,43,11.2093767921429,12.632747962093,10.929711265,12.75550199,1.42337116995017,Up_in_Sepsis,0.835548172757475,8.18207367405696e-05,GSE65682
AQP9,GSE236713,30,125,-2.63173465333333,0.158606047856,-2.72709225,0.19639158,2.79034070118933,Up_in_Sepsis,0.990933333333333,7.69606348967632e-17,GSE65682
AQP9,GSE54514,18,35,12.9532710177778,13.0090685434286,12.93002844,13.11397552,0.0557975256507923,Up_in_Sepsis,0.549206349206349,0.566683777277514,GSE65682
AQP9,GSE57065,25,28,11.091456,11.6964678571429,11.0754,11.6917,0.605011857142856,Up_in_Sepsis,0.852857142857143,3.21334708179919e-06,GSE65682
AQP9,GSE95233,22,51,10.2882506831818,11.2802130343137,10.385096385,11.42488537,0.991962351131907,Up_in_Sepsis,0.919786096256685,1.54606197723968e-08,GSE65682
CEACAM1,GSE137340,14,43,6.29628782309524,8.10092838565892,5.98170451766667,7.780456437,1.80464056256368,Up_in_Sepsis,0.865448504983389,1.29444347247364e-05,GSE65682
CEACAM1,GSE236713,30,125,-2.2297633795,0.75392329112,-2.24272845,0.64667261,2.98368667062,Up_in_Sepsis,0.931733333333333,2.29532700678025e-13,GSE65682
CEACAM1,GSE54514,18,35,9.36693746983333,9.57006856835238,9.13677549416667,9.362805367,0.20313109851905,Up_in_Sepsis,0.552380952380952,0.545121751957247,GSE65682
CEACAM1,GSE57065,25,28,5.76820184,8.52635057142857,5.674526,8.945779,2.75814873142857,Up_in_Sepsis,0.99,9.95645531096197e-14,GSE65682
CEACAM1,GSE95233,22,51,6.20708566854546,8.81420881686275,6.248672308,9.037525914,2.60712314831729,Up_in_Sepsis,0.994652406417112,2.62469054871502e-11,GSE65682
KLF12,GSE137340,14,43,5.05962446178571,4.88697669132558,4.996358988,4.756022428,-0.172647770460133,Down_in_Sepsis,0.393687707641196,0.242138750369348,GSE65682
KLF12,GSE236713,30,125,1.55249611083333,-0.422833857576,1.5583819,-0.27787006,-1.97532996840933,Down_in_Sepsis,0.0112,1.04470720762514e-16,GSE65682
KLF12,GSE54514,18,35,7.2009787295,7.20960675651429,7.1858873365,7.1805956365,0.00862802701428578,Up_in_Sepsis,0.541269841269841,0.635114297097459,GSE65682
KLF12,GSE57065,25,28,5.27347465,4.10049745535714,5.22938875,4.039625625,-1.17297719464286,Down_in_Sepsis,0.00428571428571428,1.54878193726075e-14,GSE65682
KLF12,GSE95233,22,51,5.83170762096591,4.23510710497549,5.72888159,4.16819464,-1.59660051599042,Down_in_Sepsis,0,1.60188706567253e-11,GSE65682
SAMSN1,GSE137340,14,43,6.19271278664286,7.64745421406977,5.560114094,7.533327854,1.45474142742691,Up_in_Sepsis,0.818936877076412,0.000203389487077016,GSE65682
SAMSN1,GSE236713,30,125,-1.322184437,0.389682398088,-1.27199865,0.454906,1.711866835088,Up_in_Sepsis,0.921066666666666,8.72868657060723e-13,GSE65682
SAMSN1,GSE54514,18,35,8.54743970766667,8.24368333817143,8.6319236755,8.245950222,-0.30375636949524,Down_in_Sepsis,0.373015873015873,0.136432076366508,GSE65682
SAMSN1,GSE57065,25,28,5.69177106666667,9.00282095238096,5.69520333333333,9.19751166666667,3.31104988571429,Up_in_Sepsis,1,2.21254562465821e-15,GSE65682
SAMSN1,GSE95233,22,51,4.53768675378788,7.75494894176471,4.68618369166667,7.88851986333333,3.21726218797683,Up_in_Sepsis,1,1.60188706567253e-11,GSE65682
RAB31,GSE137340,14,43,6.93174213735714,7.75901473067442,6.8051828705,7.764173954,0.827272593317276,Up_in_Sepsis,0.880398671096345,4.5786917253501e-06,GSE65682
RAB31,GSE236713,30,125,-0.962364672,-0.02667884356,-0.8959365,-0.046078682,0.93568582844,Up_in_Sepsis,0.92,9.95838637189864e-13,GSE65682
RAB31,GSE54514,18,35,11.6838317444444,11.9574570522857,11.690245625,11.86922073,0.273625307841272,Up_in_Sepsis,0.630952380952381,0.123530872272355,GSE65682
RAB31,GSE57065,25,28,9.69014053333333,10.5050705952381,9.71907333333333,10.5944666666667,0.814930061904763,Up_in_Sepsis,0.964285714285714,2.05678241268228e-11,GSE65682
RAB31,GSE95233,22,51,9.65517543984848,10.6989991152288,9.69987265333334,10.7269384533333,1.04382367538028,Up_in_Sepsis,0.97415329768271,1.66193362226705e-10,GSE65682
TP53,GSE137340,14,43,5.16969410078572,5.00969971925581,5.2459890345,5.018548144,-0.159994381529901,Down_in_Sepsis,0.362126245847176,0.127169822973794,GSE65682
TP53,GSE236713,30,125,1.01808966133333,-0.32744601876,1.0070018625,-0.367823955,-1.34553568009333,Down_in_Sepsis,0.0176,2.59297050143436e-16,GSE65682
TP53,GSE54514,18,35,7.12623776333333,7.1686722892,7.1269099715,7.175934792,0.0424345258666667,Up_in_Sepsis,0.666666666666667,0.0490209988229125,GSE65682
TP53,GSE57065,25,28,5.2080878,4.20476821428571,5.235205,4.24871,-1.00331958571429,Down_in_Sepsis,0.0371428571428571,2.59553727228655e-11,GSE65682
TP53,GSE95233,22,51,7.31862288545455,6.09248923813726,7.3450128875,6.04792243,-1.22613364731729,Down_in_Sepsis,0.00802139037433155,3.35328660937072e-11,GSE65682
RSAD1,GSE137340,14,43,5.18173348521429,5.12743308716279,5.2049339525,5.219712977,-0.0543003980514953,Down_in_Sepsis,0.471760797342193,0.762327881735052,GSE65682
RSAD1,GSE236713,30,125,0.928114844666667,-0.311901930008,0.94580865,-0.2358706,-1.24001677467467,Down_in_Sepsis,0.0048,4.16034114355925e-17,GSE65682
RSAD1,GSE54514,18,35,7.17367055694445,7.15730676645714,7.1820456985,7.110842228,-0.0163637904873015,Down_in_Sepsis,0.444444444444444,0.520600333060429,GSE65682
RSAD1,GSE57065,25,28,6.7140192,5.57801,6.66804,5.549575,-1.1360092,Down_in_Sepsis,0.0114285714285714,1.482405568521e-13,GSE65682
RSAD1,GSE95233,22,51,6.66351486590909,5.72724474627451,6.639752195,5.72946802,-0.936270119634582,Down_in_Sepsis,0.00267379679144385,2.05178515500888e-11,GSE65682
GATA3,GSE137340,14,43,4.66679660957143,4.78491348734884,4.682917991,4.677289185,0.118116877777409,Up_in_Sepsis,0.576411960132891,0.403199137058811,GSE65682
GATA3,GSE236713,30,125,1.81746118866667,-0.605813857712,1.86761665,-0.5380032,-2.42327504637867,Down_in_Sepsis,0.0101333333333333,8.96813082580416e-17,GSE65682
GATA3,GSE54514,18,35,7.16149449333333,7.17257690437143,7.1827664375,7.151836872,0.0110824110380952,Up_in_Sepsis,0.51984126984127,0.82168443829249,GSE65682
GATA3,GSE57065,25,28,5.6828504,3.91218511904762,5.53675666666667,3.81535166666666,-1.77066528095238,Down_in_Sepsis,0,2.21254562465821e-15,GSE65682
GATA3,GSE95233,22,51,5.54114001803031,3.81553183117647,5.53925500666667,3.81578659333333,-1.72560818685383,Down_in_Sepsis,0,1.60188706567253e-11,GSE65682
MAN1C1,GSE137340,14,43,4.50016437664286,4.65308727555814,4.475744193,4.4708536245,0.152922898915282,Up_in_Sepsis,0.568106312292359,0.457093279438225,GSE65682
MAN1C1,GSE236713,30,125,1.54189632141667,-0.494039855968,1.513714325,-0.57853006,-2.03593617738467,Down_in_Sepsis,0.0181333333333333,2.7955634552206e-16,GSE65682
MAN1C1,GSE54514,18,35,7.13800485933333,7.10575205937143,7.1438844205,7.09834671,-0.0322527999619053,Down_in_Sepsis,0.363492063492063,0.108826486254413,GSE65682
MAN1C1,GSE57065,25,28,5.466745,3.92216089285714,5.361255,3.9103,-1.54458410714286,Down_in_Sepsis,0,2.21254562465821e-15,GSE65682
MAN1C1,GSE95233,22,51,5.13426187068182,4.0177127245098,5.0583876975,3.97315829,-1.11654914617202,Down_in_Sepsis,0.0151515151515152,6.40439715698351e-11,GSE65682
FKBP5,GSE137340,14,43,8.98427448996429,10.6316965455233,8.68653668175,10.569545925,1.64742205555897,Up_in_Sepsis,0.870431893687708,9.24335675110831e-06,GSE65682
FKBP5,GSE236713,30,125,-1.57748909416667,0.426975397316,-1.629614575,0.63807976,2.00446449148267,Up_in_Sepsis,0.9152,1.79488537873991e-12,GSE65682
FKBP5,GSE54514,18,35,10.5303719307222,10.7150913784,10.63995886,10.90611935,0.184719447677779,Up_in_Sepsis,0.538888888888889,0.652163958851931,GSE65682
FKBP5,GSE57065,25,28,7.68961813333333,9.52760333333333,7.62078333333333,9.56023333333334,1.8379852,Up_in_Sepsis,0.944285714285714,3.90036392897249e-10,GSE65682
FKBP5,GSE95233,22,51,8.4358889089394,10.4362166120915,8.53580598,10.52179544,2.00032770315211,Up_in_Sepsis,0.993761140819965,2.84841857067922e-11,GSE65682
QSOX1,GSE137340,14,43,5.65234261132143,6.7387056442093,5.47204210475,6.7130073645,1.08636303288787,Up_in_Sepsis,0.852159468438538,3.04347690174248e-05,GSE65682
QSOX1,GSE236713,30,125,-1.16630387666667,0.287821223392,-1.24254076666667,0.28180472,1.45412510005867,Up_in_Sepsis,0.992266666666667,6.35373712127056e-17,GSE65682
QSOX1,GSE54514,18,35,8.22214319983333,8.28002521658572,8.18495321275,8.254836321,0.0578820167523819,Up_in_Sepsis,0.561904761904762,0.473286065359816,GSE65682
QSOX1,GSE57065,25,28,4.93165586666667,5.414135,4.90757666666667,5.41201,0.482479133333333,Up_in_Sepsis,0.927142857142857,3.26467523300631e-09,GSE65682
QSOX1,GSE95233,22,51,5.23494680136364,6.05231573647059,5.23465419833333,6.00337625333333,0.817368935106953,Up_in_Sepsis,0.999108734402852,1.73990990394731e-11,GSE65682
OPLAH,GSE137340,14,43,5.00333366364286,6.47719505460465,4.48531057275,6.338157613,1.47386139096179,Up_in_Sepsis,0.853820598006644,2.74394577444583e-05,GSE65682
OPLAH,GSE236713,30,125,-3.09092532666667,0.706351218624,-3.1303563,0.7545204,3.79727654529067,Up_in_Sepsis,0.9904,8.30812206318591e-17,GSE65682
OPLAH,GSE54514,18,35,8.57949029094445,8.66695086631429,8.194804192,8.740466118,0.0874605753698408,Up_in_Sepsis,0.523809523809524,0.787389209638866,GSE65682
OPLAH,GSE57065,25,28,4.6954972,6.71958035714286,4.84071,6.720495,2.02408315714286,Up_in_Sepsis,0.985714285714286,3.07543841827492e-13,GSE65682
OPLAH,GSE95233,22,51,4.61101719818182,5.55561560803922,4.59744795,5.51785171,0.944598409857398,Up_in_Sepsis,0.959001782531194,6.19679960010317e-10,GSE65682
ATP9A,GSE137340,14,43,4.80202090738095,5.52973604869767,4.648722985,5.46638302133333,0.727715141316722,Up_in_Sepsis,0.890365448504983,2.17438941765078e-06,GSE65682
ATP9A,GSE236713,30,125,-1.49502310066667,0.567868593624,-1.4536343775,0.4890709,2.06289169429067,Up_in_Sepsis,0.925333333333333,5.13556435775754e-13,GSE65682
ATP9A,GSE54514,18,35,8.16692366847222,8.30321235661429,8.1089799405,8.363950968,0.136288688142063,Up_in_Sepsis,0.585714285714286,0.318216803699425,GSE65682
ATP9A,GSE57065,25,28,4.342293,6.3298725,4.441015,6.44673,1.9875795,Up_in_Sepsis,0.997142857142857,8.85018249863286e-15,GSE65682
ATP9A,GSE95233,22,51,6.17202132772727,7.87737336117647,6.2387981975,7.977047325,1.7053520334492,Up_in_Sepsis,0.973262032085561,1.79773479549631e-10,GSE65682
SLC22A15,GSE137340,14,43,5.19843856157143,6.28167985009302,4.8939751685,6.282553722,1.08324128852159,Up_in_Sepsis,0.803986710963455,0.000434777002978728,GSE65682
SLC22A15,GSE236713,30,125,-1.6412228766,0.17472447664,-1.662424925,0.27860021,1.81594735324,Up_in_Sepsis,0.962666666666667,3.97424855205802e-15,GSE65682
SLC22A15,GSE54514,18,35,7.77363846038889,7.99127152308572,7.744202852,7.912961483,0.217633062696826,Up_in_Sepsis,0.623809523809524,0.146722427447959,GSE65682
SLC22A15,GSE57065,25,28,6.30075,7.51593071428571,6.24373,7.54928,1.21518071428571,Up_in_Sepsis,0.968571428571428,9.97415567595923e-12,GSE65682
SLC22A15,GSE95233,22,51,4.90752292227273,6.34464838137255,4.934843775,6.44982426,1.43712545909982,Up_in_Sepsis,0.959001782531194,6.19679960010317e-10,GSE65682
ARL4C,GSE137340,14,43,5.44371209442857,5.49211003925581,5.401682495,5.507280072,0.0483979448272427,Up_in_Sepsis,0.559800664451827,0.514717406663095,GSE65682
ARL4C,GSE236713,30,125,1.55238298166667,-0.470261220152,1.5345936,-0.267776,-2.02264420181867,Down_in_Sepsis,0.0154666666666667,1.91760430413013e-16,GSE65682
ARL4C,GSE54514,18,35,7.22930818133333,7.21064371377143,7.2446675305,7.162569523,-0.0186644675619041,Down_in_Sepsis,0.401587301587302,0.250718918621702,GSE65682
ARL4C,GSE57065,25,28,7.6043253,6.10041982142857,7.6239275,6.0990325,-1.50390547857143,Down_in_Sepsis,0.0128571428571429,2.14616925591847e-13,GSE65682
ARL4C,GSE95233,22,51,7.63906675125,5.73963973014706,7.66005704625,5.692674995,-1.89942702110294,Down_in_Sepsis,0,1.60188706567253e-11,GSE65682
ZAP70,GSE137340,14,43,5.54474287121429,5.44022285481395,5.51946320883333,5.554335795,-0.104520016400333,Down_in_Sepsis,0.443521594684385,0.538756643962947,GSE65682
ZAP70,GSE236713,30,125,1.62651962333333,-0.428749837112,1.56673645,-0.22379994,-2.05526946044533,Down_in_Sepsis,0.00293333333333333,3.17356635260133e-17,GSE65682
ZAP70,GSE54514,18,35,7.35917117866667,7.44074737684286,7.35111236575,7.347866774,0.0815761981761902,Up_in_Sepsis,0.585714285714286,0.318216803699425,GSE65682
ZAP70,GSE57065,25,28,7.6736572,6.07503607142857,7.74203,6.04379,-1.59862112857143,Down_in_Sepsis,0.0442857142857143,7.83661534797693e-11,GSE65682
ZAP70,GSE95233,22,51,6.79913623386364,5.20116903843137,6.860717955,5.172781265,-1.59796719543226,Down_in_Sepsis,0,1.60188706567253e-11,GSE65682
PVRIG,GSE137340,14,43,7.72663051485714,7.38324885309302,7.6489804295,7.322446885,-0.34338166176412,Down_in_Sepsis,0.416943521594684,0.362893895450819,GSE65682
PVRIG,GSE236713,30,125,1.37001128666667,-0.375043419456,1.43152785,-0.31261754,-1.74505470612267,Down_in_Sepsis,0.0309333333333333,1.65978174307926e-15,GSE65682
PVRIG,GSE54514,18,35,7.74745244444445,7.67170674454286,7.7707879545,7.536135197,-0.0757456999015878,Down_in_Sepsis,0.417460317460318,0.33676180410244,GSE65682
PVRIG,GSE57065,25,28,7.7548532,5.75481821428571,7.86216,5.602875,-2.00003498571429,Down_in_Sepsis,0.0328571428571429,1.27509004349053e-11,GSE65682
PVRIG,GSE95233,22,51,7.36016406636364,5.57913011627451,7.311372905,5.52474985,-1.78103395008913,Down_in_Sepsis,0.0151515151515152,6.40439715698351e-11,GSE65682
FCAR,GSE137340,14,43,6.0919097137381,7.12459069755814,5.8558864125,7.114379078,1.03268098382004,Up_in_Sepsis,0.837209302325582,7.43901516703796e-05,GSE65682
FCAR,GSE236713,30,125,-1.775787029,0.38988173816,-1.82231405,0.494099375,2.16566876716,Up_in_Sepsis,0.925066666666667,5.30947248900134e-13,GSE65682
FCAR,GSE54514,18,35,7.68870335166667,7.65245831357143,7.6956772805,7.65749836,-0.0362450380952382,Down_in_Sepsis,0.46031746031746,0.648457933533109,GSE65682
FCAR,GSE57065,25,28,5.03021736,7.359422,5.01507,7.39329,2.32920464,Up_in_Sepsis,1,2.21254562465821e-15,GSE65682
FCAR,GSE95233,22,51,5.75227613163636,7.14775694819608,5.74585497,7.14270429,1.39548081655972,Up_in_Sepsis,1,1.60188706567253e-11,GSE65682
CD5,GSE137340,14,43,6.67748646114286,5.6325115542093,6.694207113,5.621053953,-1.04497490693355,Down_in_Sepsis,0.162790697674419,7.43901516703796e-05,GSE65682
CD5,GSE236713,30,125,1.94074734366667,-0.494284701816,2.06500675,-0.3661964,-2.43503204548267,Down_in_Sepsis,0.0109333333333333,1.00562164223352e-16,GSE65682
CD5,GSE54514,18,35,7.52292580072222,7.55147906714286,7.479497194,7.411153793,0.0285532664206345,Up_in_Sepsis,0.522222222222222,0.801741213878021,GSE65682
CD5,GSE57065,25,28,6.6226518,5.58009517857143,6.622245,5.5289525,-1.04255662142857,Down_in_Sepsis,0.00428571428571428,1.54878193726075e-14,GSE65682
CD5,GSE95233,22,51,6.077826255,4.77774765480392,6.059244855,4.728045905,-1.30007860019608,Down_in_Sepsis,0.0035650623885918,2.22762533627504e-11,GSE65682
TRIB2,GSE137340,14,43,6.50527396892857,6.28440411755814,6.257338748,6.319690867,-0.220869851370431,Down_in_Sepsis,0.456810631229236,0.64006068634829,GSE65682
TRIB2,GSE236713,30,125,1.51976797778333,-0.4904209961,1.555561175,-0.35614288,-2.01018897388333,Down_in_Sepsis,0.0157333333333333,1.99145076149493e-16,GSE65682
TRIB2,GSE54514,18,35,7.37152046627778,7.45347833631429,7.330051422,7.416750431,0.0819578700365078,Up_in_Sepsis,0.563492063492063,0.461830916701879,GSE65682
TRIB2,GSE57065,25,28,6.9758544,5.08410125,6.984465,5.0714925,-1.89175315,Down_in_Sepsis,0.0114285714285714,1.482405568521e-13,GSE65682
TRIB2,GSE95233,22,51,7.45005756068182,5.77557273813726,7.4162056675,5.730705985,-1.67448482254456,Down_in_Sepsis,0.00980392156862745,3.94540435484238e-11,GSE65682
PASK,GSE137340,14,43,6.37031804482143,6.11265043167442,6.2935267225,6.1287754015,-0.25766761314701,Down_in_Sepsis,0.383720930232558,0.200000657368105,GSE65682
PASK,GSE236713,30,125,1.4095134,-0.389006534632,1.4518367875,-0.4585363735,-1.798519934632,Down_in_Sepsis,0.0370666666666666,3.83314988106933e-15,GSE65682
PASK,GSE54514,18,35,7.22100742658333,7.24563468522857,7.207277894,7.190819979,0.0246272586452383,Up_in_Sepsis,0.511111111111111,0.903787579790874,GSE65682
PASK,GSE57065,25,28,5.58749613333333,4.09512273809524,5.65261333333333,4.04669833333333,-1.4923733952381,Down_in_Sepsis,0.0128571428571429,2.14616925591847e-13,GSE65682
PASK,GSE95233,22,51,6.02428164181818,4.77577526503268,5.94061260333334,4.74311968666667,-1.2485063767855,Down_in_Sepsis,0.018716577540107,8.82077171942536e-11,GSE65682
RUNX3,GSE137340,14,43,6.75005573189286,6.64661106830233,6.6913849875,6.618483679,-0.103444663590532,Down_in_Sepsis,0.441860465116279,0.526668623776916,GSE65682
RUNX3,GSE236713,30,125,1.20032605016667,-0.32395530504,1.1770645225,-0.228241802,-1.52428135520667,Down_in_Sepsis,0.0322666666666667,1.9928233814751e-15,GSE65682
RUNX3,GSE54514,18,35,9.07273046177778,8.89221264974286,9.1125116345,8.793813705,-0.180517812034919,Down_in_Sepsis,0.395238095238095,0.220939150662259,GSE65682
RUNX3,GSE57065,25,28,7.24065813333333,5.81859297619048,7.18098666666667,5.68781333333333,-1.42206515714286,Down_in_Sepsis,0.0285714285714286,6.00484882532239e-12,GSE65682
RUNX3,GSE95233,22,51,7.08631171469697,5.73464685627451,7.11205732166667,5.74685884,-1.35166485842246,Down_in_Sepsis,0.00267379679144385,2.05178515500888e-11,GSE65682
CDC25B,GSE137340,14,43,8.99977323285714,8.09544132341861,8.94229677,7.993413291,-0.904331909438538,Down_in_Sepsis,0.249169435215947,0.00438898494776219,GSE65682
CDC25B,GSE236713,30,125,1.71788823,-0.459540968904,1.72541835,-0.21615744,-2.177429198904,Down_in_Sepsis,0.00373333333333333,3.56444855003682e-17,GSE65682
CDC25B,GSE54514,18,35,8.61353985466667,8.84845126011429,8.577946186,8.79829216,0.234911405447619,Up_in_Sepsis,0.615873015873016,0.174978076951376,GSE65682
CDC25B,GSE57065,25,28,9.02872,7.22083678571429,9.04352,7.2035,-1.80788321428571,Down_in_Sepsis,0.00142857142857143,4.42509124931643e-15,GSE65682
CDC25B,GSE95233,22,51,9.29842921363636,7.24626622686275,9.253458165,7.29020516,-2.05216298677362,Down_in_Sepsis,0,1.60188706567253e-11,GSE65682
SLC37A3,GSE137340,14,43,4.89898103630952,5.64367841450388,4.67210693733334,5.64444963566667,0.744697378194351,Up_in_Sepsis,0.838870431893687,6.75807999629674e-05,GSE65682
SLC37A3,GSE236713,30,125,-1.46040904446667,0.265602879808,-1.4184998075,0.3433465,1.72601192427467,Up_in_Sepsis,0.9448,4.27678051523827e-14,GSE65682
SLC37A3,GSE54514,18,35,7.48148457209259,7.47250887550476,7.47998102516667,7.461111387,-0.00897569658783226,Down_in_Sepsis,0.477777777777778,0.801741213878021,GSE65682
SLC37A3,GSE57065,25,28,6.1594008,7.77915071428572,6.19295,7.704365,1.61974991428571,Up_in_Sepsis,0.958571428571428,1.12580558551748e-08,GSE65682
SLC37A3,GSE95233,22,51,5.55873598454545,7.0908985854902,5.55006579,7.20748288,1.53216260094474,Up_in_Sepsis,0.946524064171123,1.77642526075052e-09,GSE65682
KLRG1,GSE137340,14,43,4.26463553657143,4.45042813016279,4.2335670075,4.295713273,0.185792593591362,Up_in_Sepsis,0.762458471760797,0.00277398677921297,GSE65682
KLRG1,GSE236713,30,125,2.2033672975,-0.3638078811,2.27022255,-0.3035959,-2.5671751786,Down_in_Sepsis,0.0218666666666666,4.72267228015068e-16,GSE65682
KLRG1,GSE54514,18,35,7.9997029305,7.83932613642857,7.949187756,7.660594463,-0.160376794071428,Down_in_Sepsis,0.385714285714286,0.181077171557747,GSE65682
KLRG1,GSE57065,25,28,7.2647048,6.0016425,7.17239,5.934195,-1.2630623,Down_in_Sepsis,0.111428571428571,1.68336329944811e-07,GSE65682
KLRG1,GSE95233,22,51,7.89931823727273,5.53852151568627,7.636022445,5.40478294,-2.36079672158645,Down_in_Sepsis,0,1.60188706567253e-11,GSE65682
CKAP4,GSE137340,14,43,8.68354932635714,10.3548927002558,8.334189442,10.3958996,1.67134337389867,Up_in_Sepsis,0.822259136212625,0.000170516069266715,GSE65682
CKAP4,GSE236713,30,125,-1.15503529533333,0.23056830784,-1.2337575,0.27721238,1.38560360317333,Up_in_Sepsis,0.947466666666667,3.01722266171569e-14,GSE65682
CKAP4,GSE54514,18,35,10.4983355739444,10.6561353135714,10.36950207,10.58610821,0.157799739626984,Up_in_Sepsis,0.552380952380952,0.541587732899303,GSE65682
CKAP4,GSE57065,25,28,6.1655068,7.71438559523809,6.20847333333333,7.77612,1.5488787952381,Up_in_Sepsis,0.992857142857143,4.20383668685061e-14,GSE65682
CKAP4,GSE95233,22,51,7.61376698833333,9.61402933117647,7.68183343666667,9.59332071333333,2.00026234284314,Up_in_Sepsis,1,1.60188706567253e-11,GSE65682
MCTP1,GSE137340,14,43,4.58472268861905,5.14239252375194,4.493196245,5.119668143,0.557669835132892,Up_in_Sepsis,0.863787375415283,1.44528445939708e-05,GSE65682
MCTP1,GSE236713,30,125,-1.16406979591667,0.10902400144,-1.14267647,0.21543135,1.27309379735667,Up_in_Sepsis,0.9224,7.39949169071023e-13,GSE65682
MCTP1,GSE54514,18,35,7.42282923063889,7.45341083661429,7.438111067,7.458173752,0.0305816059753967,Up_in_Sepsis,0.549206349206349,0.570192060596712,GSE65682
MCTP1,GSE57065,25,28,5.85247213333333,7.03977011904762,5.94491,7.022915,1.18729798571429,Up_in_Sepsis,0.987142857142857,2.14616925591847e-13,GSE65682
MCTP1,GSE95233,22,51,5.80417616909091,7.11363349686275,5.81084347666667,7.13389901666667,1.30945732777183,Up_in_Sepsis,0.977718360071301,1.21213677994709e-10,GSE65682
ZDHHC20,GSE137340,14,43,4.48646148357143,4.78128549688372,4.3296851225,4.651275156,0.294824013312293,Up_in_Sepsis,0.79734219269103,0.000599272533308424,GSE65682
ZDHHC20,GSE236713,30,125,-1.11654541284445,0.367440331629334,-1.16088580166667,0.421545366666667,1.48398574447378,Up_in_Sepsis,0.922933333333333,6.92535137086423e-13,GSE65682
ZDHHC20,GSE54514,18,35,7.30557690727778,7.27663435265714,7.278277874,7.260931015,-0.0289425546206346,Down_in_Sepsis,0.444444444444444,0.520600333060429,GSE65682
ZDHHC20,GSE57065,25,28,5.839208,7.49510875,5.82111,7.482605,1.65590075,Up_in_Sepsis,0.968571428571429,9.97415567595923e-12,GSE65682
ZDHHC20,GSE95233,22,51,7.02591832909091,8.90033525137255,7.07179978,9.08506975,1.87441692228164,Up_in_Sepsis,0.974153297682709,1.66193362226705e-10,GSE65682
LILRB3,GSE137340,14,43,11.8985558657143,13.0289695974419,11.8624151225,13.189878895,1.13041373172758,Up_in_Sepsis,0.875415282392027,6.53811501196993e-06,GSE65682
LILRB3,GSE236713,30,125,-1.459986804,0.203519264252,-1.448245995,0.29297376,1.663506068252,Up_in_Sepsis,0.982933333333333,2.4048647245251e-16,GSE65682
LILRB3,GSE54514,18,35,13.1803430452778,13.0914659094143,13.16352987,13.1163497,-0.088877135863493,Down_in_Sepsis,0.455555555555556,0.608776071190231,GSE65682
LILRB3,GSE57065,25,28,9.2699034,9.95134660714286,9.296835,10.02601,0.681443207142857,Up_in_Sepsis,0.904285714285714,3.7851498194051e-08,GSE65682
LILRB3,GSE95233,22,51,10.3755975621591,11.100380462598,10.34797536375,11.108406795,0.724782900438948,Up_in_Sepsis,0.947415329768271,1.64920787156369e-09,GSE65682
DHRS9,GSE137340,14,43,6.47891907254762,7.54693531428682,6.03463694933333,7.612591659,1.0680162417392,Up_in_Sepsis,0.820598006644518,0.000186294412620237,GSE65682
DHRS9,GSE236713,30,125,-1.05189128033333,0.673714650624,-1.11708335,0.6834445,1.72560593095733,Up_in_Sepsis,0.8552,1.63445601352276e-09,GSE65682
DHRS9,GSE54514,18,35,7.15118503561111,7.0925009728,7.112692833,7.069767475,-0.0586840628111114,Down_in_Sepsis,0.380952380952381,0.163232997664367,GSE65682
DHRS9,GSE57065,25,28,6.52625813333333,9.33120166666667,6.46862,9.38303666666667,2.80494353333333,Up_in_Sepsis,0.971428571428571,6.00484882532239e-12,GSE65682
DHRS9,GSE95233,22,51,6.36678382590909,9.55002221385621,6.40964877666667,9.64092690333333,3.18323838794712,Up_in_Sepsis,1,1.60188706567253e-11,GSE65682
GGH,GSE137340,14,43,4.85909495139286,5.5194562487907,4.658099538,5.5243476895,0.660361297397841,Up_in_Sepsis,0.842192691029901,5.56405121878381e-05,GSE65682
GGH,GSE236713,30,125,-1.54462506533333,0.355790853512,-1.5635712,0.22100759,1.90041591884533,Up_in_Sepsis,0.941066666666666,6.94636528075572e-14,GSE65682
GGH,GSE54514,18,35,7.56195196841667,7.5521293572,7.52366983925,7.4486792085,-0.00982261121666639,Down_in_Sepsis,0.442857142857143,0.508552086621423,GSE65682
GGH,GSE57065,25,28,4.6510996,6.6113775,4.80268,6.64766,1.9602779,Up_in_Sepsis,0.995714285714286,1.54878193726075e-14,GSE65682
GGH,GSE95233,22,51,3.51179450545455,5.32588166960784,3.475873655,5.24314625,1.8140871641533,Up_in_Sepsis,0.991978609625668,3.35212501057368e-11,GSE65682
STK3,GSE137340,14,43,5.36812052107143,6.51732132472093,5.1294200755,6.521989887,1.1492008036495,Up_in_Sepsis,0.837209302325582,7.43901516703796e-05,GSE65682
STK3,GSE236713,30,125,-1.4170050985,0.209736251668,-1.425205575,0.234654785,1.626741350168,Up_in_Sepsis,0.988800000000001,1.04470720762514e-16,GSE65682
STK3,GSE54514,18,35,8.34080921277778,8.19166631691429,8.350311279,8.048762321,-0.149142895863491,Down_in_Sepsis,0.382539682539682,0.169030570051923,GSE65682
STK3,GSE57065,25,28,3.52924573333333,4.23196178571429,3.54186333333333,4.27900166666667,0.702716052380952,Up_in_Sepsis,0.965714285714285,1.6235659793742e-11,GSE65682
STK3,GSE95233,22,51,4.02867583121212,5.11322359424837,4.06598942833334,5.14450283333333,1.08454776303624,Up_in_Sepsis,0.973262032085561,1.79773479549631e-10,GSE65682
FOLR3,GSE137340,14,43,7.78031582228571,10.7634321393256,7.3107785305,10.78795637,2.98311631703987,Up_in_Sepsis,0.878737541528239,5.16186693059591e-06,GSE65682
FOLR3,GSE236713,30,125,-2.26840002066667,0.044576648888,-2.07689285,0.041836023,2.31297666955467,Up_in_Sepsis,0.925066666666667,5.30947248900134e-13,GSE65682
FOLR3,GSE54514,18,35,10.4749008286111,10.7396825792857,10.102611065,10.88411808,0.264781750674604,Up_in_Sepsis,0.632539682539683,0.119026798460476,GSE65682
FOLR3,GSE57065,25,28,6.9460684,8.61963642857143,6.53303,8.35897,1.67356802857143,Up_in_Sepsis,0.812857142857143,4.97002976572696e-05,GSE65682
FOLR3,GSE95233,22,51,7.22728167590909,9.60562909254902,7.22589388,9.41200952,2.37834741663993,Up_in_Sepsis,0.92602495543672,9.43827637107183e-09,GSE65682
WIPI1,GSE137340,14,43,5.84246341814286,6.68232948148837,5.6971568515,6.808783668,0.839866063345515,Up_in_Sepsis,0.757475083056478,0.0033868587230376,GSE65682
WIPI1,GSE236713,30,125,-1.41402153533333,0.271323764848,-1.33425285,0.20184422,1.68534530018133,Up_in_Sepsis,0.983466666666666,2.23022449395653e-16,GSE65682
WIPI1,GSE54514,18,35,8.49110942422222,8.37088155748572,8.436255932,8.354125023,-0.120227866736506,Down_in_Sepsis,0.420634920634921,0.35253243130273,GSE65682
WIPI1,GSE57065,25,28,6.3063356,7.62544607142857,6.401195,7.72776,1.31911047142857,Up_in_Sepsis,0.991428571428571,6.63763687397464e-14,GSE65682
WIPI1,GSE95233,22,51,7.17243139181818,8.66540228686275,7.1766740375,8.5907914,1.49297089504456,Up_in_Sepsis,0.992869875222816,3.09077930949446e-11,GSE65682
NMT2,GSE137340,14,43,6.39162576819048,6.78077687793798,6.41136928233334,6.77233469466667,0.389151109747508,Up_in_Sepsis,0.722591362126246,0.0121436159405964,GSE65682
NMT2,GSE236713,30,125,1.89452943,-0.336287058776,1.927006825,-0.33382845,-2.230816488776,Down_in_Sepsis,0.00373333333333333,3.56444855003682e-17,GSE65682
NMT2,GSE54514,18,35,7.27988437813889,7.2612199579,7.26405155675,7.2005257605,-0.0186644202388893,Down_in_Sepsis,0.461904761904762,0.661913156874205,GSE65682
NMT2,GSE57065,25,28,4.9547078,3.19415982142857,4.9397825,3.15989,-1.76054797857143,Down_in_Sepsis,0.00714285714285714,4.20383668685061e-14,GSE65682
NMT2,GSE95233,22,51,4.56380403113636,3.74823347578431,4.54752649375,3.7685915175,-0.81557055535205,Down_in_Sepsis,0.0053475935828877,2.62469054871502e-11,GSE65682
HK3,GSE137340,14,43,8.75082910471429,10.4119840827674,8.390877427,10.41149064,1.66115497805316,Up_in_Sepsis,0.832225913621263,0.000216857743109656,GSE65682
HK3,GSE236713,30,125,-1.44986136,0.403689497512,-1.5138011,0.471241,1.853550857512,Up_in_Sepsis,0.909333333333333,3.65502650130104e-12,GSE65682
HK3,GSE54514,18,35,10.4937286905,10.6485877990286,10.47875452,10.64564991,0.154859108528573,Up_in_Sepsis,0.561904761904762,0.473286065359816,GSE65682
HK3,GSE57065,25,28,7.98032,10.4371428571429,7.97807,10.46565,2.45682285714286,Up_in_Sepsis,0.998571428571429,4.42509124931643e-15,GSE65682
HK3,GSE95233,22,51,6.70271733136364,9.05404229490196,6.63855448,9.14997634,2.35132496353832,Up_in_Sepsis,1,1.60188706567253e-11,GSE65682
HLA-DPB1,GSE137340,14,43,5.47542032028571,5.54581998962791,5.198502823,5.381987185,0.0703996693421933,Up_in_Sepsis,0.518272425249169,0.847419434724282,GSE65682
HLA-DPB1,GSE236713,30,125,1.298608723,-0.4145296915696,1.301215987,-0.484441368,-1.7131384145696,Down_in_Sepsis,0.0226666666666666,5.28154041652889e-16,GSE65682
HLA-DPB1,GSE54514,18,35,7.25630855544444,7.21391203748572,7.217739582,7.189665318,-0.0423965179587293,Down_in_Sepsis,0.406349206349206,0.274780752688366,GSE65682
HLA-DPB1,GSE57065,25,28,7.2440554,5.97528267857143,7.33975,5.8453875,-1.26877272142857,Down_in_Sepsis,0.0242857142857143,2.68160529708576e-12,GSE65682
HLA-DPB1,GSE95233,22,51,7.6833010575,5.71928535362745,7.7125187,5.64996396,-1.96401570387255,Down_in_Sepsis,0.0053475935828877,2.62469054871502e-11,GSE65682
LY96,GSE137340,14,43,7.41408872221429,9.92685163725581,6.70322251,10.25331571,2.51276291504153,Up_in_Sepsis,0.830564784053156,0.00010836477926158,GSE65682
LY96,GSE236713,30,125,-1.29393349566667,0.030431864064,-1.4169574,0.05807972,1.32436535973067,Up_in_Sepsis,0.956,9.74728284615764e-15,GSE65682
LY96,GSE54514,18,35,11.1674271165556,11.1535691122286,11.07376528,10.91038418,-0.013858004326984,Down_in_Sepsis,0.508730158730159,0.925182301343194,GSE65682
LY96,GSE57065,25,28,7.799308,9.07823714285714,7.80017,9.350375,1.27892914285714,Up_in_Sepsis,0.845714285714286,5.44927001438078e-06,GSE65682
LY96,GSE95233,22,51,7.150900215,9.64002873215686,7.243820295,9.75927487,2.48912851715686,Up_in_Sepsis,0.982174688057041,8.14407368438532e-11,GSE65682
MKNK1,GSE137340,14,43,6.46608333292857,7.18252987925581,6.32867992275,7.2093653015,0.716446546327243,Up_in_Sepsis,0.81063122923588,0.000312251163096141,GSE65682
MKNK1,GSE236713,30,125,-1.62343389,0.510883557568,-1.64516165,0.65301347,2.134317447568,Up_in_Sepsis,0.951466666666667,1.78114324046603e-14,GSE65682
MKNK1,GSE54514,18,35,8.37736335036111,8.43010051591429,8.283297062,8.408137798,0.0527371655531734,Up_in_Sepsis,0.561904761904762,0.473286065359816,GSE65682
MKNK1,GSE57065,25,28,6.9918668,8.68497130952381,7.06774333333333,8.86729833333333,1.69310450952381,Up_in_Sepsis,1,2.21254562465821e-15,GSE65682
MKNK1,GSE95233,22,51,7.09009474439394,8.67478624555556,7.05014280333334,8.72999900666667,1.58469150116161,Up_in_Sepsis,0.988413547237077,4.63944869067713e-11,GSE65682
ESYT1,GSE137340,14,43,8.79180128078571,8.83812901232558,8.7166624555,8.739636764,0.0463277315398667,Up_in_Sepsis,0.470099667774086,0.748386036662598,GSE65682
ESYT1,GSE236713,30,125,1.00553399666667,-0.363780722928,0.987070565,-0.35634398,-1.36931471959467,Down_in_Sepsis,0.0397333333333334,5.49734641168987e-15,GSE65682
ESYT1,GSE54514,18,35,8.58825545844445,8.88310813902857,8.3357548715,8.820688248,0.294852680584127,Up_in_Sepsis,0.65,0.0774849890888231,GSE65682
ESYT1,GSE57065,25,28,8.7365608,6.75381892857143,8.80187,6.698435,-1.98274187142857,Down_in_Sepsis,0,2.21254562465821e-15,GSE65682
ESYT1,GSE95233,22,51,10.1708738881818,8.06366981352941,10.122068805,8.04673925,-2.10720407465241,Down_in_Sepsis,0,1.60188706567253e-11,GSE65682
ATP8B4,GSE137340,14,43,6.04242837178571,7.89603791934884,5.9098729925,7.817046546,1.85360954756312,Up_in_Sepsis,0.920265780730897,1.70597610653585e-07,GSE65682
ATP8B4,GSE236713,30,125,-1.21495305033333,0.14060301156,-1.2074945,0.19343376,1.35555606189333,Up_in_Sepsis,0.883466666666667,7.4854734183252e-11,GSE65682
ATP8B4,GSE54514,18,35,8.69092207477778,9.01163763294286,8.683256626,9.004590034,0.32071555816508,Up_in_Sepsis,0.601587301587302,0.235502725274607,GSE65682
ATP8B4,GSE57065,25,28,4.3510256,6.03643714285714,4.32045,6.0162,1.68541154285714,Up_in_Sepsis,0.922857142857142,5.32311262981583e-09,GSE65682
ATP8B4,GSE95233,22,51,5.35180145318182,7.19843281803922,5.327122285,7.17104536,1.8466313648574,Up_in_Sepsis,0.983065953654189,7.51822548100406e-11,GSE65682
TBC1D4,GSE137340,14,43,5.43786769642857,5.46914916665116,5.3740103205,5.546613936,0.0312814702225914,Up_in_Sepsis,0.504983388704319,0.963464689999678,GSE65682
TBC1D4,GSE236713,30,125,1.79231042666667,-0.538257457464,1.70606735,-0.3567071,-2.33056788413067,Down_in_Sepsis,0.00746666666666667,6.11441610250757e-17,GSE65682
TBC1D4,GSE54514,18,35,7.20126271233333,7.22801118582857,7.144759655,7.178913593,0.0267484734952381,Up_in_Sepsis,0.53015873015873,0.730730102071719,GSE65682
TBC1D4,GSE57065,25,28,6.7830892,4.71320446428571,6.674195,4.62975,-2.06988473571429,Down_in_Sepsis,0.0128571428571429,2.14616925591847e-13,GSE65682
TBC1D4,GSE95233,22,51,6.81278753181818,5.41639427460784,6.77776977,5.444948725,-1.39639325721034,Down_in_Sepsis,0.0320855614973262,2.87149299473703e-10,GSE65682
PNPLA1,GSE137340,14,43,4.38740219785714,5.14064118683721,4.319138534,4.946832154,0.753238988980066,Up_in_Sepsis,0.898671096345515,1.12784882767697e-06,GSE65682
PNPLA1,GSE236713,30,125,-1.87529928666667,0.350765931024,-1.6847677,0.43668938,2.22606521769067,Up_in_Sepsis,0.954666666666667,1.16453145345785e-14,GSE65682
PNPLA1,GSE54514,18,35,7.53483740488889,7.49948299954286,7.478311777,7.380781174,-0.0353544053460322,Down_in_Sepsis,0.377777777777778,0.152080729356349,GSE65682
PNPLA1,GSE57065,25,28,3.4547696,4.5522275,3.42356,4.456935,1.0974579,Up_in_Sepsis,0.971428571428571,6.00484882532239e-12,GSE65682
PNPLA1,GSE95233,22,51,3.34164590954545,5.02692521078431,3.454345565,5.14149137,1.68527930123886,Up_in_Sepsis,0.975044563279857,1.53617362330698e-10,GSE65682
CD27,GSE137340,14,43,7.84403436214286,7.37142041341861,7.8740610205,7.235576987,-0.472613948724252,Down_in_Sepsis,0.348837209302326,0.0936456948900907,GSE65682
CD27,GSE236713,30,125,1.60952607,-0.448547118312,1.60144545,-0.43886185,-2.058073188312,Down_in_Sepsis,0.0162666666666667,2.14765424902856e-16,GSE65682
CD27,GSE54514,18,35,7.76306345722222,7.73695680074286,7.7280151845,7.715987682,-0.0261066564793655,Down_in_Sepsis,0.474603174603175,0.773107646476209,GSE65682
CD27,GSE57065,25,28,9.0522132,7.25395678571429,8.96291,7.32635,-1.79825641428572,Down_in_Sepsis,0.00285714285714286,8.85018249863286e-15,GSE65682
CD27,GSE95233,22,51,7.60511039136364,6.09770327470588,7.64433871,5.98499079,-1.50740711665775,Down_in_Sepsis,0.0374331550802139,4.56190854345469e-10,GSE65682
IL18R1,GSE137340,14,43,6.17585599778572,8.05280513351163,5.402050384,7.64417072,1.87694913572591,Up_in_Sepsis,0.803986710963455,0.000434777002978728,GSE65682
IL18R1,GSE236713,30,125,-1.99271197677778,0.889991658575999,-2.11191423333334,1.11028923333333,2.88270363535378,Up_in_Sepsis,0.894666666666667,2.07259608972765e-11,GSE65682
IL18R1,GSE54514,18,35,9.61118634561111,9.77374446068571,9.8999867425,9.99764061,0.162558115074603,Up_in_Sepsis,0.549206349206349,0.570192060596712,GSE65682
IL18R1,GSE57065,25,28,5.5001572,8.49871821428572,5.41208,8.561775,2.99856101428571,Up_in_Sepsis,0.997142857142857,8.85018249863286e-15,GSE65682
IL18R1,GSE95233,22,51,5.883253725,9.44838876078431,6.01622123,9.54157288,3.56513503578431,Up_in_Sepsis,0.999108734402852,1.73990990394731e-11,GSE65682
KLRK1,GSE137340,14,43,4.3346446165,4.62277292206977,4.2772545955,4.486210933,0.288128305569767,Up_in_Sepsis,0.789036544850498,0.000882837458545004,GSE65682
KLRK1,GSE236713,30,125,2.80717267666667,-0.424707229824,2.98719665,-0.27480245,-3.23187990649067,Down_in_Sepsis,0.0128,1.31271333426779e-16,GSE65682
KLRK1,GSE54514,18,35,7.18348781277778,7.21565678462857,7.162181854,7.185688972,0.0321689718507932,Up_in_Sepsis,0.612698412698413,0.187329444556183,GSE65682
KLRK1,GSE57065,25,28,7.992852,6.32736642857143,8.03981,6.17271,-1.66548557142857,Down_in_Sepsis,0.0985714285714286,5.01696910811419e-08,GSE65682
KLRK1,GSE95233,22,51,8.45150311590909,6.24926033901961,8.42232565,6.03444901,-2.20224277688948,Down_in_Sepsis,0.0089126559714795,3.63757408976493e-11,GSE65682
GSTO1,GSE137340,14,43,9.03381711932143,10.684347756407,8.73774866,10.81451811,1.65053063708555,Up_in_Sepsis,0.855481727574751,2.47165216210598e-05,GSE65682
GSTO1,GSE236713,30,125,-0.584810701433333,0.08805488772,-0.4996829,0.09788275,0.672865589153333,Up_in_Sepsis,0.821066666666667,5.01489141257464e-08,GSE65682
GSTO1,GSE54514,18,35,11.0861301684167,11.1545495583143,11.01148176,11.149848465,0.0684193898976204,Up_in_Sepsis,0.56031746031746,0.484892703673966,GSE65682
GSTO1,GSE57065,25,28,8.5092466,9.87972053571429,8.537125,9.961315,1.37047393571429,Up_in_Sepsis,0.971428571428571,6.00484882532239e-12,GSE65682
GSTO1,GSE95233,22,51,8.08289759954545,9.82062042313725,8.051531915,9.82222832,1.7377228235918,Up_in_Sepsis,0.999108734402852,1.73990990394731e-11,GSE65682
SPOCK2,GSE137340,14,43,9.61108025607143,8.96696637739535,9.724686562,8.87144506,-0.64411387867608,Down_in_Sepsis,0.274086378737542,0.0108462939219553,GSE65682
SPOCK2,GSE236713,30,125,0.95195917505,-0.0801791475679999,1.01618135,-0.14886856,-1.032138322618,Down_in_Sepsis,0.0914666666666667,4.0241950348672e-12,GSE65682
SPOCK2,GSE54514,18,35,8.98992053705556,9.01634499688571,8.985435963,8.900390625,0.0264244598301584,Up_in_Sepsis,0.487301587301587,0.887976812215392,GSE65682
SPOCK2,GSE57065,25,28,7.5892044,5.98640571428572,7.630205,5.9310075,-1.60279868571429,Down_in_Sepsis,0,2.21254562465821e-15,GSE65682
SPOCK2,GSE95233,22,51,8.18261071454545,6.30450530284314,8.1931786275,6.243209625,-1.87810541170232,Down_in_Sepsis,0.00089126559714795,1.73990990394731e-11,GSE65682
CLEC2D,GSE137340,14,43,5.10812314608929,5.10759094686047,5.051989424,5.106395474375,-0.000532199228820751,Down_in_Sepsis,0.493355481727575,0.948867329475225,GSE65682
CLEC2D,GSE236713,30,125,1.04120925358333,-0.198422718188,1.1047092675,-0.22315204,-1.23963197177133,Down_in_Sepsis,0.0429333333333333,8.45106671254997e-15,GSE65682
CLEC2D,GSE54514,18,35,8.45484662955556,8.39492305122857,8.49691168533333,8.377343497,-0.059923578326984,Down_in_Sepsis,0.422222222222222,0.365828622459723,GSE65682
CLEC2D,GSE57065,25,28,5.7009537,4.68411241071429,5.75946,4.62121375,-1.01684128928571,Down_in_Sepsis,0.101428571428571,6.61776843551978e-08,GSE65682
CLEC2D,GSE95233,22,51,6.90685445443182,5.74225261147059,6.86646445625,5.6758782525,-1.16460184296123,Down_in_Sepsis,0.0071301247771836,3.09077930949446e-11,GSE65682
KLHL2,GSE137340,14,43,4.76524760771429,5.47184950463954,4.50471983275,5.4807546145,0.70660189692525,Up_in_Sepsis,0.789036544850498,0.000882837458545004,GSE65682
KLHL2,GSE236713,30,125,-1.91124009,0.261005643352,-1.88581375,0.2853849,2.172245733352,Up_in_Sepsis,0.964533333333334,3.08443868770184e-15,GSE65682
KLHL2,GSE54514,18,35,9.42976405922222,8.75314253388572,9.3229818345,8.676052094,-0.676621525336508,Down_in_Sepsis,0.217460317460317,0.000587184119732359,GSE65682
KLHL2,GSE57065,25,28,8.0099216,9.90763571428571,8.07879,10.10845,1.89771411428571,Up_in_Sepsis,0.947142857142857,2.65428035862123e-10,GSE65682
KLHL2,GSE95233,22,51,7.25603650636364,9.60037054196078,7.23366773,9.67989133,2.34433403559715,Up_in_Sepsis,0.980392156862745,9.55234536735608e-11,GSE65682
OSCAR,GSE137340,14,43,8.09392213135714,9.17151098431395,7.85375902225,9.3020855255,1.07758885295681,Up_in_Sepsis,0.790697674418605,0.000817983541866246,GSE65682
OSCAR,GSE236713,30,125,-1.22318913483333,0.310133562124,-1.262642025,0.24224699,1.53332269695733,Up_in_Sepsis,0.988266666666667,1.12742635392446e-16,GSE65682
OSCAR,GSE54514,18,35,9.98900307555556,9.9531713485,9.91548228425,9.9920511245,-0.0358317270555553,Down_in_Sepsis,0.503174603174603,0.977746942500812,GSE65682
OSCAR,GSE57065,25,28,6.0381104,7.49921428571429,6.05774,7.58367,1.46110388571429,Up_in_Sepsis,0.991428571428571,6.63763687397464e-14,GSE65682
OSCAR,GSE95233,22,51,8.163267005,9.60164760411765,8.296556385,9.61905156,1.43838059911765,Up_in_Sepsis,0.996434937611408,2.22762533627504e-11,GSE65682
FLT3LG,GSE137340,14,43,7.07478383064286,6.49588967281395,7.0485604375,6.374846729,-0.578894157828904,Down_in_Sepsis,0.29734219269103,0.0230841553432246,GSE65682
FLT3LG,GSE236713,30,125,2.27837494666667,-0.439255397392,2.27617785,-0.4355023,-2.71763034405867,Down_in_Sepsis,0.00986666666666667,8.63190787799774e-17,GSE65682
FLT3LG,GSE54514,18,35,7.56449053033333,7.56465364177143,7.4955224995,7.470183372,0.000163111438095775,Up_in_Sepsis,0.495238095238095,0.962919951586959,GSE65682
FLT3LG,GSE57065,25,28,6.2827562,4.61189607142857,6.334485,4.567735,-1.67086012857143,Down_in_Sepsis,0.00857142857142857,6.63763687397464e-14,GSE65682
FLT3LG,GSE95233,22,51,6.15748357159091,5.11342464441177,6.12097883,5.08953355,-1.04405892717914,Down_in_Sepsis,0.0106951871657754,4.27867888939574e-11,GSE65682
RNASE3,GSE137340,14,43,5.15318927107143,7.37279856172093,4.9310884735,7.276024219,2.2196092906495,Up_in_Sepsis,0.865448504983389,1.29444347247364e-05,GSE65682
RNASE3,GSE236713,30,125,-1.78121274366667,0.276659620512,-1.79301785,0.30596137,2.05787236417867,Up_in_Sepsis,0.8912,3.09587125029148e-11,GSE65682
RNASE3,GSE54514,18,35,8.39811846966667,9.07183991837143,8.519881725,8.999832153,0.673721448704763,Up_in_Sepsis,0.715873015873016,0.00997989337858457,GSE65682
RNASE3,GSE57065,25,28,5.1106688,7.58436,5.0263,7.60682,2.4736912,Up_in_Sepsis,0.988571428571428,1.482405568521e-13,GSE65682
RNASE3,GSE95233,22,51,4.70455852136364,6.79285418333333,4.76967123,6.80456841,2.0882956619697,Up_in_Sepsis,0.975935828877005,1.41972918224125e-10,GSE65682
GYG1,GSE137340,14,43,8.64510243842857,10.7053474037209,8.2397971255,10.56442595,2.06024496529236,Up_in_Sepsis,0.86046511627907,1.79643132928885e-05,GSE65682
GYG1,GSE236713,30,125,-0.540964846288889,0.193892827072,-0.516372281666667,0.43476844,0.734857673360889,Up_in_Sepsis,0.7672,5.73578659057616e-06,GSE65682
GYG1,GSE54514,18,35,11.5812225331111,11.5434056412286,11.25081396,11.80257702,-0.0378168918825406,Down_in_Sepsis,0.486507936507937,0.880565269607831,GSE65682
GYG1,GSE57065,25,28,8.3100668,11.4462498214286,8.36431,11.561225,3.13618302142857,Up_in_Sepsis,1,2.21254562465821e-15,GSE65682
GYG1,GSE95233,22,51,8.21840119272727,11.0200852952941,8.12424468,11.08519727,2.80168410256685,Up_in_Sepsis,1,1.60188706567253e-11,GSE65682
BAZ1A,GSE137340,14,43,7.02536312053571,8.44793026040698,6.62429578625,8.4639753055,1.42256713987126,Up_in_Sepsis,0.848837209302326,3.73425195502401e-05,GSE65682
BAZ1A,GSE236713,30,125,-1.10758373866667,0.330047585472,-1.08332845,0.21280956,1.43763132413867,Up_in_Sepsis,0.955466666666666,1.04668728554346e-14,GSE65682
BAZ1A,GSE54514,18,35,9.00212816402778,8.99772211498572,9.0386412145,8.980738164,-0.00440604904206232,Down_in_Sepsis,0.503174603174603,0.977746942500812,GSE65682
BAZ1A,GSE57065,25,28,8.4024268,9.64944214285714,8.36847,9.71966,1.24701534285714,Up_in_Sepsis,0.938571428571428,8.18582142391674e-10,GSE65682
BAZ1A,GSE95233,22,51,8.42885938613636,9.74536054519608,8.3961479325,9.852005555,1.31650115905972,Up_in_Sepsis,0.968805704099822,2.6568328672965e-10,GSE65682
SOCS3,GSE137340,14,43,5.27076765892857,6.03848639939535,4.937756234,5.94213159,0.767718740466777,Up_in_Sepsis,0.789036544850498,0.000882837458545004,GSE65682
SOCS3,GSE236713,30,125,-2.33895945533333,0.257958280168,-2.42550395,0.19479752,2.59691773550133,Up_in_Sepsis,0.9848,1.84645884066347e-16,GSE65682
SOCS3,GSE54514,18,35,7.62629810966667,7.50437577792857,7.48325550575,7.4642448425,-0.121922331738095,Down_in_Sepsis,0.387301587301587,0.187329444556183,GSE65682
SOCS3,GSE57065,25,28,4.8586638,6.04679196428571,4.83204,6.07383625,1.18812816428571,Up_in_Sepsis,0.978571428571428,1.51338120726622e-12,GSE65682
SOCS3,GSE95233,22,51,6.21546686579545,7.70253217843137,6.19071269375,7.7172273,1.48706531263592,Up_in_Sepsis,0.977718360071301,1.21213677994709e-10,GSE65682
RAB24,GSE137340,14,43,7.72408933621429,8.67957624886047,7.521628117,8.673496114,0.95548691264618,Up_in_Sepsis,0.827242524916944,0.000130195088864173,GSE65682
RAB24,GSE236713,30,125,-1.56423222333333,0.186654792288,-1.5599339,0.16130829,1.75088701562133,Up_in_Sepsis,0.954133333333333,1.25025004057524e-14,GSE65682
RAB24,GSE54514,18,35,8.52927397094445,8.63639335892571,8.40610013,8.6525171276,0.107119387981269,Up_in_Sepsis,0.663492063492063,0.0536371037869218,GSE65682
RAB24,GSE57065,25,28,8.3966688,9.19550285714286,8.34048,9.23673,0.798834057142857,Up_in_Sepsis,0.901428571428571,5.01696910811419e-08,GSE65682
RAB24,GSE95233,22,51,8.79651424227273,10.036220352549,8.85470277,10.00827474,1.23970611027629,Up_in_Sepsis,0.989304812834225,4.27867888939574e-11,GSE65682
SAMD3,GSE137340,14,43,6.330297702875,5.77530154137791,6.238959253375,5.560544291,-0.554996161497093,Down_in_Sepsis,0.275747508305648,0.0114791320682579,GSE65682
SAMD3,GSE236713,30,125,1.55614683733333,-0.429304447852,1.51232905,-0.3463490635,-1.98545128518533,Down_in_Sepsis,0.0293333333333333,1.33186391197432e-15,GSE65682
SAMD3,GSE54514,18,35,7.37058223612963,7.31262510389524,7.3550186155,7.29780340166667,-0.0579571322343924,Down_in_Sepsis,0.411111111111111,0.300340734781541,GSE65682
SAMD3,GSE57065,25,28,5.1742838,4.09672785714286,5.12301,4.11197,-1.07755594285714,Down_in_Sepsis,0.0771428571428572,5.32311262981583e-09,GSE65682
SAMD3,GSE95233,22,51,7.47168535386364,5.16620065078431,7.41691266,5.16571571,-2.30548470307932,Down_in_Sepsis,0,1.60188706567253e-11,GSE65682
PLEKHA1,GSE137340,14,43,6.57338838682143,6.49949036945349,6.429584573,6.358614804,-0.0738980173679407,Down_in_Sepsis,0.435215946843854,0.479707999120335,GSE65682
PLEKHA1,GSE236713,30,125,1.183555254,-0.458963047876,1.2275623,-0.37898171,-1.642518301876,Down_in_Sepsis,0.032,1.9213337153322e-15,GSE65682
PLEKHA1,GSE54514,18,35,7.84305142036111,7.84067649837143,7.741616726,7.691126585,-0.00237492198968248,Down_in_Sepsis,0.480952380952381,0.830638269796872,GSE65682
PLEKHA1,GSE57065,25,28,7.285634,5.3584,7.262745,5.2593125,-1.927234,Down_in_Sepsis,0.0142857142857143,3.07543841827492e-13,GSE65682
PLEKHA1,GSE95233,22,51,6.40705179772727,4.87859009656863,6.429101055,4.86366984,-1.52846170115865,Down_in_Sepsis,0,1.60188706567253e-11,GSE65682
FEM1C,GSE137340,14,43,6.63242736,8.29958290223256,6.4240635395,8.227627676,1.66715554223256,Up_in_Sepsis,0.867109634551495,4.35406099715591e-05,GSE65682
FEM1C,GSE236713,30,125,-0.938265116666667,0.24833075108,-0.98257757,0.20626926,1.18659586774667,Up_in_Sepsis,0.918133333333333,1.25320518707278e-12,GSE65682
FEM1C,GSE54514,18,35,9.06441566661111,9.21357198437143,9.041049957,9.192925453,0.149156317760317,Up_in_Sepsis,0.582539682539682,0.33676180410244,GSE65682
FEM1C,GSE57065,25,28,5.7980048,7.0101825,5.83439,6.926435,1.2121777,Up_in_Sepsis,0.95,1.7876704883551e-10,GSE65682
FEM1C,GSE95233,22,51,7.62682322909091,8.74611340666667,7.737954775,8.7632935,1.11929017757576,Up_in_Sepsis,0.967023172905526,3.10305804161485e-10,GSE65682
EPHX2,GSE137340,14,43,5.43788152971429,5.13566059890698,5.4975403105,5.155130116,-0.302220930807309,Down_in_Sepsis,0.365448504983389,0.136826079481739,GSE65682
EPHX2,GSE236713,30,125,1.58566066,-0.204346971464,1.5675025,-0.1949563,-1.790007631464,Down_in_Sepsis,0.0274666666666667,1.0292890169365e-15,GSE65682
EPHX2,GSE54514,18,35,7.32003508672222,7.1843408448,7.3228383065,7.171639442,-0.135694241922222,Down_in_Sepsis,0.2,0.00023988281015398,GSE65682
EPHX2,GSE57065,25,28,4.5944412,3.54083214285714,4.51049,3.504535,-1.05360905714286,Down_in_Sepsis,0.00142857142857143,4.42509124931643e-15,GSE65682
EPHX2,GSE95233,22,51,5.06283071772727,3.6848447345098,5.04680941,3.6894332,-1.37798598321747,Down_in_Sepsis,0.0303030303030303,2.45787230860139e-10,GSE65682
FAM177A1,GSE137340,14,43,7.45713731076191,7.93242246062791,7.4037792755,7.86601656133333,0.475285149866001,Up_in_Sepsis,0.900332225913621,9.84903435988751e-07,GSE65682
FAM177A1,GSE236713,30,125,-0.802528409,0.233471610472,-0.85777185,0.257349,1.036000019472,Up_in_Sepsis,0.947466666666666,3.01722266171569e-14,GSE65682
FAM177A1,GSE54514,18,35,9.30864068288889,9.30797022875238,9.3162984045,9.312213739,-0.000670454136507459,Down_in_Sepsis,0.474603174603175,0.773107646476209,GSE65682
FAM177A1,GSE57065,25,28,5.7194752,6.85878035714286,5.75421,6.908995,1.13930515714286,Up_in_Sepsis,0.897142857142857,7.58728424529789e-08,GSE65682
FAM177A1,GSE95233,22,51,3.33301807272727,4.31801638588235,3.371656115,4.32192878,0.98499831315508,Up_in_Sepsis,0.938502673796791,3.44535746390565e-09,GSE65682
ATP6V0E2,GSE137340,14,43,7.13425452557143,7.38404160853488,7.110722784,7.56056686,0.249787082963455,Up_in_Sepsis,0.602990033222591,0.257449737936608,GSE65682
ATP6V0E2,GSE236713,30,125,1.66494745333333,-0.296616540464,1.7665446,-0.26023197,-1.96156399379733,Down_in_Sepsis,0.00746666666666667,6.11441610250757e-17,GSE65682
ATP6V0E2,GSE54514,18,35,8.105202304,7.94025847577143,8.071685791,7.826755524,-0.164943828228572,Down_in_Sepsis,0.380952380952381,0.163232997664367,GSE65682
ATP6V0E2,GSE57065,25,28,6.9217936,5.51417464285714,6.89093,5.489855,-1.40761895714286,Down_in_Sepsis,0,2.21254562465821e-15,GSE65682
ATP6V0E2,GSE95233,22,51,8.33333308954546,6.95787031431373,8.23770905,6.90399613,-1.37546277523173,Down_in_Sepsis,0.0142602495543672,5.9097281654302e-11,GSE65682
BACH2,GSE137340,14,43,4.60354495119643,4.73413959451163,4.59973057875,4.636813636,0.1305946433152,Up_in_Sepsis,0.56312292358804,0.49123487062771,GSE65682
BACH2,GSE236713,30,125,2.07433841333333,-0.344494265336,2.050342325,-0.3784858,-2.41883267866933,Down_in_Sepsis,0.024,6.36120793677694e-16,GSE65682
BACH2,GSE54514,18,35,7.16996871987037,7.23128238859048,7.17851034816667,7.20007387766667,0.0613136687201052,Up_in_Sepsis,0.644444444444444,0.0893094144791169,GSE65682
BACH2,GSE57065,25,28,6.4475452,4.56257428571429,6.365085,4.336395,-1.88497091428571,Down_in_Sepsis,0.0328571428571429,1.27509004349053e-11,GSE65682
BACH2,GSE95233,22,51,5.91867616977273,4.57200326333333,5.8066477025,4.480686575,-1.34667290643939,Down_in_Sepsis,0.016934046345811,7.51822548100406e-11,GSE65682
EBLN2,GSE137340,14,43,6.87857543385714,8.67747330932558,6.7508241765,8.610079908,1.79889787546844,Up_in_Sepsis,0.910299003322259,4.22790671752083e-07,GSE65682
EBLN2,GSE236713,30,125,-1.75026481,0.226272020208,-1.75850155,0.21010399,1.976536830208,Up_in_Sepsis,0.966933333333333,2.22338235075182e-15,GSE65682
EBLN2,GSE54514,18,35,8.48404338622222,8.86002834865714,8.5220694545,8.936250687,0.37598496243492,Up_in_Sepsis,0.728571428571429,0.00620578902088934,GSE65682
EBLN2,GSE57065,25,28,6.6947884,7.40305892857143,6.73473,7.423635,0.708270528571428,Up_in_Sepsis,0.918571428571429,8.55398016567736e-09,GSE65682
EBLN2,GSE95233,22,51,7.07441018772727,7.87386405392157,7.14029697,7.88604244,0.799453866194297,Up_in_Sepsis,0.955436720142602,8.39352051692269e-10,GSE65682
AMPD3,GSE137340,14,43,4.36509475144643,4.68890040339535,4.296762221125,4.53612638225,0.32380565194892,Up_in_Sepsis,0.875415282392027,6.53811501196993e-06,GSE65682
AMPD3,GSE236713,30,125,-1.6001981425,0.16324364402,-1.53098166,0.20307266,1.76344178652,Up_in_Sepsis,0.9784,4.54966383174459e-16,GSE65682
AMPD3,GSE54514,18,35,7.29428671475,7.31056830541429,7.2981749775,7.321006298,0.0162815906642857,Up_in_Sepsis,0.549206349206349,0.570192060596712,GSE65682
AMPD3,GSE57065,25,28,5.8322058,6.35802803571429,5.837835,6.4217775,0.525822235714286,Up_in_Sepsis,0.85,3.9780779302043e-06,GSE65682
AMPD3,GSE95233,22,51,6.01882713477273,6.95985164745098,6.02174542,6.941334765,0.941024512678253,Up_in_Sepsis,0.99108734402852,3.63757408976493e-11,GSE65682
OXNAD1,GSE137340,14,43,4.67370512764286,4.84939694466279,4.69470303375,4.850240153,0.175691817019934,Up_in_Sepsis,0.63953488372093,0.122540086310893,GSE65682
OXNAD1,GSE236713,30,125,1.71146616233333,-0.469834204224,1.73813105,-0.36164308,-2.18130036655733,Down_in_Sepsis,0.00613333333333334,5.04489186905776e-17,GSE65682
OXNAD1,GSE54514,18,35,7.17020501038889,7.14740787225714,7.179548502,7.129337311,-0.0227971381317458,Down_in_Sepsis,0.412698412698413,0.309195100119527,GSE65682
OXNAD1,GSE57065,25,28,6.789068,5.42670642857143,6.7082,5.41191,-1.36236157142857,Down_in_Sepsis,0.0114285714285714,1.482405568521e-13,GSE65682
OXNAD1,GSE95233,22,51,7.95533503090909,6.58903558058824,7.98982864,6.46919137,-1.36629945032086,Down_in_Sepsis,0.0142602495543672,5.9097281654302e-11,GSE65682
ZDHHC3,GSE137340,14,43,5.34467040828571,6.13299005906977,5.1801497425,6.163031381,0.788319650784053,Up_in_Sepsis,0.803986710963455,0.000434777002978728,GSE65682
ZDHHC3,GSE236713,30,125,-0.6022909975,0.11556518736,-0.615189315,0.159786225,0.71785618486,Up_in_Sepsis,0.922399999999999,7.39949169071023e-13,GSE65682
ZDHHC3,GSE54514,18,35,7.70002966455556,7.90285861162857,7.620201349,7.928459167,0.202828947073016,Up_in_Sepsis,0.674603174603174,0.0388930382204774,GSE65682
ZDHHC3,GSE57065,25,28,5.4064839,6.24556366071429,5.400405,6.32849125,0.839079760714286,Up_in_Sepsis,0.997142857142857,8.85018249863286e-15,GSE65682
ZDHHC3,GSE95233,22,51,6.10024053465909,7.18533389387255,6.12567473375,7.1734460875,1.08509335921346,Up_in_Sepsis,1,1.60188706567253e-11,GSE65682
PEBP1,GSE137340,14,43,6.42919757271429,6.17002408581395,6.3729177845,5.9936863035,-0.259173486900331,Down_in_Sepsis,0.29734219269103,0.0230841553432246,GSE65682
PEBP1,GSE236713,30,125,0.663072028983333,-0.254591644988,0.6793437075,-0.288297415,-0.917663673971333,Down_in_Sepsis,0.0877333333333334,2.56444123841734e-12,GSE65682
PEBP1,GSE54514,18,35,7.97810453833333,7.90416856494286,8.0156669615,7.868257523,-0.0739359733904763,Down_in_Sepsis,0.434920634920635,0.450529192583409,GSE65682
PEBP1,GSE57065,25,28,7.2792252,5.84579380952381,7.30969666666667,5.84585666666666,-1.43343139047619,Down_in_Sepsis,0.00285714285714286,8.85018249863286e-15,GSE65682
PEBP1,GSE95233,22,51,8.26977694272727,6.88229971594771,8.26654811,6.77810977333333,-1.38747722677956,Down_in_Sepsis,0.0124777183600713,5.0299256890297e-11,GSE65682
FGR,GSE137340,14,43,8.83286420947619,9.61833111382946,8.67644394016666,9.70615659033333,0.785466904353267,Up_in_Sepsis,0.837209302325581,7.43901516703796e-05,GSE65682
FGR,GSE236713,30,125,-1.164638191,0.17570071224,-1.26392625,0.1711483,1.34033890324,Up_in_Sepsis,0.970666666666667,1.33186391197432e-15,GSE65682
FGR,GSE54514,18,35,10.4301105248148,10.4706169993333,10.4184277058333,10.5300847706667,0.04050647451853,Up_in_Sepsis,0.536507936507937,0.675476268134141,GSE65682
FGR,GSE57065,25,28,9.3432332,10.0395935714286,9.3517,10.0292,0.696360371428572,Up_in_Sepsis,0.895714285714286,8.68886623964816e-08,GSE65682
FGR,GSE95233,22,51,10.260195835,11.0228396939216,10.35424337,11.07649438,0.762643858921569,Up_in_Sepsis,0.943850267379679,2.21816559060711e-09,GSE65682
NBEAL2,GSE137340,14,43,7.56315670285714,9.18713144574419,7.4335701335,8.970790383,1.62397474288704,Up_in_Sepsis,0.900332225913621,8.24888573872159e-06,GSE65682
NBEAL2,GSE236713,30,125,-1.632315615,0.227939795516,-1.640383375,0.3328787,1.860255410516,Up_in_Sepsis,0.969066666666667,1.65978174307926e-15,GSE65682
NBEAL2,GSE54514,18,35,9.60878324522222,9.91056475017143,9.5881156925,9.887524605,0.301781504949206,Up_in_Sepsis,0.715873015873016,0.0109307575865037,GSE65682
NBEAL2,GSE57065,25,28,6.2224808,6.73415642857143,6.22453,6.724765,0.511675628571429,Up_in_Sepsis,0.95,1.7876704883551e-10,GSE65682
NBEAL2,GSE95233,22,51,5.52715608295455,6.10886586686275,5.4786623375,6.113642035,0.5817097839082,Up_in_Sepsis,0.918003565062388,1.77793239527441e-08,GSE65682
CD247,GSE137340,14,43,10.3408201655714,9.89281029886046,10.376613525,10.07084645,-0.448009866710965,Down_in_Sepsis,0.40531561461794,0.2985473132378,GSE65682
CD247,GSE236713,30,125,0.765497108333333,-0.185380890592,0.75289249,-0.161884785,-0.950877998925333,Down_in_Sepsis,0.1048,1.94792934863068e-11,GSE65682
CD247,GSE54514,18,35,9.74945513422222,9.38249128234286,9.946455479,9.3137831685,-0.366963851879365,Down_in_Sepsis,0.376190476190476,0.146722427447959,GSE65682
CD247,GSE57065,25,28,10.1853216,7.73724607142857,10.2214,7.655605,-2.44807552857143,Down_in_Sepsis,0.0114285714285714,1.482405568521e-13,GSE65682
CD247,GSE95233,22,51,9.17332886454545,6.62387738705882,9.14544178,6.55802082,-2.54945147748663,Down_in_Sepsis,0,1.60188706567253e-11,GSE65682
MEF2A,GSE137340,14,43,4.29477684510714,4.5770338315,4.24714760225,4.423944021,0.282256986392857,Up_in_Sepsis,0.863787375415283,1.44528445939708e-05,GSE65682
MEF2A,GSE236713,30,125,-1.10935112566667,0.243247764376,-1.15311265,0.15324306,1.35259889004267,Up_in_Sepsis,0.963733333333333,3.43878852508724e-15,GSE65682
MEF2A,GSE54514,18,35,7.41392254833333,7.31763501848571,7.396855831,7.267056942,-0.0962875298476185,Down_in_Sepsis,0.36031746031746,0.100656829471223,GSE65682
MEF2A,GSE57065,25,28,5.1824366,6.41887875,5.2234625,6.54793875,1.23644215,Up_in_Sepsis,0.931428571428571,1.97128964974548e-09,GSE65682
MEF2A,GSE95233,22,51,5.33123885295455,6.60979953083333,5.30457279375,6.664999455,1.27856067787879,Up_in_Sepsis,0.977718360071301,1.21213677994709e-10,GSE65682
IL32,GSE137340,14,43,8.21837775607143,7.7491988105,8.19337151725,7.8379052595,-0.469178945571428,Down_in_Sepsis,0.357142857142857,0.11366743416625,GSE65682
IL32,GSE236713,30,125,1.50014129416667,-0.383202292228,1.455793275,-0.135368705,-1.88334358639467,Down_in_Sepsis,0.0309333333333333,1.65978174307926e-15,GSE65682
IL32,GSE54514,18,35,7.90502346894444,7.79345735145714,7.80849671375,7.7366080285,-0.111566117487302,Down_in_Sepsis,0.411111111111111,0.300340734781541,GSE65682
IL32,GSE57065,25,28,9.3022728,7.73789142857143,9.37078,7.536935,-1.56438137142857,Down_in_Sepsis,0.0957142857142857,3.7851498194051e-08,GSE65682
IL32,GSE95233,22,51,8.75230384227273,6.47253354215686,8.762651915,6.36860816,-2.27977030011586,Down_in_Sepsis,0.00445632798573975,2.41819260539641e-11,GSE65682
SIPA1L2,GSE137340,14,43,5.90889689364286,7.12869729383721,5.5214018555,7.168577446,1.21980040019435,Up_in_Sepsis,0.774086378737541,0.00170997202021529,GSE65682
SIPA1L2,GSE236713,30,125,-2.23060895666667,0.377364259368,-2.2147267,0.60154295,2.60797321603467,Up_in_Sepsis,0.957866666666666,7.5917234273296e-15,GSE65682
SIPA1L2,GSE54514,18,35,9.08986054477778,9.14268851968571,9.156015396,9.278398514,0.0528279749079363,Up_in_Sepsis,0.545238095238095,0.59896119026173,GSE65682
SIPA1L2,GSE57065,25,28,5.3907456,7.02606964285714,5.36699333333333,7.06493333333333,1.63532404285714,Up_in_Sepsis,0.97,7.7571849600517e-12,GSE65682
SIPA1L2,GSE95233,22,51,6.41298540409091,8.12267149026144,6.48952668166667,8.26921485666667,1.70968608617053,Up_in_Sepsis,0.957219251336898,7.21511319630196e-10,GSE65682
PPARG,GSE137340,14,43,4.310288496125,4.72054263266861,4.24559562175,4.584669031,0.410254136543605,Up_in_Sepsis,0.878737541528239,5.16186693059591e-06,GSE65682
PPARG,GSE236713,30,125,-3.63981122666667,0.469375403976,-3.552862425,0.58926998,4.10918663064267,Up_in_Sepsis,0.998933333333333,2.41844026700985e-17,GSE65682
PPARG,GSE54514,18,35,7.27792481140741,7.2546535628381,7.2700215975,7.232601325,-0.0232712485693112,Down_in_Sepsis,0.43968253968254,0.484892703673966,GSE65682
PPARG,GSE57065,25,28,3.5232922,4.10734035714286,3.509365,4.091145,0.584048157142857,Up_in_Sepsis,0.921428571428571,6.24469762121784e-09,GSE65682
PPARG,GSE95233,22,51,4.37617266318182,5.29866765392157,4.33607779,5.294765815,0.92249499073975,Up_in_Sepsis,0.955436720142603,8.39602113585593e-10,GSE65682
CEACAM4,GSE137340,14,43,5.1281244895,6.34823634165116,4.862252826,6.175179978,1.22011185215116,Up_in_Sepsis,0.820598006644518,0.000186294412620237,GSE65682
CEACAM4,GSE236713,30,125,-2.19357991333333,0.152652336016,-2.1577318,0.19596028,2.34623224934933,Up_in_Sepsis,0.968533333333333,1.78584783999178e-15,GSE65682
CEACAM4,GSE54514,18,35,7.71812224383333,7.82083865568572,7.6622262,7.721954346,0.102716411852382,Up_in_Sepsis,0.603174603174603,0.225728116842966,GSE65682
CEACAM4,GSE57065,25,28,7.4268008,8.10821142857143,7.32428,8.088115,0.681410628571428,Up_in_Sepsis,0.892857142857143,1.13569309787656e-07,GSE65682
CEACAM4,GSE95233,22,51,4.61410412681818,5.73549626607843,4.60024122,5.81308571,1.12139213926025,Up_in_Sepsis,0.951871657754011,1.1350067909103e-09,GSE65682
SIRPD,GSE137340,14,43,5.21444842664286,6.26854771444186,5.045672866,6.351271597,1.054099287799,Up_in_Sepsis,0.79734219269103,0.000599272533308424,GSE65682
SIRPD,GSE236713,30,125,-1.233942053,0.1833675574,-1.2067642,0.248096585,1.4173096104,Up_in_Sepsis,0.961066666666667,4.93476029279883e-15,GSE65682
SIRPD,GSE54514,18,35,7.505291144,7.5210190228,7.4709227085,7.515074253,0.0157278787999999,Up_in_Sepsis,0.528571428571429,0.744773717603001,GSE65682
SIRPD,GSE57065,25,28,5.3223752,6.07250392857143,5.29905,6.12296,0.750128728571429,Up_in_Sepsis,0.958571428571428,5.09106748233855e-11,GSE65682
SIRPD,GSE95233,22,51,6.62153386272727,7.57431131607843,6.662535295,7.63030882,0.952777453351159,Up_in_Sepsis,0.93048128342246,6.60636637173921e-09,GSE65682
NEDD4,GSE137340,14,43,4.38250902180952,4.96151792105426,4.29213641416666,4.801195909,0.57900889924474,Up_in_Sepsis,0.910299003322259,4.22790671752083e-07,GSE65682
NEDD4,GSE236713,30,125,-1.273502168,0.397297183056,-1.2119789,0.24166799,1.670799351056,Up_in_Sepsis,0.9384,9.79858691639425e-14,GSE65682
NEDD4,GSE54514,18,35,7.40197377744445,7.45255441668572,7.293729067,7.362484932,0.0505806392412698,Up_in_Sepsis,0.544444444444444,0.608776071190231,GSE65682
NEDD4,GSE57065,25,28,4.1790708,6.06599857142857,4.12133,6.318955,1.88692777142857,Up_in_Sepsis,0.96,4.0828104411818e-11,GSE65682
NEDD4,GSE95233,22,51,4.48783945818182,5.98384373176471,4.468600125,6.04517117,1.49600427358289,Up_in_Sepsis,0.982174688057041,8.14407368438532e-11,GSE65682
SLC16A3,GSE137340,14,43,9.30256015592857,11.046711550186,9.0822159315,11.09168374,1.74415139425748,Up_in_Sepsis,0.863787375415282,1.44528445939708e-05,GSE65682
SLC16A3,GSE236713,30,125,-1.62737424,0.136620356008,-1.7475455,0.15175962,1.763994596008,Up_in_Sepsis,0.990133333333333,8.63190787799774e-17,GSE65682
SLC16A3,GSE54514,18,35,11.6097177383333,11.7760471339429,11.48762321,11.74905682,0.166329395609523,Up_in_Sepsis,0.61984126984127,0.158897501424405,GSE65682
SLC16A3,GSE57065,25,28,7.382192,7.73034392857143,7.40606666666667,7.75982166666667,0.34815192857143,Up_in_Sepsis,0.678571428571429,0.025669617409735,GSE65682
SLC16A3,GSE95233,22,51,5.83246776090909,6.43791408535948,5.87343843333334,6.37225086,0.605446324450387,Up_in_Sepsis,0.933155080213904,5.3243992839665e-09,GSE65682
DYRK2,GSE137340,14,43,6.85232160559524,7.01527731642636,6.73589147816667,6.91390101966667,0.162955710831119,Up_in_Sepsis,0.573089700996678,0.424295910299058,GSE65682
DYRK2,GSE236713,30,125,1.35593036266667,-0.430184983368,1.3771887,-0.3400731,-1.78611534603467,Down_in_Sepsis,0.00986666666666667,8.63190787799774e-17,GSE65682
DYRK2,GSE54514,18,35,7.79651194154167,7.85631804811429,7.7922880055,7.71498012525,0.0598061065726192,Up_in_Sepsis,0.573015873015873,0.396380670853483,GSE65682
DYRK2,GSE57065,25,28,7.0158203,5.34956892857143,7.063395,5.34507625,-1.66625137142857,Down_in_Sepsis,0.01,9.95645531096197e-14,GSE65682
DYRK2,GSE95233,22,51,6.55505491477273,4.98056270980392,6.47301483,4.9024808275,-1.57449220496881,Down_in_Sepsis,0,1.60188706567253e-11,GSE65682
HGF,GSE137340,14,43,4.2601195235,4.58234537560465,4.23308502416667,4.38070884,0.322225852104651,Up_in_Sepsis,0.926910299003322,8.95420161947516e-08,GSE65682
HGF,GSE236713,30,125,-1.31327028293333,0.462119447124,-1.1955155,0.39933395,1.77538973005733,Up_in_Sepsis,0.917866666666666,1.29493828107797e-12,GSE65682
HGF,GSE54514,18,35,7.20112337008333,7.1720018046,7.1685459615,7.141106367,-0.0291215654833339,Down_in_Sepsis,0.433333333333333,0.439382697129536,GSE65682
HGF,GSE57065,25,28,3.54136744,5.47937307142857,3.51847,5.711298,1.93800563142857,Up_in_Sepsis,0.997142857142857,8.85018249863286e-15,GSE65682
HGF,GSE95233,22,51,3.73173866318182,5.67914667031373,3.677977873,5.628819858,1.94740800713191,Up_in_Sepsis,0.99554367201426,2.41819260539641e-11,GSE65682
MERTK,GSE137340,14,43,4.52140659260714,5.19461795568605,4.37054603375,5.0905564935,0.673211363078904,Up_in_Sepsis,0.867109634551495,1.15818527714491e-05,GSE65682
MERTK,GSE236713,30,125,-2.0128165215,0.710855985472,-2.11532115,0.736687302,2.723672506972,Up_in_Sepsis,0.970133333333334,1.43337123119402e-15,GSE65682
MERTK,GSE54514,18,35,7.54052025747222,7.5604057789,7.4285660985,7.5038194655,0.0198855214277778,Up_in_Sepsis,0.544444444444444,0.608776071190231,GSE65682
MERTK,GSE57065,25,28,3.48729946666667,4.69206702380952,3.49133666666667,4.63908666666667,1.20476755714286,Up_in_Sepsis,0.974285714285714,3.53343536257917e-12,GSE65682
MERTK,GSE95233,22,51,3.83729485939394,5.05348745202614,3.862245875,5.10078372,1.2161925926322,Up_in_Sepsis,0.968805704099821,2.6568328672965e-10,GSE65682
WDFY3,GSE137340,14,43,4.46631487671429,4.75220512497675,4.294607885,4.662470443,0.285890248262459,Up_in_Sepsis,0.822259136212625,0.000170516069266715,GSE65682
WDFY3,GSE236713,30,125,-1.70383803933333,0.267107610812,-1.7947632,0.484740385,1.97094565014533,Up_in_Sepsis,0.9408,7.19014483434538e-14,GSE65682
WDFY3,GSE54514,18,35,7.21104370205556,7.2673854964,7.2141897675,7.297460556,0.0563417943444451,Up_in_Sepsis,0.647619047619048,0.0823227016067878,GSE65682
WDFY3,GSE57065,25,28,5.9315758,7.32836321428571,5.9784375,7.48749,1.39678741428571,Up_in_Sepsis,0.972857142857143,4.61758271866169e-12,GSE65682
WDFY3,GSE95233,22,51,6.21204386193182,7.53023346357843,6.23207533625,7.63741999,1.31818960164661,Up_in_Sepsis,0.95632798573975,7.78375215666962e-10,GSE65682
ROPN1L,GSE137340,14,43,6.23421713957143,7.83265092886047,5.97892534,7.975581479,1.59843378928904,Up_in_Sepsis,0.82890365448505,0.000118823654645357,GSE65682
ROPN1L,GSE236713,30,125,-1.385293006,0.2138859492,-1.34080335,0.20356035,1.5991789552,Up_in_Sepsis,0.9528,1.49264834572507e-14,GSE65682
ROPN1L,GSE54514,18,35,9.06730201511111,9.00020003997143,8.8628463745,9.102557182,-0.0671019751396837,Down_in_Sepsis,0.468253968253968,0.714185330415364,GSE65682
ROPN1L,GSE57065,25,28,5.8887318,7.20018285714286,5.798445,7.114645,1.31145105714286,Up_in_Sepsis,0.987142857142857,2.14616925591847e-13,GSE65682
ROPN1L,GSE95233,22,51,5.26909234068182,6.53867563666667,5.2759645825,6.64349208,1.26958329598485,Up_in_Sepsis,0.950089126559715,1.3185393727247e-09,GSE65682
DOK3,GSE137340,14,43,5.40086906421429,6.33753827088372,5.2127208245,6.322302534,0.936669206669436,Up_in_Sepsis,0.767441860465116,0.00226161516289298,GSE65682
DOK3,GSE236713,30,125,-1.67909428755556,0.224177715392,-1.6654524,0.268820764,1.90327200294756,Up_in_Sepsis,0.990133333333333,8.63190787799774e-17,GSE65682
DOK3,GSE54514,18,35,8.13020131327778,8.03837145397143,8.153305531,8.144927025,-0.0918298593063493,Down_in_Sepsis,0.425396825396825,0.38603295488447,GSE65682
DOK3,GSE57065,25,28,7.9030844,8.645495,7.89826,8.6810425,0.7424106,Up_in_Sepsis,0.952857142857143,1.19072567882231e-10,GSE65682
DOK3,GSE95233,22,51,7.86645108681818,8.85841136941177,7.9507644575,8.90433151,0.991960282593584,Up_in_Sepsis,0.972370766488413,1.94435767733088e-10,GSE65682
CEACAM8,GSE137340,14,43,4.96611848492857,7.51756623209302,4.3680396395,7.279083594,2.55144774716445,Up_in_Sepsis,0.897009966777409,1.28968008164182e-06,GSE65682
CEACAM8,GSE236713,30,125,-1.93864182233333,0.210178547416,-1.9187665,0.02228856,2.14882036974933,Up_in_Sepsis,0.896,1.77457962936484e-11,GSE65682
CEACAM8,GSE54514,18,35,9.22673980372222,9.37212539411429,9.1548433305,8.895970345,0.145385590392065,Up_in_Sepsis,0.501587301587302,0.992581476239973,GSE65682
CEACAM8,GSE57065,25,28,4.5561608,8.70830214285714,4.28708,9.018175,4.15214134285714,Up_in_Sepsis,0.96,4.0828104411818e-11,GSE65682
CEACAM8,GSE95233,22,51,5.84433342045455,8.78263657431373,5.983083845,8.66735162,2.93830315385918,Up_in_Sepsis,0.966131907308378,3.35282320392347e-10,GSE65682
DDHD2,GSE137340,14,43,5.09641119657143,5.46018364484884,5.0000328485,5.488847168,0.363772448277409,Up_in_Sepsis,0.789036544850498,0.000882837458545004,GSE65682
DDHD2,GSE236713,30,125,0.868778880666667,-0.277800521112,0.825674045,-0.204979655,-1.14657940177867,Down_in_Sepsis,0.0317333333333333,1.85237119125629e-15,GSE65682
DDHD2,GSE54514,18,35,7.83987530077778,7.8874167306,7.795715094,7.84011364,0.0475414298222221,Up_in_Sepsis,0.536507936507936,0.675476268134141,GSE65682
DDHD2,GSE57065,25,28,5.7152772,3.97757392857143,5.81834,4.012285,-1.73770327142857,Down_in_Sepsis,0.0285714285714286,6.00484882532239e-12,GSE65682
DDHD2,GSE95233,22,51,7.37306440409091,5.7565529872549,7.294225365,5.77520165,-1.61651141683601,Down_in_Sepsis,0,1.60188706567253e-11,GSE65682
TSPO,GSE137340,14,43,9.49792795573809,11.1286073497752,9.1370081325,11.2951774906667,1.63067939403711,Up_in_Sepsis,0.862126245847176,1.61210294818759e-05,GSE65682
TSPO,GSE236713,30,125,-0.846677832533333,0.000317008679999967,-0.84117175,0.001459122,0.846994841213333,Up_in_Sepsis,0.877333333333334,1.4897284264812e-10,GSE65682
TSPO,GSE54514,18,35,12.0371245810278,12.0085690904143,12.01227951175,12.035803795,-0.0285554906134919,Down_in_Sepsis,0.492063492063492,0.933308660155946,GSE65682
TSPO,GSE57065,25,28,9.8155904,11.3768821428571,9.77179,11.43895,1.56129174285714,Up_in_Sepsis,0.981428571428571,8.25279517997514e-13,GSE65682
TSPO,GSE95233,22,51,8.87713736954546,10.6166380707843,8.923230245,10.62249139,1.73950070123886,Up_in_Sepsis,0.998217468805704,1.88955739655682e-11,GSE65682
CD74,GSE137340,14,43,9.98284820703571,8.27071462426744,10.13375478,8.325641849,-1.71213358276827,Down_in_Sepsis,0.0465116279069768,4.46986200896131e-09,GSE65682
CD74,GSE236713,30,125,1.279571065,-0.524007842672,1.30482745,-0.46420026,-1.803578907672,Down_in_Sepsis,0.0466666666666666,1.39059149341468e-14,GSE65682
CD74,GSE54514,18,35,8.98056897425926,9.11129872898096,8.9942328935,9.14352973466667,0.130729754721695,Up_in_Sepsis,0.574603174603175,0.38603295488447,GSE65682
CD74,GSE57065,25,28,7.48762533333333,6.45569214285714,7.47123,6.38603166666667,-1.03193319047619,Down_in_Sepsis,0.0385714285714286,3.26107099618374e-11,GSE65682
CD74,GSE95233,22,51,9.35839677333333,7.69299227346405,9.43190852,7.61843798666667,-1.66540449986928,Down_in_Sepsis,0.0311942959001783,2.6568328672965e-10,GSE65682
TGFBR3,GSE137340,14,43,7.74993682371429,7.33905411639535,7.6953400345,7.107790151,-0.410882707318938,Down_in_Sepsis,0.367109634551495,0.141856475742545,GSE65682
TGFBR3,GSE236713,30,125,2.03996323133333,-0.24559642176,2.0683601,-0.25213146,-2.28555965309333,Down_in_Sepsis,0.0290666666666667,1.28379968378171e-15,GSE65682
TGFBR3,GSE54514,18,35,7.99519769338889,8.07080417354286,7.899880409,7.807504654,0.0756064801539687,Up_in_Sepsis,0.476190476190476,0.787389209638866,GSE65682
TGFBR3,GSE57065,25,28,7.4680158,5.20848892857143,7.432295,4.9249625,-2.25952687142857,Down_in_Sepsis,0.0714285714285714,2.76433237799173e-09,GSE65682
TGFBR3,GSE95233,22,51,7.22999721931818,5.23549599333333,7.26889498,5.199087175,-1.99450122598485,Down_in_Sepsis,0,1.60188706567253e-11,GSE65682
GIMAP5,GSE137340,14,43,9.42316188285714,8.89274839090698,9.3972782775,8.952655259,-0.530413491950165,Down_in_Sepsis,0.345514950166113,0.0864562576455978,GSE65682
GIMAP5,GSE236713,30,125,1.173134448,-0.468587316616,1.2036898,-0.31616783,-1.641721764616,Down_in_Sepsis,0.0178666666666667,2.69238931579252e-16,GSE65682
GIMAP5,GSE54514,18,35,8.40176894933333,8.48733015051429,8.2569160465,8.488066673,0.0855612011809512,Up_in_Sepsis,0.552380952380952,0.541587732899303,GSE65682
GIMAP5,GSE57065,25,28,8.0881848,6.56433761904762,8.05250666666667,6.553465,-1.52384718095238,Down_in_Sepsis,0.00857142857142857,6.63763687397464e-14,GSE65682
GIMAP5,GSE95233,22,51,9.01435980772727,7.37476021856209,8.98457231166666,7.34495244666667,-1.63959958916518,Down_in_Sepsis,0.0053475935828877,2.62469054871502e-11,GSE65682
USP11,GSE137340,14,43,5.49829490878572,5.63761052409302,5.420901539,5.602518765,0.139315615307309,Up_in_Sepsis,0.556478405315615,0.538756643962947,GSE65682
USP11,GSE236713,30,125,1.22974691616667,-0.065262743532,1.26205195,-0.06613338,-1.29500965969867,Down_in_Sepsis,0.0336,2.39148221399339e-15,GSE65682
USP11,GSE54514,18,35,7.242617819,7.21510011128571,7.2462449075,7.209900379,-0.0275177077142859,Down_in_Sepsis,0.361904761904762,0.104679689649896,GSE65682
USP11,GSE57065,25,28,7.5039568,6.1083,7.46289,5.999585,-1.3956568,Down_in_Sepsis,0.00285714285714286,8.85018249863286e-15,GSE65682
USP11,GSE95233,22,51,6.31754345272727,5.31865872176471,6.28241341,5.25437632,-0.998884730962567,Down_in_Sepsis,0.0454545454545455,9.05517246612493e-10,GSE65682
LCN2,GSE137340,14,43,7.67010171992857,10.3960011772326,7.420531063,10.28086345,2.72589945730399,Up_in_Sepsis,0.878737541528239,5.16186693059591e-06,GSE65682
LCN2,GSE236713,30,125,-1.140262623,0.487558468592,-1.05668355,0.59043336,1.627821091592,Up_in_Sepsis,0.835466666666667,1.23116575698421e-08,GSE65682
LCN2,GSE54514,18,35,11.6796901492222,11.5009548997143,11.40419817,11.13822651,-0.178735249507936,Down_in_Sepsis,0.473015873015873,0.756639937970471,GSE65682
LCN2,GSE57065,25,28,6.4240184,10.9134264285714,6.11326,11.10395,4.48940802857143,Up_in_Sepsis,0.981428571428571,8.25279517997514e-13,GSE65682
LCN2,GSE95233,22,51,6.95965178954546,10.8096351239216,7.05040658,11.45825895,3.84998333437611,Up_in_Sepsis,0.993761140819965,2.84841857067922e-11,GSE65682
TXN,GSE137340,14,43,8.13428933607143,10.2880648087326,7.65869311175,10.471594859,2.15377547266113,Up_in_Sepsis,0.837209302325581,7.43901516703796e-05,GSE65682
TXN,GSE236713,30,125,-0.641166592666667,0.014942721952,-0.58091927,-0.006082535,0.656109314618667,Up_in_Sepsis,0.8576,1.26903046086918e-09,GSE65682
TXN,GSE54514,18,35,11.2148136563889,11.0048323225286,11.1027126325,11.0674448,-0.209981333860318,Down_in_Sepsis,0.407936507936508,0.283133764153369,GSE65682
TXN,GSE57065,25,28,5.3937202,7.42291803571429,5.355485,7.3891625,2.02919783571429,Up_in_Sepsis,0.992857142857143,4.20383668685061e-14,GSE65682
TXN,GSE95233,22,51,8.22983775295455,10.5622608663725,8.2751700825,10.617944475,2.332423113418,Up_in_Sepsis,1,1.60188706567253e-11,GSE65682
ITGA7,GSE137340,14,43,4.67739951585714,5.16184941293023,4.405458892,4.949191961,0.484449897073089,Up_in_Sepsis,0.780730897009967,0.0012817795557046,GSE65682
ITGA7,GSE236713,30,125,-3.43841331666667,0.8832891642,-3.51296285,0.9036689,4.32170248086667,Up_in_Sepsis,0.997066666666667,3.17356635260133e-17,GSE65682
ITGA7,GSE54514,18,35,7.18798743344444,7.26124273028571,7.1751744745,7.210695267,0.0732552968412694,Up_in_Sepsis,0.666666666666667,0.0490209988229125,GSE65682
ITGA7,GSE57065,25,28,4.412276,5.64758660714286,4.368065,5.6483375,1.23531060714286,Up_in_Sepsis,0.96,1.01373468537276e-08,GSE65682
ITGA7,GSE95233,22,51,4.24256912636364,5.73593746764706,4.1529109975,5.660243465,1.49336834128342,Up_in_Sepsis,0.957219251336899,7.21511319630196e-10,GSE65682
SLC1A3,GSE137340,14,43,4.48188100335714,5.26234474588372,4.2988367575,4.874028354,0.780463742526578,Up_in_Sepsis,0.830564784053156,0.00010836477926158,GSE65682
SLC1A3,GSE236713,30,125,-2.476037202,0.847582395524,-2.51835965,0.82272325,3.323619597524,Up_in_Sepsis,0.9904,8.30812206318591e-17,GSE65682
SLC1A3,GSE54514,18,35,7.44207655061111,7.41151992254286,7.22416544,7.191098213,-0.0305566280682541,Down_in_Sepsis,0.428571428571429,0.406890737204955,GSE65682
SLC1A3,GSE57065,25,28,3.5528916,4.95759785714286,3.561565,4.60857,1.40470625714286,Up_in_Sepsis,0.945714285714286,3.22170980952107e-10,GSE65682
SLC1A3,GSE95233,22,51,3.9402980125,5.45196096058824,3.9859677775,5.38823924,1.51166294808824,Up_in_Sepsis,0.999108734402852,1.73990990394731e-11,GSE65682
KLHL3,GSE137340,14,43,5.29017538878571,5.06659191274419,5.377336212,5.07718279,-0.223583476041529,Down_in_Sepsis,0.353820598006645,0.105296879795389,GSE65682
KLHL3,GSE236713,30,125,1.92621867,-0.353077924384,1.95270895,-0.25498104,-2.279296594384,Down_in_Sepsis,0.0106666666666667,9.67978792008901e-17,GSE65682
KLHL3,GSE54514,18,35,7.2225904995,7.17732527591429,7.186978102,7.170975208,-0.0452652235857141,Down_in_Sepsis,0.395238095238095,0.220939150662259,GSE65682
KLHL3,GSE57065,25,28,3.984977,3.26788875,4.00904,3.2836725,-0.71708825,Down_in_Sepsis,0.00285714285714286,8.85018249863286e-15,GSE65682
KLHL3,GSE95233,22,51,4.76269522863636,3.6849658372549,4.8487677925,3.682840945,-1.07772939138146,Down_in_Sepsis,0.0035650623885918,2.22762533627504e-11,GSE65682
DAAM2,GSE137340,14,43,4.6616061675,5.86026830818605,4.2913572145,5.103634501,1.19866214068605,Up_in_Sepsis,0.8421926910299,5.56405121878381e-05,GSE65682
DAAM2,GSE236713,30,125,-3.860767265,0.840618502808,-3.9052885,1.23507377,4.701385767808,Up_in_Sepsis,0.973066666666667,9.56049645464289e-16,GSE65682
DAAM2,GSE54514,18,35,7.53224754333333,7.97726798734286,7.322125435,7.845442772,0.445020444009525,Up_in_Sepsis,0.680952380952381,0.0321019256782342,GSE65682
DAAM2,GSE57065,25,28,4.522856,6.09557892857143,4.51324,5.94084,1.57272292857143,Up_in_Sepsis,0.844285714285715,6.04316161051609e-06,GSE65682
DAAM2,GSE95233,22,51,5.51924680909091,7.87150749568628,5.505633245,8.02571546,2.35226068659537,Up_in_Sepsis,0.950980392156863,1.22342240401873e-09,GSE65682
BATF,GSE137340,14,43,5.89742888992857,7.7595928172093,5.4418309795,7.94081838,1.86216392728073,Up_in_Sepsis,0.863787375415283,5.10508434320555e-05,GSE65682
BATF,GSE236713,30,125,-0.958426793666667,0.17377761664,-1.0034547,0.100373745,1.13220441030667,Up_in_Sepsis,0.927466666666666,3.93158254485476e-13,GSE65682
BATF,GSE54514,18,35,8.53568686383333,8.55606524591429,8.405973911,8.528324127,0.0203783820809527,Up_in_Sepsis,0.507936507936508,0.933308660155946,GSE65682
BATF,GSE57065,25,28,7.128882,7.91958535714286,7.17044,7.86607,0.790703357142857,Up_in_Sepsis,0.941428571428571,5.67619729823566e-10,GSE65682
BATF,GSE95233,22,51,6.06310874272727,7.51767523705882,6.05110794,7.48997782,1.45456649433155,Up_in_Sepsis,0.998217468805704,1.88955739655682e-11,GSE65682
SIDT1,GSE137340,14,43,5.19826414907143,5.06925116255814,5.1256360285,5.125943739,-0.129012986513289,Down_in_Sepsis,0.431893687707641,0.457093279438225,GSE65682
SIDT1,GSE236713,30,125,1.56979033,-0.298718882272,1.57144405,-0.19781971,-1.868509212272,Down_in_Sepsis,0.0149333333333333,1.77791698605755e-16,GSE65682
SIDT1,GSE54514,18,35,7.21231280427778,7.23488567902857,7.2446279525,7.237391949,0.0225728747507938,Up_in_Sepsis,0.528571428571429,0.744773717603001,GSE65682
SIDT1,GSE57065,25,28,6.4559348,4.85432571428571,6.48708,4.78906,-1.60160908571429,Down_in_Sepsis,0.0142857142857143,3.07543841827492e-13,GSE65682
SIDT1,GSE95233,22,51,5.09084156272727,3.74275931509804,5.14480229,3.76897821,-1.34808224762923,Down_in_Sepsis,0.00623885918003565,2.84841857067922e-11,GSE65682
FLOT1,GSE137340,14,43,9.24425606878571,10.1690713976977,8.939208067,10.23693209,0.92481532891196,Up_in_Sepsis,0.792358803986711,0.000757448462939206,GSE65682
FLOT1,GSE236713,30,125,-1.165068242,0.223471958176,-1.1975839,0.32332516,1.388540200176,Up_in_Sepsis,0.939733333333333,8.25220638541581e-14,GSE65682
FLOT1,GSE54514,18,35,10.6643228525556,10.5952044625143,10.58430719,10.71742725,-0.06911839004127,Down_in_Sepsis,0.461111111111111,0.6521574088568,GSE65682
FLOT1,GSE57065,25,28,7.1668851,8.46203419642857,7.1148075,8.527155,1.29514909642857,Up_in_Sepsis,1,2.21254562465821e-15,GSE65682
FLOT1,GSE95233,22,51,7.74679310647727,9.09481459642157,7.77259990875,9.14834847,1.3480214899443,Up_in_Sepsis,0.997326203208556,2.05178515500888e-11,GSE65682
PLIN3,GSE137340,14,43,9.5015074145,10.6072270084419,9.37979679,10.58601805,1.10571959394186,Up_in_Sepsis,0.805647840531561,0.000400631980255359,GSE65682
PLIN3,GSE236713,30,125,-1.44321500933333,0.133289852072,-1.42219495,0.044245243,1.57650486140533,Up_in_Sepsis,0.977066666666666,5.48193613878975e-16,GSE65682
PLIN3,GSE54514,18,35,11.4040917827778,11.1436422342286,11.28389311,11.09276199,-0.260449548549206,Down_in_Sepsis,0.392063492063492,0.204866505300935,GSE65682
PLIN3,GSE57065,25,28,7.884666,8.68406357142857,7.86439,8.69717,0.799397571428572,Up_in_Sepsis,0.922857142857143,5.32311262981583e-09,GSE65682
PLIN3,GSE95233,22,51,7.35776063590909,8.54454621921569,7.34741437,8.55239122,1.1867855833066,Up_in_Sepsis,0.983065953654189,7.51822548100406e-11,GSE65682
GCLM,GSE137340,14,43,5.78819415896429,7.03259159616279,5.5851764475,7.0851690405,1.2443974371985,Up_in_Sepsis,0.868770764119601,1.0352095404657e-05,GSE65682
GCLM,GSE236713,30,125,-1.04396553366667,0.183001533848,-1.10622265,0.14565897,1.22696706751467,Up_in_Sepsis,0.8688,3.81311386796998e-10,GSE65682
GCLM,GSE54514,18,35,8.05119805866667,7.95342745784286,8.06381905075,7.9280779365,-0.0977706008238099,Down_in_Sepsis,0.4,0.243028800589674,GSE65682
GCLM,GSE57065,25,28,4.8689996,6.51252952380952,5.04137666666667,6.65834833333333,1.64352992380952,Up_in_Sepsis,0.972857142857143,4.61758271866169e-12,GSE65682
GCLM,GSE95233,22,51,4.18985757318182,5.84260062006536,4.197444275,5.80507515666667,1.65274304688354,Up_in_Sepsis,0.997326203208556,2.05178515500888e-11,GSE65682
FAM89A,GSE137340,14,43,4.98117451046429,6.09689272881977,4.670856211875,5.74710286675,1.11571821835548,Up_in_Sepsis,0.850498338870432,3.37270343526275e-05,GSE65682
FAM89A,GSE236713,30,125,-1.033003063,0.323139701944,-1.00651525,0.31397653,1.356142764944,Up_in_Sepsis,0.915466666666666,1.73739002477137e-12,GSE65682
FAM89A,GSE54514,18,35,7.72336205735185,7.85158061075238,7.52853139233333,7.862529119,0.128218553400528,Up_in_Sepsis,0.592063492063492,0.283133764153369,GSE65682
FAM89A,GSE57065,25,28,5.1640688,6.74721535714286,5.20213,6.604545,1.58314655714286,Up_in_Sepsis,0.987142857142857,2.14616925591847e-13,GSE65682
FAM89A,GSE95233,22,51,5.92866643136364,8.11963130509804,5.91891235,8.18619931,2.1909648737344,Up_in_Sepsis,0.979500891265597,1.03431303688478e-10,GSE65682
FCER1A,GSE137340,14,43,6.68894818178571,5.85049081730233,6.9267978015,5.521763067,-0.838457364483388,Down_in_Sepsis,0.308970099667774,0.0326831125398416,GSE65682
FCER1A,GSE236713,30,125,3.50311959333333,-1.006875617488,3.58525585,-1.3169296,-4.50999521082133,Down_in_Sepsis,0.0109333333333333,1.00562164223352e-16,GSE65682
FCER1A,GSE54514,18,35,7.64199142994444,7.4347460202,7.3834056855,7.246059418,-0.207245409744444,Down_in_Sepsis,0.5,1,GSE65682
FCER1A,GSE57065,25,28,5.0258532,3.15473625,4.957555,3.0277075,-1.87111695,Down_in_Sepsis,0.00142857142857143,4.42509124931643e-15,GSE65682
FCER1A,GSE95233,22,51,5.12418443727273,4.22176301980392,5.133108515,4.104968555,-0.902421417468806,Down_in_Sepsis,0.0739750445632799,9.43827637107183e-09,GSE65682
ELL2,GSE137340,14,43,4.74750812492857,5.46895382641861,4.361217991,5.283276694,0.721445701490033,Up_in_Sepsis,0.832225913621263,9.87519484005879e-05,GSE65682
ELL2,GSE236713,30,125,-1.14776451966667,0.11433177912,-1.1742456,0.026556492,1.26209629878667,Up_in_Sepsis,0.9552,1.0846021960622e-14,GSE65682
ELL2,GSE54514,18,35,7.5344904265,7.5643885612,7.509443283,7.529659271,0.0298981347000007,Up_in_Sepsis,0.485714285714286,0.87439633186128,GSE65682
ELL2,GSE57065,25,28,4.3275304,5.303368125,4.28318,5.33216,0.975837725,Up_in_Sepsis,0.935714285714285,1.17043442289857e-09,GSE65682
ELL2,GSE95233,22,51,5.47484565579546,6.6826355754902,5.4977540075,6.6303098,1.20778991969474,Up_in_Sepsis,0.994652406417112,2.62469054871502e-11,GSE65682
STAT4,GSE137340,14,43,7.85706948621429,7.53867792509302,7.577214019,7.360061222,-0.318391561121262,Down_in_Sepsis,0.377076411960133,0.174985876084044,GSE65682
STAT4,GSE236713,30,125,1.756422655,-0.270951191372,1.74187625,-0.186457515,-2.027373846372,Down_in_Sepsis,0.0192,3.24868406725649e-16,GSE65682
STAT4,GSE54514,18,35,7.96285049127778,8.03548515865714,7.8583993915,7.947469711,0.0726346673793641,Up_in_Sepsis,0.549206349206349,0.570192060596712,GSE65682
STAT4,GSE57065,25,28,7.9695324,6.48809821428571,7.98157,6.34789,-1.48143418571429,Down_in_Sepsis,0.0428571428571429,6.3278804865225e-11,GSE65682
STAT4,GSE95233,22,51,8.64004798,7.01069937764706,8.622611025,6.88613663,-1.62934860235294,Down_in_Sepsis,0.0222816399286987,1.21213677994709e-10,GSE65682
JAK2,GSE137340,14,43,5.43189326435714,6.47417291834884,5.043208529,6.65347574,1.04227965399169,Up_in_Sepsis,0.767441860465116,0.00226161516289298,GSE65682
JAK2,GSE236713,30,125,-1.03615370066667,0.098620151304,-1.04753325,0.093010426,1.13477385197067,Up_in_Sepsis,0.916,1.62776717662875e-12,GSE65682
JAK2,GSE54514,18,35,8.13195798138889,8.05083390642857,8.105766296,8.004826546,-0.0811240749603162,Down_in_Sepsis,0.426984126984127,0.396380670853483,GSE65682
JAK2,GSE57065,25,28,5.77386706666667,7.24758369047619,5.76858,7.18364666666667,1.47371662380952,Up_in_Sepsis,0.974285714285714,3.53343536257917e-12,GSE65682
JAK2,GSE95233,22,51,5.88346737257576,7.32034857875817,5.90824198666667,7.40286360333333,1.43688120618241,Up_in_Sepsis,0.981283422459893,8.82077171942536e-11,GSE65682
EIF4G3,GSE137340,14,43,6.81440131257143,8.17403629774419,6.4340414965,8.172374826,1.35963498517276,Up_in_Sepsis,0.858803986710963,1.99991144589167e-05,GSE65682
EIF4G3,GSE236713,30,125,-0.990645624866666,0.311425086328,-1.05614781666667,0.390278096666667,1.30207071119467,Up_in_Sepsis,0.9184,1.21279262641199e-12,GSE65682
EIF4G3,GSE54514,18,35,8.36292166183333,8.58126881462857,8.305440426,8.570972443,0.218347152795237,Up_in_Sepsis,0.708730158730159,0.0138787061167146,GSE65682
EIF4G3,GSE57065,25,28,4.31478,5.09531321428571,4.3624,5.0703075,0.780533214285715,Up_in_Sepsis,1,2.21254562465821e-15,GSE65682
EIF4G3,GSE95233,22,51,6.53619833375,7.35320601965686,6.586448255,7.42675563,0.817007685906863,Up_in_Sepsis,0.966131907308377,3.35282320392347e-10,GSE65682
TTC3,GSE137340,14,43,6.18149239071429,6.16350391634884,6.1393921695,6.1686691925,-0.017988474365449,Down_in_Sepsis,0.453488372093023,0.614009054792775,GSE65682
TTC3,GSE236713,30,125,1.1542030185,-0.353639129396,1.194192675,-0.23060298,-1.507842147896,Down_in_Sepsis,0.0114666666666667,1.08528994979761e-16,GSE65682
TTC3,GSE54514,18,35,8.14962307622222,8.3438826152,8.016328812,8.284819603,0.194259538977779,Up_in_Sepsis,0.63015873015873,0.126696950829082,GSE65682
TTC3,GSE57065,25,28,6.91167445714286,5.53648964285714,6.91953714285714,5.52788,-1.37518481428572,Down_in_Sepsis,0.01,9.95645531096197e-14,GSE65682
TTC3,GSE95233,22,51,6.83912278103896,5.50424043112045,6.81790380357143,5.47661537428571,-1.33488234991851,Down_in_Sepsis,0,1.60188706567253e-11,GSE65682
HSD3B7,GSE137340,14,43,4.78039885457143,5.40030164386047,4.3406956385,5.263668491,0.619902789289037,Up_in_Sepsis,0.805647840531561,0.000400631980255359,GSE65682
HSD3B7,GSE236713,30,125,-2.46591938666667,0.374089013392,-2.168045,0.31106544,2.84000840005867,Up_in_Sepsis,0.986666666666667,1.41630902208344e-16,GSE65682
HSD3B7,GSE54514,18,35,7.30327428716667,7.38004193988571,7.2366938595,7.271981716,0.076767652719048,Up_in_Sepsis,0.561904761904762,0.473286065359816,GSE65682
HSD3B7,GSE57065,25,28,5.4004896,6.04741321428571,5.35806,6.043105,0.646923614285714,Up_in_Sepsis,0.942857142857143,4.71093001856602e-10,GSE65682
HSD3B7,GSE95233,22,51,4.559016385,5.70936065784314,4.58768941,5.5555495,1.15034427284314,Up_in_Sepsis,1,1.60188706567253e-11,GSE65682
ARHGEF9,GSE137340,14,43,4.48642430721429,4.72865547913954,4.4300563135,4.616161585,0.242231171925249,Up_in_Sepsis,0.732558139534884,0.00860715367594649,GSE65682
ARHGEF9,GSE236713,30,125,0.932643189616667,-0.164976697296,0.976572265,-0.101801752,-1.09761988691267,Down_in_Sepsis,0.0290666666666667,1.28379968378171e-15,GSE65682
ARHGEF9,GSE54514,18,35,7.08697014372222,7.1023269926,7.0605049135,7.088788033,0.0153568488777776,Up_in_Sepsis,0.612698412698413,0.187329444556183,GSE65682
ARHGEF9,GSE57065,25,28,4.170995,3.40330339285714,4.184425,3.4319725,-0.767691607142857,Down_in_Sepsis,0.0114285714285714,1.482405568521e-13,GSE65682
ARHGEF9,GSE95233,22,51,5.66064651681818,4.56655629029412,5.6764301125,4.62431338,-1.09409022652406,Down_in_Sepsis,0.0035650623885918,2.22762533627504e-11,GSE65682
IFNGR1,GSE137340,14,43,9.60297377457143,11.0451857649535,9.2894276875,11.18644094,1.44221199038206,Up_in_Sepsis,0.832225913621262,0.000216857743109656,GSE65682
IFNGR1,GSE236713,30,125,-1.23509836333333,0.246428163464,-1.1853421,0.09541416,1.48152652679733,Up_in_Sepsis,0.9464,3.46989563998485e-14,GSE65682
IFNGR1,GSE54514,18,35,11.0380213,10.9169482916,11.061968805,10.89716244,-0.1210730084,Down_in_Sepsis,0.425396825396826,0.382427813577615,GSE65682
IFNGR1,GSE57065,25,28,8.70064386666667,9.98974059523809,8.70705,9.96292666666667,1.28909672857143,Up_in_Sepsis,0.984285714285714,4.31446396808352e-13,GSE65682
IFNGR1,GSE95233,22,51,7.979535075,9.46530269477124,8.05686455833333,9.48088478333333,1.48576761977124,Up_in_Sepsis,0.983065953654189,7.51822548100406e-11,GSE65682
SLC36A1,GSE137340,14,43,5.36834375578571,6.26609923083721,5.2172862155,6.216704166,0.897755475051495,Up_in_Sepsis,0.770764119601329,0.00196863175131151,GSE65682
SLC36A1,GSE236713,30,125,-2.38962104666667,0.370897736592,-2.46955705,0.3440714,2.76051878325867,Up_in_Sepsis,0.9944,4.67077632717853e-17,GSE65682
SLC36A1,GSE54514,18,35,8.17284764194445,8.09716792782857,8.210329056,8.023094177,-0.0756797141158732,Down_in_Sepsis,0.412698412698413,0.309195100119527,GSE65682
SLC36A1,GSE57065,25,28,5.67726013333333,6.36936452380952,5.66955333333333,6.33311333333334,0.69210439047619,Up_in_Sepsis,0.985714285714286,3.07543841827492e-13,GSE65682
SLC36A1,GSE95233,22,51,6.70560630848485,7.70390139372549,6.68430672666667,7.67628275,0.998295085240642,Up_in_Sepsis,0.970588235294117,2.27348975174705e-10,GSE65682
BCAT1,GSE137340,14,43,4.53451645028571,5.4256431425814,4.29870975025,5.403977858,0.891126692295681,Up_in_Sepsis,0.86046511627907,1.79643132928885e-05,GSE65682
BCAT1,GSE236713,30,125,-1.54366727233333,0.1310685437,-1.5463093,0.24420059,1.67473581603333,Up_in_Sepsis,0.937066666666667,1.16288760693196e-13,GSE65682
BCAT1,GSE54514,18,35,7.58317123516667,7.63776818674286,7.547645807,7.4075284,0.0545969515761904,Up_in_Sepsis,0.477777777777778,0.801741213878021,GSE65682
BCAT1,GSE57065,25,28,4.1209571,5.40298526785714,4.0433675,5.268695,1.28202816785714,Up_in_Sepsis,0.921428571428571,6.24469762121784e-09,GSE65682
BCAT1,GSE95233,22,51,4.27003727693182,5.62724174392157,4.23221993375,5.66614776,1.35720446698975,Up_in_Sepsis,0.920677361853832,1.44142177618405e-08,GSE65682
FES,GSE137340,14,43,8.24799368628571,10.0495976812791,7.91957271,10.02804748,1.80160399499336,Up_in_Sepsis,0.877076411960133,2.68007629760749e-05,GSE65682
FES,GSE236713,30,125,-1.27544953,0.061032753032,-1.326869,0.1843028,1.336482283032,Up_in_Sepsis,0.927466666666666,3.93158254485476e-13,GSE65682
FES,GSE54514,18,35,9.411181079,9.44545489697143,9.47776556,9.304868698,0.0342738179714281,Up_in_Sepsis,0.511111111111111,0.903787579790874,GSE65682
FES,GSE57065,25,28,6.415024,7.12472928571429,6.42356,7.17589,0.709705285714286,Up_in_Sepsis,0.894285714285715,9.93923639589263e-08,GSE65682
FES,GSE95233,22,51,6.06320527863636,7.30104719392157,6.109762205,7.25304947,1.2378419152852,Up_in_Sepsis,0.984848484848485,6.40439715698351e-11,GSE65682
ENTPD1,GSE137340,14,43,6.45892753678572,7.67744103972093,6.165669815,7.724863336,1.21851350293522,Up_in_Sepsis,0.805647840531561,0.000400631980255359,GSE65682
ENTPD1,GSE236713,30,125,-1.77723898734445,0.177537993810667,-1.94453033333334,0.38310496,1.95477698115511,Up_in_Sepsis,0.936,1.33315134703302e-13,GSE65682
ENTPD1,GSE54514,18,35,8.07314025033333,8.4211638996,8.058201313,8.413778305,0.348023649266667,Up_in_Sepsis,0.803174603174603,0.000202264659501755,GSE65682
ENTPD1,GSE57065,25,28,6.5877154,7.58472669642857,6.5791375,7.6247075,0.997011296428572,Up_in_Sepsis,0.942857142857143,4.71093001856602e-10,GSE65682
ENTPD1,GSE95233,22,51,6.90847723181818,7.92865785240196,7.02198524125,7.965507925,1.02018062058378,Up_in_Sepsis,0.959893048128342,5.74166162427769e-10,GSE65682
RASGRP1,GSE137340,14,43,5.76315659492857,5.74034018081395,5.649684841,5.684216414,-0.0228164141146179,Down_in_Sepsis,0.476744186046512,0.804590920857132,GSE65682
RASGRP1,GSE236713,30,125,1.20997883566667,-0.440873478976,1.24826525,-0.39428043,-1.65085231464267,Down_in_Sepsis,0.0517333333333334,2.71633609541585e-14,GSE65682
RASGRP1,GSE54514,18,35,7.58946365777778,7.50196955548571,7.474839449,7.396328449,-0.0874941022920632,Down_in_Sepsis,0.396825396825397,0.228139828404204,GSE65682
RASGRP1,GSE57065,25,28,8.6735592,6.59675214285714,8.74139,6.466325,-2.07680705714286,Down_in_Sepsis,0.04,4.0828104411818e-11,GSE65682
RASGRP1,GSE95233,22,51,8.88486916045455,7.01190822862745,8.927970105,7.08088049,-1.87296093182709,Down_in_Sepsis,0.0017825311942959,1.88955739655682e-11,GSE65682
PPP1R3D,GSE137340,14,43,5.8164621095,6.81300973090698,5.5097134975,6.916432292,0.996547621406977,Up_in_Sepsis,0.780730897009967,0.0012817795557046,GSE65682
PPP1R3D,GSE236713,30,125,-0.9626302482,0.117202395144,-0.952461465,0.100227594,1.079832643344,Up_in_Sepsis,0.924266666666667,5.86662656000956e-13,GSE65682
PPP1R3D,GSE54514,18,35,8.31719128277778,8.20331385465714,8.4056887625,8.235938072,-0.113877428120635,Down_in_Sepsis,0.387301587301587,0.187329444556183,GSE65682
PPP1R3D,GSE57065,25,28,6.8577462,8.32080107142857,6.843795,8.3855925,1.46305487142857,Up_in_Sepsis,0.974285714285714,3.53343536257917e-12,GSE65682
PPP1R3D,GSE95233,22,51,6.18595158977273,7.61636645715686,6.2536748325,7.67258453,1.43041486738414,Up_in_Sepsis,0.990196078431373,3.94540435484238e-11,GSE65682
EXOC6,GSE137340,14,43,4.88543899878571,5.63656971111628,4.7585954085,5.61375517666667,0.751130712330565,Up_in_Sepsis,0.830564784053156,0.00010836477926158,GSE65682
EXOC6,GSE236713,30,125,-0.931458507833333,0.184415845396,-0.99509085,0.1650509,1.11587435322933,Up_in_Sepsis,0.8672,4.53752399627033e-10,GSE65682
EXOC6,GSE54514,18,35,7.57355576968519,7.62558890755238,7.541206757,7.603348732,0.0520331378671957,Up_in_Sepsis,0.568253968253968,0.42839311053673,GSE65682
EXOC6,GSE57065,25,28,5.1117156,6.48529416666667,5.09888,6.53959166666667,1.37357856666667,Up_in_Sepsis,0.987142857142857,2.14616925591847e-13,GSE65682
EXOC6,GSE95233,22,51,5.41806518515152,6.57804132339869,5.37086918,6.66889392333333,1.15997613824718,Up_in_Sepsis,0.966131907308378,3.35282320392347e-10,GSE65682
SKAP1,GSE137340,14,43,6.75342548582143,6.59792653456977,6.66308332925,6.410583889,-0.155498951251661,Down_in_Sepsis,0.435215946843854,0.479707999120335,GSE65682
SKAP1,GSE236713,30,125,1.14631333166667,-0.470640086344,1.1121488,-0.34739232,-1.61695341801067,Down_in_Sepsis,0.0498666666666667,2.12432482875358e-14,GSE65682
SKAP1,GSE54514,18,35,7.87423566980556,7.76671812877143,7.8986992835,7.6331207755,-0.107517541034127,Down_in_Sepsis,0.396825396825397,0.228139828404204,GSE65682
SKAP1,GSE57065,25,28,6.925204,5.476405,6.90893,5.463855,-1.448799,Down_in_Sepsis,0.0428571428571429,6.3278804865225e-11,GSE65682
SKAP1,GSE95233,22,51,7.65342184909091,5.95558554921569,7.643077125,5.87812378,-1.69783629987522,Down_in_Sepsis,0,1.60188706567253e-11,GSE65682
LRRN3,GSE137340,14,43,5.18794373435714,5.04664157151163,5.157799576,5.058574261,-0.141302162845514,Down_in_Sepsis,0.426910299003322,0.424295910299058,GSE65682
LRRN3,GSE236713,30,125,2.73643413333333,-0.536506406688,2.80533335,-0.52143,-3.27294054002133,Down_in_Sepsis,0.0298666666666667,1.43337123119402e-15,GSE65682
LRRN3,GSE54514,18,35,7.14300832469445,7.29636901445714,7.144153714,7.1911492345,0.153360689762698,Up_in_Sepsis,0.723809523809524,0.00744048933966743,GSE65682
LRRN3,GSE57065,25,28,6.366913,3.50497696428571,6.164365,3.423575,-2.86193603571429,Down_in_Sepsis,0.00428571428571428,1.54878193726075e-14,GSE65682
LRRN3,GSE95233,22,51,4.88598144886364,3.84195424931373,4.78518748,3.854501225,-1.04402719954991,Down_in_Sepsis,0.0151515151515152,6.40439715698351e-11,GSE65682
SLAMF1,GSE137340,14,43,6.05587506378571,5.45351070497674,6.0478892755,5.504083016,-0.60236435880897,Down_in_Sepsis,0.237541528239203,0.00277398677921297,GSE65682
SLAMF1,GSE236713,30,125,1.24835383216667,-0.24991290946,1.22009635,-0.26221765,-1.49826674162667,Down_in_Sepsis,0.04,5.69855268720033e-15,GSE65682
SLAMF1,GSE54514,18,35,7.30525000894444,7.30734570365714,7.2904958725,7.270337105,0.00209569471269866,Up_in_Sepsis,0.485714285714286,0.87439633186128,GSE65682
SLAMF1,GSE57065,25,28,5.4480728,4.6042305952381,5.43055666666667,4.593765,-0.843842204761905,Down_in_Sepsis,0.00857142857142857,6.63763687397464e-14,GSE65682
SLAMF1,GSE95233,22,51,5.612000025,4.73884962581699,5.52811156833334,4.68624186,-0.873150399183007,Down_in_Sepsis,0.0294117647058824,2.27348975174705e-10,GSE65682
ITGAM,GSE137340,14,43,8.28098930371429,9.90805056344186,7.990106598,9.90494104,1.62706125972757,Up_in_Sepsis,0.867109634551495,1.15818527714491e-05,GSE65682
ITGAM,GSE236713,30,125,-1.14417423066667,0.122462905848,-1.05519555,0.10728216,1.26663713651467,Up_in_Sepsis,0.918133333333333,1.25320518707278e-12,GSE65682
ITGAM,GSE54514,18,35,10.4662495726667,10.6690413064286,10.43363619,10.81633568,0.202791733761904,Up_in_Sepsis,0.598412698412698,0.250718918621702,GSE65682
ITGAM,GSE57065,25,28,6.639916,7.62875732142857,6.6686,7.626775,0.988841321428571,Up_in_Sepsis,0.997142857142857,8.85018249863286e-15,GSE65682
ITGAM,GSE95233,22,51,8.02743138454546,9.04962278,8.11553856,9.069464185,1.02219139545455,Up_in_Sepsis,0.980392156862745,9.55234536735608e-11,GSE65682
ZBTB4,GSE137340,14,43,6.52450132060714,6.45946898355814,6.501577827,6.538945105,-0.0650323370490042,Down_in_Sepsis,0.51328903654485,0.890692821059384,GSE65682
ZBTB4,GSE236713,30,125,0.937390389333333,-0.272839610176,0.9208231,-0.21354294,-1.21022999950933,Down_in_Sepsis,0.0546666666666667,3.98919422636361e-14,GSE65682
ZBTB4,GSE54514,18,35,7.99907712136111,7.92733907022857,7.97531640525,7.853297472,-0.0717380511325398,Down_in_Sepsis,0.388888888888889,0.193736415761008,GSE65682
ZBTB4,GSE57065,25,28,7.6965768,6.55985446428571,7.70421,6.5192575,-1.13672233571429,Down_in_Sepsis,0.00857142857142857,6.63763687397464e-14,GSE65682
ZBTB4,GSE95233,22,51,8.62887460340909,7.40794592686275,8.56976789,7.370551125,-1.22092867654635,Down_in_Sepsis,0.0017825311942959,1.88955739655682e-11,GSE65682
CD3G,GSE137340,14,43,7.149762827,7.10332487439535,6.938175635,6.807411888,-0.0464379526046512,Down_in_Sepsis,0.460132890365448,0.666553111249036,GSE65682
CD3G,GSE236713,30,125,1.223825094,-0.484905625528,1.18619205,-0.34002852,-1.708730719528,Down_in_Sepsis,0.0672,2.00476526653066e-13,GSE65682
CD3G,GSE54514,18,35,7.444454723,7.29931347717143,7.439926863,7.228958607,-0.145141245828571,Down_in_Sepsis,0.314285714285714,0.0276873816875773,GSE65682
CD3G,GSE57065,25,28,8.0465556,6.2357425,8.06283,6.105385,-1.8108131,Down_in_Sepsis,0.0485714285714286,1.46118725598053e-10,GSE65682
CD3G,GSE95233,22,51,9.56972165,7.05596450352941,9.45041639,6.93287937,-2.51375714647059,Down_in_Sepsis,0,1.60188706567253e-11,GSE65682
UBE2F,GSE137340,14,43,7.30355571535714,9.0745201692093,6.8495421605,9.025839757,1.77096445385216,Up_in_Sepsis,0.867109634551495,1.15818527714491e-05,GSE65682
UBE2F,GSE236713,30,125,-0.368793487933333,0.162755596656,-0.364049915,0.116556644,0.531549084589333,Up_in_Sepsis,0.747733333333333,2.60762698214956e-05,GSE65682
UBE2F,GSE54514,18,35,10.6508857411111,10.6333123067714,10.72046232,10.72938728,-0.0175734343396829,Down_in_Sepsis,0.496031746031746,0.970035370665407,GSE65682
UBE2F,GSE57065,25,28,6.912098,8.19325544642857,6.8712025,8.26774375,1.28115744642857,Up_in_Sepsis,0.974285714285714,3.53343536257917e-12,GSE65682
UBE2F,GSE95233,22,51,6.75911467727273,8.23466372215686,6.73561727125,8.2456943825,1.47554904488414,Up_in_Sepsis,1,1.60188706567253e-11,GSE65682
IKZF2,GSE137340,14,43,4.43425792483333,4.72522123767442,4.417573983,4.65942034733333,0.290963312841085,Up_in_Sepsis,0.848837209302326,3.73425195502401e-05,GSE65682
IKZF2,GSE236713,30,125,1.44717406022222,-0.283229699130667,1.4414653,-0.255656716666667,-1.73040375935289,Down_in_Sepsis,0.0368,3.6969859547151e-15,GSE65682
IKZF2,GSE54514,18,35,7.24253732183333,7.26206650511429,7.23477276166667,7.24816433566667,0.0195291832809525,Up_in_Sepsis,0.585714285714286,0.318216803699425,GSE65682
IKZF2,GSE57065,25,28,4.39169533333333,3.69790797619048,4.39899333333333,3.65444666666667,-0.693787357142858,Down_in_Sepsis,0.04,4.0828104411818e-11,GSE65682
IKZF2,GSE95233,22,51,6.32735359833333,4.71685715267974,6.345953685,4.69897366666667,-1.61049644565359,Down_in_Sepsis,0.00089126559714795,1.73990990394731e-11,GSE65682
OLAH,GSE137340,14,43,4.69426092571429,5.85085577318605,4.3346094625,4.996071678,1.15659484747176,Up_in_Sepsis,0.782392026578073,0.0011910207519427,GSE65682
OLAH,GSE236713,30,125,-3.06712965166667,1.43117601538,-3.100506725,1.32750345,4.49830566704667,Up_in_Sepsis,0.9728,9.92003678560482e-16,GSE65682
OLAH,GSE54514,18,35,8.14875949727778,8.42373714437143,7.7577610015,8.232910156,0.274977647093651,Up_in_Sepsis,0.555555555555555,0.520600333060429,GSE65682
OLAH,GSE57065,25,28,3.17378386666667,6.39807595238095,3.18472,6.61012833333333,3.22429208571429,Up_in_Sepsis,0.961428571428571,3.26107099618374e-11,GSE65682
OLAH,GSE95233,22,51,3.96071946833333,6.49699370058824,3.90941330833334,6.53217998666667,2.5362742322549,Up_in_Sepsis,0.967023172905526,3.10305804161485e-10,GSE65682
GNLY,GSE137340,14,43,9.14800889792857,8.15947509471318,9.1590614045,8.0730805,-0.98853380321539,Down_in_Sepsis,0.26578073089701,0.00811465598623881,GSE65682
GNLY,GSE236713,30,125,1.77677881166667,-0.167758878104,1.832153725,-0.32503754,-1.94453768977067,Down_in_Sepsis,0.112,4.47029686534949e-11,GSE65682
GNLY,GSE54514,18,35,8.15735403692593,8.0888684272381,8.23682268466667,8.02759917566667,-0.0684856096878299,Down_in_Sepsis,0.444444444444444,0.520600333060429,GSE65682
GNLY,GSE57065,25,28,10.3966178,7.96240732142857,10.441,7.895085,-2.43421047857143,Down_in_Sepsis,0.0842857142857143,1.16465658125434e-08,GSE65682
GNLY,GSE95233,22,51,11.0241741922727,8.14679967784314,10.97150678,8.166844705,-2.87737451442959,Down_in_Sepsis,0.00445632798573975,2.41819260539641e-11,GSE65682
LRRN1,GSE137340,14,43,4.59039416471429,5.10155516753488,4.3490111625,5.116178121,0.511161002820598,Up_in_Sepsis,0.800664451827243,0.000511075771431277,GSE65682
LRRN1,GSE236713,30,125,-1.668266549,0.428428481464,-1.74543925,0.46802545,2.096695030464,Up_in_Sepsis,0.9352,1.47670499582509e-13,GSE65682
LRRN1,GSE54514,18,35,7.35407201455556,7.34601267414286,7.3348052505,7.26224947,-0.00805934041269829,Down_in_Sepsis,0.457142857142857,0.621885846678168,GSE65682
LRRN1,GSE57065,25,28,2.4118638,3.62015571428571,2.4179,3.6697125,1.20829191428571,Up_in_Sepsis,0.965714285714285,1.6235659793742e-11,GSE65682
LRRN1,GSE95233,22,51,3.55431540840909,5.38012391205882,3.62806274,5.400476055,1.82580850364973,Up_in_Sepsis,0.994652406417112,2.62469054871502e-11,GSE65682
MYBPC3,GSE137340,14,43,5.45723711421429,7.39288964832558,5.2243982135,7.458965874,1.9356525341113,Up_in_Sepsis,0.90531561461794,6.49938521848808e-07,GSE65682
MYBPC3,GSE236713,30,125,-2.47217642666667,0.366789393008,-2.43882705,0.53848505,2.83896581967467,Up_in_Sepsis,0.975466666666667,6.85156372711254e-16,GSE65682
MYBPC3,GSE54514,18,35,7.94224450327778,8.23613843917143,7.8944909575,8.156253815,0.29389393589365,Up_in_Sepsis,0.719047619047619,0.00888550581107009,GSE65682
MYBPC3,GSE57065,25,28,6.0707148,6.311155,6.10733,6.318915,0.2404402,Up_in_Sepsis,0.782857142857143,0.0002847006475311,GSE65682
MYBPC3,GSE95233,22,51,5.42495653363636,6.1072969554902,5.45721933,6.11446309,0.682340421853833,Up_in_Sepsis,0.979500891265597,1.03431303688478e-10,GSE65682
CR1,GSE137340,14,43,5.05670836169643,6.06328532280233,4.7073669895,5.9675341275,1.0065769611059,Up_in_Sepsis,0.833887043189369,8.99233343862789e-05,GSE65682
CR1,GSE236713,30,125,-1.9996093,0.379206031344,-1.9449708,0.4621637,2.378815331344,Up_in_Sepsis,0.904533333333333,6.49293782382115e-12,GSE65682
CR1,GSE54514,18,35,7.44756323758333,7.50924412864286,7.450762689,7.43371033675,0.0616808910595239,Up_in_Sepsis,0.546031746031746,0.595788354333167,GSE65682
CR1,GSE57065,25,28,6.21534526666667,8.07667958333333,6.15214333333333,8.131675,1.86133431666667,Up_in_Sepsis,1,2.21254562465821e-15,GSE65682
CR1,GSE95233,22,51,5.77662232045455,7.62432155186275,5.76798087083333,7.83684792666667,1.8476992314082,Up_in_Sepsis,0.971479500891266,2.10264174876355e-10,GSE65682
TOMM40L,GSE137340,14,43,5.48796499157143,6.39844447472093,5.346166092,6.425259998,0.910479483149502,Up_in_Sepsis,0.847176079734219,4.13098133247111e-05,GSE65682
TOMM40L,GSE236713,30,125,-1.185955145,0.426428105984,-1.204201,0.44114685,1.612383250984,Up_in_Sepsis,0.944533333333333,4.42812327766133e-14,GSE65682
TOMM40L,GSE54514,18,35,7.32491298525,7.35035275725714,7.308074236,7.3380525115,0.0254397720071431,Up_in_Sepsis,0.56984126984127,0.417561982091769,GSE65682
TOMM40L,GSE57065,25,28,5.1791268,6.0322375,5.18952,6.01522,0.8531107,Up_in_Sepsis,0.952857142857143,1.19072567882231e-10,GSE65682
TOMM40L,GSE95233,22,51,5.49804219863636,6.68718420509804,5.51934621,6.62689003,1.18914200646168,Up_in_Sepsis,0.992869875222816,3.09077930949446e-11,GSE65682
TIMP1,GSE137340,14,43,9.81592886714286,11.6363049372791,9.65986537,11.6536414,1.82037607013621,Up_in_Sepsis,0.916943521594684,2.32597094559008e-07,GSE65682
TIMP1,GSE236713,30,125,-1.27196941466667,0.309522782376,-1.25564505,0.20902586,1.58149219704267,Up_in_Sepsis,0.945066666666667,4.13052690891091e-14,GSE65682
TIMP1,GSE54514,18,35,12.1652583033333,12.0709945945714,12.289051055,12.27932835,-0.094263708761904,Down_in_Sepsis,0.468253968253968,0.714152272707494,GSE65682
TIMP1,GSE57065,25,28,9.7542792,10.8691507142857,9.848,10.81385,1.11487151428571,Up_in_Sepsis,0.922857142857143,5.32311262981583e-09,GSE65682
TIMP1,GSE95233,22,51,7.64146381863636,8.92114833098039,7.71945454,8.92598903,1.27968451234403,Up_in_Sepsis,0.957219251336898,7.21511319630196e-10,GSE65682
PLA2G4A,GSE137340,14,43,4.23447158171429,4.51379212753488,4.218211945,4.341699835,0.279320545820598,Up_in_Sepsis,0.875415282392027,6.53811501196993e-06,GSE65682
PLA2G4A,GSE236713,30,125,-1.227404405,0.0200938291039999,-1.28345845,0.020573616,1.247498234104,Up_in_Sepsis,0.853333333333333,1.98776441213827e-09,GSE65682
PLA2G4A,GSE54514,18,35,7.24823615294444,7.2204490116,7.2311873435,7.216623306,-0.0277871413444437,Down_in_Sepsis,0.421428571428571,0.357417247786138,GSE65682
PLA2G4A,GSE57065,25,28,3.2938904,5.01343535714286,3.18034,5.105695,1.71954495714286,Up_in_Sepsis,0.96,4.0828104411818e-11,GSE65682
PLA2G4A,GSE95233,22,51,5.21880493636364,6.83172267803922,5.13965,6.85693153,1.61291774167558,Up_in_Sepsis,0.988413547237077,4.63786430560109e-11,GSE65682
NCR3,GSE137340,14,43,5.812918324,5.48806191181395,5.7066608505,5.497941656,-0.324856412186047,Down_in_Sepsis,0.387043189368771,0.213421759301115,GSE65682
NCR3,GSE236713,30,125,1.876070091,-0.290340701348,1.912268275,-0.361694155,-2.166410792348,Down_in_Sepsis,0.02,3.63532984217555e-16,GSE65682
NCR3,GSE54514,18,35,7.433417903,7.42677395685714,7.404913902,7.350765228,-0.00664394614285691,Down_in_Sepsis,0.403174603174603,0.255836951670749,GSE65682
NCR3,GSE57065,25,28,6.17462586666667,5.26006166666667,6.26659333333333,5.21585666666667,-0.9145642,Down_in_Sepsis,0.03,7.7571849600517e-12,GSE65682
NCR3,GSE95233,22,51,5.53412538575758,4.47658897124183,5.58214964333333,4.49132468333333,-1.05753641451575,Down_in_Sepsis,0.0151515151515152,6.40439715698351e-11,GSE65682
KDM2B,GSE137340,14,43,5.5127068282381,5.85432683875194,5.47118732566667,5.78684186366667,0.341620010513843,Up_in_Sepsis,0.745847176079734,0.00530367293010345,GSE65682
KDM2B,GSE236713,30,125,0.976848680444445,-0.271131897338667,1.07066569333334,-0.170394898666667,-1.24798057778311,Down_in_Sepsis,0.0594666666666667,7.44232952688722e-14,GSE65682
KDM2B,GSE54514,18,35,7.66593815225,7.74397239001429,7.6528155805,7.710582733,0.0780342377642862,Up_in_Sepsis,0.607936507936508,0.207020180060236,GSE65682
KDM2B,GSE57065,25,28,7.5701212,6.02403428571429,7.57876,6.036025,-1.54608691428571,Down_in_Sepsis,0.00142857142857143,4.42509124931643e-15,GSE65682
KDM2B,GSE95233,22,51,8.02943134954546,6.75601110215686,8.005857425,6.74898689,-1.27342024738859,Down_in_Sepsis,0,1.60188706567253e-11,GSE65682
NDUFAF1,GSE137340,14,43,5.392302765,6.79047954474419,5.091140203,6.971118247,1.39817677974419,Up_in_Sepsis,0.812292358803987,0.0002869816641554,GSE65682
NDUFAF1,GSE236713,30,125,-0.445369071133333,-0.00185189846400002,-0.46258211,-0.007460356,0.443517172669333,Up_in_Sepsis,0.738666666666667,5.09366329603788e-05,GSE65682
NDUFAF1,GSE54514,18,35,7.36864235666667,7.49095548914286,7.3494980335,7.459527969,0.122313132476191,Up_in_Sepsis,0.609523809523809,0.200299536283,GSE65682
NDUFAF1,GSE57065,25,28,5.4185392,6.67227071428571,5.43146,6.788555,1.25373151428571,Up_in_Sepsis,0.985714285714286,3.07543841827492e-13,GSE65682
NDUFAF1,GSE95233,22,51,5.26522573590909,6.98095489921569,5.323704455,6.93288925,1.7157291633066,Up_in_Sepsis,0.999108734402852,1.73990990394731e-11,GSE65682
ZDHHC19,GSE137340,14,43,5.59829461921429,8.41792485113954,4.6442862455,8.392798929,2.81963023192525,Up_in_Sepsis,0.858803986710963,1.99991144589167e-05,GSE65682
ZDHHC19,GSE236713,30,125,-1.820636658,0.638905728336,-1.889231,0.6277652,2.459542386336,Up_in_Sepsis,0.958133333333333,7.32485636027738e-15,GSE65682
ZDHHC19,GSE54514,18,35,9.80342743155555,10.2457725383143,9.2998418805,10.59918594,0.442345106758731,Up_in_Sepsis,0.565079365079365,0.450529192583409,GSE65682
ZDHHC19,GSE57065,25,28,4.665217,7.01162125,4.66739,7.0825325,2.34640425,Up_in_Sepsis,0.985714285714286,3.07543841827492e-13,GSE65682
ZDHHC19,GSE95233,22,51,4.34424839045455,7.00703930686275,4.121067835,7.13194825,2.6627909164082,Up_in_Sepsis,0.978609625668449,1.11977955795568e-10,GSE65682
ADAMTS2,GSE137340,14,43,4.28641004367857,4.66397738448837,4.23566255225,4.46860468,0.377567340809801,Up_in_Sepsis,0.900332225913621,9.84903435988751e-07,GSE65682
ADAMTS2,GSE236713,30,125,-3.25835493333333,0.441657347512,-3.246380675,0.374192,3.70001228084533,Up_in_Sepsis,0.9984,2.6139489943517e-17,GSE65682
ADAMTS2,GSE54514,18,35,7.13658316938889,7.18138935914286,7.145100832,7.167894363,0.0448061897539684,Up_in_Sepsis,0.592063492063492,0.283133764153369,GSE65682
ADAMTS2,GSE57065,25,28,3.9322204,4.6065730952381,3.93152666666667,4.53181,0.674352695238095,Up_in_Sepsis,0.937142857142857,9.7986344315551e-10,GSE65682
ADAMTS2,GSE95233,22,51,4.13875304409091,4.96961968222222,4.184561965,4.80549934,0.830866638131313,Up_in_Sepsis,0.931372549019608,6.1488394698215e-09,GSE65682
RTN3,GSE137340,14,43,5.67126027114286,6.41093207355233,5.600129463,6.459400577,0.739671802409469,Up_in_Sepsis,0.863787375415282,1.44528445939708e-05,GSE65682
RTN3,GSE236713,30,125,-1.09244111136667,0.210523272762667,-1.01506877666667,0.30508256,1.30296438412933,Up_in_Sepsis,0.9616,4.59160112920663e-15,GSE65682
RTN3,GSE54514,18,35,8.87829871306944,8.87155120754286,8.864761948125,8.9165611275,-0.00674750552658665,Down_in_Sepsis,0.531746031746032,0.716774420138131,GSE65682
RTN3,GSE57065,25,28,9.3849232,9.91914946428571,9.318285,9.885915,0.534226264285715,Up_in_Sepsis,0.872857142857143,6.59704088772431e-07,GSE65682
RTN3,GSE95233,22,51,10.1810028593182,10.7649810617647,10.19533185,10.83033395,0.583978202446524,Up_in_Sepsis,0.927807486631016,8.18661083468126e-09,GSE65682
CD40LG,GSE137340,14,43,5.52968138642857,4.95405682141861,5.6434468545,4.765482407,-0.575624565009966,Down_in_Sepsis,0.22093023255814,0.00137868549658167,GSE65682
CD40LG,GSE236713,30,125,2.01247037333333,-0.496911676152,2.06293465,-0.48420095,-2.50938204948533,Down_in_Sepsis,0.0125333333333333,1.26375431476583e-16,GSE65682
CD40LG,GSE54514,18,35,7.1898295615,7.2195152964,7.129025221,7.19689703,0.0296857349000002,Up_in_Sepsis,0.598412698412699,0.250718918621702,GSE65682
CD40LG,GSE57065,25,28,6.1035448,5.61247071428571,6.09243,5.56584,-0.491074085714286,Down_in_Sepsis,0.102857142857143,7.58728424529789e-08,GSE65682
CD40LG,GSE95233,22,51,5.54293723181818,4.50850350568627,5.52005451,4.51497136,-1.03443372613191,Down_in_Sepsis,0.0276292335115865,1.94435767733088e-10,GSE65682
MTF1,GSE137340,14,43,7.76451157764286,8.93228578253488,7.506201039,9.068975369,1.16777420489203,Up_in_Sepsis,0.794019933554817,0.000700977779606083,GSE65682
MTF1,GSE236713,30,125,-1.30024173766667,0.203970547088,-1.2425673,0.17809558,1.50421228475467,Up_in_Sepsis,0.9752,7.11052358786845e-16,GSE65682
MTF1,GSE54514,18,35,9.30062760277778,9.70296508265714,9.288960457,9.710276604,0.402337479879364,Up_in_Sepsis,0.706349206349206,0.0150067897101463,GSE65682
MTF1,GSE57065,25,28,6.8181232,7.78650416666667,6.78093333333333,7.82162666666667,0.968380966666668,Up_in_Sepsis,0.994285714285714,2.65505474958986e-14,GSE65682
MTF1,GSE95233,22,51,7.17531765727273,8.26197867084967,7.17700403333334,8.26250471,1.08666101357695,Up_in_Sepsis,0.985739750445633,5.9097281654302e-11,GSE65682
SLC12A9,GSE137340,14,43,8.90716191385714,10.4982870897674,8.7863656815,10.60986595,1.5911251759103,Up_in_Sepsis,0.882059800664452,4.05663071297044e-06,GSE65682
SLC12A9,GSE236713,30,125,-1.21755945383333,0.235966906592,-1.229976425,0.31406915,1.45352636042533,Up_in_Sepsis,0.9408,7.19014483434538e-14,GSE65682
SLC12A9,GSE54514,18,35,10.1300752961111,10.2999212535714,10.021265985,10.25910759,0.169845957460318,Up_in_Sepsis,0.615079365079365,0.176287657176585,GSE65682
SLC12A9,GSE57065,25,28,5.5766052,6.39187464285714,5.59563,6.329005,0.815269442857143,Up_in_Sepsis,0.951428571428571,1.46118725598053e-10,GSE65682
SLC12A9,GSE95233,22,51,5.71322929181818,6.40332770699347,5.70029579666667,6.42804164333333,0.690098415175283,Up_in_Sepsis,0.946524064171123,1.77642526075052e-09,GSE65682
LTF,GSE137340,14,43,4.84707425421429,5.62357761074419,4.6748176725,5.392006576,0.7765033565299,Up_in_Sepsis,0.732558139534884,0.00860715367594649,GSE65682
LTF,GSE236713,30,125,-2.16325188033333,0.389110397376,-2.289994,0.3856845,2.55236227770933,Up_in_Sepsis,0.872,2.68695684553841e-10,GSE65682
LTF,GSE54514,18,35,7.51336063283333,7.52089240214286,7.294859648,7.301288128,0.00753176930952293,Up_in_Sepsis,0.50952380952381,0.918534356570284,GSE65682
LTF,GSE57065,25,28,7.6719428,11.6229810714286,7.31096,11.77995,3.95103827142857,Up_in_Sepsis,0.97,7.7571849600517e-12,GSE65682
LTF,GSE95233,22,51,7.50049516545455,10.6707731458824,7.800084695,10.94539308,3.17027798042781,Up_in_Sepsis,0.97415329768271,1.66193362226705e-10,GSE65682
FCRL3,GSE137340,14,43,4.81071894975,4.8890602155814,4.7684874915,4.749129275,0.0783412658313951,Up_in_Sepsis,0.501661129568106,0.992690542203752,GSE65682
FCRL3,GSE236713,30,125,1.273647143,-0.192225734172,1.2623353,-0.15301692,-1.465872877172,Down_in_Sepsis,0.068,2.21902628234289e-13,GSE65682
FCRL3,GSE54514,18,35,7.14384541247222,7.1706733159,7.13995945475,7.1457457545,0.0268279034277779,Up_in_Sepsis,0.596825396825397,0.258573851662861,GSE65682
FCRL3,GSE57065,25,28,6.0559974,4.6981625,6.067315,4.6763,-1.3578349,Down_in_Sepsis,0.0285714285714286,6.00484882532239e-12,GSE65682
FCRL3,GSE95233,22,51,6.63973678431818,4.78294111637255,6.64623244,4.782497485,-1.85679566794563,Down_in_Sepsis,0.0249554367201426,1.53617362330698e-10,GSE65682
HDAC4,GSE137340,14,43,4.86013284607143,6.09109374825581,4.8234946895,6.181216644,1.23096090218439,Up_in_Sepsis,0.870431893687708,9.24335675110831e-06,GSE65682
HDAC4,GSE236713,30,125,-1.13291007833333,0.102336046232,-1.13166645,0.07034087,1.23524612456533,Up_in_Sepsis,0.961333333333333,4.76013747757254e-15,GSE65682
HDAC4,GSE54514,18,35,9.17749971816667,9.0803028924,9.101026535,9.008315086,-0.097196825766666,Down_in_Sepsis,0.466666666666667,0.700215011708431,GSE65682
HDAC4,GSE57065,25,28,5.86977506666667,6.60834178571429,5.83633333333333,6.57220833333334,0.738566719047618,Up_in_Sepsis,0.977142857142857,2.02447924656227e-12,GSE65682
HDAC4,GSE95233,22,51,6.10082070060606,7.11626147745098,6.10260882166667,7.21070616,1.01544077684492,Up_in_Sepsis,0.950089126559715,1.3185393727247e-09,GSE65682
DDX24,GSE137340,14,43,8.22030239414286,7.70547660251163,8.361723108,7.736638603,-0.514825791631229,Down_in_Sepsis,0.269102990033223,0.0091254474349773,GSE65682
DDX24,GSE236713,30,125,1.54151412266667,-0.480346133584,1.54734185,-0.20377183,-2.02186025625067,Down_in_Sepsis,0.0301333333333333,1.48694508222996e-15,GSE65682
DDX24,GSE54514,18,35,7.83455446016667,7.85656765534286,7.85738492,7.769836903,0.022013195176191,Up_in_Sepsis,0.495238095238095,0.962549921097313,GSE65682
DDX24,GSE57065,25,28,7.6376762,6.39314964285714,7.663385,6.370375,-1.24452655714286,Down_in_Sepsis,0,2.21254562465821e-15,GSE65682
DDX24,GSE95233,22,51,8.63628290159091,7.25384864392157,8.66158573,7.241871075,-1.38243425766934,Down_in_Sepsis,0,1.60188706567253e-11,GSE65682
IL1R1,GSE137340,14,43,4.33088103014286,4.8965065692093,4.2525747,4.66580794,0.565625539066446,Up_in_Sepsis,0.820598006644518,0.000186294412620237,GSE65682
IL1R1,GSE236713,30,125,-2.66152682,0.584737665396,-2.554641375,0.81595932,3.246264485396,Up_in_Sepsis,0.954933333333333,1.12386782366496e-14,GSE65682
IL1R1,GSE54514,18,35,7.29579459294445,7.37789568211429,7.249023676,7.331950188,0.0821010891698411,Up_in_Sepsis,0.546031746031746,0.595788354333167,GSE65682
IL1R1,GSE57065,25,28,4.4503266,5.61383821428571,4.37195,5.5209375,1.16351161428571,Up_in_Sepsis,0.967142857142857,1.27509004349053e-11,GSE65682
IL1R1,GSE95233,22,51,5.47308182545455,7.25990217107843,5.5245138775,7.220090055,1.78682034562389,Up_in_Sepsis,0.975044563279857,1.53617362330698e-10,GSE65682
ERLIN1,GSE137340,14,43,4.72988951807143,5.8191811112093,4.385036202,5.582495689,1.08929159313787,Up_in_Sepsis,0.862126245847176,1.61210294818759e-05,GSE65682
ERLIN1,GSE236713,30,125,-0.6797193242,0.219669363848,-0.7069986,0.23976517,0.899388688048,Up_in_Sepsis,0.874666666666667,2.0027174542286e-10,GSE65682
ERLIN1,GSE54514,18,35,7.38146548816667,7.45322831017143,7.3657391075,7.39966774,0.0717628220047617,Up_in_Sepsis,0.531746031746032,0.716774420138131,GSE65682
ERLIN1,GSE57065,25,28,6.1297252,7.81480053571429,6.039485,8.0386175,1.68507533571429,Up_in_Sepsis,0.974285714285714,3.53343536257917e-12,GSE65682
ERLIN1,GSE95233,22,51,6.19847493272727,7.76689627088235,6.20580473,7.80840813,1.56842133815508,Up_in_Sepsis,0.983957219251337,6.93948969640165e-11,GSE65682
KIF5B,GSE137340,14,43,4.74038577664286,5.43629723565116,4.4616205525,5.462534102,0.695911459008306,Up_in_Sepsis,0.818936877076412,0.000203389487077016,GSE65682
KIF5B,GSE236713,30,125,-0.624168243933333,0.136108950172,-0.616924405,0.1396172035,0.760277194105333,Up_in_Sepsis,0.962666666666666,3.97424855205802e-15,GSE65682
KIF5B,GSE54514,18,35,7.6060207155,7.57336957114286,7.635559082,7.571011543,-0.0326511443571427,Down_in_Sepsis,0.446031746031746,0.532791074333115,GSE65682
KIF5B,GSE57065,25,28,7.3604424,7.95916321428571,7.35081333333333,8.055925,0.598720814285715,Up_in_Sepsis,0.874285714285715,5.85426531540652e-07,GSE65682
KIF5B,GSE95233,22,51,7.56086366833333,8.2992340248366,7.583117945,8.35138468666667,0.738370356503268,Up_in_Sepsis,0.950089126559715,1.3185393727247e-09,GSE65682
KLRB1,GSE137340,14,43,8.25073499914286,8.14459388127907,8.021210383,8.243464032,-0.106141117863787,Down_in_Sepsis,0.504983388704319,0.963464689999678,GSE65682
KLRB1,GSE236713,30,125,1.985355415,-0.451247087696,2.0609729,-0.38002348,-2.436602502696,Down_in_Sepsis,0.0250666666666667,7.3791217923107e-16,GSE65682
KLRB1,GSE54514,18,35,8.94385533883333,8.57228198742857,8.828835487,8.402605057,-0.371573351404763,Down_in_Sepsis,0.346031746031746,0.0698983158244375,GSE65682
KLRB1,GSE57065,25,28,8.4045496,6.42768142857143,8.35125,6.343745,-1.97686817142857,Down_in_Sepsis,0.0457142857142857,9.67568327119284e-11,GSE65682
KLRB1,GSE95233,22,51,8.34931134909091,6.8756715654902,8.32232901,6.82042037,-1.47363978360071,Down_in_Sepsis,0.0409982174688057,6.19679960010317e-10,GSE65682
GALNT14,GSE137340,14,43,4.49403214107143,5.20731724539535,4.235813754,5.016652897,0.713285104323921,Up_in_Sepsis,0.870431893687708,9.24335675110831e-06,GSE65682
GALNT14,GSE236713,30,125,-4.18687559,0.424362516424,-4.33513645,0.5639994,4.611238106424,Up_in_Sepsis,0.9768,5.68982032753381e-16,GSE65682
GALNT14,GSE54514,18,35,7.54942462177778,7.48056413102857,7.4431469445,7.475632191,-0.0688604907492065,Down_in_Sepsis,0.415873015873016,0.327405769848281,GSE65682
GALNT14,GSE57065,25,28,5.0287766,5.91161678571429,5.04085,5.94476,0.882840185714286,Up_in_Sepsis,0.944285714285714,3.90036392897249e-10,GSE65682
GALNT14,GSE95233,22,51,4.35107237272727,5.52201445509804,4.33344454,5.663050895,1.17094208237077,Up_in_Sepsis,0.979500891265597,1.03431303688478e-10,GSE65682
HLA-DPA1,GSE137340,14,43,10.6967885564286,10.2423249065349,10.672699315,10.36299526,-0.454463649893688,Down_in_Sepsis,0.358803986710964,0.11803996685988,GSE65682
HLA-DPA1,GSE236713,30,125,1.48327634383333,-0.438564005648,1.58055065,-0.39964175,-1.92184034948133,Down_in_Sepsis,0.0330666666666667,2.22338235075182e-15,GSE65682
HLA-DPA1,GSE54514,18,35,9.34623000361111,9.5561307226,9.4723677635,9.466587067,0.209900718988889,Up_in_Sepsis,0.555555555555555,0.520600333060429,GSE65682
HLA-DPA1,GSE57065,25,28,9.6452656,7.53064154761905,9.67798,7.445925,-2.11462405238095,Down_in_Sepsis,0.0142857142857143,3.07543841827492e-13,GSE65682
HLA-DPA1,GSE95233,22,51,9.14406467060606,7.02634107333333,9.21945868666666,6.93200443666667,-2.11772359727273,Down_in_Sepsis,0.00267379679144385,2.05178515500888e-11,GSE65682
GNAQ,GSE137340,14,43,4.89663924628571,5.33040220825581,4.7870511525,5.248171445,0.4337629619701,Up_in_Sepsis,0.712624584717608,0.0168688224440177,GSE65682
GNAQ,GSE236713,30,125,-1.23460720166667,0.324490817824,-1.2489655,0.28020716,1.55909801949067,Up_in_Sepsis,0.9656,2.66735498895389e-15,GSE65682
GNAQ,GSE54514,18,35,7.6014662055,7.70797726768571,7.556985855,7.743002415,0.106511062185714,Up_in_Sepsis,0.603174603174603,0.228139828404204,GSE65682
GNAQ,GSE57065,25,28,7.27001296,7.97060278571429,7.315366,7.922742,0.700589825714286,Up_in_Sepsis,0.951428571428571,1.46118725598053e-10,GSE65682
GNAQ,GSE95233,22,51,7.38210607718182,8.39327061827451,7.431075228,8.374957922,1.01116454109269,Up_in_Sepsis,0.950089126559715,1.3185393727247e-09,GSE65682
DHRS3,GSE137340,14,43,5.55084936521429,5.27163243813954,5.640370776,5.215096222,-0.279216927074751,Down_in_Sepsis,0.333887043189369,0.0646582863878954,GSE65682
DHRS3,GSE236713,30,125,1.35386949666667,-0.12059901532,1.40391085,-0.07216358,-1.47446851198667,Down_in_Sepsis,0.0530666666666666,3.23578325446997e-14,GSE65682
DHRS3,GSE54514,18,35,7.38676108255556,7.34972561417143,7.352461338,7.312664509,-0.0370354683841265,Down_in_Sepsis,0.374603174603175,0.141506854350495,GSE65682
DHRS3,GSE57065,25,28,6.698046,5.55574607142857,6.66131,5.540585,-1.14229992857143,Down_in_Sepsis,0.00285714285714286,8.85018249863286e-15,GSE65682
DHRS3,GSE95233,22,51,6.58019298590909,5.30746493156863,6.582108955,5.17644525,-1.27272805434046,Down_in_Sepsis,0.0436720142602495,7.78375215666962e-10,GSE65682
CDK5RAP2,GSE137340,14,43,5.60830444940476,7.02519647022481,5.3105203395,6.95299426066667,1.41689202082005,Up_in_Sepsis,0.87375415282392,7.34598051394299e-06,GSE65682
CDK5RAP2,GSE236713,30,125,-0.791296477333333,0.425802082072,-0.7820822,0.3672675,1.21709855940533,Up_in_Sepsis,0.908,4.29036556442579e-12,GSE65682
CDK5RAP2,GSE54514,18,35,8.52106659488889,8.23422440579048,8.62943132666667,8.21826394366667,-0.286842189098413,Down_in_Sepsis,0.317460317460317,0.0305690600321864,GSE65682
CDK5RAP2,GSE57065,25,28,5.5069176,6.74047726190476,5.51953,6.78708833333334,1.23355966190476,Up_in_Sepsis,0.995714285714286,1.54878193726075e-14,GSE65682
CDK5RAP2,GSE95233,22,51,6.21705412318182,7.83570588078431,6.22542759333333,7.86152518666667,1.6186517576025,Up_in_Sepsis,0.989304812834224,4.27867888939574e-11,GSE65682
POC1A,GSE137340,14,43,4.84069331378572,6.03139801118605,4.5150182005,5.96693316,1.19070469740033,Up_in_Sepsis,0.868770764119601,1.0352095404657e-05,GSE65682
POC1A,GSE236713,30,125,-1.11330016566667,0.211502606968,-1.13328365,0.20102644,1.32480277263467,Up_in_Sepsis,0.961866666666667,4.42894244091179e-15,GSE65682
POC1A,GSE54514,18,35,7.45482693777778,7.58252081191429,7.4096009735,7.560575485,0.127693874136508,Up_in_Sepsis,0.69047619047619,0.0237965365010679,GSE65682
POC1A,GSE57065,25,28,4.0790046,4.43093589285714,4.116435,4.4374275,0.351931292857143,Up_in_Sepsis,0.878571428571429,4.06875429370654e-07,GSE65682
POC1A,GSE95233,22,51,4.47436233204545,5.26169924215686,4.46456109,5.2208395,0.787336910111408,Up_in_Sepsis,0.983065953654189,7.51822548100406e-11,GSE65682
DPY19L3,GSE137340,14,43,4.23340665192857,4.56144700704651,4.2161975615,4.377059715,0.328040355117941,Up_in_Sepsis,0.868770764119601,1.0352095404657e-05,GSE65682
DPY19L3,GSE236713,30,125,-1.08652657696667,0.421860991856,-1.081184875,0.34549117,1.50838756882267,Up_in_Sepsis,0.8848,6.43625306834105e-11,GSE65682
DPY19L3,GSE54514,18,35,7.14917099472222,7.15526432311429,7.150590062,7.135154247,0.00609332839206367,Up_in_Sepsis,0.507936507936508,0.933308660155946,GSE65682
DPY19L3,GSE57065,25,28,6.0625168,7.98052928571429,6.03315,8.09656,1.91801248571429,Up_in_Sepsis,0.961428571428571,3.26107099618374e-11,GSE65682
DPY19L3,GSE95233,22,51,6.79667287545455,8.77709064254902,6.778715055,8.79092787,1.98041776709447,Up_in_Sepsis,0.998217468805704,1.88955739655682e-11,GSE65682
DYSF,GSE137340,14,43,9.9239885725,11.0306549052791,9.784313187,11.15655095,1.10666633277907,Up_in_Sepsis,0.780730897009967,0.0012817795557046,GSE65682
DYSF,GSE236713,30,125,-2.26483166666667,0.398660484296,-2.37773225,0.5713763,2.66349215096267,Up_in_Sepsis,0.965333333333334,2.76609961406754e-15,GSE65682
DYSF,GSE54514,18,35,10.9110519091111,10.9304731374286,10.956557755,10.87730408,0.0194212283174604,Up_in_Sepsis,0.523809523809524,0.785366006083335,GSE65682
DYSF,GSE57065,25,28,8.7314872,10.1546717857143,8.67564,10.24565,1.42318458571429,Up_in_Sepsis,0.991428571428571,6.63763687397464e-14,GSE65682
DYSF,GSE95233,22,51,8.54050554272727,9.86838231392157,8.70487047,9.90008694,1.3278767711943,Up_in_Sepsis,0.973262032085561,1.79773479549631e-10,GSE65682
CD8A,GSE137340,14,43,7.89632855295238,7.83493663002326,7.71529864733334,7.41662127866667,-0.0613919229291255,Down_in_Sepsis,0.40531561461794,0.2985473132378,GSE65682
CD8A,GSE236713,30,125,1.62156802146667,-0.349378986044,1.64931215,-0.3938661715,-1.97094700751067,Down_in_Sepsis,0.0509333333333333,2.44501050410599e-14,GSE65682
CD8A,GSE54514,18,35,8.27412705951852,8.01058866862857,8.35645858433333,8.09400669733333,-0.263538390889947,Down_in_Sepsis,0.353968253968254,0.0857597614090956,GSE65682
CD8A,GSE57065,25,28,8.3419008,6.54634607142857,8.28367,6.259615,-1.79555472857143,Down_in_Sepsis,0.0971428571428572,4.36042562085367e-08,GSE65682
CD8A,GSE95233,22,51,8.76438650545455,6.14961487745098,8.67951009,6.07731891,-2.61477162800357,Down_in_Sepsis,0.0169340463458111,7.51822548100406e-11,GSE65682
EXOSC4,GSE137340,14,43,5.41720706707143,6.70501075486047,5.0448648645,6.791334525,1.28780368778904,Up_in_Sepsis,0.820598006644518,0.000186294412620237,GSE65682
EXOSC4,GSE236713,30,125,-0.829816718333333,0.410322953936,-0.869314675,0.37447357,1.24013967226933,Up_in_Sepsis,0.909066666666667,3.77423354829332e-12,GSE65682
EXOSC4,GSE54514,18,35,8.26254481744445,8.35448402668571,7.823877573,8.217424393,0.0919392092412696,Up_in_Sepsis,0.547619047619047,0.582925964615309,GSE65682
EXOSC4,GSE57065,25,28,5.5657018,7.15123071428571,5.53185,7.29126125,1.58552891428571,Up_in_Sepsis,0.99,9.95645531096197e-14,GSE65682
EXOSC4,GSE95233,22,51,5.77409575397727,7.21990638843137,5.68090552375,7.2263693775,1.4458106344541,Up_in_Sepsis,0.988413547237077,4.63944869067713e-11,GSE65682
SLC2A3,GSE137340,14,43,7.77330191596429,8.69483897926744,7.5443099665,8.6789018645,0.921537063303155,Up_in_Sepsis,0.822259136212625,0.000170516069266715,GSE65682
SLC2A3,GSE236713,30,125,-1.03074197983333,0.294386016616,-0.9730747875,0.384220475,1.32512799644933,Up_in_Sepsis,0.8656,5.39566006214074e-10,GSE65682
SLC2A3,GSE54514,18,35,13.452721595,13.4191182268571,13.557494165,13.56163883,-0.0336033681428578,Down_in_Sepsis,0.513492063492064,0.880543757369247,GSE65682
SLC2A3,GSE57065,25,28,8.2563111,10.1621528571429,8.228335,10.09149875,1.90584175714286,Up_in_Sepsis,1,2.21254562465821e-15,GSE65682
SLC2A3,GSE95233,22,51,9.17371502681818,10.6109035401961,9.21843320125,10.6243042025,1.4371885133779,Up_in_Sepsis,0.985739750445633,5.9097281654302e-11,GSE65682
SORT1,GSE137340,14,43,6.21958410678571,7.78477742302326,5.784902287,7.510779683,1.56519331623754,Up_in_Sepsis,0.82890365448505,0.000118823654645357,GSE65682
SORT1,GSE236713,30,125,-0.706404423733333,0.227203096272,-0.771602615,0.19755125,0.933607520005333,Up_in_Sepsis,0.8504,2.6981277217036e-09,GSE65682
SORT1,GSE54514,18,35,8.71298405866667,9.14312447157143,8.58379364,9.232644081,0.430140412904763,Up_in_Sepsis,0.66984126984127,0.0447364418045057,GSE65682
SORT1,GSE57065,25,28,5.36535746666667,7.15377690476191,5.34744666666667,7.267145,1.78841943809524,Up_in_Sepsis,0.997142857142857,8.85018249863286e-15,GSE65682
SORT1,GSE95233,22,51,5.89014374712121,7.79737380843137,5.88646377833333,7.73794418666667,1.90723006131016,Up_in_Sepsis,1,1.60188706567253e-11,GSE65682
IKZF3,GSE137340,14,43,4.34986026592857,4.48718648967442,4.325491557,4.320742322,0.137326223745847,Up_in_Sepsis,0.556478405315615,0.538756643962947,GSE65682
IKZF3,GSE236713,30,125,2.64809626333333,-0.4496063042,2.66854215,-0.20453382,-3.09770256753333,Down_in_Sepsis,0.0088,7.40693175161351e-17,GSE65682
IKZF3,GSE54514,18,35,7.24617536875,7.23152393617143,7.2424907685,7.2273221015,-0.0146514325785718,Down_in_Sepsis,0.396825396825397,0.228139828404204,GSE65682
IKZF3,GSE57065,25,28,5.8877896,4.77032476190476,5.92172333333333,4.75086166666667,-1.11746483809524,Down_in_Sepsis,0.0257142857142857,3.53343536257917e-12,GSE65682
IKZF3,GSE95233,22,51,7.01289813409091,5.08389907346405,7.046595855,4.94219608333333,-1.92899906062686,Down_in_Sepsis,0,1.60188706567253e-11,GSE65682
ANKRD36B,GSE137340,14,43,4.75625772954762,4.83199032907171,4.74470904116667,4.72426750025,0.0757325995240876,Up_in_Sepsis,0.488372093023256,0.905194739718358,GSE65682
ANKRD36B,GSE236713,30,125,0.818213649322222,-0.223009396082667,0.818697533333334,-0.12766202,-1.04122304540489,Down_in_Sepsis,0.0885333333333333,2.8253341159785e-12,GSE65682
ANKRD36B,GSE54514,18,35,7.24852406975,7.22247819214286,7.24686980225,7.219952345,-0.0260458776071433,Down_in_Sepsis,0.385714285714286,0.181077171557747,GSE65682
ANKRD36B,GSE57065,25,28,7.350694,5.70638642857143,7.36961,5.6256,-1.64430757142857,Down_in_Sepsis,0.03,7.7571849600517e-12,GSE65682
ANKRD36B,GSE95233,22,51,7.17282552,5.58667590686275,7.2517568,5.58139752,-1.58614961313725,Down_in_Sepsis,0.0124777183600713,5.0299256890297e-11,GSE65682
EPAS1,GSE137340,14,43,4.424952156,5.13099900486047,4.26407848,4.94536309,0.706046848860465,Up_in_Sepsis,0.832225913621262,9.87519484005879e-05,GSE65682
EPAS1,GSE236713,30,125,-2.03433318,0.334835591416,-1.9600272,0.25902677,2.369168771416,Up_in_Sepsis,0.984533333333333,1.91760430413013e-16,GSE65682
EPAS1,GSE54514,18,35,7.40699251505556,7.56302339011429,7.371248484,7.504533291,0.156030875058731,Up_in_Sepsis,0.679365079365079,0.0336987484346747,GSE65682
EPAS1,GSE57065,25,28,4.1843268,4.89077553571429,4.216345,4.784805,0.706448735714286,Up_in_Sepsis,0.888571428571429,1.68336329944811e-07,GSE65682
EPAS1,GSE95233,22,51,4.5150123825,5.58524049529412,4.5151882,5.522219435,1.07022811279412,Up_in_Sepsis,0.972370766488413,1.94435767733088e-10,GSE65682
PYHIN1,GSE137340,14,43,6.78898905942857,6.37240256026357,6.53029079366667,6.15445283466667,-0.416586499165003,Down_in_Sepsis,0.29734219269103,0.0230841553432246,GSE65682
PYHIN1,GSE236713,30,125,1.4972959105,-0.205208716624,1.4432535,-0.12966108,-1.702504627124,Down_in_Sepsis,0.0285333333333333,1.19273989918378e-15,GSE65682
PYHIN1,GSE54514,18,35,7.46591795814815,7.38868513106667,7.48539789516667,7.331729889,-0.0772328270814819,Down_in_Sepsis,0.358730158730159,0.0967556702455424,GSE65682
PYHIN1,GSE57065,25,28,5.7434964,4.47202839285714,5.770905,4.28341,-1.27146800714286,Down_in_Sepsis,0.115714285714286,2.47186955689829e-07,GSE65682
PYHIN1,GSE95233,22,51,4.90507134045455,3.55468397784314,4.9427290525,3.50047893,-1.35038736261141,Down_in_Sepsis,0.0329768270944742,3.10305804161485e-10,GSE65682
CD4,GSE137340,14,43,6.17750543142857,5.24339995665116,6.3336965765,5.136112206,-0.934105474777408,Down_in_Sepsis,0.174418604651163,0.000142549672571846,GSE65682
CD4,GSE236713,30,125,0.8517124739,-0.384954492228,0.9272418,-0.38806795,-1.236666966128,Down_in_Sepsis,0.0829333333333334,1.42849008186007e-12,GSE65682
CD4,GSE54514,18,35,7.41429781911111,7.55217966354286,7.261749983,7.517261982,0.137881844431746,Up_in_Sepsis,0.612698412698413,0.187329444556183,GSE65682
CD4,GSE57065,25,28,5.655319,4.78826839285714,5.70353,4.78138,-0.867050607142857,Down_in_Sepsis,0.0228571428571429,2.02447924656227e-12,GSE65682
CD4,GSE95233,22,51,5.78955792363636,4.43294481509804,5.82380931,4.41106811,-1.35661310853832,Down_in_Sepsis,0.0035650623885918,2.22762533627504e-11,GSE65682
ATP11B,GSE137340,14,43,5.2846282495,6.44507444991861,4.958368882,6.3306674895,1.1604462004186,Up_in_Sepsis,0.867109634551495,1.15818527714491e-05,GSE65682
ATP11B,GSE236713,30,125,-0.692571196933333,0.330172582608,-0.64014244,0.32793975,1.02274377954133,Up_in_Sepsis,0.824,3.78497075509226e-08,GSE65682
ATP11B,GSE54514,18,35,8.65592421441667,8.45945029935714,8.665524125,8.423412323,-0.196473915059524,Down_in_Sepsis,0.377777777777778,0.152080729356349,GSE65682
ATP11B,GSE57065,25,28,5.2186784,7.03875482142857,5.22068666666667,7.28706166666667,1.82007642142857,Up_in_Sepsis,0.995714285714286,1.54878193726075e-14,GSE65682
ATP11B,GSE95233,22,51,6.62596131151515,8.41418258964052,6.67846374666667,8.53843933166667,1.78822127812537,Up_in_Sepsis,0.981283422459893,8.82077171942536e-11,GSE65682
CEP55,GSE137340,14,43,4.61597219692857,5.21411076995349,4.288316736,5.114318375,0.598138573024917,Up_in_Sepsis,0.837209302325582,7.43901516703796e-05,GSE65682
CEP55,GSE236713,30,125,-1.44958016966667,0.663381611184,-1.48125865,0.59621751,2.11296178085067,Up_in_Sepsis,0.894133333333333,2.20506409235788e-11,GSE65682
CEP55,GSE54514,18,35,7.31195847194444,7.45416235234286,7.2863919735,7.323082924,0.142203880398413,Up_in_Sepsis,0.590476190476191,0.29165367273141,GSE65682
CEP55,GSE57065,25,28,2.2961324,4.13868892857143,2.18227,4.03488,1.84255652857143,Up_in_Sepsis,0.992857142857143,4.20383668685061e-14,GSE65682
CEP55,GSE95233,22,51,3.13773853545455,6.08370973823529,3.141772585,6.02673995,2.94597120278075,Up_in_Sepsis,0.996434937611408,2.22762533627504e-11,GSE65682
KLRF1,GSE137340,14,43,5.95922678375,5.59529415854651,5.80683890725,5.513115767,-0.363932625203488,Down_in_Sepsis,0.352159468438538,0.101294663733976,GSE65682
KLRF1,GSE236713,30,125,1.7801234765,-0.302001508312,1.7993622,-0.2195095925,-2.082124984812,Down_in_Sepsis,0.052,2.81319751669028e-14,GSE65682
KLRF1,GSE54514,18,35,7.67264817816667,7.55483685215714,7.65868830675,7.478268385,-0.117811326009524,Down_in_Sepsis,0.353968253968254,0.0857597614090956,GSE65682
KLRF1,GSE57065,25,28,7.9585768,5.76628357142857,8.04237,5.35671,-2.19229322857143,Down_in_Sepsis,0.108571428571429,1.29627503509389e-07,GSE65682
KLRF1,GSE95233,22,51,6.92582580772727,4.99884829078431,6.858687925,4.92776437,-1.92697751694296,Down_in_Sepsis,0.0285204991087344,2.10264174876355e-10,GSE65682
CEBPD,GSE137340,14,43,10.4238995537857,11.8364196398837,10.19619634,11.79493999,1.41252008609801,Up_in_Sepsis,0.843853820598007,5.04245530910106e-05,GSE65682
CEBPD,GSE236713,30,125,-1.04412357133333,0.068543501248,-1.05646205,0.055065632,1.11266707258133,Up_in_Sepsis,0.922933333333333,6.92535137086423e-13,GSE65682
CEBPD,GSE54514,18,35,12.3780244183333,12.0404793874286,12.328644275,12.13999462,-0.337545030904762,Down_in_Sepsis,0.358730158730159,0.0964652186616301,GSE65682
CEBPD,GSE57065,25,28,7.347241,8.67593553571429,7.35087,8.6238375,1.32869453571429,Up_in_Sepsis,0.99,9.95645531096197e-14,GSE65682
CEBPD,GSE95233,22,51,7.72921562318182,9.08737374764706,7.7494624725,9.16247711,1.35815812446524,Up_in_Sepsis,0.991087344028521,3.63757408976493e-11,GSE65682
CD2,GSE137340,14,43,9.56113330642857,8.85449397169768,9.600393138,8.671266105,-0.706639334730896,Down_in_Sepsis,0.289867109634552,0.0194959726563581,GSE65682
CD2,GSE236713,30,125,0.708043955666666,-0.0776268521413334,0.666660063333334,-0.134848751666667,-0.785670807808,Down_in_Sepsis,0.138666666666667,8.53324050885315e-10,GSE65682
CD2,GSE54514,18,35,8.75932876266667,8.56340471002857,8.981865883,8.418735504,-0.195924052638095,Down_in_Sepsis,0.423809523809524,0.375848631836723,GSE65682
CD2,GSE57065,25,28,9.3945184,7.3731425,9.43029,7.160235,-2.0213759,Down_in_Sepsis,0.0342857142857143,1.6235659793742e-11,GSE65682
CD2,GSE95233,22,51,8.10285617409091,6.12674059098039,8.079412035,6.09951893,-1.97611558311052,Down_in_Sepsis,0.0035650623885918,2.22762533627504e-11,GSE65682
VSIG4,GSE137340,14,43,4.63008178992857,6.01494695560465,4.4139989185,5.867212438,1.38486516567608,Up_in_Sepsis,0.89202657807309,1.9120745116751e-06,GSE65682
VSIG4,GSE236713,30,125,-3.33360905333333,1.017398512016,-3.275336,1.4247501,4.35100756534933,Up_in_Sepsis,0.9528,1.49264834572507e-14,GSE65682
VSIG4,GSE54514,18,35,7.55802530722222,7.6912268094,7.5016069415,7.581792355,0.133201502177777,Up_in_Sepsis,0.593650793650794,0.271889047022957,GSE65682
VSIG4,GSE57065,25,28,4.5915864,6.30070142857143,4.628,5.942995,1.70911502857143,Up_in_Sepsis,0.908571428571429,2.45735450533502e-08,GSE65682
VSIG4,GSE95233,22,51,4.92218644590909,6.86265454686275,4.857229825,6.72377599,1.94046810095365,Up_in_Sepsis,0.967914438502673,2.87149299473703e-10,GSE65682
PSMA6,GSE137340,14,43,6.92914489398214,8.42839877790116,6.539784391375,8.47533833275,1.49925388391902,Up_in_Sepsis,0.858803986710963,1.99991144589167e-05,GSE65682
PSMA6,GSE236713,30,125,-0.327094396333333,-0.024061607712,-0.39008189,-0.037061214,0.303032788621333,Up_in_Sepsis,0.676266666666666,0.00277632429426354,GSE65682
PSMA6,GSE54514,18,35,9.98456372216667,10.2105448587857,9.982036115,10.31391239,0.225981136619049,Up_in_Sepsis,0.617460317460317,0.169030570051923,GSE65682
PSMA6,GSE57065,25,28,8.4171952,9.92302035714286,8.46972,10.01105,1.50582515714286,Up_in_Sepsis,0.942857142857143,4.71093001856602e-10,GSE65682
PSMA6,GSE95233,22,51,7.94707985181818,9.67774119098039,7.88719635,9.70625391,1.73066133916221,Up_in_Sepsis,0.990196078431372,3.94540435484238e-11,GSE65682
RORA,GSE137340,14,43,5.01258896726786,4.95378745143895,5.03151788675,4.9451376725,-0.0588015158289039,Down_in_Sepsis,0.431893687707641,0.457093279438225,GSE65682
RORA,GSE236713,30,125,1.62773954,-0.457789509928,1.6519983,-0.25106025,-2.085529049928,Down_in_Sepsis,0.0333333333333333,2.30592428929965e-15,GSE65682
RORA,GSE54514,18,35,7.28849949835556,7.30800459995429,7.2765829563,7.2860398292,0.01950510159873,Up_in_Sepsis,0.525396825396825,0.773107646476209,GSE65682
RORA,GSE57065,25,28,5.08820155,4.00360566964286,5.17232,3.985955,-1.08459588035714,Down_in_Sepsis,0.0485714285714286,1.46118725598053e-10,GSE65682
RORA,GSE95233,22,51,6.91478204085227,5.05348908598039,6.8897204275,5.0774353375,-1.86129295487188,Down_in_Sepsis,0,1.60188706567253e-11,GSE65682
CD28,GSE137340,14,43,4.856315741,5.13764193655814,4.7135040635,5.090830979,0.28132619555814,Up_in_Sepsis,0.62624584717608,0.163369772442749,GSE65682
CD28,GSE236713,30,125,1.3014483925,-0.494855379716,1.337998025,-0.44845116,-1.796303772216,Down_in_Sepsis,0.0194666666666667,3.37283460476104e-16,GSE65682
CD28,GSE54514,18,35,7.17298824263889,7.18293844625714,7.145953536,7.1652081015,0.0099502036182546,Up_in_Sepsis,0.558730158730159,0.496648773453112,GSE65682
CD28,GSE57065,25,28,4.78183506666667,3.74232047619048,4.74617,3.71462666666667,-1.03951459047619,Down_in_Sepsis,0.0385714285714286,3.26107099618374e-11,GSE65682
CD28,GSE95233,22,51,6.11701401681818,4.28099464581699,6.04463030333334,4.23337777666667,-1.83601937100119,Down_in_Sepsis,0,1.60188706567253e-11,GSE65682
TXK,GSE137340,14,43,5.92258920042857,5.20780488837209,6.0439414605,5.09016541,-0.714784312056478,Down_in_Sepsis,0.20265780730897,0.000599272533308424,GSE65682
TXK,GSE236713,30,125,0.9197324194,-0.181656198816,0.9146905,-0.12425113,-1.101388618216,Down_in_Sepsis,0.160533333333333,8.24898242914014e-09,GSE65682
TXK,GSE54514,18,35,7.31790725388889,7.27959833142857,7.296327114,7.2380867,-0.0383089224603168,Down_in_Sepsis,0.420634920634921,0.355973719982299,GSE65682
TXK,GSE57065,25,28,7.1846312,4.9532025,7.16389,4.92176,-2.2314287,Down_in_Sepsis,0.00142857142857143,4.42509124931643e-15,GSE65682
TXK,GSE95233,22,51,5.60808232409091,4.32859406196078,5.617723485,4.30616348,-1.27948826213013,Down_in_Sepsis,0.0285204991087344,2.10264174876355e-10,GSE65682
CD163,GSE137340,14,43,5.59599807561905,7.01827043417829,5.304501333,6.776851024,1.42227235855924,Up_in_Sepsis,0.772425249169435,0.0018352396875419,GSE65682
CD163,GSE236713,30,125,-1.96721791666667,0.638531630048,-1.93882085,0.6731739,2.60574954671467,Up_in_Sepsis,0.959733333333333,5.90700388002321e-15,GSE65682
CD163,GSE54514,18,35,8.625582333,9.23146128887619,8.56258193633333,9.18734232566667,0.605878955876193,Up_in_Sepsis,0.661904761904762,0.0560750478066469,GSE65682
CD163,GSE57065,25,28,5.3812648,6.95323607142857,5.37240666666667,6.77642833333333,1.57197127142857,Up_in_Sepsis,0.841428571428571,7.41637306538238e-06,GSE65682
CD163,GSE95233,22,51,6.4265976319697,8.32291304529412,6.53279171833334,8.47383458666667,1.89631541332442,Up_in_Sepsis,0.912655971479501,2.6947242706669e-08,GSE65682
CCNA1,GSE137340,14,43,4.41638132971429,5.23165278934884,4.1938818755,4.65509443,0.815271459634552,Up_in_Sepsis,0.8421926910299,5.56405121878381e-05,GSE65682
CCNA1,GSE236713,30,125,-1.16833600433333,0.875964409544,-1.1524136,0.7590089,2.04430041387733,Up_in_Sepsis,0.910933333333333,3.01354347333603e-12,GSE65682
CCNA1,GSE54514,18,35,7.43379786288889,7.588511031,7.301334858,7.414803505,0.154713168111112,Up_in_Sepsis,0.587301587301587,0.309195100119527,GSE65682
CCNA1,GSE57065,25,28,4.1191488,5.80875892857143,4.14221,5.47657,1.68961012857143,Up_in_Sepsis,0.962857142857143,2.59553727228655e-11,GSE65682
CCNA1,GSE95233,22,51,3.58152882,6.62681024901961,3.602492025,6.73111568,3.04528142901961,Up_in_Sepsis,0.989304812834225,4.27867888939574e-11,GSE65682
UGCG,GSE137340,14,43,6.30037540692857,8.77829036676744,5.8788072035,8.650304488,2.47791495983887,Up_in_Sepsis,0.898671096345515,1.12784882767697e-06,GSE65682
UGCG,GSE236713,30,125,-0.182371313366667,0.277525190248,-0.161666395,0.2946596,0.459896503614667,Up_in_Sepsis,0.684,0.0017912722529794,GSE65682
UGCG,GSE54514,18,35,9.61051469427778,10.1822660718,9.4580135345,10.09755611,0.571751377522222,Up_in_Sepsis,0.705555555555556,0.0154003701411564,GSE65682
UGCG,GSE57065,25,28,7.3922168,10.1340047619048,7.40568,10.2763683333334,2.74178796190476,Up_in_Sepsis,0.995714285714286,1.54878193726075e-14,GSE65682
UGCG,GSE95233,22,51,6.61118390484849,9.19966120908497,6.60410302666667,9.31967154333333,2.58847730423648,Up_in_Sepsis,0.997326203208556,2.05178515500888e-11,GSE65682
ZBTB8OS,GSE137340,14,43,4.43118600717857,4.83144525065504,4.32716044233333,4.68700454,0.400259243476468,Up_in_Sepsis,0.882059800664452,4.05663071297044e-06,GSE65682
ZBTB8OS,GSE236713,30,125,-0.569892523055556,0.2087835916,-0.646200421,0.131982966666667,0.778676114655556,Up_in_Sepsis,0.934666666666667,1.58073643665628e-13,GSE65682
ZBTB8OS,GSE54514,18,35,7.24049439702778,7.24007785661429,7.1937617065,7.2229328155,-0.00041654041349215,Down_in_Sepsis,0.544444444444445,0.608776071190231,GSE65682
ZBTB8OS,GSE57065,25,28,4.7366192,5.76419928571429,4.80386,5.816665,1.02758008571429,Up_in_Sepsis,0.872857142857143,6.59704088772431e-07,GSE65682
ZBTB8OS,GSE95233,22,51,5.56323834636364,6.48216824431373,5.53107066,6.42587499,0.918929897950089,Up_in_Sepsis,0.943850267379679,2.21753737820061e-09,GSE65682
NLRC3,GSE137340,14,43,5.30943638892857,5.23512471041861,5.23087919875,5.253141971,-0.0743116785099671,Down_in_Sepsis,0.456810631229236,0.64006068634829,GSE65682
NLRC3,GSE236713,30,125,0.3472071855,0.019929257944,0.3294891125,-0.045955775,-0.327277927556,Down_in_Sepsis,0.260533333333333,4.80583037797811e-05,GSE65682
NLRC3,GSE54514,18,35,7.14705814261111,7.14755228585714,7.1259708405,7.146943569,0.000494143246031698,Up_in_Sepsis,0.53015873015873,0.730730102071719,GSE65682
NLRC3,GSE57065,25,28,8.4811112,6.36227821428571,8.58323,6.40189,-2.11883298571429,Down_in_Sepsis,0,2.21254562465821e-15,GSE65682
NLRC3,GSE95233,22,51,7.63367608181818,5.44067772882353,7.61084043,5.37236848,-2.19299835299465,Down_in_Sepsis,0,1.60188706567253e-11,GSE65682
UBL5,GSE137340,14,43,5.41049776998214,6.25013951182558,5.268550405625,6.20783024175,0.839641741843439,Up_in_Sepsis,0.893687707641196,1.67917460911234e-06,GSE65682
UBL5,GSE236713,30,125,-0.305689681566667,-0.036063365632,-0.338374385,-0.012788773,0.269626315934667,Up_in_Sepsis,0.685333333333334,0.001658226942731,GSE65682
UBL5,GSE54514,18,35,8.73538888827778,8.72563792641429,8.7294416415,8.594999552,-0.00975096186349056,Down_in_Sepsis,0.496825396825397,0.977746942500812,GSE65682
UBL5,GSE57065,25,28,7.312528,8.41778392857143,7.42648,8.493445,1.10525592857143,Up_in_Sepsis,0.935714285714286,1.17043442289857e-09,GSE65682
UBL5,GSE95233,22,51,7.16289955272727,8.86143234941176,7.16524337,8.82787972,1.69853279668449,Up_in_Sepsis,1,1.60188706567253e-11,GSE65682
ALPK1,GSE137340,14,43,7.32568674392857,8.57379728693023,7.1554875005,8.670872905,1.24811054300166,Up_in_Sepsis,0.803986710963455,0.000434777002978728,GSE65682
ALPK1,GSE236713,30,125,-1.49015832866667,0.254189000736,-1.4646386925,0.38052297,1.74434732940267,Up_in_Sepsis,0.942666666666667,5.64538320617075e-14,GSE65682
ALPK1,GSE54514,18,35,8.81848875677778,8.99711997168572,8.7281513215,8.940351486,0.178631214907936,Up_in_Sepsis,0.631746031746032,0.121266207088268,GSE65682
ALPK1,GSE57065,25,28,6.2663083,7.26581892857143,6.2367675,7.26486125,0.999510628571429,Up_in_Sepsis,0.97,7.7571849600517e-12,GSE65682
ALPK1,GSE95233,22,51,6.87613253397727,7.58548215352941,6.87226517875,7.63223464,0.70934961955214,Up_in_Sepsis,0.904634581105169,4.98072335942836e-08,GSE65682
ACSL1,GSE137340,14,43,8.45759036792857,10.0318391786047,8.171042476,10.1702414,1.57424881067608,Up_in_Sepsis,0.815614617940199,0.000241926158971228,GSE65682
ACSL1,GSE236713,30,125,-2.55037364666667,0.338862102272,-2.55045655,0.49579287,2.88923574893867,Up_in_Sepsis,0.9512,1.84510379993884e-14,GSE65682
ACSL1,GSE54514,18,35,11.7816814316667,11.2752823693143,11.73724699,11.37238979,-0.506399062352379,Down_in_Sepsis,0.274603174603175,0.00700690656467083,GSE65682
ACSL1,GSE57065,25,28,10.3901278,11.9441017857143,10.3286,11.968225,1.55397398571429,Up_in_Sepsis,0.99,9.95645531096197e-14,GSE65682
ACSL1,GSE95233,22,51,9.93155890409091,11.3153442884314,10.0330027275,11.419808815,1.38378538434046,Up_in_Sepsis,0.979500891265597,1.03431303688478e-10,GSE65682
BST1,GSE137340,14,43,6.08161924814286,7.68685602265116,5.6359333255,7.943553308,1.60523677450831,Up_in_Sepsis,0.847176079734219,4.13098133247111e-05,GSE65682
BST1,GSE236713,30,125,-0.826933161766667,-0.121201358568,-0.6861856,-0.047424793,0.705731803198667,Up_in_Sepsis,0.777333333333334,2.50149399270223e-06,GSE65682
BST1,GSE54514,18,35,8.64631027644444,8.50911121374286,8.555298805,8.435608864,-0.137199062701587,Down_in_Sepsis,0.415873015873016,0.327405769848281,GSE65682
BST1,GSE57065,25,28,7.069504,8.93347821428571,7.1417,8.98406,1.86397421428571,Up_in_Sepsis,1,2.21254562465821e-15,GSE65682
BST1,GSE95233,22,51,6.24204400181818,8.00595756294118,6.31344123,8.03846155,1.76391356112299,Up_in_Sepsis,0.99554367201426,2.41819260539641e-11,GSE65682
FAR2,GSE137340,14,43,5.53235140267857,6.65190451623256,5.300557331,6.499828111,1.11955311355399,Up_in_Sepsis,0.833887043189369,8.99233343862789e-05,GSE65682
FAR2,GSE236713,30,125,-0.937197658333333,0.118778281848,-0.941751485,0.16465354,1.05597594018133,Up_in_Sepsis,0.915733333333333,1.68170253727743e-12,GSE65682
FAR2,GSE54514,18,35,8.4697593585,8.44888410555714,8.3577098845,8.557059765,-0.0208752529428562,Down_in_Sepsis,0.5,1,GSE65682
FAR2,GSE57065,25,28,4.88920426666667,6.22599797619048,4.87116666666667,6.14257,1.33679370952381,Up_in_Sepsis,0.964285714285714,2.05678241268228e-11,GSE65682
FAR2,GSE95233,22,51,6.09846564242424,7.22991293071895,6.031509935,7.20502767333333,1.13144728829471,Up_in_Sepsis,0.975044563279857,1.53617362330698e-10,GSE65682
ZEB2,GSE137340,14,43,4.6569816837381,5.17006426295349,4.55439869966667,5.15884612966667,0.513082579215393,Up_in_Sepsis,0.848837209302326,3.73425195502401e-05,GSE65682
ZEB2,GSE236713,30,125,-0.930298548444444,0.147610245813333,-0.848113523333334,0.210723083333333,1.07790879425778,Up_in_Sepsis,0.944266666666667,4.58472907002448e-14,GSE65682
ZEB2,GSE54514,18,35,7.77859224205556,7.71382261682857,7.7852550745,7.694414854,-0.064769625226984,Down_in_Sepsis,0.441269841269841,0.496648773453112,GSE65682
ZEB2,GSE57065,25,28,5.54825488,6.33093892857143,5.567326,6.308969,0.782684048571428,Up_in_Sepsis,0.911428571428571,1.83042638376968e-08,GSE65682
ZEB2,GSE95233,22,51,6.55829538345455,7.28542954556863,6.556781991,7.350674602,0.727134162114082,Up_in_Sepsis,0.934937611408199,4.60790293407015e-09,GSE65682
WDR54,GSE137340,14,43,6.94464982978571,7.0669306184186,6.7588218165,6.881276341,0.122280788632891,Up_in_Sepsis,0.574750830564784,0.413669783035459,GSE65682
WDR54,GSE236713,30,125,1.227231487,-0.312700614624,1.26547095,-0.2917421,-1.539932101624,Down_in_Sepsis,0.0112,1.04470720762514e-16,GSE65682
WDR54,GSE54514,18,35,7.76683719961111,7.75551064348572,7.672617912,7.635645866,-0.0113265561253968,Down_in_Sepsis,0.466666666666667,0.700220762319713,GSE65682
WDR54,GSE57065,25,28,6.7093204,5.76839857142857,6.6952,5.820245,-0.940921828571429,Down_in_Sepsis,0.0114285714285714,1.482405568521e-13,GSE65682
WDR54,GSE95233,22,51,7.45122088227273,6.09507323431373,7.407006945,6.11579538,-1.356147647959,Down_in_Sepsis,0.00445632798573975,2.41819260539641e-11,GSE65682
MTX1,GSE137340,14,43,6.41896852321429,7.72711368460465,6.153055401,7.780039786,1.30814516139037,Up_in_Sepsis,0.840531561461794,6.13456473478384e-05,GSE65682
MTX1,GSE236713,30,125,-1.14921714533333,0.206562206096,-1.14799905,0.24279046,1.35577935142933,Up_in_Sepsis,0.9416,6.48292922957738e-14,GSE65682
MTX1,GSE54514,18,35,8.58105178669445,8.40004285402857,8.57755589475,8.4306783675,-0.181008932665874,Down_in_Sepsis,0.336507936507936,0.0536371037869218,GSE65682
MTX1,GSE57065,25,28,7.68618,8.41308178571429,7.79119,8.445815,0.726901785714286,Up_in_Sepsis,0.924285714285714,4.53013185284708e-09,GSE65682
MTX1,GSE95233,22,51,7.24540449318182,8.27535357588235,7.268127565,8.33084898,1.02994908270053,Up_in_Sepsis,0.99554367201426,2.41819260539641e-11,GSE65682
PHTF1,GSE137340,14,43,5.66653843171429,7.00839249239535,5.28186625,7.065208868,1.34185406068106,Up_in_Sepsis,0.774086378737542,0.00170997202021529,GSE65682
PHTF1,GSE236713,30,125,-1.34989808616667,0.20692511784,-1.359456775,0.2561036355,1.55682320400667,Up_in_Sepsis,0.9216,8.1710214654668e-13,GSE65682
PHTF1,GSE54514,18,35,7.89845649394445,7.9258454186,7.922474384,7.934851646,0.027388924655555,Up_in_Sepsis,0.50952380952381,0.918534356570284,GSE65682
PHTF1,GSE57065,25,28,4.5123915,5.82614035714286,4.5110875,5.8177,1.31374885714286,Up_in_Sepsis,0.998571428571429,4.42509124931643e-15,GSE65682
PHTF1,GSE95233,22,51,5.26045804272727,6.45824472612745,5.27919702375,6.503927265,1.19778668340018,Up_in_Sepsis,0.979500891265597,1.03431303688478e-10,GSE65682
GPR18,GSE137340,14,43,6.22290100142857,6.02136594590698,5.9769855995,5.97232083,-0.201535055521594,Down_in_Sepsis,0.431893687707641,0.457093279438225,GSE65682
GPR18,GSE236713,30,125,1.452647803,-0.467062276768,1.51501465,-0.32153368,-1.919710079768,Down_in_Sepsis,0.0317333333333333,1.85237119125629e-15,GSE65682
GPR18,GSE54514,18,35,7.3599136405,7.39623147411429,7.372168779,7.32977581,0.0363178336142855,Up_in_Sepsis,0.485714285714286,0.87439633186128,GSE65682
GPR18,GSE57065,25,28,7.6384188,5.60695571428571,7.71208,5.52495,-2.03146308571429,Down_in_Sepsis,0.0185714285714286,8.25279517997514e-13,GSE65682
GPR18,GSE95233,22,51,6.99960598636364,5.89107619078431,7.022123075,5.93371968,-1.10852979557932,Down_in_Sepsis,0.018716577540107,8.82077171942536e-11,GSE65682
PRKACB,GSE137340,14,43,4.31157341602857,4.58414760986047,4.2828833645,4.439831267,0.272574193831893,Up_in_Sepsis,0.897009966777409,1.28968008164182e-06,GSE65682
PRKACB,GSE236713,30,125,1.27188622022222,-0.234069477842667,1.24057921666667,-0.244762418333333,-1.50595569806489,Down_in_Sepsis,0.0288,1.23744497488817e-15,GSE65682
PRKACB,GSE54514,18,35,7.12191098275,7.1266691889,7.1237837075,7.1240513325,0.00475820615,Up_in_Sepsis,0.495238095238095,0.962919951586959,GSE65682
PRKACB,GSE57065,25,28,6.5292732,5.47617011904762,6.46485666666667,5.474245,-1.05310308095238,Down_in_Sepsis,0.0642857142857143,1.17043442289857e-09,GSE65682
PRKACB,GSE95233,22,51,6.83175038560606,5.77935322973856,6.83246702833334,5.75927328666667,-1.0523971558675,Down_in_Sepsis,0.0204991087344029,1.03431303688478e-10,GSE65682
IL4R,GSE137340,14,43,6.62932636478571,7.53924013612791,6.516605539,7.4205550205,0.909913771342192,Up_in_Sepsis,0.823920265780731,0.000155963210178198,GSE65682
IL4R,GSE236713,30,125,-1.38340708327778,0.303210464514667,-1.556407305,0.414906591,1.68661754779245,Up_in_Sepsis,0.925866666666667,4.80435968416864e-13,GSE65682
IL4R,GSE54514,18,35,9.36939382527778,9.53586354942857,9.3956828115,9.574062347,0.166469724150794,Up_in_Sepsis,0.634920634920635,0.113099435153609,GSE65682
IL4R,GSE57065,25,28,8.0215632,9.02868857142857,8.02724,9.100075,1.00712537142857,Up_in_Sepsis,0.894285714285715,9.93923639589263e-08,GSE65682
IL4R,GSE95233,22,51,8.85200070863636,10.0249648237255,8.824892335,10.09408358,1.17296411508913,Up_in_Sepsis,0.966131907308378,3.35282320392347e-10,GSE65682
ST6GAL1,GSE137340,14,43,4.42227020192857,4.69623655181395,4.37306689925,4.5342938325,0.273966349885382,Up_in_Sepsis,0.712624584717608,0.0168688224440177,GSE65682
ST6GAL1,GSE236713,30,125,1.16791654416667,-0.368635505492,1.2023071,-0.23505509,-1.53655204965867,Down_in_Sepsis,0.0138666666666667,1.52795650971528e-16,GSE65682
ST6GAL1,GSE54514,18,35,7.65645358298148,7.62534859978095,7.64073054,7.61018578233333,-0.0311049832005308,Down_in_Sepsis,0.43015873015873,0.417561982091769,GSE65682
ST6GAL1,GSE57065,25,28,5.6555012,4.79387583333333,5.63415333333333,4.73262333333334,-0.861625366666665,Down_in_Sepsis,0.03,7.7571849600517e-12,GSE65682
ST6GAL1,GSE95233,22,51,6.87050033015151,5.52956161503268,6.87412404166667,5.45121141666667,-1.34093871511883,Down_in_Sepsis,0.016934046345811,7.51822548100406e-11,GSE65682
ITK,GSE137340,14,43,8.193609923,7.80989801837209,8.042587739,7.913215491,-0.383711904627908,Down_in_Sepsis,0.408637873754153,0.316121575352695,GSE65682
ITK,GSE236713,30,125,1.79931535,-0.533339213304,1.85751465,-0.23608994,-2.332654563304,Down_in_Sepsis,0.0216,4.54966383174459e-16,GSE65682
ITK,GSE54514,18,35,8.3396094375,8.3541228568,8.4084177015,8.293104172,0.0145134193000001,Up_in_Sepsis,0.477777777777778,0.79984215655489,GSE65682
ITK,GSE57065,25,28,9.6871116,7.36801821428571,9.68134,7.4163,-2.31909338571429,Down_in_Sepsis,0.00285714285714286,8.85018249863286e-15,GSE65682
ITK,GSE95233,22,51,7.68051137227273,5.65881514960784,7.710439225,5.53341978,-2.02169622266488,Down_in_Sepsis,0.00623885918003565,2.84841857067922e-11,GSE65682
TLR4,GSE137340,14,43,6.07516119257143,7.20502426,5.8618276005,7.381578854,1.12986306742857,Up_in_Sepsis,0.790697674418605,0.000817983541866246,GSE65682
TLR4,GSE236713,30,125,-1.5750961115,0.131113797556,-1.5528412,0.1963844315,1.706209909056,Up_in_Sepsis,0.965066666666667,2.86844175544285e-15,GSE65682
TLR4,GSE54514,18,35,8.57209655972222,8.42011570254286,8.5771517755,8.420495987,-0.151980857179366,Down_in_Sepsis,0.415079365079365,0.319530107252745,GSE65682
TLR4,GSE57065,25,28,7.2300659,8.00223366071429,7.30763,7.85675,0.772167760714286,Up_in_Sepsis,0.81,5.93060810210767e-05,GSE65682
TLR4,GSE95233,22,51,6.72029006761364,7.88358873132353,6.8757557475,8.01807383,1.16329866370989,Up_in_Sepsis,0.93048128342246,6.60636637173921e-09,GSE65682
SIL1,GSE137340,14,43,5.05816054411905,6.16901492409302,4.8279720745,6.19413987866667,1.11085437997397,Up_in_Sepsis,0.878737541528239,5.16186693059591e-06,GSE65682
SIL1,GSE236713,30,125,-0.980736208333333,0.111873885272,-0.959227565,0.14208245,1.09261009360533,Up_in_Sepsis,0.943733333333333,4.91445456572024e-14,GSE65682
SIL1,GSE54514,18,35,8.04746549661111,8.17145788321429,7.952652812,8.106673479,0.123992386603176,Up_in_Sepsis,0.558730158730159,0.496648773453112,GSE65682
SIL1,GSE57065,25,28,5.582404,6.13154928571429,5.55071,6.089265,0.549145285714285,Up_in_Sepsis,0.918571428571429,8.55398016567736e-09,GSE65682
SIL1,GSE95233,22,51,5.66227941272727,6.28666251058824,5.695021515,6.2863817,0.624383097860963,Up_in_Sepsis,0.938502673796791,3.44535746390565e-09,GSE65682
TSEN54,GSE137340,14,43,6.42324827178571,5.87021958697674,6.4437740375,5.85201709,-0.55302868480897,Down_in_Sepsis,0.269102990033223,0.0091254474349773,GSE65682
TSEN54,GSE236713,30,125,0.935930648333333,-0.233806446496,0.8792305,-0.23895669,-1.16973709482933,Down_in_Sepsis,0.0613333333333333,9.46808836066134e-14,GSE65682
TSEN54,GSE54514,18,35,7.255215009,7.29880080902857,7.2327387335,7.24778223,0.0435858000285716,Up_in_Sepsis,0.541269841269841,0.635114297097459,GSE65682
TSEN54,GSE57065,25,28,6.55861253333333,5.84650238095238,6.55367,5.752225,-0.712110152380953,Down_in_Sepsis,0.07,2.33646588000407e-09,GSE65682
TSEN54,GSE95233,22,51,6.88718881924242,5.64676556960784,6.93623899666667,5.60041233666667,-1.24042324963458,Down_in_Sepsis,0.0035650623885918,2.22762533627504e-11,GSE65682
LRRFIP2,GSE137340,14,43,5.37656180802381,6.09231502132558,5.19962469066667,6.09576837933333,0.71575321330177,Up_in_Sepsis,0.8421926910299,5.56405121878381e-05,GSE65682
LRRFIP2,GSE236713,30,125,-1.03697575722222,0.255424726496,-1.046161825,0.26696261,1.29240048371822,Up_in_Sepsis,0.981333333333333,3.01374142962597e-16,GSE65682
LRRFIP2,GSE54514,18,35,8.31542498544444,8.11037235264286,8.33424282075,8.1604743005,-0.205052632801587,Down_in_Sepsis,0.277777777777778,0.00789741814562656,GSE65682
LRRFIP2,GSE57065,25,28,3.97187616,4.67061221428571,3.961218,4.594909,0.698736054285714,Up_in_Sepsis,0.964285714285714,2.05678241268228e-11,GSE65682
LRRFIP2,GSE95233,22,51,6.05733792272727,6.67020437129412,6.070434677,6.661669344,0.612866448566845,Up_in_Sepsis,0.960784313725491,5.31920088083784e-10,GSE65682
